case_index,model,length,cells,width,condition,width_mode,reference_length,width_fraction_at_reference,amplitude_factor,amplitude,status,best_observed_strength,cue_duration,total_establishment_time,selected_final_polarity,selected_final_contrast,post_release_arrival,apparent_endpoint_count,tested_durations,unsettled_trials,upper_optimum_unresolved,selected_relative_duration_bracket,duration_boundary_unresolved,selected_checkpoint,selected_checkpoint_sha256
0,wave_pinning,1.0,201,1.5,fixed_10pct,physical,15.0,0.1,0.1,0.010000000000000002,unpolarized,6.999318508811707e-17,,,6.999318508811707e-17,,,1,18,0,False,,False,,
1,wave_pinning,1.0,201,1.5,fixed_10pct,physical,15.0,0.1,0.25,0.025,unpolarized,4.52897079981934e-17,,,4.52897079981934e-17,,,1,18,0,False,,False,,
2,wave_pinning,1.0,201,1.5,fixed_10pct,physical,15.0,0.1,0.5,0.05,unpolarized,4.52897079981934e-17,,,4.52897079981934e-17,,,1,18,0,False,,False,,
3,wave_pinning,1.0,201,1.5,fixed_10pct,physical,15.0,0.1,1.0,0.1,unpolarized,6.999318508811707e-17,,,6.999318508811707e-17,,,1,18,0,False,,False,,
4,wave_pinning,1.0,201,1.5,fixed_10pct,physical,15.0,0.1,2.0,0.2,unpolarized,6.999318508811707e-17,,,6.999318508811707e-17,,,1,18,0,False,,False,,
5,wave_pinning,1.0,201,1.5,fixed_10pct,physical,15.0,0.1,4.0,0.4,unpolarized,6.999318508811707e-17,,,6.999318508811707e-17,,,1,18,0,False,,False,,
6,wave_pinning,1.0,201,1.5,fixed_10pct,physical,15.0,0.1,10.0,1.0,unpolarized,4.52897079981934e-17,,,4.52897079981934e-17,,,1,18,0,False,,False,,
7,wave_pinning,1.0,201,3.0,fixed_20pct,physical,15.0,0.2,0.1,0.010000000000000002,unpolarized,4.52897079981934e-17,,,4.52897079981934e-17,,,1,18,0,False,,False,,
8,wave_pinning,1.0,201,3.0,fixed_20pct,physical,15.0,0.2,0.25,0.025,unpolarized,6.999318508811707e-17,,,6.999318508811707e-17,,,1,18,0,False,,False,,
9,wave_pinning,1.0,201,3.0,fixed_20pct,physical,15.0,0.2,0.5,0.05,unpolarized,6.999318508811707e-17,,,6.999318508811707e-17,,,1,18,0,False,,False,,
10,wave_pinning,1.0,201,3.0,fixed_20pct,physical,15.0,0.2,1.0,0.1,unpolarized,6.999318508811707e-17,,,6.999318508811707e-17,,,1,18,0,False,,False,,
11,wave_pinning,1.0,201,3.0,fixed_20pct,physical,15.0,0.2,2.0,0.2,unpolarized,6.587593890646322e-17,,,6.587593890646322e-17,,,1,18,0,False,,False,,
12,wave_pinning,1.0,201,3.0,fixed_20pct,physical,15.0,0.2,4.0,0.4,unpolarized,1.5233810872119622e-16,,,1.5233810872119622e-16,,,1,18,0,False,,False,,
13,wave_pinning,1.0,201,3.0,fixed_20pct,physical,15.0,0.2,10.0,1.0,unpolarized,6.999318508811707e-17,,,6.999318508811707e-17,,,1,18,0,False,,False,,
14,wave_pinning,1.0,201,0.2,relative_20pct,relative,15.0,0.2,0.1,0.010000000000000002,unpolarized,4.52897079981934e-17,,,4.52897079981934e-17,,,1,18,0,False,,False,,
15,wave_pinning,1.0,201,0.2,relative_20pct,relative,15.0,0.2,0.25,0.025,unpolarized,4.52897079981934e-17,,,4.52897079981934e-17,,,1,18,0,False,,False,,
16,wave_pinning,1.0,201,0.2,relative_20pct,relative,15.0,0.2,0.5,0.05,unpolarized,6.999318508811707e-17,,,6.999318508811707e-17,,,1,18,0,False,,False,,
17,wave_pinning,1.0,201,0.2,relative_20pct,relative,15.0,0.2,1.0,0.1,unpolarized,6.999318508811707e-17,,,6.999318508811707e-17,,,1,18,0,False,,False,,
18,wave_pinning,1.0,201,0.2,relative_20pct,relative,15.0,0.2,2.0,0.2,unpolarized,6.587593890646315e-17,,,6.587593890646315e-17,,,1,18,0,False,,False,,
19,wave_pinning,1.0,201,0.2,relative_20pct,relative,15.0,0.2,4.0,0.4,unpolarized,6.999318508811707e-17,,,6.999318508811707e-17,,,1,18,0,False,,False,,
20,wave_pinning,1.0,201,0.2,relative_20pct,relative,15.0,0.2,10.0,1.0,unpolarized,4.9406954179847415e-17,,,4.9406954179847415e-17,,,1,18,0,False,,False,,
21,wave_pinning,3.0,201,1.5,fixed_10pct,physical,15.0,0.1,0.1,0.010000000000000002,unpolarized,1.441036163578883e-17,,,1.441036163578883e-17,,,1,18,0,False,,False,,
22,wave_pinning,3.0,201,1.5,fixed_10pct,physical,15.0,0.1,0.25,0.025,unpolarized,4.734833108902044e-17,,,4.734833108902044e-17,,,1,18,0,False,,False,,
23,wave_pinning,3.0,201,1.5,fixed_10pct,physical,15.0,0.1,0.5,0.05,unpolarized,5.76414465431545e-17,,,5.76414465431545e-17,,,1,18,0,False,,False,,
24,wave_pinning,3.0,201,1.5,fixed_10pct,physical,15.0,0.1,1.0,0.1,unpolarized,3.911383872571248e-17,,,3.911383872571248e-17,,,1,18,0,False,,False,,
25,wave_pinning,3.0,201,1.5,fixed_10pct,physical,15.0,0.1,2.0,0.2,unpolarized,4.734833108902044e-17,,,4.734833108902044e-17,,,1,18,0,False,,False,,
26,wave_pinning,3.0,201,1.5,fixed_10pct,physical,15.0,0.1,4.0,0.4,unpolarized,1.8527607817442523e-17,,,1.8527607817442523e-17,,,1,18,0,False,,False,,
27,wave_pinning,3.0,201,1.5,fixed_10pct,physical,15.0,0.1,10.0,1.0,unpolarized,5.764144654315459e-17,,,5.764144654315459e-17,,,1,18,0,False,,False,,
28,wave_pinning,3.0,201,3.0,fixed_20pct,physical,15.0,0.2,0.1,0.010000000000000002,unpolarized,7.616905436059712e-17,,,7.616905436059712e-17,,,1,18,0,False,,False,,
29,wave_pinning,3.0,201,3.0,fixed_20pct,physical,15.0,0.2,0.25,0.025,unpolarized,4.1172461816539e-17,,,4.1172461816539e-17,,,1,18,0,False,,False,,
30,wave_pinning,3.0,201,3.0,fixed_20pct,physical,15.0,0.2,0.5,0.05,unpolarized,5.76414465431545e-17,,,5.76414465431545e-17,,,1,18,0,False,,False,,
31,wave_pinning,3.0,201,3.0,fixed_20pct,physical,15.0,0.2,1.0,0.1,unpolarized,4.1172461816539e-17,,,4.1172461816539e-17,,,1,18,0,False,,False,,
32,wave_pinning,3.0,201,3.0,fixed_20pct,physical,15.0,0.2,2.0,0.2,unpolarized,3.1908657907817495e-17,,,3.1908657907817495e-17,,,1,18,0,False,,False,,
33,wave_pinning,3.0,201,3.0,fixed_20pct,physical,15.0,0.2,4.0,0.4,unpolarized,5.97000696339823e-17,,,5.97000696339823e-17,,,1,18,0,False,,False,,
34,wave_pinning,3.0,201,3.0,fixed_20pct,physical,15.0,0.2,10.0,1.0,unpolarized,1.523381087211931e-16,,,1.523381087211931e-16,,,1,18,0,False,,False,,
35,wave_pinning,3.0,201,0.6000000000000001,relative_20pct,relative,15.0,0.2,0.1,0.010000000000000002,unpolarized,2.0586230908269724e-18,,,2.0586230908269724e-18,,,1,18,0,False,,False,,
36,wave_pinning,3.0,201,0.6000000000000001,relative_20pct,relative,15.0,0.2,0.25,0.025,unpolarized,6.793456199728932e-17,,,6.793456199728932e-17,,,1,18,0,False,,False,,
37,wave_pinning,3.0,201,0.6000000000000001,relative_20pct,relative,15.0,0.2,0.5,0.05,unpolarized,5.764144654315569e-17,,,5.764144654315569e-17,,,1,18,0,False,,False,,
38,wave_pinning,3.0,201,0.6000000000000001,relative_20pct,relative,15.0,0.2,1.0,0.1,unpolarized,3.087934636240481e-17,,,3.087934636240481e-17,,,1,18,0,False,,False,,
39,wave_pinning,3.0,201,0.6000000000000001,relative_20pct,relative,15.0,0.2,2.0,0.2,unpolarized,7.616905436059712e-17,,,7.616905436059712e-17,,,1,18,0,False,,False,,
40,wave_pinning,3.0,201,0.6000000000000001,relative_20pct,relative,15.0,0.2,4.0,0.4,unpolarized,3.911383872571248e-17,,,3.911383872571248e-17,,,1,18,0,False,,False,,
41,wave_pinning,3.0,201,0.6000000000000001,relative_20pct,relative,15.0,0.2,10.0,1.0,unpolarized,1.1322426999548369e-16,,,1.1322426999548369e-16,,,1,18,0,False,,False,,
42,wave_pinning,5.0,201,1.5,fixed_10pct,physical,15.0,0.1,0.1,0.010000000000000002,polarized,0.3521969889008346,24.27483080442352,99.27483080442352,0.3521969889008344,0.7934204260289937,75.0,2,33,0,False,0.005617289668263195,False,work/cases/case_0042/duration_24p2748308044.checkpoint.npz,6aee7044de20d63b53b3135948a23fdf1c4d0103d92ea3c1d78b0c688aa8bf27
43,wave_pinning,5.0,201,1.5,fixed_10pct,physical,15.0,0.1,0.25,0.025,polarized,0.3521969889008346,7.31249268392479,127.31249268392479,0.3521969889008345,0.7934204260289934,120.0,2,35,0,False,0.005617289668263163,False,work/cases/case_0043/duration_7p31249268392.checkpoint.npz,5266fed19379b208f17ab9a25ac03c90c958c094376438e234f30c2659354dce
44,wave_pinning,5.0,201,1.5,fixed_10pct,physical,15.0,0.1,0.5,0.05,polarized,0.35219698890083473,3.3989925531414955,93.3989925531415,0.3521969889008345,0.7934204260289924,90.0,2,36,0,False,0.0056172896682631784,False,work/cases/case_0044/duration_3p39899255314.checkpoint.npz,85852884208f0f6085339b9d52be1fa12721843059e9398d9ac00ea8e04be484
45,wave_pinning,5.0,201,1.5,fixed_10pct,physical,15.0,0.1,1.0,0.1,polarized,0.3521969889008347,1.6434633754146946,101.6434633754147,0.3521969889008346,0.7934204260289921,100.0,2,35,0,False,0.005617289668263207,False,work/cases/case_0045/duration_1p64346337541.checkpoint.npz,9639fda2a18d6ee286e291b13c97bd3c28d10c86cb01c38e852739ac0a820c0b
46,wave_pinning,5.0,201,1.5,fixed_10pct,physical,15.0,0.1,2.0,0.2,polarized,0.3521969889008346,0.8127474013248509,90.81274740132486,0.3521969889008345,0.7934204260289923,90.0,2,37,0,False,0.005617289668263087,False,work/cases/case_0046/duration_0p812747401325.checkpoint.npz,ca8b7b5074ac586780d825afe5c165b66f4a08f1405b35017dfa5d75800c39bd
47,wave_pinning,5.0,201,1.5,fixed_10pct,physical,15.0,0.1,4.0,0.4,polarized,0.3521969889008346,0.4064845281700973,85.4064845281701,0.35219698890083456,0.7934204260289922,85.0,2,34,0,False,0.005617289668263274,False,work/cases/case_0047/duration_0p40648452817.checkpoint.npz,38030db08dfdfe5fa10ae17b204cc795b1afc25e8e3015fbe9648380a4173601
48,wave_pinning,5.0,201,1.5,fixed_10pct,physical,15.0,0.1,10.0,1.0,polarized,0.3521969889008346,0.16320049239369197,115.1632004923937,0.3521969889008346,0.7934204260289925,115.0,2,35,0,False,0.0056172896682631455,False,work/cases/case_0048/duration_0p163200492394.checkpoint.npz,ce766f85cfaa12fa510b7b7104bbb1177be83caf0df024d4deec39e7f7a4ea04
49,wave_pinning,5.0,201,3.0,fixed_20pct,physical,15.0,0.2,0.1,0.010000000000000002,polarized,0.3521969889008347,14.21493364048741,89.2149336404874,0.3521969889008346,0.7934204260289923,75.0,2,35,0,False,0.0056172896682631784,False,work/cases/case_0049/duration_14p2149336405.checkpoint.npz,0c7694a130f5d4317cd73bf7c4102d20331b8e1caef088dbafca09c46f98f6d4
50,wave_pinning,5.0,201,3.0,fixed_20pct,physical,15.0,0.2,0.25,0.025,polarized,0.3521969889008346,4.874410343973556,94.87441034397355,0.3521969889008345,0.7934204260289924,90.0,2,34,0,False,0.005617289668263278,False,work/cases/case_0050/duration_4p87441034397.checkpoint.npz,ffd31436daf653e527f2338eb4dd99bd54ef710125fa6cccd849065df9e3a550
51,wave_pinning,5.0,201,3.0,fixed_20pct,physical,15.0,0.2,0.5,0.05,polarized,0.3521969889008346,2.343610679678712,82.34361067967872,0.35219698890083456,0.7934204260289924,80.0,2,36,0,False,0.005617289668263256,False,work/cases/case_0051/duration_2p34361067968.checkpoint.npz,b791887fd5c783e07b7bd4b4dd7f301b104db6c9495dcff92faa73fa6ca3ead6
52,wave_pinning,5.0,201,3.0,fixed_20pct,physical,15.0,0.2,1.0,0.1,polarized,0.3521969889008347,1.1524831704128184,81.15248317041282,0.3521969889008345,0.7934204260289921,80.0,2,35,0,False,0.005617289668263194,False,work/cases/case_0052/duration_1p15248317041.checkpoint.npz,4f69e470faf57a6cc77c734cfae35bdd8db1e6ac6c67bffe7e626922eb9c50fa
53,wave_pinning,5.0,201,3.0,fixed_20pct,physical,15.0,0.2,2.0,0.2,polarized,0.3521969889008347,0.573160940930432,85.57316094093044,0.35219698890083445,0.7934204260289934,85.0,2,35,0,False,0.005617289668263165,False,work/cases/case_0053/duration_0p57316094093.checkpoint.npz,312b15945e90d809f7598042a36323eb9715aad1dd7aaf2030ad0870d7d21b28
54,wave_pinning,5.0,201,3.0,fixed_20pct,physical,15.0,0.2,4.0,0.4,polarized,0.3521969889008346,0.28665862758817273,90.28665862758817,0.35219698890083445,0.7934204260289938,90.0,2,36,0,False,0.005617289668263159,False,work/cases/case_0054/duration_0p286658627588.checkpoint.npz,4d4d66189c663828619544d163bbbfb03df6da243b27d3063b46160af53d6d5c
55,wave_pinning,5.0,201,3.0,fixed_20pct,physical,15.0,0.2,10.0,1.0,polarized,0.3521969889008346,0.11509129112956804,95.11509129112957,0.35219698890083445,0.7934204260289937,95.0,2,35,0,False,0.005617289668263137,False,work/cases/case_0055/duration_0p11509129113.checkpoint.npz,a87a171e026a91edbab17e04122a14fd4dbac25c60a2dc9c974580d9307d363a
56,wave_pinning,5.0,201,1.0,relative_20pct,relative,15.0,0.2,0.1,0.010000000000000002,polarized,0.3521969889008346,43.3649720394657,128.3649720394657,0.35219698890083456,0.7934204260289924,85.0,2,33,0,False,0.005617289668263199,False,work/cases/case_0056/duration_43p3649720395.checkpoint.npz,0fcdb62c118939b17621bcfe4a277e5ee19e66b626db8fea1fde7cad0b548ffc
57,wave_pinning,5.0,201,1.0,relative_20pct,relative,15.0,0.2,0.25,0.025,polarized,0.3521969889008346,10.725636154881645,90.72563615488164,0.3521969889008346,0.7934204260289922,80.0,2,35,0,False,0.005617289668263195,False,work/cases/case_0057/duration_10p7256361549.checkpoint.npz,1fb31977133823e250e60b8727522f7f4eda88203f436d4157d674ae9d38b692
58,wave_pinning,5.0,201,1.0,relative_20pct,relative,15.0,0.2,0.5,0.05,polarized,0.3521969889008346,4.765805834662819,94.76580583466281,0.3521969889008345,0.7934204260289931,90.0,2,35,0,False,0.005617289668263122,False,work/cases/case_0058/duration_4p76580583466.checkpoint.npz,b1a3ff18631650c74934eadc30cf27d6929cf33e31733356f60cbf3d2fb66d4c
59,wave_pinning,5.0,201,1.0,relative_20pct,relative,15.0,0.2,1.0,0.1,polarized,0.3521969889008347,2.2657232186425253,87.26572321864252,0.35219698890083434,0.7934204260289941,85.0,2,35,0,False,0.005617289668263187,False,work/cases/case_0059/duration_2p26572321864.checkpoint.npz,94851a09c472acaa50e3b7be03b8d093f0a9663f5b4e2f4b8127b4c3f5eacb27
60,wave_pinning,5.0,201,1.0,relative_20pct,relative,15.0,0.2,2.0,0.2,polarized,0.3521969889008346,1.1079229113337967,96.1079229113338,0.35219698890083445,0.7934204260289934,95.0,2,36,0,False,0.005617289668263238,False,work/cases/case_0060/duration_1p10792291133.checkpoint.npz,bae0c265d0027bc7466370db5bf1207b33eb8f4529728550eed68726d3432a4a
61,wave_pinning,5.0,201,1.0,relative_20pct,relative,15.0,0.2,4.0,0.4,polarized,0.3521969889008346,0.5509999231580965,100.5509999231581,0.35219698890083434,0.7934204260289937,100.0,2,36,0,False,0.005617289668263286,False,work/cases/case_0061/duration_0p550999923158.checkpoint.npz,474bf7c1888adbb34e4966036e5c5cc1f5a25db1d197f089fbd90920b6c2a82c
62,wave_pinning,5.0,201,1.0,relative_20pct,relative,15.0,0.2,10.0,1.0,polarized,0.3521969889008346,0.2224720305093391,80.22247203050934,0.3521969889008345,0.7934204260289923,80.0,2,34,0,False,0.00561728966826315,False,work/cases/case_0062/duration_0p222472030509.checkpoint.npz,74cb2a4ba1d3e99f060c4f7108c27a77b8cb22f6f9a8a3196a14db4b0ab78e76
63,wave_pinning,7.0,201,1.5,fixed_10pct,physical,15.0,0.1,0.1,0.010000000000000002,polarized,0.39012937603799736,18.419628669878822,93.41962866987882,0.3901293760379973,0.890260638513535,75.0,2,33,0,False,0.00561728966826305,False,work/cases/case_0063/duration_18p4196286699.checkpoint.npz,8b924e7c3b69918abcd9662c915ffaceb374981eb2beba2ff10a88a8c499294a
64,wave_pinning,7.0,201,1.5,fixed_10pct,physical,15.0,0.1,0.25,0.025,polarized,0.3901293760379975,6.003993331129277,86.00399333112928,0.3901293760379973,0.8902606385135361,80.0,2,35,0,False,0.005617289668263211,False,work/cases/case_0064/duration_6p00399333113.checkpoint.npz,9d828d5369a6f2bd0da89f4042a41c2b8771cb926b66eb23ab80f537f9ec1a01
65,wave_pinning,7.0,201,1.5,fixed_10pct,physical,15.0,0.1,0.5,0.05,polarized,0.39012937603799736,2.8223953032293014,92.8223953032293,0.39012937603799736,0.8902606385135368,90.0,2,36,0,False,0.005617289668263281,False,work/cases/case_0065/duration_2p82239530323.checkpoint.npz,64fee7f372505a5e0fdb83d6343f050255a44d9899904666c3490537eb636976
66,wave_pinning,7.0,201,1.5,fixed_10pct,physical,15.0,0.1,1.0,0.1,polarized,0.3901293760379973,1.3801316928561713,81.38013169285617,0.39012937603799713,0.8902606385135363,80.0,2,35,0,False,0.005617289668263263,False,work/cases/case_0066/duration_1p38013169286.checkpoint.npz,76f39fa882e30757f6b3c3efdc7d53ea8e39ded722ae30d4ad58b45427137cc9
67,wave_pinning,7.0,201,1.5,fixed_10pct,physical,15.0,0.1,2.0,0.2,polarized,0.39012937603799736,0.6825211097703243,90.68252110977032,0.3901293760379969,0.8902606385135365,90.0,2,35,0,False,0.005617289668263114,False,work/cases/case_0067/duration_0p68252110977.checkpoint.npz,a100756bbc6a1764f8a279543dbb8ad0d84c507d58e8124d1a5a24869f4a92b2
68,wave_pinning,7.0,201,1.5,fixed_10pct,physical,15.0,0.1,4.0,0.4,polarized,0.39012937603799747,0.341353624531901,90.3413536245319,0.3901293760379971,0.8902606385135365,90.0,2,35,0,False,0.005617289668263159,False,work/cases/case_0068/duration_0p341353624532.checkpoint.npz,2d456b2ae35d48a80610ead19151c7409b7b5395c1780328149d20be0875b114
69,wave_pinning,7.0,201,1.5,fixed_10pct,physical,15.0,0.1,10.0,1.0,polarized,0.3901293760379974,0.1370509225892743,100.13705092258927,0.390129376037997,0.8902606385135363,100.0,2,36,0,False,0.005617289668263151,False,work/cases/case_0069/duration_0p137050922589.checkpoint.npz,b61c996096e99f82bfcbc3667cc234f70c01e3d8651c3ee6d2406cbc6e86addc
70,wave_pinning,7.0,201,3.0,fixed_20pct,physical,15.0,0.2,0.1,0.010000000000000002,polarized,0.3901293760379975,10.786225507987218,90.78622550798721,0.3901293760379972,0.8902606385135365,80.0,2,35,0,False,0.005617289668263187,False,work/cases/case_0070/duration_10p786225508.checkpoint.npz,35a0caa30c5b0ff8a91726b1a0bf8b2c61205542ea67a844ab9f8105393acfa7
71,wave_pinning,7.0,201,3.0,fixed_20pct,physical,15.0,0.2,0.25,0.025,polarized,0.3901293760379975,3.869173727659788,98.86917372765978,0.39012937603799713,0.8902606385135368,95.0,2,35,0,False,0.005617289668263167,False,work/cases/case_0071/duration_3p86917372766.checkpoint.npz,d0c0a4b4d56ca459ebafd3f95adee830391ffb165d0da07a6e6e0b6959a7e169
72,wave_pinning,7.0,201,3.0,fixed_20pct,physical,15.0,0.2,0.5,0.05,polarized,0.39012937603799747,1.8813711624063194,86.88137116240632,0.3901293760379971,0.8902606385135365,85.0,2,36,0,False,0.005617289668263164,False,work/cases/case_0072/duration_1p88137116241.checkpoint.npz,57d486dbc82e6d2af40d48bb842140d6ebf766d5396ec2914962a63db5881c46
73,wave_pinning,7.0,201,3.0,fixed_20pct,physical,15.0,0.2,1.0,0.1,polarized,0.39012937603799736,0.9304007293666755,90.93040072936668,0.3901293760379972,0.8902606385135361,90.0,2,34,0,False,0.005617289668263232,False,work/cases/case_0073/duration_0p930400729367.checkpoint.npz,9c2d238c6831c51f44a4d1cd65995046ac677a33ca191b0476a88b552b27b62c
74,wave_pinning,7.0,201,3.0,fixed_20pct,physical,15.0,0.2,2.0,0.2,polarized,0.3901293760379973,0.46532723558296,80.46532723558296,0.39012937603799724,0.8902606385135352,80.0,2,36,0,False,0.005617289668263229,False,work/cases/case_0074/duration_0p465327235583.checkpoint.npz,808e5f9da180ee9361c1f21699c3bfeab949c2e9b78617b5d04eee15e4266aca
75,wave_pinning,7.0,201,3.0,fixed_20pct,physical,15.0,0.2,4.0,0.4,polarized,0.3901293760379974,0.23272707054160557,85.2327270705416,0.39012937603799697,0.8902606385135365,85.0,2,35,0,False,0.005617289668263213,False,work/cases/case_0075/duration_0p232727070542.checkpoint.npz,afde41325609f0f432aac2a981c40faf9913cecc2d51d37c28c9423a66e4faa5
76,wave_pinning,7.0,201,3.0,fixed_20pct,physical,15.0,0.2,10.0,1.0,polarized,0.39012937603799736,0.09343817506834586,80.09343817506834,0.3901293760379973,0.8902606385135363,80.0,2,36,0,False,0.0056172896682633415,False,work/cases/case_0076/duration_0p0934381750683.checkpoint.npz,59ba0a8148870fe1fd5f0bdc1c6311532e166dbcb19a293a3344b252120218f5
77,wave_pinning,7.0,201,1.4000000000000001,relative_20pct,relative,15.0,0.2,0.1,0.010000000000000002,polarized,0.3901293760379974,19.819127548574734,99.81912754857473,0.39012937603799724,0.8902606385135372,80.0,2,35,0,False,0.0056172896682632235,False,work/cases/case_0077/duration_19p8191275486.checkpoint.npz,511ccabdd6e066c49a9ccf50f8acbb8937aeb1ac63137eeba4d63d295762208a
78,wave_pinning,7.0,201,1.4000000000000001,relative_20pct,relative,15.0,0.2,0.25,0.025,polarized,0.3901293760379974,6.35191322472878,91.35191322472878,0.390129376037997,0.8902606385135368,85.0,2,34,0,False,0.005617289668263235,False,work/cases/case_0078/duration_6p35191322473.checkpoint.npz,c72a7db3acdac419fe2befabd71270f725b1754ee2371069db70ba6b71b26801
79,wave_pinning,7.0,201,1.4000000000000001,relative_20pct,relative,15.0,0.2,0.5,0.05,polarized,0.3901293760379974,2.9859476956851703,82.98594769568517,0.39012937603799724,0.890260638513537,80.0,2,35,0,False,0.005617289668263094,False,work/cases/case_0079/duration_2p98594769569.checkpoint.npz,fce9c8f151ca11e834501a17e1f14fcb43986601982d94f2d3aa05a6fbb29174
80,wave_pinning,7.0,201,1.4000000000000001,relative_20pct,relative,15.0,0.2,1.0,0.1,polarized,0.39012937603799736,1.4519058286156223,81.45190582861562,0.39012937603799736,0.8902606385135374,80.0,2,35,0,False,0.005617289668263173,False,work/cases/case_0080/duration_1p45190582862.checkpoint.npz,bbb2c4777e1ae600d9a7d7e83e9f9a3d189c42eb965923c533b7a3568f617815
81,wave_pinning,7.0,201,1.4000000000000001,relative_20pct,relative,15.0,0.2,2.0,0.2,polarized,0.3901293760379974,0.7180158115041623,85.71801581150416,0.39012937603799686,0.8902606385135385,85.0,2,35,0,False,0.005617289668263278,False,work/cases/case_0081/duration_0p718015811504.checkpoint.npz,4e02c873b06589fac16ea87876a74418dcafd0a3b1bca4512434d8912d8ae11c
82,wave_pinning,7.0,201,1.4000000000000001,relative_20pct,relative,15.0,0.2,4.0,0.4,polarized,0.39012937603799747,0.35910581551190096,85.3591058155119,0.3901293760379971,0.8902606385135368,85.0,2,34,0,False,0.005617289668263182,False,work/cases/case_0082/duration_0p359105815512.checkpoint.npz,f9d7f09a243b67dd3a212a19a2eccf27df1c8b08a3e05d0b343b351b42e41fe5
83,wave_pinning,7.0,201,1.4000000000000001,relative_20pct,relative,15.0,0.2,10.0,1.0,polarized,0.39012937603799747,0.1441782942559039,90.14417829425591,0.3901293760379973,0.8902606385135372,90.0,2,33,0,False,0.005617289668263175,False,work/cases/case_0083/duration_0p144178294256.checkpoint.npz,9cc435282fccdd83fbb5e16fa4f682ff1f8fe678c34b074d4bfe17bcd99c08bd
84,wave_pinning,9.0,201,1.5,fixed_10pct,physical,15.0,0.1,0.1,0.010000000000000002,polarized,0.4067267718317466,16.36461245154667,101.36461245154666,0.40672677183174644,0.9259987829772188,85.0,2,33,0,False,0.005617289668263361,False,work/cases/case_0084/duration_16p3646124515.checkpoint.npz,31c27c7eaf329eb8b5191f843ea4192267bb23917f0f8e063c641e94350fe5f4
85,wave_pinning,9.0,201,1.5,fixed_10pct,physical,15.0,0.1,0.25,0.025,polarized,0.40672677183174666,5.486523361701938,95.48652336170194,0.4067267718317465,0.9259987829772188,90.0,2,35,0,False,0.0056172896682632105,False,work/cases/case_0085/duration_5p4865233617.checkpoint.npz,4f80654e8e7d689eec67f161a060cb49168da88f03a823daaeb33e0cdeb372c3
86,wave_pinning,9.0,201,1.5,fixed_10pct,physical,15.0,0.1,0.5,0.05,polarized,0.4067267718317466,2.608361272257373,92.60836127225737,0.4067267718317465,0.9259987829772187,90.0,2,34,0,False,0.005617289668263192,False,work/cases/case_0086/duration_2p60836127226.checkpoint.npz,7c2a36871de7dacead85c77dc3e8f296e94fbb8fee7f663720caf157b05c74da
87,wave_pinning,9.0,201,1.5,fixed_10pct,physical,15.0,0.1,1.0,0.1,polarized,0.4067267718317466,1.2754705388512253,91.27547053885122,0.4067267718317462,0.9259987829772186,90.0,2,37,0,False,0.0056172896682631715,False,work/cases/case_0087/duration_1p27547053885.checkpoint.npz,49a58b847387ca891f34ed81ab3a0745b325811f7ccdcfc4e7456df577083003
88,wave_pinning,9.0,201,1.5,fixed_10pct,physical,15.0,0.1,2.0,0.2,polarized,0.4067267718317466,0.6343258738564937,85.6343258738565,0.4067267718317465,0.9259987829772188,85.0,2,34,0,False,0.005617289668263184,False,work/cases/case_0088/duration_0p634325873856.checkpoint.npz,39354417bd37c8012a3b27a4cf7906ef62845e7693681cee9dfeaecfb1b092b4
89,wave_pinning,9.0,201,1.5,fixed_10pct,physical,15.0,0.1,4.0,0.4,polarized,0.4067267718317466,0.3172494345971864,85.31724943459719,0.4067267718317465,0.9259987829772187,85.0,2,36,0,False,0.005617289668263294,False,work/cases/case_0089/duration_0p317249434597.checkpoint.npz,27d5331e61d6111c71f1114a857ea20d5defff72b815b4a57dd6dc6e6edf877d
90,wave_pinning,9.0,201,1.5,fixed_10pct,physical,15.0,0.1,10.0,1.0,polarized,0.4067267718317466,0.127373270935949,85.12737327093595,0.40672677183174655,0.9259987829772188,85.0,2,34,0,False,0.005617289668263249,False,work/cases/case_0090/duration_0p127373270936.checkpoint.npz,d534f0671f4575028e242b226740b441696ccd974c79d27fcc24f927256c83d6
91,wave_pinning,9.0,201,3.0,fixed_20pct,physical,15.0,0.2,0.1,0.010000000000000002,polarized,0.4067267718317466,9.582842489210677,94.58284248921068,0.4067267718317465,0.9259987829772188,85.0,2,34,0,False,0.005617289668263259,False,work/cases/case_0091/duration_9p58284248921.checkpoint.npz,fc71fda6a2f13dd2b62bcb93a0b39419817ff60004fe5ed102c964f6f0494066
92,wave_pinning,9.0,201,3.0,fixed_20pct,physical,15.0,0.2,0.25,0.025,polarized,0.4067267718317466,3.4960882816999854,118.49608828169998,0.40672677183174655,0.925998782977219,115.0,2,35,0,False,0.005617289668263111,False,work/cases/case_0092/duration_3p4960882817.checkpoint.npz,8a8bee029dbb601a2911676e94377defed4d776b0400600a27fd48ec75c1882a
93,wave_pinning,9.0,201,3.0,fixed_20pct,physical,15.0,0.2,0.5,0.05,polarized,0.40672677183174666,1.7095628784091759,96.70956287840917,0.4067267718317463,0.9259987829772187,95.0,2,35,0,False,0.005617289668263131,False,work/cases/case_0093/duration_1p70956287841.checkpoint.npz,3b712b38dd5cfc61629539ea401040a0378e72814a82bdfcb0be54c060479b4d
94,wave_pinning,9.0,201,3.0,fixed_20pct,physical,15.0,0.2,1.0,0.1,polarized,0.4067267718317466,0.8502116934321547,85.85021169343216,0.40672677183174655,0.9259987829772185,85.0,2,35,0,False,0.005617289668263178,False,work/cases/case_0094/duration_0p850211693432.checkpoint.npz,0522521b06a85e31459b375cf57f382f4dacc3610518498b8b49b69b2de4a41a
95,wave_pinning,9.0,201,3.0,fixed_20pct,physical,15.0,0.2,2.0,0.2,polarized,0.40672677183174666,0.42283318898537703,95.42283318898538,0.4067267718317465,0.9259987829772188,95.0,2,34,0,False,0.005617289668263107,False,work/cases/case_0095/duration_0p422833188985.checkpoint.npz,cab737ffcc87fff0a7441af477730e58c803f77fa628b6e22f962d98bb09e22f
96,wave_pinning,9.0,201,3.0,fixed_20pct,physical,15.0,0.2,4.0,0.4,polarized,0.4067267718317466,0.21147425268811282,105.2114742526881,0.4067267718317465,0.9259987829772187,105.0,2,34,0,False,0.00561728966826313,False,work/cases/case_0096/duration_0p211474252688.checkpoint.npz,5645bf533ecfeead6c66726cb838a4fdd10cbe3a9e932b5f9f09a2a2f91450d3
97,wave_pinning,9.0,201,3.0,fixed_20pct,physical,15.0,0.2,10.0,1.0,polarized,0.4067267718317466,0.0849053279411557,95.08490532794116,0.4067267718317465,0.925998782977219,95.0,2,35,0,False,0.0056172896682632366,False,work/cases/case_0097/duration_0p0849053279412.checkpoint.npz,3ca09ebc26091463d44d56231e34d1c72a9f942286a4ef7ff514d95652b1f7e3
98,wave_pinning,9.0,201,1.8,relative_20pct,relative,15.0,0.2,0.1,0.010000000000000002,polarized,0.4067267718317466,13.742515119930392,103.74251511993039,0.4067267718317463,0.9259987829772186,90.0,2,33,0,False,0.0056172896682631195,False,work/cases/case_0098/duration_13p7425151199.checkpoint.npz,c71f21b445409c30fdf145669aa7b51819351f75b1d9cb29770ff30653e01ec9
99,wave_pinning,9.0,201,1.8,relative_20pct,relative,15.0,0.2,0.25,0.025,polarized,0.4067267718317466,4.765805834662819,89.76580583466281,0.4067267718317465,0.9259987829772188,85.0,2,35,0,False,0.005617289668263122,False,work/cases/case_0099/duration_4p76580583466.checkpoint.npz,c9d9632e960f42f73f4144100f8ebb3f3b3009ef4a91372d929301d4a699baca
100,wave_pinning,9.0,201,1.8,relative_20pct,relative,15.0,0.2,0.5,0.05,polarized,0.40672677183174666,2.278522338634242,112.27852233863425,0.40672677183174644,0.9259987829772193,110.0,2,36,0,False,0.0056172896682630934,False,work/cases/case_0100/duration_2p27852233863.checkpoint.npz,234782197f6868dfec2a4faa98154f8d276d481ceb5b37c639e51bd84739e1af
101,wave_pinning,9.0,201,1.8,relative_20pct,relative,15.0,0.2,1.0,0.1,polarized,0.40672677183174666,1.1204756282496617,106.12047562824966,0.4067267718317463,0.9259987829772186,105.0,2,33,0,False,0.005617289668263051,False,work/cases/case_0101/duration_1p12047562825.checkpoint.npz,bedf61eb57acbaa79f1bf53ec9913aba2384cc4ac14ee179b52e24c63abdc10a
102,wave_pinning,9.0,201,1.8,relative_20pct,relative,15.0,0.2,2.0,0.2,polarized,0.40672677183174666,0.5572427275854736,105.55724272758547,0.40672677183174655,0.9259987829772193,105.0,2,34,0,False,0.005617289668263205,False,work/cases/case_0102/duration_0p557242727585.checkpoint.npz,8584bf6b909fa436b65136ff71a6ed6bb1c3a183e2d3e084bbd2c60fe7e32686
103,wave_pinning,9.0,201,1.8,relative_20pct,relative,15.0,0.2,4.0,0.4,polarized,0.4067267718317466,0.27869735028320824,115.27869735028321,0.4067267718317461,0.9259987829772186,115.0,2,36,0,False,0.005617289668263169,False,work/cases/case_0103/duration_0p278697350283.checkpoint.npz,fcb50796ae3368391ff4c3ec68b13c15665758038b5b00fd2646cd4125990bbf
104,wave_pinning,9.0,201,1.8,relative_20pct,relative,15.0,0.2,10.0,1.0,polarized,0.4067267718317466,0.11252699466763402,85.11252699466763,0.4067267718317461,0.9259987829772185,85.0,2,36,0,False,0.005617289668263233,False,work/cases/case_0104/duration_0p112526994668.checkpoint.npz,ae3f8a03882f96e6790f00d7af87742c69b3988651f046a5e58a3eadf33970f1
105,wave_pinning,11.0,201,1.5,fixed_10pct,physical,15.0,0.1,0.1,0.010000000000000002,polarized,0.41547677054467225,15.381366979086593,120.3813669790866,0.4154767705446719,0.9403363297621699,105.0,2,34,0,False,0.005617289668263117,False,work/cases/case_0105/duration_15p3813669791.checkpoint.npz,dc0124f0eed5f0eee89ad95d56ce3f5dc0c1c93c4b7f57db2f29ea437ab5613a
106,wave_pinning,11.0,201,1.5,fixed_10pct,physical,15.0,0.1,0.25,0.025,polarized,0.41547677054467214,5.244761556419557,100.24476155641956,0.415476770544672,0.9403363297621701,95.0,2,36,0,False,0.005617289668263114,False,work/cases/case_0106/duration_5p24476155642.checkpoint.npz,d37f79b96dcfb8a5ed2545768af05697541f0cce78f36f92df66b6c72adb0590
107,wave_pinning,11.0,201,1.5,fixed_10pct,physical,15.0,0.1,0.5,0.05,polarized,0.41547677054467236,2.493424710716154,117.49342471071616,0.41547677054467236,0.9403363297621687,115.0,2,36,0,False,0.005617289668263153,False,work/cases/case_0107/duration_2p49342471072.checkpoint.npz,bd9f7594d63047f39f12946d8633f96d49aef1571c876804cafba1c19e898ba3
108,wave_pinning,11.0,201,1.5,fixed_10pct,physical,15.0,0.1,1.0,0.1,polarized,0.4154767705446721,1.2261550268177508,96.22615502681775,0.41547677054467197,0.9403363297621707,95.0,2,36,0,False,0.005617289668263196,False,work/cases/case_0108/duration_1p22615502682.checkpoint.npz,7e11ea522915fd44da5867802eda85d76da263563d1f7094c75dab410da56d1a
109,wave_pinning,11.0,201,1.5,fixed_10pct,physical,15.0,0.1,2.0,0.2,polarized,0.415476770544672,0.606374517726061,135.60637451772607,0.41547677054467197,0.9403363297621696,135.0,2,36,0,False,0.005617289668263165,False,work/cases/case_0109/duration_0p606374517726.checkpoint.npz,b6e996a0e5bf701de77736a5e7b238755a7c8d2006c40bbe87a995797f01dd8a
110,wave_pinning,11.0,201,1.5,fixed_10pct,physical,15.0,0.1,4.0,0.4,polarized,0.4154767705446721,0.30326994504130156,125.30326994504131,0.41547677054467175,0.9403363297621699,125.0,2,34,0,False,0.00561728966826317,False,work/cases/case_0110/duration_0p303269945041.checkpoint.npz,21ceef4787425d8de15dfc5a8611ee63c9ffc0869aa86502b572eb5bd85dcb3b
111,wave_pinning,11.0,201,1.5,fixed_10pct,physical,15.0,0.1,10.0,1.0,polarized,0.4154767705446721,0.12244843897452844,90.12244843897453,0.4154767705446718,0.9403363297621699,90.0,2,36,0,False,0.005617289668263168,False,work/cases/case_0111/duration_0p122448438975.checkpoint.npz,dbcff821ba6b8267db87f920d5b5177b5091cf1528a93c4bb443fe7dc2c70f55
112,wave_pinning,11.0,201,3.0,fixed_20pct,physical,15.0,0.2,0.1,0.010000000000000002,polarized,0.41547677054467225,9.007070437247178,104.00707043724718,0.4154767705446718,0.9403363297621699,95.0,2,33,0,False,0.005617289668263206,False,work/cases/case_0112/duration_9p00707043725.checkpoint.npz,10efa7934c480fee954e6cac1ae28420c2275eabeb4de9b4bda39dedbbcc2d21
113,wave_pinning,11.0,201,3.0,fixed_20pct,physical,15.0,0.2,0.25,0.025,polarized,0.4154767705446722,3.3232611533751277,103.32326115337513,0.4154767705446717,0.9403363297621696,100.0,2,36,0,False,0.005617289668263167,False,work/cases/case_0113/duration_3p32326115338.checkpoint.npz,fee559c29694fd1606b480bcd000414437bcb4610b83b62e9f632d944a3f2273
114,wave_pinning,11.0,201,3.0,fixed_20pct,physical,15.0,0.2,0.5,0.05,polarized,0.4154767705446725,1.6250516134869502,106.62505161348695,0.4154767705446725,0.9403363297621681,105.0,2,34,0,False,0.005617289668263188,False,work/cases/case_0114/duration_1p62505161349.checkpoint.npz,b538fb8ac40138b0a464472eab213743e5e500c7b43e65989fd9284f589975fa
115,wave_pinning,11.0,201,3.0,fixed_20pct,physical,15.0,0.2,1.0,0.1,polarized,0.4154767705446722,0.8081819637444811,95.80818196374449,0.4154767705446722,0.9403363297621692,95.0,2,34,0,False,0.005617289668263207,False,work/cases/case_0115/duration_0p808181963744.checkpoint.npz,313ff3290d60a020c7233d4cc66252efe046c378d8256010af6330cb478680d0
116,wave_pinning,11.0,201,3.0,fixed_20pct,physical,15.0,0.2,2.0,0.2,polarized,0.4154767705446722,0.40193067167902036,130.40193067167903,0.4154767705446718,0.9403363297621699,130.0,2,34,0,False,0.005617289668263157,False,work/cases/case_0116/duration_0p401930671679.checkpoint.npz,e76f901dfef0025d001457dafa6326ff1495495835e38185fe7ffc2bc25cf78e
117,wave_pinning,11.0,201,3.0,fixed_20pct,physical,15.0,0.2,4.0,0.4,polarized,0.4154767705446721,0.20215571092129878,95.2021557109213,0.41547677054467197,0.9403363297621696,95.0,2,37,0,False,0.005617289668263207,False,work/cases/case_0117/duration_0p202155710921.checkpoint.npz,64c08bf13a55da76392ab28b26fcb4fe23a13fc1afd9453703180aa7d706e4fa
118,wave_pinning,11.0,201,3.0,fixed_20pct,physical,15.0,0.2,10.0,1.0,polarized,0.4154767705446721,0.08070808152596648,115.08070808152597,0.415476770544672,0.9403363297621696,115.0,2,36,0,False,0.005617289668263154,False,work/cases/case_0118/duration_0p080708081526.checkpoint.npz,d36f47e88761bc106e3a31830440743de70dc6c3e63d7e5c046590f0f2d59a4e
119,wave_pinning,11.0,201,2.2,relative_20pct,relative,15.0,0.2,0.1,0.010000000000000002,polarized,0.41547677054467214,11.032025015824866,101.03202501582487,0.41547677054467125,0.9403363297621712,90.0,2,35,0,False,0.005617289668263186,False,work/cases/case_0119/duration_11p0320250158.checkpoint.npz,6ff801ccc2b4a6a8097f5becd2a62d6d9d6e0d934628d929c1dd3bad16e846c5
120,wave_pinning,11.0,201,2.2,relative_20pct,relative,15.0,0.2,0.25,0.025,polarized,0.41547677054467197,3.957345535053661,98.95734553505366,0.41547677054467186,0.9403363297621714,95.0,2,33,0,False,0.005617289668263224,False,work/cases/case_0120/duration_3p95734553505.checkpoint.npz,166f54bdb8bf84da965f3bd2024c469dc39e16a732df908e461917ea752d4a97
121,wave_pinning,11.0,201,2.2,relative_20pct,relative,15.0,0.2,0.5,0.05,polarized,0.41547677054467214,1.9134353338640038,151.91343533386402,0.41547677054467197,0.9403363297621701,150.0,2,32,0,False,0.005617289668263175,False,work/cases/case_0121/duration_1p91343533386.checkpoint.npz,b8da27b20d25730c7bc536a0ec6bf911ad361b46f74a347ebc53e7004f91556f
122,wave_pinning,11.0,201,2.2,relative_20pct,relative,15.0,0.2,1.0,0.1,polarized,0.4154767705446724,0.9462575305693743,115.94625753056937,0.4154767705446724,0.9403363297621685,115.0,2,33,0,False,0.005617289668263137,False,work/cases/case_0122/duration_0p946257530569.checkpoint.npz,eef0fb2eb28b204c119e0edbdbf9e5e8b0233d0b99b1b62a9a7a018a4d9522fa
123,wave_pinning,11.0,201,2.2,relative_20pct,relative,15.0,0.2,2.0,0.2,polarized,0.4154767705446721,0.4732577984425389,95.47325779844253,0.4154767705446718,0.9403363297621703,95.0,2,34,0,False,0.005617289668263209,False,work/cases/case_0123/duration_0p473257798443.checkpoint.npz,b3ac7e06b16ee9c44078da6a1465aab02aebd9183649212e46b9ec305c948dea
124,wave_pinning,11.0,201,2.2,relative_20pct,relative,15.0,0.2,4.0,0.4,polarized,0.4154767705446721,0.23669343339535862,100.23669343339536,0.41547677054467125,0.9403363297621712,100.0,2,34,0,False,0.005617289668263179,False,work/cases/case_0124/duration_0p236693433395.checkpoint.npz,2efef12c1b7e087fabc55b071c43dc05a88f44f2cb932211eb0dffd5674709c6
125,wave_pinning,11.0,201,2.2,relative_20pct,relative,15.0,0.2,10.0,1.0,polarized,0.4154767705446721,0.09503064003536096,95.09503064003536,0.41547677054467186,0.9403363297621699,95.0,2,36,0,False,0.005617289668263143,False,work/cases/case_0125/duration_0p0950306400354.checkpoint.npz,46ee0506d033338457fd7e7420b19ef1f17e1a2b9dc1279d19962d0220cbc780
126,wave_pinning,12.0,201,1.5,fixed_10pct,physical,15.0,0.1,0.1,0.010000000000000002,polarized,0.41836003067082467,15.123615499670228,110.12361549967022,0.41836003067082467,0.9438976736874045,95.0,2,33,0,False,0.005617289668263235,False,work/cases/case_0126/duration_15p1236154997.checkpoint.npz,da5617cdbde9767fa623be522e3b822cdc13bad4b36448dbd1f45a951b56a744
127,wave_pinning,12.0,201,1.5,fixed_10pct,physical,15.0,0.1,0.25,0.025,polarized,0.41836003067082445,5.156873070812831,115.15687307081284,0.41836003067082395,0.9438976736874045,110.0,2,33,0,False,0.005617289668263166,False,work/cases/case_0127/duration_5p15687307081.checkpoint.npz,cb8f58abbff3c093e4f1aca11cb7c293f137143cd81061d951b5ec5da8c9190c
128,wave_pinning,12.0,201,1.5,fixed_10pct,physical,15.0,0.1,0.5,0.05,polarized,0.41836003067082456,2.4654908103656963,102.4654908103657,0.41836003067082433,0.9438976736874045,100.0,2,36,0,False,0.00561728966826308,False,work/cases/case_0128/duration_2p46549081037.checkpoint.npz,f1965ca81e2627122e52b53245f61b29ac65d2673e3a57414e54273b1beaa788
129,wave_pinning,12.0,201,1.5,fixed_10pct,physical,15.0,0.1,1.0,0.1,polarized,0.4183600306708249,1.205607875671445,126.20560787567145,0.41836003067082456,0.9438976736874045,125.0,2,33,0,False,0.0056172896682631125,False,work/cases/case_0129/duration_1p20560787567.checkpoint.npz,a5df66115bcf2afb5da7da7ca5b32812a13f41b2eaec6996da6b0c84a624609d
130,wave_pinning,12.0,201,1.5,fixed_10pct,physical,15.0,0.1,2.0,0.2,polarized,0.41836003067082483,0.5995812886061204,110.59958128860612,0.4183600306708247,0.9438976736874045,110.0,2,35,0,False,0.005617289668263154,False,work/cases/case_0130/duration_0p599581288606.checkpoint.npz,497b1bed5cac60390f5769bdcbd3931542b0493dd1a20ac773d48b838e3fe43a
131,wave_pinning,12.0,201,1.5,fixed_10pct,physical,15.0,0.1,4.0,0.4,polarized,0.4183600306708245,0.2998724041459764,110.29987240414597,0.41836003067082417,0.9438976736874043,110.0,2,34,0,False,0.0056172896682631385,False,work/cases/case_0131/duration_0p299872404146.checkpoint.npz,e1652bd45b6122d7256c02cd4d719f2dbe26855f2e009f204b767a8b21e00c10
132,wave_pinning,12.0,201,1.5,fixed_10pct,physical,15.0,0.1,10.0,1.0,polarized,0.41836003067082494,0.12039652341066329,115.12039652341066,0.41836003067082383,0.9438976736874043,115.0,2,37,0,False,0.005617289668263213,False,work/cases/case_0132/duration_0p120396523411.checkpoint.npz,5a97b616a1fa52e938dd47819767f0872bee49e55fb7b587e6761475c59b0032
133,wave_pinning,12.0,201,3.0,fixed_20pct,physical,15.0,0.2,0.1,0.010000000000000002,polarized,0.41836003067082467,8.806388016988105,123.80638801698811,0.4183600306708241,0.9438976736874045,115.0,2,35,0,False,0.005617289668263165,False,work/cases/case_0133/duration_8p80638801699.checkpoint.npz,9e31a2b82bf2cc1f9b017744e6b22c8028c4385a35e7bb39d619d26e6cd7c653
134,wave_pinning,12.0,201,3.0,fixed_20pct,physical,15.0,0.2,0.25,0.025,polarized,0.4183600306708249,3.267571988690739,108.26757198869073,0.41836003067082445,0.9438976736874041,105.0,2,34,0,False,0.00561728966826319,False,work/cases/case_0134/duration_3p26757198869.checkpoint.npz,1c2b627e3e7aad589fe91545906d0cb90f00e4c0cad94ba85853f4f35997ce22
135,wave_pinning,12.0,201,3.0,fixed_20pct,physical,15.0,0.2,0.5,0.05,polarized,0.4183600306708245,1.597819998892895,116.5978199988929,0.4183600306708245,0.9438976736874045,115.0,2,34,0,False,0.005617289668263171,False,work/cases/case_0135/duration_1p59781999889.checkpoint.npz,ee23e84d99b9e4836c9f41dfb3d3d8b18513046bd593640efa61baa860e30cc1
136,wave_pinning,12.0,201,3.0,fixed_20pct,physical,15.0,0.2,1.0,0.1,polarized,0.4183600306708246,0.7946389478944598,100.79463894789446,0.418360030670824,0.9438976736874043,100.0,2,34,0,False,0.005617289668263084,False,work/cases/case_0136/duration_0p794638947894.checkpoint.npz,7dd278f9570d80ba3a45b2a03c47622423aa6426862c58976738b86b31e46e0c
137,wave_pinning,12.0,201,3.0,fixed_20pct,physical,15.0,0.2,2.0,0.2,polarized,0.4183600306708246,0.3974278321578505,95.39742783215785,0.4183600306708244,0.943897673687405,95.0,2,34,0,False,0.005617289668263117,False,work/cases/case_0137/duration_0p397427832158.checkpoint.npz,62a45b76155c961124a769435e9637b8c290144f3d567779a4d1b0234c48b177
138,wave_pinning,12.0,201,3.0,fixed_20pct,physical,15.0,0.2,4.0,0.4,polarized,0.4183600306708252,0.19876810996013072,100.19876810996013,0.41836003067082433,0.9438976736874041,100.0,2,32,0,False,0.0056172896682632105,False,work/cases/case_0138/duration_0p19876810996.checkpoint.npz,e3d82c4405af1471fe10edeabbb9a2281bfc7ac11ae69b84dba3d11a94b2bc4a
139,wave_pinning,12.0,201,3.0,fixed_20pct,physical,15.0,0.2,10.0,1.0,polarized,0.4183600306708251,0.07980390683918581,95.07980390683919,0.41836003067082417,0.9438976736874045,95.0,2,33,0,False,0.005617289668263195,False,work/cases/case_0139/duration_0p0798039068392.checkpoint.npz,61c9039aaa3dd6cc6038a76cfba1cb0697a3ca9d86662367ec39a89c50921394
140,wave_pinning,12.0,201,2.4000000000000004,relative_20pct,relative,15.0,0.2,0.1,0.010000000000000002,polarized,0.4183600306708251,10.138149824736958,115.13814982473696,0.4183600306708251,0.9438976736874041,105.0,2,34,0,False,0.0056172896682631064,False,work/cases/case_0140/duration_10p1381498247.checkpoint.npz,037ba9af1e180c98ba03710f08f7345eae5b5ce2f009f4cc63e4614aed479f13
141,wave_pinning,12.0,201,2.4000000000000004,relative_20pct,relative,15.0,0.2,0.25,0.025,polarized,0.4183600306708249,3.698679889634824,98.69867988963482,0.41836003067082417,0.9438976736874043,95.0,2,34,0,False,0.005617289668263164,False,work/cases/case_0141/duration_3p69867988963.checkpoint.npz,a8f363dffbe81296193b228a62ac5f874040e6fdc840a363d2227293b66a678b
142,wave_pinning,12.0,201,2.4000000000000004,relative_20pct,relative,15.0,0.2,0.5,0.05,polarized,0.4183600306708244,1.798469175365756,101.79846917536575,0.4183600306708241,0.9438976736874043,100.0,2,34,0,False,0.005617289668263131,False,work/cases/case_0142/duration_1p79846917537.checkpoint.npz,69314b31e9a58125c0d91f7c22d2027ccd85ec12af70a8fa469a1c3903cd46f9
143,wave_pinning,12.0,201,2.4000000000000004,relative_20pct,relative,15.0,0.2,1.0,0.1,polarized,0.41836003067082445,0.8894029343808986,100.8894029343809,0.41836003067082445,0.9438976736874041,100.0,2,34,0,False,0.005617289668263167,False,work/cases/case_0143/duration_0p889402934381.checkpoint.npz,23f55c4be3b7dda42b84a53e378afa41f787e0c5915fd942766458b47c77e0c8
144,wave_pinning,12.0,201,2.4000000000000004,relative_20pct,relative,15.0,0.2,2.0,0.2,polarized,0.4183600306708249,0.44232404934246766,140.44232404934246,0.4183600306708249,0.9438976736874041,140.0,2,36,0,False,0.005617289668263238,False,work/cases/case_0144/duration_0p442324049342.checkpoint.npz,f2bc78d7a23284bffe2f72daedb2cf6e28c9bf00ad6806d4bd3466f1bc71c738
145,wave_pinning,12.0,201,2.4000000000000004,relative_20pct,relative,15.0,0.2,4.0,0.4,polarized,0.4183600306708248,0.2224720305093391,95.22247203050934,0.4183600306708248,0.9438976736874041,95.0,2,33,0,False,0.00561728966826315,False,work/cases/case_0145/duration_0p222472030509.checkpoint.npz,352c912d3af54f245ca08467c3acd39a361ce131b7efa9f4f6dba505fb7321d7
146,wave_pinning,12.0,201,2.4000000000000004,relative_20pct,relative,15.0,0.2,10.0,1.0,polarized,0.4183600306708247,0.08932085333332876,95.08932085333333,0.4183600306708244,0.9438976736874041,95.0,2,34,0,False,0.00561728966826325,False,work/cases/case_0146/duration_0p0893208533333.checkpoint.npz,1a2db87cef42aba32e46c8f9cf4fbb2686728e81016a4c95415f1e10ba64781c
147,wave_pinning,13.0,201,1.5,fixed_10pct,physical,15.0,0.1,0.1,0.010000000000000002,polarized,0.4206205010551015,14.870183260879982,124.87018326087998,0.4206205010551014,0.9461718276803313,110.0,2,36,0,False,0.005617289668263192,False,work/cases/case_0147/duration_14p8701832609.checkpoint.npz,87efa0769f535f0a0794da5781b5ad360c39f0c801a9055be2b5cb457ebd1ca6
148,wave_pinning,13.0,201,1.5,fixed_10pct,physical,15.0,0.1,0.25,0.025,polarized,0.42062050105510157,5.099100490850443,120.09910049085045,0.42062050105510124,0.9461718276803313,115.0,2,33,0,False,0.005617289668263347,False,work/cases/case_0148/duration_5p09910049085.checkpoint.npz,0c02fd0a26fa97394808d41ed34ae759d1c4a786001f57f2cd293815bc48ceea
149,wave_pinning,13.0,201,1.5,fixed_10pct,physical,15.0,0.1,0.5,0.05,polarized,0.4206205010551017,2.437869854210199,112.4378698542102,0.42062050105510135,0.9461718276803313,110.0,2,36,0,False,0.005617289668263244,False,work/cases/case_0149/duration_2p43786985421.checkpoint.npz,e5fc00f9a4659e44118f9dec23f2a8fcf7fb06c7fd202b8dc2c4903da9d111d2
150,wave_pinning,13.0,201,1.5,fixed_10pct,physical,15.0,0.1,1.0,0.1,polarized,0.42062050105510157,1.1988356270074592,101.19883562700745,0.42062050105510135,0.9461718276803313,100.0,2,34,0,False,0.005617289668263185,False,work/cases/case_0150/duration_1p19883562701.checkpoint.npz,bfbebb15925e43b0157383b645d13ece7feaa0c7c6ea806b6838e19664a01516
151,wave_pinning,13.0,201,1.5,fixed_10pct,physical,15.0,0.1,2.0,0.2,polarized,0.4206205010551016,0.5928641642045129,130.5928641642045,0.4206205010551007,0.9461718276803319,130.0,2,34,0,False,0.005617289668263223,False,work/cases/case_0151/duration_0p592864164205.checkpoint.npz,3b7d9dbca62ab382bebb49a0d5b83857e58676a90713341bf6d6a676e608f6bf
152,wave_pinning,13.0,201,1.5,fixed_10pct,physical,15.0,0.1,4.0,0.4,polarized,0.42062050105510157,0.29651292598757634,130.29651292598757,0.42062050105510135,0.9461718276803315,130.0,2,35,0,False,0.005617289668263162,False,work/cases/case_0152/duration_0p296512925988.checkpoint.npz,7d26ba937b85d33e8bde3dec644157627e2388dc5f3c9437644fbbc75ac54110
153,wave_pinning,13.0,201,1.5,fixed_10pct,physical,15.0,0.1,10.0,1.0,polarized,0.4206205010551016,0.11972022126361376,100.11972022126362,0.4206205010551014,0.9461718276803317,100.0,2,36,0,False,0.005617289668263155,False,work/cases/case_0153/duration_0p119720221264.checkpoint.npz,0b078f73c535d58c065e4a7527a2f77ddf990e9cd8717586a95e805432a1f37e
154,wave_pinning,13.0,201,3.0,fixed_20pct,physical,15.0,0.2,0.1,0.010000000000000002,polarized,0.4206205010551016,8.707729828410454,108.70772982841045,0.42062050105510135,0.9461718276803315,100.0,2,34,0,False,0.005617289668263182,False,work/cases/case_0154/duration_8p70772982841.checkpoint.npz,e10a50d4859002c67582635cc4cfdfeffd3ee653e3dd66483c3d2f98e09a4725
155,wave_pinning,13.0,201,3.0,fixed_20pct,physical,15.0,0.2,0.25,0.025,polarized,0.4206205010551015,3.2309652967269704,108.23096529672696,0.4206205010551014,0.9461718276803315,105.0,2,36,0,False,0.00561728966826315,False,work/cases/case_0155/duration_3p23096529673.checkpoint.npz,9d110f4c27f357b57bd5b60a27090c34e2af6cd9fa486ba3e4e5022850d18f18
156,wave_pinning,13.0,201,3.0,fixed_20pct,physical,15.0,0.2,0.5,0.05,polarized,0.42062050105510157,1.5799195808713604,111.57991958087136,0.42062050105510135,0.9461718276803313,110.0,2,35,0,False,0.00561728966826314,False,work/cases/case_0156/duration_1p57991958087.checkpoint.npz,2a5a80c41397e86e7806ef520678e9d0253b3099f2b89394b92fc79138a6fd80
157,wave_pinning,13.0,201,3.0,fixed_20pct,physical,15.0,0.2,1.0,0.1,polarized,0.42062050105510157,0.7857365875826856,105.78573658758269,0.4206205010551015,0.9461718276803315,105.0,2,36,0,False,0.005617289668263173,False,work/cases/case_0157/duration_0p785736587583.checkpoint.npz,aa836401397db3073b3b580fee481e4098669fb31ce13420b88f32e2025bbedd
158,wave_pinning,13.0,201,3.0,fixed_20pct,physical,15.0,0.2,2.0,0.2,polarized,0.42062050105510157,0.39076798119407036,160.39076798119407,0.42062050105510157,0.9461718276803315,160.0,2,37,0,False,0.0056172896682631845,False,work/cases/case_0158/duration_0p390767981194.checkpoint.npz,29dde45590603c9d812808ccc0b112b7da774cc5469bb624fee884996ed14d1e
159,wave_pinning,13.0,201,3.0,fixed_20pct,physical,15.0,0.2,4.0,0.4,polarized,0.42062050105510157,0.1965413057768673,100.19654130577686,0.42062050105510107,0.9461718276803313,100.0,2,34,0,False,0.005617289668263137,False,work/cases/case_0159/duration_0p196541305777.checkpoint.npz,7bfb02fdde84375900e10e58426cf4a11cfdf36d45ca0b4460f4b6266853cc68
160,wave_pinning,13.0,201,3.0,fixed_20pct,physical,15.0,0.2,10.0,1.0,polarized,0.42062050105510174,0.07846660209384207,125.07846660209384,0.42062050105510174,0.9461718276803308,125.0,2,36,0,False,0.0056172896682630865,False,work/cases/case_0160/duration_0p0784666020938.checkpoint.npz,c636a329a66b4b49b4dc10bcf4ba606f2f31395467c4b3292f8f359dd319be37
161,wave_pinning,13.0,201,2.6,relative_20pct,relative,15.0,0.2,0.1,0.010000000000000002,polarized,0.4206205010551015,9.475485661463967,114.47548566146396,0.4206205010551011,0.9461718276803313,105.0,2,35,0,False,0.005617289668263299,False,work/cases/case_0161/duration_9p47548566146.checkpoint.npz,dc86e449d572662c3408f3fe08dc349580e7e28f1c06baba899c3d69c9686e18
162,wave_pinning,13.0,201,2.6,relative_20pct,relative,15.0,0.2,0.25,0.025,polarized,0.42062050105510196,3.4764497411158564,113.47644974111586,0.4206205010551011,0.9461718276803315,110.0,2,33,0,False,0.005617289668263287,False,work/cases/case_0162/duration_3p47644974112.checkpoint.npz,b744b925c00b74884dcb37eb09ff6b2980cc0c064ee23e6f6a0341c0ae03c4fe
163,wave_pinning,13.0,201,2.6,relative_20pct,relative,15.0,0.2,0.5,0.05,polarized,0.42062050105510157,1.6999597685150418,106.69995976851504,0.42062050105510135,0.9461718276803313,105.0,2,36,0,False,0.005617289668263244,False,work/cases/case_0163/duration_1p69995976852.checkpoint.npz,82e5475914b4e75e314c418e376f0cacc8ecdecb8aa2ba647650125479bdb496
164,wave_pinning,13.0,201,2.6,relative_20pct,relative,15.0,0.2,1.0,0.1,polarized,0.4206205010551018,0.8406867502409459,115.84068675024095,0.4206205010551014,0.9461718276803315,115.0,2,36,0,False,0.005617289668263069,False,work/cases/case_0164/duration_0p840686750241.checkpoint.npz,500905495ae5c10acd013ca99681ad1b77d0ea6ff6b28e01b936c7df2bfdafd1
165,wave_pinning,13.0,201,2.6,relative_20pct,relative,15.0,0.2,2.0,0.2,polarized,0.4206205010551016,0.42045801248149073,105.42045801248149,0.42062050105510124,0.9461718276803313,105.0,2,36,0,False,0.00561728966826321,False,work/cases/case_0165/duration_0p420458012481.checkpoint.npz,d507cf90b9ad2cfd2461ce486f31621db2c0e537e1feb05d9db2a4931dee1939
166,wave_pinning,13.0,201,2.6,relative_20pct,relative,15.0,0.2,4.0,0.4,polarized,0.42062050105510224,0.21028634055338422,110.21028634055338,0.42062050105510224,0.9461718276803308,110.0,2,36,0,False,0.005617289668263225,False,work/cases/case_0166/duration_0p210286340553.checkpoint.npz,df38235f3546d1c45a2d6c266e26f0f8597ce30ef5e6833b76d434b3a3d4aa2c
167,wave_pinning,13.0,201,2.6,relative_20pct,relative,15.0,0.2,10.0,1.0,polarized,0.42062050105510174,0.08442839011973134,105.08442839011973,0.4206205010551017,0.946171827680331,105.0,2,35,0,False,0.005617289668263176,False,work/cases/case_0167/duration_0p0844283901197.checkpoint.npz,8d71986e404e3ac462dd9c8d60c0d994050d9a3f74494817ce92c89e7805739d
168,wave_pinning,15.0,201,1.5,fixed_10pct,physical,15.0,0.1,0.1,0.010000000000000002,polarized,0.4238831453001444,14.620997883540268,119.62099788354027,0.423883145300144,0.9485520092645032,105.0,2,36,0,False,0.005617289668263106,False,work/cases/case_0168/duration_14p6209978835.checkpoint.npz,edbb6f44116859be716369636e92b63bb93e6463b02b46bd8b457af26caf470b
169,wave_pinning,15.0,201,1.5,fixed_10pct,physical,15.0,0.1,0.25,0.025,polarized,0.4238831453001445,5.041975138568409,110.0419751385684,0.4238831453001426,0.948552009264504,105.0,2,36,0,False,0.005617289668263137,False,work/cases/case_0169/duration_5p04197513857.checkpoint.npz,c6b29486b64163a0641e2cbea7c9dc4db64f28a18514b6ae3d9a0546f3d67c38
170,wave_pinning,15.0,201,1.5,fixed_10pct,physical,15.0,0.1,0.5,0.05,polarized,0.42388314530014426,2.4105583363278993,112.4105583363279,0.42388314530014426,0.9485520092645032,110.0,2,36,0,False,0.005617289668263258,False,work/cases/case_0170/duration_2p41055833633.checkpoint.npz,f1afd66c126eccfd61d1b8bc0644dd9bd9ab9f244a67eceea6e7c196524dad87
171,wave_pinning,15.0,201,1.5,fixed_10pct,physical,15.0,0.1,1.0,0.1,polarized,0.42388314530014437,1.1787462775459738,121.17874627754597,0.4238831453001439,0.948552009264503,120.0,2,33,0,False,0.005617289668263152,False,work/cases/case_0171/duration_1p17874627755.checkpoint.npz,f312df8fc5b08d4967732b079e768bacb70b67162593ab36904f0fa85160710c
172,wave_pinning,15.0,201,1.5,fixed_10pct,physical,15.0,0.1,2.0,0.2,polarized,0.42388314530014437,0.5862222919181467,115.58622229191815,0.4238831453001441,0.9485520092645032,115.0,2,34,0,False,0.005617289668263066,False,work/cases/case_0172/duration_0p586222291918.checkpoint.npz,31f5147285587a174aaec216edae4d36a73eeebe76abd1af1bb33110ddcb9f3d
173,wave_pinning,15.0,201,1.5,fixed_10pct,physical,15.0,0.1,4.0,0.4,polarized,0.4238831453001444,0.2931910841482931,115.29319108414829,0.42388314530014404,0.9485520092645032,115.0,2,33,0,False,0.005617289668263093,False,work/cases/case_0173/duration_0p293191084148.checkpoint.npz,2f44d8f48a96e1dee89cab52f60304ad65cb89fee7e220677aa255da702c26c5
174,wave_pinning,15.0,201,1.5,fixed_10pct,physical,15.0,0.1,10.0,1.0,polarized,0.4238831453001445,0.11771402349271942,120.11771402349272,0.4238831453001441,0.9485520092645032,120.0,2,36,0,False,0.0056172896682632235,False,work/cases/case_0174/duration_0p117714023493.checkpoint.npz,4c232b4949b51cd5eb76c5381a3023399579337fd45cf3775fa5365b2a22ccc3
175,wave_pinning,15.0,201,3.0,fixed_20pct,physical,15.0,0.2,0.1,0.010000000000000002,polarized,0.42388314530014437,8.513716879460803,123.5137168794608,0.4238831453001443,0.9485520092645032,115.0,2,34,0,False,0.0056172896682632366,False,work/cases/case_0175/duration_8p51371687946.checkpoint.npz,a5a1ca1eb4fb442da2ce323b28cf2923461aab689b4ffeb218fbb84f532ebe42
176,wave_pinning,15.0,201,3.0,fixed_20pct,physical,15.0,0.2,0.25,0.025,polarized,0.4238831453001444,3.176822769193064,113.17682276919307,0.4238831453001442,0.948552009264503,110.0,2,34,0,False,0.005617289668263213,False,work/cases/case_0176/duration_3p17682276919.checkpoint.npz,aa7e5f6e3dca94e4df0a9df10907b99ab362c289f98d7183fc56694116ae6faf
177,wave_pinning,15.0,201,3.0,fixed_20pct,physical,15.0,0.2,0.5,0.05,polarized,0.42388314530014504,1.553444261097626,121.55344426109762,0.42388314530014504,0.9485520092645023,120.0,2,34,0,False,0.00561728966826312,False,work/cases/case_0177/duration_1p5534442611.checkpoint.npz,8c379ba8bd688dbfe11a98d6cb544eaa30c22b93e4e03e8efa3a2be22f59feed
178,wave_pinning,15.0,201,3.0,fixed_20pct,physical,15.0,0.2,1.0,0.1,polarized,0.42388314530014426,0.7725696975295214,115.77256969752952,0.423883145300144,0.9485520092645032,115.0,2,35,0,False,0.005617289668263237,False,work/cases/case_0178/duration_0p77256969753.checkpoint.npz,155b88fc5762cc1e0de1b524d6377499598f14048b10b668c0e17085a7f943c8
179,wave_pinning,15.0,201,3.0,fixed_20pct,physical,15.0,0.2,2.0,0.2,polarized,0.4238831453001444,0.386390197577861,110.38639019757787,0.4238831453001442,0.9485520092645032,110.0,2,34,0,False,0.00561728966826322,False,work/cases/case_0179/duration_0p386390197578.checkpoint.npz,3342c0ae0231653617f674196920c553e0006c0a1b340d3ace84df30a0c2a495
180,wave_pinning,15.0,201,3.0,fixed_20pct,physical,15.0,0.2,4.0,0.4,polarized,0.4238831453001444,0.19324778756100972,110.193247787561,0.4238831453001439,0.9485520092645032,110.0,2,37,0,False,0.0056172896682630665,False,work/cases/case_0180/duration_0p193247787561.checkpoint.npz,7048d65169eb7c1bdbe74d340c6bac53684002bf1c025e47f22c577e9b90b77a
181,wave_pinning,15.0,201,3.0,fixed_20pct,physical,15.0,0.2,10.0,1.0,polarized,0.4238831453001443,0.07715170707820646,135.0771517070782,0.423883145300144,0.948552009264503,135.0,2,37,0,False,0.005617289668263192,False,work/cases/case_0181/duration_0p0771517070782.checkpoint.npz,57af2e9469697bfccb7ad0790244fc9069e61574654d6bcc90311eac4e611b12
182,wave_pinning,15.0,201,3.0,relative_20pct,relative,15.0,0.2,0.1,0.010000000000000002,polarized,0.42388314530014437,8.513716879460803,123.5137168794608,0.4238831453001443,0.9485520092645032,115.0,2,34,0,False,0.0056172896682632366,False,work/cases/case_0182/duration_8p51371687946.checkpoint.npz,a5a1ca1eb4fb442da2ce323b28cf2923461aab689b4ffeb218fbb84f532ebe42
183,wave_pinning,15.0,201,3.0,relative_20pct,relative,15.0,0.2,0.25,0.025,polarized,0.4238831453001444,3.176822769193064,113.17682276919307,0.4238831453001442,0.948552009264503,110.0,2,34,0,False,0.005617289668263213,False,work/cases/case_0183/duration_3p17682276919.checkpoint.npz,aa7e5f6e3dca94e4df0a9df10907b99ab362c289f98d7183fc56694116ae6faf
184,wave_pinning,15.0,201,3.0,relative_20pct,relative,15.0,0.2,0.5,0.05,polarized,0.42388314530014504,1.553444261097626,121.55344426109762,0.42388314530014504,0.9485520092645023,120.0,2,34,0,False,0.00561728966826312,False,work/cases/case_0184/duration_1p5534442611.checkpoint.npz,8c379ba8bd688dbfe11a98d6cb544eaa30c22b93e4e03e8efa3a2be22f59feed
185,wave_pinning,15.0,201,3.0,relative_20pct,relative,15.0,0.2,1.0,0.1,polarized,0.42388314530014426,0.7725696975295214,115.77256969752952,0.423883145300144,0.9485520092645032,115.0,2,35,0,False,0.005617289668263237,False,work/cases/case_0185/duration_0p77256969753.checkpoint.npz,155b88fc5762cc1e0de1b524d6377499598f14048b10b668c0e17085a7f943c8
186,wave_pinning,15.0,201,3.0,relative_20pct,relative,15.0,0.2,2.0,0.2,polarized,0.4238831453001444,0.386390197577861,110.38639019757787,0.4238831453001442,0.9485520092645032,110.0,2,34,0,False,0.00561728966826322,False,work/cases/case_0186/duration_0p386390197578.checkpoint.npz,3342c0ae0231653617f674196920c553e0006c0a1b340d3ace84df30a0c2a495
187,wave_pinning,15.0,201,3.0,relative_20pct,relative,15.0,0.2,4.0,0.4,polarized,0.4238831453001444,0.19324778756100972,110.193247787561,0.4238831453001439,0.9485520092645032,110.0,2,37,0,False,0.0056172896682630665,False,work/cases/case_0187/duration_0p193247787561.checkpoint.npz,7048d65169eb7c1bdbe74d340c6bac53684002bf1c025e47f22c577e9b90b77a
188,wave_pinning,15.0,201,3.0,relative_20pct,relative,15.0,0.2,10.0,1.0,polarized,0.4238831453001443,0.07715170707820646,135.0771517070782,0.423883145300144,0.948552009264503,135.0,2,37,0,False,0.005617289668263192,False,work/cases/case_0188/duration_0p0771517070782.checkpoint.npz,57af2e9469697bfccb7ad0790244fc9069e61574654d6bcc90311eac4e611b12
189,wave_pinning,17.0,201,1.5,fixed_10pct,physical,15.0,0.1,0.1,0.010000000000000002,polarized,0.4260750186921009,14.37598820136117,154.37598820136117,0.42607501869209946,0.949523067338697,140.0,2,36,0,False,0.005617289668263185,False,work/cases/case_0189/duration_14p3759882014.checkpoint.npz,921770fee59860483642cda31c4880d2426654351f3dfe1729d1ff7b03809691
190,wave_pinning,17.0,201,1.5,fixed_10pct,physical,15.0,0.1,0.25,0.025,polarized,0.4260750186921031,4.9854897630585935,124.9854897630586,0.4260750186920995,0.949523067338697,120.0,2,35,0,False,0.005617289668263127,False,work/cases/case_0190/duration_4p98548976306.checkpoint.npz,e0c09cdd6db167759fd853e002f81520acc2e9ea1cb81aa1ce26cc7fcadfb950
191,wave_pinning,17.0,201,1.5,fixed_10pct,physical,15.0,0.1,0.5,0.05,polarized,0.426075018692104,2.3835527900739644,127.38355279007396,0.426075018692104,0.9495230673386958,125.0,2,35,0,False,0.005617289668263208,False,work/cases/case_0191/duration_2p38355279007.checkpoint.npz,8d5e00a368faa28c781d3dd1306a96d2416af5e771eec451b97381d561255889
192,wave_pinning,17.0,201,1.5,fixed_10pct,physical,15.0,0.1,1.0,0.1,polarized,0.4260750186921005,1.1721249182596112,121.17212491825961,0.42607501869209996,0.949523067338697,120.0,2,36,0,False,0.0056172896682630995,False,work/cases/case_0192/duration_1p17212491826.checkpoint.npz,d71470186e16d0c668d38d4828dc157c014f26acd6a37a5d0eefc6e5b2140b97
193,wave_pinning,17.0,201,1.5,fixed_10pct,physical,15.0,0.1,2.0,0.2,polarized,0.42607501869210096,0.5829293114944494,115.58292931149445,0.4260750186921004,0.949523067338697,115.0,2,36,0,False,0.005617289668263121,False,work/cases/case_0193/duration_0p582929311494.checkpoint.npz,aa0167e8b870ebb022f99096509306995e59ba2e8d8e474945ac3860d0728e95
194,wave_pinning,17.0,201,1.5,fixed_10pct,physical,15.0,0.1,4.0,0.4,polarized,0.42607501869210046,0.29154414490048003,115.29154414490048,0.4260750186921001,0.949523067338697,115.0,2,35,0,False,0.005617289668263301,False,work/cases/case_0194/duration_0p2915441449.checkpoint.npz,b7613175864e942195e49031d9337f7af0eafc5a694f99844a7d33226981f189
195,wave_pinning,17.0,201,1.5,fixed_10pct,physical,15.0,0.1,10.0,1.0,polarized,0.4260750186921084,0.11705278972474407,120.11705278972474,0.4260750186921084,0.9495230673386954,120.0,2,35,0,False,0.005617289668263091,False,work/cases/case_0195/duration_0p117052789725.checkpoint.npz,d8e3348ed8213c8962908eb064e42f480437ac4d56518f37c332827b1b9a6d0f
196,wave_pinning,17.0,201,3.0,fixed_20pct,physical,15.0,0.2,0.1,0.010000000000000002,polarized,0.4260750186921006,8.418337493068758,128.41833749306875,0.42607501869209946,0.9495230673386972,120.0,2,34,0,False,0.005617289668263214,False,work/cases/case_0196/duration_8p41833749307.checkpoint.npz,ea2b1aceeceda6b05ef87ead5983a3ab69a14e4c595cf5ccc3b45bf4950ec028
197,wave_pinning,17.0,201,3.0,fixed_20pct,physical,15.0,0.2,0.25,0.025,polarized,0.42607501869210407,3.141232743039751,123.14123274303975,0.4260750186920988,0.9495230673386972,120.0,2,37,0,False,0.005617289668263173,False,work/cases/case_0197/duration_3p14123274304.checkpoint.npz,0177a5629717e59558faa87422aaa24a7174e187271ac1b20a35142380945829
198,wave_pinning,17.0,201,3.0,fixed_20pct,physical,15.0,0.2,0.5,0.05,polarized,0.4260750186921005,1.536040985593459,136.53604098559344,0.42607501869209574,0.9495230673386981,135.0,2,37,0,False,0.005617289668263064,False,work/cases/case_0198/duration_1p53604098559.checkpoint.npz,f159ecb6c9936987ed7c469f6bd075331d5a4f2dc4141bc54c76dd1412dc0767
199,wave_pinning,17.0,201,3.0,fixed_20pct,physical,15.0,0.2,1.0,0.1,polarized,0.4260750186921088,0.763914579589997,125.76391457959,0.4260750186921088,0.9495230673386952,125.0,2,34,0,False,0.005617289668263144,False,work/cases/case_0199/duration_0p76391457959.checkpoint.npz,988d9e5d8b55412fd3544d269303c99b4490e4a47012d1f1ad69e02716083bf7
200,wave_pinning,17.0,201,3.0,fixed_20pct,physical,15.0,0.2,2.0,0.2,polarized,0.4260750186921005,0.38206145838267047,120.38206145838267,0.4260750186921003,0.949523067338697,120.0,2,33,0,False,0.005617289668263159,False,work/cases/case_0200/duration_0p382061458383.checkpoint.npz,023b03a6a3c7be5370eac2fb12d9655bf4460a772d0ff71a218c1270107eb645
201,wave_pinning,17.0,201,3.0,fixed_20pct,physical,15.0,0.2,4.0,0.4,polarized,0.4260750186921006,0.19108282768976292,125.19108282768977,0.4260750186921001,0.949523067338697,125.0,2,36,0,False,0.005617289668263207,False,work/cases/case_0201/duration_0p19108282769.checkpoint.npz,493a2ea56ee25ae7f1381bcf64b36623bb6cc443c28dec5af77efbf901b0d192
202,wave_pinning,17.0,201,3.0,fixed_20pct,physical,15.0,0.2,10.0,1.0,polarized,0.4260750186921004,0.07671832359114718,120.07671832359115,0.4260750186920924,0.9495230673386986,120.0,2,36,0,False,0.005617289668263125,False,work/cases/case_0202/duration_0p0767183235911.checkpoint.npz,ac69a4e03cfb690af008730ad3c449b9362301495419e32b1db56cedba901fc8
203,wave_pinning,17.0,201,3.4000000000000004,relative_20pct,relative,15.0,0.2,0.1,0.010000000000000002,polarized,0.4260750186921031,7.868086148648643,132.86808614864864,0.4260750186921031,0.9495230673386956,125.0,2,32,0,False,0.005617289668263169,False,work/cases/case_0203/duration_7p86808614865.checkpoint.npz,36ecab3fb28b59b1774f9c9713ba682c2512e8c1347bec004db545a381ba1b49
204,wave_pinning,17.0,201,3.4000000000000004,relative_20pct,relative,15.0,0.2,0.25,0.025,polarized,0.42607501869210074,2.9524960478273163,147.9524960478273,0.42607501869209896,0.9495230673386968,145.0,2,34,0,False,0.005617289668263219,False,work/cases/case_0204/duration_2p95249604783.checkpoint.npz,42d780f413b6623e129fa4a9500c884942df8fbffd7eb2549a76c6a289ac97d9
205,wave_pinning,17.0,201,3.4000000000000004,relative_20pct,relative,15.0,0.2,0.5,0.05,polarized,0.42607501869210046,1.4519058286156223,141.45190582861562,0.42607501869209896,0.9495230673386972,140.0,2,36,0,False,0.005617289668263173,False,work/cases/case_0205/duration_1p45190582862.checkpoint.npz,703f625271845b5de13c7f9a6011e1ce55e8f5fe8460bbfddd9708fee5f6c987
206,wave_pinning,17.0,201,3.4000000000000004,relative_20pct,relative,15.0,0.2,1.0,0.1,polarized,0.42607501869210074,0.7220718985194587,135.72207189851946,0.4260750186920982,0.9495230673386972,135.0,2,33,0,False,0.0056172896682630934,False,work/cases/case_0206/duration_0p722071898519.checkpoint.npz,99acc071bbb9d1ea7ec5012170046e57f7eb144bd78464b7a2d32aecbb4cdcfd
207,wave_pinning,17.0,201,3.4000000000000004,relative_20pct,relative,15.0,0.2,2.0,0.2,polarized,0.42607501869210046,0.36113441211392283,130.36113441211393,0.42607501869210024,0.9495230673386971,130.0,2,37,0,False,0.005617289668263275,False,work/cases/case_0207/duration_0p361134412114.checkpoint.npz,0493889594d79a656d038927ac7a626259ec99f26700b0a9cc45efc6837cf6b3
208,wave_pinning,17.0,201,3.4000000000000004,relative_20pct,relative,15.0,0.2,4.0,0.4,polarized,0.4260750186921005,0.18061645091060702,130.1806164509106,0.4260750186920999,0.949523067338697,130.0,2,36,0,False,0.005617289668263118,False,work/cases/case_0208/duration_0p180616450911.checkpoint.npz,fcb7d42114b6948e1c8884aec4163faf04c9bed5e56141d11d5e3be598bbaa71
209,wave_pinning,17.0,201,3.4000000000000004,relative_20pct,relative,15.0,0.2,10.0,1.0,polarized,0.42607501869210307,0.07251615173573682,120.07251615173574,0.42607501869210307,0.9495230673386963,120.0,2,34,0,False,0.0056172896682631715,False,work/cases/case_0209/duration_0p0725161517357.checkpoint.npz,b586da46998dbaf30c2cd3d2881de976fcc78a8ebf57617226fdb2c458deedfd
210,wave_pinning,18.0,201,1.5,fixed_10pct,physical,15.0,0.1,0.1,0.010000000000000002,polarized,0.42690915618469244,14.37598820136117,134.37598820136117,0.4269091561846909,0.9497648420991044,120.0,2,33,0,False,0.005617289668263185,False,work/cases/case_0210/duration_14p3759882014.checkpoint.npz,580957f99ea83b83ea05c64b63944b8c16007041bc3b3ab572bb20383aa6be33
211,wave_pinning,18.0,201,1.5,fixed_10pct,physical,15.0,0.1,0.25,0.025,polarized,0.4269091561846915,4.957484822921333,149.95748482292134,0.4269091561846915,0.9497648420991043,145.0,2,35,0,False,0.005617289668263141,False,work/cases/case_0211/duration_4p95748482292.checkpoint.npz,d97aaf12ea9617f6e9534f47e30f35a2e30fae264242c66786b3ee73983f4980
212,wave_pinning,18.0,201,1.5,fixed_10pct,physical,15.0,0.1,0.5,0.05,polarized,0.42690915618469155,2.3835527900739644,122.38355279007396,0.4269091561846911,0.9497648420991044,120.0,2,35,0,False,0.005617289668263208,False,work/cases/case_0212/duration_2p38355279007.checkpoint.npz,fb983564c0c02992f010a72a37f499be6fa79fb90c1d69270aa79137da5ccf20
213,wave_pinning,18.0,201,1.5,fixed_10pct,physical,15.0,0.1,1.0,0.1,polarized,0.42690915618469155,1.1655407530663577,136.16554075306635,0.426909156184691,0.9497648420991047,135.0,2,35,0,False,0.005617289668263356,False,work/cases/case_0213/duration_1p16554075307.checkpoint.npz,47aab630c5ddbc24884b7695ac895264d9066fc898b5a4cc0f1d844e45ef26c1
214,wave_pinning,18.0,201,1.5,fixed_10pct,physical,15.0,0.1,2.0,0.2,polarized,0.4269091561846917,0.5796548286956639,130.57965482869565,0.42690915618468905,0.9497648420991052,130.0,2,35,0,False,0.005617289668263133,False,work/cases/case_0214/duration_0p579654828696.checkpoint.npz,fa3a4d69127e97f4f4b6c3d5362165c2785312aead656aa3c753479641a665a2
215,wave_pinning,18.0,201,1.5,fixed_10pct,physical,15.0,0.1,4.0,0.4,polarized,0.4269091561846966,0.2899064569874879,130.2899064569875,0.4269091561846966,0.9497648420991035,130.0,2,34,0,False,0.005617289668263199,False,work/cases/case_0215/duration_0p289906456987.checkpoint.npz,65170fb8002333ea270a3be901fd1d86bbf11ce1bed09f705f29dd1fb318ca30
216,wave_pinning,18.0,201,1.5,fixed_10pct,physical,15.0,0.1,10.0,1.0,polarized,0.4269091561846917,0.1163952702983819,135.11639527029837,0.4269091561846909,0.9497648420991045,135.0,2,37,0,False,0.005617289668263197,False,work/cases/case_0216/duration_0p116395270298.checkpoint.npz,47ee29fcfec08c201258ee28451497295c7fa94a63b7082967b740e63de640f6
217,wave_pinning,18.0,201,3.0,fixed_20pct,physical,15.0,0.2,0.1,0.010000000000000002,polarized,0.42690915618469144,8.37104925284499,138.37104925284498,0.4269091561846891,0.949764842099105,130.0,2,34,0,False,0.0056172896682631715,False,work/cases/case_0217/duration_8p37104925284.checkpoint.npz,0adb2cd86f5ac7cf8efb30f5eb18e9a4463eb9eee8b2f9e8c82a9b02a01676ab
218,wave_pinning,18.0,201,3.0,fixed_20pct,physical,15.0,0.2,0.25,0.025,polarized,0.4269091561846916,3.123587528806664,138.12358752880667,0.4269091561846913,0.949764842099105,135.0,2,35,0,False,0.005617289668263197,False,work/cases/case_0218/duration_3p12358752881.checkpoint.npz,91eb95affb2b4e1e0aa51221549e5e0be8a11e949449c3284d3f5953cf752990
219,wave_pinning,18.0,201,3.0,fixed_20pct,physical,15.0,0.2,0.5,0.05,polarized,0.4269091561846916,1.536040985593459,126.53604098559346,0.4269091561846914,0.9497648420991045,125.0,2,35,0,False,0.005617289668263064,False,work/cases/case_0219/duration_1p53604098559.checkpoint.npz,996c1dd8226f5650df8d70638b0d60281ad337735773273d55a5d5a11fb0a591
220,wave_pinning,18.0,201,3.0,fixed_20pct,physical,15.0,0.2,1.0,0.1,polarized,0.4269091561846916,0.7596234501146305,150.75962345011462,0.4269091561846915,0.9497648420991047,150.0,2,37,0,False,0.005617289668263234,False,work/cases/case_0220/duration_0p759623450115.checkpoint.npz,60262388e061a73aac403dc7cef93dc930ab15845c6af72e393d74a9112cd1b0
221,wave_pinning,18.0,201,3.0,fixed_20pct,physical,15.0,0.2,2.0,0.2,polarized,0.42690915618469166,0.37991530849985594,135.37991530849985,0.42690915618469166,0.9497648420991047,135.0,2,35,0,False,0.005617289668263176,False,work/cases/case_0221/duration_0p3799153085.checkpoint.npz,e82eaafb01e8bd1ed93cc14ac7150350490513a6364ee737fcbef2e3f9b66a65
222,wave_pinning,18.0,201,3.0,fixed_20pct,physical,15.0,0.2,4.0,0.4,polarized,0.42690915618469166,0.1900094600959987,140.190009460096,0.42690915618469116,0.949764842099105,140.0,2,34,0,False,0.0056172896682632235,False,work/cases/case_0222/duration_0p190009460096.checkpoint.npz,31df09d8285e2a0b75bddd004191874260ee213dbcf108e20f1a6b8d289025aa
223,wave_pinning,18.0,201,3.0,fixed_20pct,physical,15.0,0.2,10.0,1.0,polarized,0.42690915618469166,0.07628737454467216,130.07628737454468,0.42690915618469066,0.9497648420991047,130.0,2,37,0,False,0.005617289668263263,False,work/cases/case_0223/duration_0p0762873745447.checkpoint.npz,9587b6b8376b6554575df324474db3169163fde0e221d6f9161c59a1b91a7054
224,wave_pinning,18.0,201,3.6,relative_20pct,relative,15.0,0.2,0.1,0.010000000000000002,polarized,0.42690915618469727,7.606598496861597,167.6065984968616,0.42690915618469727,0.9497648420991041,160.0,2,35,0,False,0.005617289668263156,False,work/cases/case_0224/duration_7p60659849686.checkpoint.npz,5fb5129dbeda727dd5dab4ed3431798c142142980cd9e11166cc20d2304b2785
225,wave_pinning,18.0,201,3.6,relative_20pct,relative,15.0,0.2,0.25,0.025,polarized,0.4269091561846915,2.870497330480723,157.87049733048073,0.426909156184691,0.9497648420991045,155.0,2,37,0,False,0.005617289668263158,False,work/cases/case_0225/duration_2p87049733048.checkpoint.npz,39e2967862f22c1b091cbbffed72f1276493237c4a5f7f23dd4eacb51b6a63b4
226,wave_pinning,18.0,201,3.6,relative_20pct,relative,15.0,0.2,0.5,0.05,polarized,0.4269091561846917,1.4195565783566348,126.41955657835663,0.42690915618469144,0.949764842099105,125.0,2,35,0,False,0.005617289668263224,False,work/cases/case_0226/duration_1p41955657836.checkpoint.npz,e0a61d37cb5bd26d46eff030bbf1dfbe647299959817a437c1b80df344ca62e6
227,wave_pinning,18.0,201,3.6,relative_20pct,relative,15.0,0.2,1.0,0.1,polarized,0.4269091561846916,0.7059837445291546,125.70598374452915,0.42690915618468994,0.9497648420991048,125.0,2,36,0,False,0.00561728966826319,False,work/cases/case_0227/duration_0p705983744529.checkpoint.npz,f8cd4aebf2bc28d8200312acb67a0feb257dde7c8c80304bb5a86c898da289e1
228,wave_pinning,18.0,201,3.6,relative_20pct,relative,15.0,0.2,2.0,0.2,polarized,0.4269091561846917,0.3511047429447298,150.35110474294473,0.4269091561846909,0.9497648420991047,150.0,2,34,0,False,0.005617289668263179,False,work/cases/case_0228/duration_0p351104742945.checkpoint.npz,9ac416e6db64a85ae1aca422e21aa4ef91c208db161272ff092bd0664937de0b
229,wave_pinning,18.0,201,3.6,relative_20pct,relative,15.0,0.2,4.0,0.4,polarized,0.42690915618469144,0.17560024866462523,165.17560024866464,0.42690915618468994,0.9497648420991051,165.0,2,35,0,False,0.005617289668263118,False,work/cases/case_0229/duration_0p175600248665.checkpoint.npz,8a23ade289fa93d0a967e70e422346ddee0bd4850a2e743b9fad17b576f9f2ed
230,wave_pinning,18.0,201,3.6,relative_20pct,relative,15.0,0.2,10.0,1.0,polarized,0.4269091561846916,0.07050218411887343,135.07050218411888,0.4269091561846909,0.9497648420991051,135.0,2,36,0,False,0.0056172896682631195,False,work/cases/case_0230/duration_0p0705021841189.checkpoint.npz,6264d202fcee23fae6365fbeeafd4a4c7fecafb0089af1b66df13d35e9a48c13
231,wave_pinning,19.0,201,1.5,fixed_10pct,physical,15.0,0.1,0.1,0.010000000000000002,polarized,0.42761563244815926,14.295234111366591,144.2952341113666,0.42761563244815853,0.9499192911557397,130.0,2,35,0,False,0.005617289668263124,False,work/cases/case_0231/duration_14p2952341114.checkpoint.npz,71b7fb183e1bd555f6aaf6e03d41f5c9206efd115ef6979ffd59040048d61186
232,wave_pinning,19.0,201,1.5,fixed_10pct,physical,15.0,0.1,0.25,0.025,polarized,0.4276156324481591,4.957484822921333,134.95748482292134,0.42761563244815887,0.9499192911557394,130.0,2,34,0,False,0.005617289668263141,False,work/cases/case_0232/duration_4p95748482292.checkpoint.npz,d70b7064537fc927b94a5e73e5ffd7d876e6c0d894561ab54d59f5faf3fe1e34
233,wave_pinning,19.0,201,1.5,fixed_10pct,physical,15.0,0.1,0.5,0.05,polarized,0.4276156324481592,2.370163683612522,142.37016368361253,0.42761563244815887,0.9499192911557394,140.0,2,35,0,False,0.005617289668263141,False,work/cases/case_0233/duration_2p37016368361.checkpoint.npz,4cb341d0c08d22981976a66674d792f202ededa143a4c671ad92f97a42cf96aa
234,wave_pinning,19.0,201,1.5,fixed_10pct,physical,15.0,0.1,1.0,0.1,polarized,0.42761563244815914,1.1655407530663577,131.16554075306635,0.42761563244815914,0.9499192911557396,130.0,2,37,0,False,0.005617289668263356,False,work/cases/case_0234/duration_1p16554075307.checkpoint.npz,96ad5e1012d9fc1175b7fd28d7972e3d6daf32f193dbbda63672218a7aa975b0
235,wave_pinning,19.0,201,1.5,fixed_10pct,physical,15.0,0.1,2.0,0.2,polarized,0.42761563244815953,0.5796548286956639,125.57965482869567,0.4276156324481578,0.9499192911557394,125.0,2,35,0,False,0.005617289668263133,False,work/cases/case_0235/duration_0p579654828696.checkpoint.npz,6b689c1cea9b0626279e40ba53fe7f69c194ca99d10bbd61a73c49f5b8b33108
236,wave_pinning,19.0,201,1.5,fixed_10pct,physical,15.0,0.1,4.0,0.4,polarized,0.4276156324481591,0.2899064569874879,125.28990645698748,0.4276156324481584,0.9499192911557394,125.0,2,35,0,False,0.005617289668263199,False,work/cases/case_0236/duration_0p289906456987.checkpoint.npz,4046b21984ff5f53fe4ff32c178c3c9179867b1c2ba5d36303cc3543e15daf25
237,wave_pinning,19.0,201,1.5,fixed_10pct,physical,15.0,0.1,10.0,1.0,polarized,0.42761563244815914,0.1163952702983819,130.11639527029837,0.42761563244815903,0.9499192911557395,130.0,2,36,0,False,0.005617289668263197,False,work/cases/case_0237/duration_0p116395270298.checkpoint.npz,63e1d408c99d2c23aa382ed1e791e748f69d199e68b2b26aee5e7bbc604d6174
238,wave_pinning,19.0,201,3.0,fixed_20pct,physical,15.0,0.2,0.1,0.010000000000000002,polarized,0.4276156324481593,8.324026644364462,163.32402664436447,0.42761563244815753,0.9499192911557394,155.0,2,36,0,False,0.005617289668263222,False,work/cases/case_0238/duration_8p32402664436.checkpoint.npz,7f2ec2699fb6b5521df6bc086a40eed72bbcecd264546de76b412b5da2a3657f
239,wave_pinning,19.0,201,3.0,fixed_20pct,physical,15.0,0.2,0.25,0.025,polarized,0.4276156324481598,3.123587528806664,128.12358752880667,0.4276156324481598,0.9499192911557395,125.0,2,37,0,False,0.005617289668263197,False,work/cases/case_0239/duration_3p12358752881.checkpoint.npz,c48f71f89deb2ef6ddd9a80b497e6779afdccf4606097d449fd1c045756af25e
240,wave_pinning,19.0,201,3.0,fixed_20pct,physical,15.0,0.2,0.5,0.05,polarized,0.4276156324481594,1.5274125984350562,141.52741259843506,0.4276156324481576,0.9499192911557397,140.0,2,32,0,False,0.00561728966826328,False,work/cases/case_0240/duration_1p52741259844.checkpoint.npz,498e8f334cfa87604b76fcf05cd566a9f59fc8546c6b28abdfa0c0a3387e0912
241,wave_pinning,19.0,201,3.0,fixed_20pct,physical,15.0,0.2,1.0,0.1,polarized,0.42761563244815953,0.7596234501146305,135.75962345011462,0.42761563244815903,0.9499192911557393,135.0,2,37,0,False,0.005617289668263234,False,work/cases/case_0241/duration_0p759623450115.checkpoint.npz,fdcd62840559d07cc71fb195d4cff4520806271b9849070ac5d0754e54c8476e
242,wave_pinning,19.0,201,3.0,fixed_20pct,physical,15.0,0.2,2.0,0.2,polarized,0.42761563244815953,0.37991530849985594,130.37991530849985,0.42761563244815953,0.9499192911557395,130.0,2,37,0,False,0.005617289668263176,False,work/cases/case_0242/duration_0p3799153085.checkpoint.npz,517f8f44b64207af901c6469e598aa919d3e668ae50ca7e687fc4595581d0c54
243,wave_pinning,19.0,201,3.0,fixed_20pct,physical,15.0,0.2,4.0,0.4,polarized,0.42761563244815903,0.1900094600959987,130.190009460096,0.427615632448159,0.9499192911557393,130.0,2,34,0,False,0.0056172896682632235,False,work/cases/case_0243/duration_0p190009460096.checkpoint.npz,62c5fe6f4300207e26299dc97d85f9006a75f0f889446ead4ff8e0f5aa88928b
244,wave_pinning,19.0,201,3.0,fixed_20pct,physical,15.0,0.2,10.0,1.0,polarized,0.4276156324481594,0.07585884626382344,170.07585884626383,0.4276156324481582,0.9499192911557394,170.0,2,36,0,False,0.005617289668263163,False,work/cases/case_0244/duration_0p0758588462638.checkpoint.npz,64a5e175064d3e4eaedb38be4e9366af0106756540e2bc5bcce24a596090e324
245,wave_pinning,19.0,201,3.8000000000000003,relative_20pct,relative,15.0,0.2,0.1,0.010000000000000002,polarized,0.4276156324481596,7.4371193519027,132.4371193519027,0.4276156324481588,0.9499192911557394,125.0,2,35,0,False,0.00561728966826328,False,work/cases/case_0245/duration_7p4371193519.checkpoint.npz,de4f4c773553e2aa544602fb6b00bfaa9fcee40e97fef5cb85bbb84be1626a79
246,wave_pinning,19.0,201,3.8000000000000003,relative_20pct,relative,15.0,0.2,0.25,0.025,polarized,0.4276156324481596,2.8065410912527167,142.8065410912527,0.4276156324481588,0.9499192911557395,140.0,2,34,0,False,0.005617289668263116,False,work/cases/case_0246/duration_2p80654109125.checkpoint.npz,d3a47779c4ca1a7b93ab883a7fa54cc79f0c769061c210e480426ef05f98251e
247,wave_pinning,19.0,201,3.8000000000000003,relative_20pct,relative,15.0,0.2,0.5,0.05,polarized,0.42761563244815914,1.3801316928561713,156.38013169285617,0.42761563244815903,0.9499192911557394,155.0,2,35,0,False,0.005617289668263263,False,work/cases/case_0247/duration_1p38013169286.checkpoint.npz,c0276889a363c25635ab044de881b93a76abb5561a7aba9f7abc88ed4a876154
248,wave_pinning,19.0,201,3.8000000000000003,relative_20pct,relative,15.0,0.2,1.0,0.1,polarized,0.4276156324481598,0.6863766864395981,165.6863766864396,0.4276156324481598,0.9499192911557391,165.0,2,35,0,False,0.00561728966826312,False,work/cases/case_0248/duration_0p68637668644.checkpoint.npz,ad28d62b02dbaa56b0f0b3dbac081df5281188cb22d25afb2d8b0517199e3b3f
249,wave_pinning,19.0,201,3.8000000000000003,relative_20pct,relative,15.0,0.2,2.0,0.2,polarized,0.4276156324481591,0.3432819386190069,145.34328193861901,0.4276156324481583,0.9499192911557391,145.0,2,35,0,False,0.0056172896682632305,False,work/cases/case_0249/duration_0p343281938619.checkpoint.npz,934c37603a56bfb02b42d5dc7114b237c5e119eeb66fbbfcea14d887eede133f
250,wave_pinning,19.0,201,3.8000000000000003,relative_20pct,relative,15.0,0.2,4.0,0.4,polarized,0.4276156324481591,0.1716877797719225,155.17168777977193,0.427615632448159,0.9499192911557396,155.0,2,36,0,False,0.00561728966826318,False,work/cases/case_0250/duration_0p171687779772.checkpoint.npz,588b3f00b58dbda39ca092ceb23c01c015b6fed4e7a1aee528ed2480bdc35b54
251,wave_pinning,19.0,201,3.8000000000000003,relative_20pct,relative,15.0,0.2,10.0,1.0,polarized,0.42761563244815914,0.06893135717340874,135.0689313571734,0.427615632448159,0.9499192911557391,135.0,2,36,0,False,0.0056172896682631646,False,work/cases/case_0251/duration_0p0689313571734.checkpoint.npz,c76207b3bb5000b4ef6f17f7a0e58db6b604ee710c079b3da57ff70d34c488cd
252,wave_pinning,21.0,201,1.5,fixed_10pct,physical,15.0,0.1,0.1,0.010000000000000002,polarized,0.4287386544086605,14.21493364048741,159.2149336404874,0.42873865440866027,0.9500810057946341,145.0,2,34,0,False,0.0056172896682631784,False,work/cases/case_0252/duration_14p2149336405.checkpoint.npz,8f208faa592f59381efd3cebb0d283a743daf1bdde07f28084eba85f21f52ac5
253,wave_pinning,21.0,201,1.5,fixed_10pct,physical,15.0,0.1,0.25,0.025,polarized,0.4287386544086603,4.9296371946449655,154.92963719464495,0.4287386544086541,0.9500810057946343,150.0,2,34,0,False,0.005617289668263228,False,work/cases/case_0253/duration_4p92963719464.checkpoint.npz,823e59a4085e081535fe7cbe2636abc3ad35ab78636431d872d4c2eff18905f3
254,wave_pinning,21.0,201,1.5,fixed_10pct,physical,15.0,0.1,0.5,0.05,polarized,0.4287386544086602,2.370163683612522,137.37016368361253,0.4287386544086598,0.9500810057946338,135.0,2,34,0,False,0.005617289668263141,False,work/cases/case_0254/duration_2p37016368361.checkpoint.npz,ea1ee8a605df1fe4289dd4091d49ec359dd0e41b16801bf28fcfd3e15ae1553a
255,wave_pinning,21.0,201,1.5,fixed_10pct,physical,15.0,0.1,1.0,0.1,polarized,0.42873865440866044,1.1589935730362182,151.1589935730362,0.4287386544086601,0.9500810057946338,150.0,2,34,0,False,0.005617289668263155,False,work/cases/case_0255/duration_1p15899357304.checkpoint.npz,59028ae6aafe8fa53b5e4bac9592cb02296e162bc7f04db5c3394e065ec123ae
256,wave_pinning,21.0,201,1.5,fixed_10pct,physical,15.0,0.1,2.0,0.2,polarized,0.42873865440866055,0.5763987396152729,145.57639873961529,0.42873865440865966,0.9500810057946338,145.0,2,35,0,False,0.005617289668263308,False,work/cases/case_0256/duration_0p576398739615.checkpoint.npz,c5bee97a11340f525482fda128a9e0b4c8338de4493b51bd5351fdbcae0b440f
257,wave_pinning,21.0,201,1.5,fixed_10pct,physical,15.0,0.1,4.0,0.4,polarized,0.42873865440866366,0.2882779684418893,145.2882779684419,0.42873865440866366,0.9500810057946334,145.0,2,35,0,False,0.0056172896682633285,False,work/cases/case_0257/duration_0p288277968442.checkpoint.npz,ba9dfd91a2b1bdd5e49a2c92506d3306f438aa3c77b27230f1e1e5e9373ba16b
258,wave_pinning,21.0,201,1.5,fixed_10pct,physical,15.0,0.1,10.0,1.0,polarized,0.4287386544086604,0.1157414443491001,150.1157414443491,0.4287386544086602,0.9500810057946336,150.0,2,36,0,False,0.005617289668263197,False,work/cases/case_0258/duration_0p115741444349.checkpoint.npz,0330891b14f2451a425747ded28f894a0b5bc7591282171aa6d20f881a9910f0
259,wave_pinning,21.0,201,3.0,fixed_20pct,physical,15.0,0.2,0.1,0.010000000000000002,polarized,0.42873865440866016,8.324026644364462,143.32402664436447,0.4287386544086601,0.9500810057946338,135.0,2,34,0,False,0.005617289668263222,False,work/cases/case_0259/duration_8p32402664436.checkpoint.npz,07e5b4ce98d94137d20f52ed5692474e452525a2590f17be7318cafceb3333bf
260,wave_pinning,21.0,201,3.0,fixed_20pct,physical,15.0,0.2,0.25,0.025,polarized,0.4287386544086603,3.1060414328531825,143.10604143285317,0.4287386544086595,0.9500810057946336,140.0,2,36,0,False,0.0056172896682632,False,work/cases/case_0260/duration_3p10604143285.checkpoint.npz,8cc69bf3a2a7a17d96dd9aeaccb66ae78b2a21e5cfe25bab209a567bce01c599
261,wave_pinning,21.0,201,3.0,fixed_20pct,physical,15.0,0.2,0.5,0.05,polarized,0.4287386544086604,1.5188326794266918,171.51883267942668,0.4287386544086601,0.9500810057946338,170.0,2,36,0,False,0.005617289668263313,False,work/cases/case_0261/duration_1p51883267943.checkpoint.npz,fe5594ac34564863a390723b9b29bc26381ef630dc8582569245aab30b0e6851
262,wave_pinning,21.0,201,3.0,fixed_20pct,physical,15.0,0.2,1.0,0.1,polarized,0.42873865440866044,0.7553564251565311,150.75535642515652,0.42873865440865805,0.9500810057946338,150.0,2,34,0,False,0.00561728966826316,False,work/cases/case_0262/duration_0p755356425157.checkpoint.npz,ec7250f1c547a62eda827681b095d9757fd029c1541a5eea36ec071bba38126c
263,wave_pinning,21.0,201,3.0,fixed_20pct,physical,15.0,0.2,2.0,0.2,polarized,0.4287386544086607,0.3777812141626047,145.3777812141626,0.42873865440866016,0.9500810057946338,145.0,2,34,0,False,0.00561728966826313,False,work/cases/case_0263/duration_0p377781214163.checkpoint.npz,48fc7be50be2f71aff1acaad4fc9adfdb94ae79c78594a4f327753523d46cef9
264,wave_pinning,21.0,201,3.0,fixed_20pct,physical,15.0,0.2,4.0,0.4,polarized,0.42873865440866044,0.18894212191892917,150.18894212191893,0.42873865440866005,0.9500810057946336,150.0,2,33,0,False,0.005617289668263176,False,work/cases/case_0264/duration_0p188942121919.checkpoint.npz,8b97688eeeec4b3a26f90efc3dd47586a10f24532c28b9a7f1f63c3202b18dc9
265,wave_pinning,21.0,201,3.0,fixed_20pct,physical,15.0,0.2,10.0,1.0,polarized,0.4287386544086606,0.07585884626382344,140.07585884626383,0.4287386544086603,0.9500810057946336,140.0,2,34,0,False,0.005617289668263163,False,work/cases/case_0265/duration_0p0758588462638.checkpoint.npz,1b96d60960cfb0b1f6895e88221274b976e6ac8fad1d2eaf2e0fd03d45e98f6c
266,wave_pinning,21.0,201,4.2,relative_20pct,relative,15.0,0.2,0.1,0.010000000000000002,polarized,0.4287386544086602,7.109405190842648,147.10940519084264,0.4287386544086593,0.9500810057946338,140.0,2,37,0,False,0.005617289668263185,False,work/cases/case_0266/duration_7p10940519084.checkpoint.npz,7328cd16d0029a5d6fac51804df42bd74d019d7aeb51696ca5449a894bde6d0e
267,wave_pinning,21.0,201,4.2,relative_20pct,relative,15.0,0.2,0.25,0.025,polarized,0.4287386544086604,2.698027404152761,147.69802740415275,0.4287386544086584,0.9500810057946338,145.0,2,35,0,False,0.005617289668263251,False,work/cases/case_0267/duration_2p69802740415.checkpoint.npz,685f3743fc05f26017623d982f3c2256af0d5148756d40abece185522ac2307e
268,wave_pinning,21.0,201,4.2,relative_20pct,relative,15.0,0.2,0.5,0.05,polarized,0.42873865440866116,1.326769502955549,206.32676950295556,0.4287386544086601,0.9500810057946336,205.0,2,37,0,False,0.00561728966826323,False,work/cases/case_0268/duration_1p32676950296.checkpoint.npz,b4ce8250db25e37c2d471a12b17d6c975ae0a7fbc51f54ec50ab65209b4a0ea5
269,wave_pinning,21.0,201,4.2,relative_20pct,relative,15.0,0.2,1.0,0.1,polarized,0.4287386544086606,0.6635656718437183,140.6635656718437,0.42873865440865977,0.9500810057946336,140.0,2,33,0,False,0.00561728966826318,False,work/cases/case_0269/duration_0p663565671844.checkpoint.npz,a11f0815331fb6a79e7313bbdddbdfbc4af309184cb1e5b0cb48c08ea9c13b17
270,wave_pinning,21.0,201,4.2,relative_20pct,relative,15.0,0.2,2.0,0.2,polarized,0.4287386544086602,0.3318733207754153,140.33187332077543,0.4287386544086601,0.9500810057946338,140.0,2,37,0,False,0.0056172896682632825,False,work/cases/case_0270/duration_0p331873320775.checkpoint.npz,a701e2a6403f5873c8ffdd9b0a6e0f66bdf9b76cef7e45b2aff8f0eb76cc994e
271,wave_pinning,21.0,201,4.2,relative_20pct,relative,15.0,0.2,4.0,0.4,polarized,0.42873865440866027,0.16598191515314198,140.16598191515314,0.42873865440866016,0.9500810057946338,140.0,2,35,0,False,0.005617289668263227,False,work/cases/case_0271/duration_0p165981915153.checkpoint.npz,b9ec69df662f5871857599845b1726609549ab6d18e3358e105074d0e5b6e1f6
272,wave_pinning,21.0,201,4.2,relative_20pct,relative,15.0,0.2,10.0,1.0,polarized,0.42873865440866105,0.06626615631566829,150.06626615631566,0.42873865440866005,0.9500810057946336,150.0,2,35,0,False,0.0056172896682631255,False,work/cases/case_0272/duration_0p0662661563157.checkpoint.npz,face07be370a7dc2ee9a5f249f5e1320c68b96dbf77b30c8a7555a026a6a7a8f
273,wave_pinning,23.0,201,1.5,fixed_10pct,physical,15.0,0.1,0.1,0.010000000000000002,polarized,0.4295820801571851,14.21493364048741,159.2149336404874,0.4295820801571851,0.950147032103497,145.0,2,35,0,False,0.0056172896682631784,False,work/cases/case_0273/duration_14p2149336405.checkpoint.npz,d7357b1572ec41053e7c294542ce6e1e7c99fc5740dba791e4b0cc64fbd88754
274,wave_pinning,23.0,201,1.5,fixed_10pct,physical,15.0,0.1,0.25,0.025,polarized,0.42958208015718446,4.9296371946449655,154.92963719464495,0.4295820801571797,0.9501470321034968,150.0,2,37,0,False,0.005617289668263228,False,work/cases/case_0274/duration_4p92963719464.checkpoint.npz,e61178765f48fa05f03dfd343efb0b83fb7199ced056775e1d8073686e2d0ff0
275,wave_pinning,23.0,201,1.5,fixed_10pct,physical,15.0,0.1,0.5,0.05,polarized,0.42958208015718696,2.356849787640473,162.35684978764047,0.429582080157183,0.9501470321034968,160.0,2,34,0,False,0.005617289668263081,False,work/cases/case_0275/duration_2p35684978764.checkpoint.npz,b11a606d0441c44ba889e430abca7e6cd3f48aad376f6c59bcc1449d815b768b
276,wave_pinning,23.0,201,1.5,fixed_10pct,physical,15.0,0.1,1.0,0.1,polarized,0.4295820801571846,1.1589935730362182,151.1589935730362,0.4295820801571842,0.9501470321034968,150.0,2,36,0,False,0.005617289668263155,False,work/cases/case_0276/duration_1p15899357304.checkpoint.npz,4fd428a437cb9c13dd99f86286c3bca98113bf9a113b8916d269f8b63339bcae
277,wave_pinning,23.0,201,1.5,fixed_10pct,physical,15.0,0.1,2.0,0.2,polarized,0.42958208015718696,0.5763987396152729,145.57639873961529,0.42958208015718363,0.9501470321034968,145.0,2,35,0,False,0.005617289668263308,False,work/cases/case_0277/duration_0p576398739615.checkpoint.npz,3c86116738b55d3d943a8aebc0c4610e9af99dfeee8a8761f1021a08f656574c
278,wave_pinning,23.0,201,1.5,fixed_10pct,physical,15.0,0.1,4.0,0.4,polarized,0.42958208015718463,0.2882779684418893,145.2882779684419,0.42958208015718463,0.9501470321034968,145.0,2,36,0,False,0.0056172896682633285,False,work/cases/case_0278/duration_0p288277968442.checkpoint.npz,9ad9b1c1b4f3ce1912b0e2543295ebd9a16b2bbf15a7e91fb7c29a4d93a7e0bf
279,wave_pinning,23.0,201,1.5,fixed_10pct,physical,15.0,0.1,10.0,1.0,polarized,0.42958208015718463,0.1157414443491001,150.1157414443491,0.4295820801571841,0.950147032103497,150.0,2,35,0,False,0.005617289668263197,False,work/cases/case_0279/duration_0p115741444349.checkpoint.npz,277607472369cdc447930f67c7f2d1cf01eb858c2b4e4db0598e22ac1f5fb640
280,wave_pinning,23.0,201,3.0,fixed_20pct,physical,15.0,0.2,0.1,0.010000000000000002,polarized,0.4295820801571847,8.277268175496726,163.27726817549672,0.42958208015717886,0.9501470321034968,155.0,2,32,0,False,0.005617289668263136,False,work/cases/case_0280/duration_8p2772681755.checkpoint.npz,7d9ddc134ece4982b735d8679fe3a73c9767f6e5c84af76d27c3da8006b7b31c
281,wave_pinning,23.0,201,3.0,fixed_20pct,physical,15.0,0.2,0.25,0.025,polarized,0.42958208015718796,3.088593898403219,173.08859389840322,0.4295820801571838,0.950147032103497,170.0,2,33,0,False,0.005617289668263229,False,work/cases/case_0281/duration_3p0885938984.checkpoint.npz,7f8ff0278616fb12759966c6769d964ac4096a371680b240f28e895ebdf419ed
282,wave_pinning,23.0,201,3.0,fixed_20pct,physical,15.0,0.2,0.5,0.05,polarized,0.4295820801571849,1.5188326794266918,156.51883267942668,0.4295820801571839,0.9501470321034966,155.0,2,36,0,False,0.005617289668263313,False,work/cases/case_0282/duration_1p51883267943.checkpoint.npz,b9073de58070066f63d277ccd051884e2d1b90d9986779284fa863cef2086be8
283,wave_pinning,23.0,201,3.0,fixed_20pct,physical,15.0,0.2,1.0,0.1,polarized,0.4295820801571867,0.7553564251565311,150.75535642515652,0.42958208015718324,0.9501470321034968,150.0,2,33,0,False,0.00561728966826316,False,work/cases/case_0283/duration_0p755356425157.checkpoint.npz,dd3176a8a4448ed7214465f114f2441bb4fe8134172f5346d79d9d120a2c1ce1
284,wave_pinning,23.0,201,3.0,fixed_20pct,physical,15.0,0.2,2.0,0.2,polarized,0.42958208015718485,0.3756591076514252,195.37565910765142,0.4295820801571836,0.9501470321034968,195.0,2,36,0,False,0.0056172896682631975,False,work/cases/case_0284/duration_0p375659107651.checkpoint.npz,738dfff864da97b859ad1181ea6c90c5e872c2fe260f11aacd68df0828ecf401
285,wave_pinning,23.0,201,3.0,fixed_20pct,physical,15.0,0.2,4.0,0.4,polarized,0.4295820801571848,0.18894212191892917,150.18894212191893,0.4295820801571842,0.9501470321034968,150.0,2,35,0,False,0.005617289668263176,False,work/cases/case_0285/duration_0p188942121919.checkpoint.npz,8f0465f83e9af87118587456c4a574bf832477b69a95c496b58ee4b774c2c679
286,wave_pinning,23.0,201,3.0,fixed_20pct,physical,15.0,0.2,10.0,1.0,polarized,0.4295820801571866,0.0754327251504593,170.07543272515045,0.4295820801571815,0.950147032103497,170.0,2,36,0,False,0.005617289668263147,False,work/cases/case_0286/duration_0p0754327251505.checkpoint.npz,746a3bb1cd02c6ad72ce4023e490b126091887b7cb72d96217dec5cded95622f
287,wave_pinning,23.0,201,4.6000000000000005,relative_20pct,relative,15.0,0.2,0.1,0.010000000000000002,polarized,0.429582080157186,6.834523140210868,196.83452314021088,0.429582080157186,0.950147032103497,190.0,2,34,0,False,0.005617289668263139,False,work/cases/case_0287/duration_6p83452314021.checkpoint.npz,78cd8eb67c40d045daf6f3420aee39b9011187dc8f3b84f8f4c213a63e64bac0
288,wave_pinning,23.0,201,4.6000000000000005,relative_20pct,relative,15.0,0.2,0.25,0.025,polarized,0.42958208015719185,2.608361272257373,197.60836127225738,0.4295820801571845,0.9501470321034968,195.0,2,34,0,False,0.005617289668263192,False,work/cases/case_0288/duration_2p60836127226.checkpoint.npz,f5b79c3269385db3e897bc22e370b8906e47167ae21af8a02e725c04bc6b89c4
289,wave_pinning,23.0,201,4.6000000000000005,relative_20pct,relative,15.0,0.2,0.5,0.05,polarized,0.4295820801571895,1.2899215628754965,166.2899215628755,0.4295820801571895,0.9501470321034968,165.0,2,36,0,False,0.005617289668263117,False,work/cases/case_0289/duration_1p28992156288.checkpoint.npz,8b7aac29c2882527d5c8611ddb4b1c0c8f33c58339f469ed86941292d8a14b5f
290,wave_pinning,23.0,201,4.6000000000000005,relative_20pct,relative,15.0,0.2,1.0,0.1,polarized,0.42958208015718685,0.6415127575696786,195.64151275756967,0.42958208015718247,0.950147032103497,195.0,2,35,0,False,0.00561728966826319,False,work/cases/case_0290/duration_0p64151275757.checkpoint.npz,c8fa54b74b0a3037f04f58c9dc7eaf0d72659116b7dabb8987fe2c0873969a12
291,wave_pinning,23.0,201,4.6000000000000005,relative_20pct,relative,15.0,0.2,2.0,0.2,polarized,0.42958208015718663,0.3208438564684902,175.32084385646849,0.42958208015718663,0.9501470321034968,175.0,2,37,0,False,0.005617289668263229,False,work/cases/case_0291/duration_0p320843856468.checkpoint.npz,97c67431e2af1283d8845dad4bc51f386db85e560e4407870253ccd833e707e1
292,wave_pinning,23.0,201,4.6000000000000005,relative_20pct,relative,15.0,0.2,4.0,0.4,polarized,0.4295820801571842,0.16046567900466435,175.16046567900466,0.42958208015718247,0.9501470321034968,175.0,2,36,0,False,0.005617289668263131,False,work/cases/case_0292/duration_0p160465679005.checkpoint.npz,502100c38594ef15888444a76c89dc30563b0e6d66fe0ab71daa65cf89f8cd60
293,wave_pinning,23.0,201,4.6000000000000005,relative_20pct,relative,15.0,0.2,10.0,1.0,polarized,0.4295820801571847,0.0644257677991884,155.06442576779918,0.42958208015718397,0.9501470321034968,155.0,2,36,0,False,0.005617289668263217,False,work/cases/case_0293/duration_0p0644257677992.checkpoint.npz,db94a30e9dd226314380af2cdec68f00c7d85ece7efb59ab4461236188645215
294,wave_pinning,25.0,201,1.5,fixed_10pct,physical,15.0,0.1,0.1,0.010000000000000002,polarized,0.43023144585777157,14.135084240613653,184.13508424061365,0.43023144585776485,0.950174001835398,170.0,2,34,0,False,0.005617289668263263,False,work/cases/case_0294/duration_14p1350842406.checkpoint.npz,d10cfb5696df0dc9d4590d376c51228476ef43c51dee05a297bae6e631187732
295,wave_pinning,25.0,201,1.5,fixed_10pct,physical,15.0,0.1,0.25,0.025,polarized,0.4302314458577725,4.9296371946449655,159.92963719464495,0.4302314458577725,0.9501740018353978,155.0,2,32,0,False,0.005617289668263228,False,work/cases/case_0295/duration_4p92963719464.checkpoint.npz,f21a1e89d59a5db7c3109e68cf2b167d1498da0e7132d897dd3ea5bfd6cb7ea0
296,wave_pinning,25.0,201,1.5,fixed_10pct,physical,15.0,0.1,0.5,0.05,polarized,0.43023144585776957,2.356849787640473,162.35684978764047,0.4302314458577686,0.9501740018353978,160.0,2,35,0,False,0.005617289668263081,False,work/cases/case_0296/duration_2p35684978764.checkpoint.npz,339eeda80f3bc1db7bbaa6c8a38fdee7f855173391cb871a80f69957f51cd0c3
297,wave_pinning,25.0,201,1.5,fixed_10pct,physical,15.0,0.1,1.0,0.1,polarized,0.43023144585776946,1.1589935730362182,156.1589935730362,0.43023144585776785,0.9501740018353984,155.0,2,35,0,False,0.005617289668263155,False,work/cases/case_0297/duration_1p15899357304.checkpoint.npz,4acfd7e0e1d7b8751c908700454d2fdbfdf4062ea323549e320c9117521b44ba
298,wave_pinning,25.0,201,1.5,fixed_10pct,physical,15.0,0.1,2.0,0.2,polarized,0.43023144585776973,0.573160940930432,200.57316094093042,0.43023144585776874,0.9501740018353981,200.0,2,36,0,False,0.005617289668263165,False,work/cases/case_0298/duration_0p57316094093.checkpoint.npz,65ae20c6de2555527ed7ae2f6c793f4f0e6e30a0e56d082d00a38def01b48f48
299,wave_pinning,25.0,201,1.5,fixed_10pct,physical,15.0,0.1,4.0,0.4,polarized,0.43023144585776957,0.28665862758817273,200.28665862758817,0.4302314458577674,0.950174001835398,200.0,2,35,0,False,0.005617289668263159,False,work/cases/case_0299/duration_0p286658627588.checkpoint.npz,6fdd08fa24cf6eb38d07e49a9367d9d39ad94a9e3123fc5a6c93bc844f0151bc
300,wave_pinning,25.0,201,1.5,fixed_10pct,physical,15.0,0.1,10.0,1.0,polarized,0.43023144585776996,0.1157414443491001,155.1157414443491,0.4302314458577686,0.9501740018353979,155.0,2,36,0,False,0.005617289668263197,False,work/cases/case_0300/duration_0p115741444349.checkpoint.npz,01b919a3d0a10fcb6bb942424b7080156a9880482363d29aabfcde6507510d49
301,wave_pinning,25.0,201,3.0,fixed_20pct,physical,15.0,0.2,0.1,0.010000000000000002,polarized,0.43023144585777084,8.277268175496726,168.27726817549672,0.4302314458577691,0.9501740018353978,160.0,2,34,0,False,0.005617289668263136,False,work/cases/case_0301/duration_8p2772681755.checkpoint.npz,6485845769ed80314ee3620c705ee1b57df7d43ce04366f9d2bf50dd4e0523c6
302,wave_pinning,25.0,201,3.0,fixed_20pct,physical,15.0,0.2,0.25,0.025,polarized,0.43023144585777123,3.088593898403219,168.08859389840322,0.43023144585777123,0.9501740018353982,165.0,2,35,0,False,0.005617289668263229,False,work/cases/case_0302/duration_3p0885938984.checkpoint.npz,86a3c94523bc327ef191e5df2d9456994cc36d805a76b2b8c7ae0a44ca5cea9f
303,wave_pinning,25.0,201,3.0,fixed_20pct,physical,15.0,0.2,0.5,0.05,polarized,0.4302314458577691,1.5188326794266918,161.51883267942668,0.4302314458577687,0.950174001835398,160.0,2,35,0,False,0.005617289668263313,False,work/cases/case_0303/duration_1p51883267943.checkpoint.npz,bb5960ddefe49f3ed6e9c52b02fd2eb715a5d0d63eec3916af82ba87a572c7b8
304,wave_pinning,25.0,201,3.0,fixed_20pct,physical,15.0,0.2,1.0,0.1,polarized,0.4302314458577696,0.7511133693136431,195.75111336931366,0.43023144585776724,0.9501740018353981,195.0,2,35,0,False,0.005617289668263189,False,work/cases/case_0304/duration_0p751113369314.checkpoint.npz,7cdd81d4624002bfdaebe3a8ce666b9efe0628646db3a9a7d7504c5343320c66
305,wave_pinning,25.0,201,3.0,fixed_20pct,physical,15.0,0.2,2.0,0.2,polarized,0.43023144585776896,0.3756591076514252,175.37565910765142,0.43023144585776874,0.9501740018353979,175.0,2,36,0,False,0.0056172896682631975,False,work/cases/case_0305/duration_0p375659107651.checkpoint.npz,a579b76b1f93f391f77e98d746c981d1e8b7cb4ce4b3e81fee65ba3396cfdbbe
306,wave_pinning,25.0,201,3.0,fixed_20pct,physical,15.0,0.2,4.0,0.4,polarized,0.4302314458577691,0.18788077928957425,185.18788077928957,0.4302314458577687,0.950174001835398,185.0,2,37,0,False,0.005617289668263223,False,work/cases/case_0306/duration_0p18788077929.checkpoint.npz,c8a1511b38c18816fab2636ade83945691adaeb92e9b561c8c2ab9b30ae7b30e
307,wave_pinning,25.0,201,3.0,fixed_20pct,physical,15.0,0.2,10.0,1.0,polarized,0.4302314458577691,0.0754327251504593,170.07543272515045,0.43023144585776885,0.950174001835398,170.0,2,35,0,False,0.005617289668263147,False,work/cases/case_0307/duration_0p0754327251505.checkpoint.npz,f10e52c08daa446e5ef34695eb5628da4f630421eec2123253a69e010509191b
308,wave_pinning,25.0,201,5.0,relative_20pct,relative,15.0,0.2,0.1,0.010000000000000002,polarized,0.43023144585777234,6.68224625344175,171.68224625344175,0.43023144585777234,0.9501740018353979,165.0,2,34,0,False,0.005617289668263283,False,work/cases/case_0308/duration_6p68224625344.checkpoint.npz,a801f9e9fb3158810a54737ba975d47af6f5f9af915548c6461a403708e8976f
309,wave_pinning,25.0,201,5.0,relative_20pct,relative,15.0,0.2,0.25,0.025,polarized,0.43023144585776935,2.550245566748732,182.55024556674874,0.430231445857769,0.9501740018353978,180.0,2,34,0,False,0.005617289668263237,False,work/cases/case_0309/duration_2p55024556675.checkpoint.npz,5efd508afd2355739bbf6ab529c38d1f6dc5bc3e699bd04829771a809ac520f6
310,wave_pinning,25.0,201,5.0,relative_20pct,relative,15.0,0.2,0.5,0.05,polarized,0.4302314458577692,1.2611814100160572,176.26118141001606,0.4302314458577687,0.9501740018353978,175.0,2,37,0,False,0.005617289668263253,False,work/cases/case_0310/duration_1p26118141002.checkpoint.npz,fb2aff53b1df340858d00a009101a5895600f4597d6ed37f433156a75827318c
311,wave_pinning,25.0,201,5.0,relative_20pct,relative,15.0,0.2,1.0,0.1,polarized,0.4302314458577716,0.6272195049840464,205.62721950498405,0.4302314458577683,0.950174001835398,205.0,2,37,0,False,0.005617289668263282,False,work/cases/case_0311/duration_0p627219504984.checkpoint.npz,52e4d35a331a829e4d76e24d3834903cdfcf4726ae3c9ac2d32398c487121928
312,wave_pinning,25.0,201,5.0,relative_20pct,relative,15.0,0.2,2.0,0.2,polarized,0.4302314458577723,0.31369528112538114,185.31369528112538,0.4302314458577687,0.9501740018353981,185.0,2,35,0,False,0.005617289668263264,False,work/cases/case_0312/duration_0p313695281125.checkpoint.npz,3e0e105fab77c44aa465e010f89c32951b655eea01cfd91384b50d3d42732fa6
313,wave_pinning,25.0,201,5.0,relative_20pct,relative,15.0,0.2,4.0,0.4,polarized,0.43023144585776957,0.15689041654218785,185.15689041654218,0.43023144585776935,0.950174001835398,185.0,2,35,0,False,0.005617289668263242,False,work/cases/case_0313/duration_0p156890416542.checkpoint.npz,8ba8d74e1fc3c9e483b35a57659a74c6d6a9f119b1b83a54dbfc0632ba017648
314,wave_pinning,25.0,201,5.0,relative_20pct,relative,15.0,0.2,10.0,1.0,polarized,0.4302314458577716,0.06299032670887293,165.06299032670887,0.43023144585776885,0.950174001835398,165.0,2,35,0,False,0.005617289668263087,False,work/cases/case_0314/duration_0p0629903267089.checkpoint.npz,2949982610432a7c015251dcafbd27f5d4d2389bfa79d1beea1d503eda71282e
315,wave_pinning,27.0,201,1.5,fixed_10pct,physical,15.0,0.1,0.1,0.010000000000000002,polarized,0.43074197648135965,14.135084240613653,189.13508424061365,0.4307419764813574,0.9501850236764753,175.0,2,35,0,False,0.005617289668263263,False,work/cases/case_0315/duration_14p1350842406.checkpoint.npz,bd8b1d592b1267699f21dbdf93fa04234fd25202ce73cc98e88dbb9cf908db10
316,wave_pinning,27.0,201,1.5,fixed_10pct,physical,15.0,0.1,0.25,0.025,polarized,0.4307419764813576,4.9019459945632,199.9019459945632,0.43074197648135737,0.9501850236764757,195.0,2,34,0,False,0.005617289668263151,False,work/cases/case_0316/duration_4p90194599456.checkpoint.npz,46a5314344e555385f4fa7d1f244e80739ebfe3086453567f538e53db060725c
317,wave_pinning,27.0,201,1.5,fixed_10pct,physical,15.0,0.1,0.5,0.05,polarized,0.43074197648135765,2.356849787640473,172.35684978764047,0.4307419764813572,0.9501850236764755,170.0,2,34,0,False,0.005617289668263081,False,work/cases/case_0317/duration_2p35684978764.checkpoint.npz,07622aab9a3720a2127e706497482e1cf42f32e73b71b88fa62f98519eb8963f
318,wave_pinning,27.0,201,1.5,fixed_10pct,physical,15.0,0.1,1.0,0.1,polarized,0.4307419764813595,1.1524831704128184,201.1524831704128,0.4307419764813575,0.9501850236764753,200.0,2,36,0,False,0.005617289668263194,False,work/cases/case_0318/duration_1p15248317041.checkpoint.npz,e57530902bbfc82ef5ad1178bf2aa4f8d58e1d1079bae1f215e47de1397dbc87
319,wave_pinning,27.0,201,1.5,fixed_10pct,physical,15.0,0.1,2.0,0.2,polarized,0.4307419764813578,0.573160940930432,190.57316094093042,0.4307419764813569,0.9501850236764755,190.0,2,35,0,False,0.005617289668263165,False,work/cases/case_0319/duration_0p57316094093.checkpoint.npz,b5f3aa13ee42aca27c9e2b14e41e16b83f0b9ef4a3c936c5c6376b3adeb8788e
320,wave_pinning,27.0,201,1.5,fixed_10pct,physical,15.0,0.1,4.0,0.4,polarized,0.43074197648136114,0.28665862758817273,190.28665862758817,0.4307419764813576,0.9501850236764753,190.0,2,34,0,False,0.005617289668263159,False,work/cases/case_0320/duration_0p286658627588.checkpoint.npz,bcaa41a8729c6f4a47bbb9a745d609fb191390feb2e19055f52594ba78796aa0
321,wave_pinning,27.0,201,1.5,fixed_10pct,physical,15.0,0.1,10.0,1.0,polarized,0.43074197648136436,0.11509129112956804,200.11509129112957,0.43074197648135665,0.9501850236764757,200.0,2,35,0,False,0.005617289668263137,False,work/cases/case_0321/duration_0p11509129113.checkpoint.npz,6082f22f5aac59afa9706cbec55d9ef50e379c6e0391f01a6fed7cad9c84e822
322,wave_pinning,27.0,201,3.0,fixed_20pct,physical,15.0,0.2,0.1,0.010000000000000002,polarized,0.43074197648135976,8.230772362493065,208.23077236249307,0.43074197648135837,0.9501850236764751,200.0,2,36,0,False,0.005617289668263292,False,work/cases/case_0322/duration_8p23077236249.checkpoint.npz,f2ff4fcbc32ac268f490601ca1d055743478f1d2596a28e0440fb049f2ebfd84
323,wave_pinning,27.0,201,3.0,fixed_20pct,physical,15.0,0.2,0.25,0.025,polarized,0.43074197648136,3.088593898403219,178.08859389840322,0.4307419764813578,0.9501850236764757,175.0,2,35,0,False,0.005617289668263229,False,work/cases/case_0323/duration_3p0885938984.checkpoint.npz,b3731b8655ee457b24cb6154341711ec976506fd899f9e3f5eae96cb46efd4b3
324,wave_pinning,27.0,201,3.0,fixed_20pct,physical,15.0,0.2,0.5,0.05,polarized,0.43074197648135826,1.5103009563087275,216.51030095630873,0.43074197648135676,0.9501850236764748,215.0,2,33,0,False,0.0056172896682631255,False,work/cases/case_0324/duration_1p51030095631.checkpoint.npz,3a85b156ee6e5bfe46a4d792744a87679fe67aa5afe27182d7c1f3d0d974c1c6
325,wave_pinning,27.0,201,3.0,fixed_20pct,physical,15.0,0.2,1.0,0.1,polarized,0.4307419764813588,0.7511133693136431,190.75111336931366,0.4307419764813588,0.9501850236764753,190.0,2,37,0,False,0.005617289668263189,False,work/cases/case_0325/duration_0p751113369314.checkpoint.npz,440c60b3eb57de16c35ba4ef4b4ab0129bdb03ba96f7af176f0ae3446fdb971c
326,wave_pinning,27.0,201,3.0,fixed_20pct,physical,15.0,0.2,2.0,0.2,polarized,0.4307419764813614,0.3756591076514252,180.37565910765142,0.43074197648135754,0.9501850236764753,180.0,2,34,0,False,0.0056172896682631975,False,work/cases/case_0326/duration_0p375659107651.checkpoint.npz,26a850327ac53e76f646f9b29abf77f5a513bf382bd7a87a8351c7a2b665600f
327,wave_pinning,27.0,201,3.0,fixed_20pct,physical,15.0,0.2,4.0,0.4,polarized,0.4307419764813589,0.18788077928957425,185.18788077928957,0.4307419764813589,0.9501850236764753,185.0,2,34,0,False,0.005617289668263223,False,work/cases/case_0327/duration_0p18788077929.checkpoint.npz,c4f18e220cd035a8e51a5431fb44afc470b76cbe552acd8fa060a12fe8e66dbe
328,wave_pinning,27.0,201,3.0,fixed_20pct,physical,15.0,0.2,10.0,1.0,polarized,0.43074197648135876,0.0754327251504593,175.07543272515045,0.4307419764813578,0.9501850236764757,175.0,2,37,0,False,0.005617289668263147,False,work/cases/case_0328/duration_0p0754327251505.checkpoint.npz,797045b90a943e620689af53792ca5f7b28b684848be15c69612ac56de95d5a8
329,wave_pinning,27.0,201,5.4,relative_20pct,relative,15.0,0.2,0.1,0.010000000000000002,polarized,0.43074197648135987,6.533362178397515,191.5333621783975,0.43074197648135465,0.9501850236764755,185.0,2,34,0,False,0.00561728966826319,False,work/cases/case_0329/duration_6p5333621784.checkpoint.npz,6f3de30fecf6d9c171ce10ef5622609b14869a448ef05bb2841c598dfdb12afc
330,wave_pinning,27.0,201,5.4,relative_20pct,relative,15.0,0.2,0.25,0.025,polarized,0.43074197648135776,2.50751012141424,187.50751012141424,0.4307419764813571,0.9501850236764751,185.0,2,36,0,False,0.005617289668263309,False,work/cases/case_0330/duration_2p50751012141.checkpoint.npz,eadd2f1869ad0acb497b6dcf9bc72e8d67d49be69a678ca78e180e5d2ae0e926
331,wave_pinning,27.0,201,5.4,relative_20pct,relative,15.0,0.2,0.5,0.05,polarized,0.4307419764813584,1.2400473083015577,186.24004730830157,0.43074197648135637,0.9501850236764751,185.0,2,34,0,False,0.005617289668263092,False,work/cases/case_0331/duration_1p2400473083.checkpoint.npz,f478948085d7b822bb2729636120351b1acd015892a62bd8d57b8ca7e315375c
332,wave_pinning,27.0,201,5.4,relative_20pct,relative,15.0,0.2,1.0,0.1,polarized,0.43074197648135826,0.6167089466215646,205.61670894662157,0.43074197648135765,0.9501850236764753,205.0,2,36,0,False,0.005617289668263275,False,work/cases/case_0332/duration_0p616708946622.checkpoint.npz,0ca4c2f6450e47aaecedce5b61404b21d0d2f8f23ea5cbec75b89005635e00d4
333,wave_pinning,27.0,201,5.4,relative_20pct,relative,15.0,0.2,2.0,0.2,polarized,0.43074197648136286,0.30843856870795194,190.30843856870794,0.4307419764813557,0.9501850236764751,190.0,2,35,0,False,0.005617289668263255,False,work/cases/case_0333/duration_0p308438568708.checkpoint.npz,186446b7be85b1e368c84ca16de02497446e15b3c529ecc4980d61fb5ceeb841
334,wave_pinning,27.0,201,5.4,relative_20pct,relative,15.0,0.2,4.0,0.4,polarized,0.4307419764813591,0.15426134351994075,190.15426134351995,0.43074197648135715,0.9501850236764755,190.0,2,37,0,False,0.005617289668263164,False,work/cases/case_0334/duration_0p15426134352.checkpoint.npz,85b166230dfbd9e2067d6ba91051f73167892ad8277e2d3d578aae70870282ce
335,wave_pinning,27.0,201,5.4,relative_20pct,relative,15.0,0.2,10.0,1.0,polarized,0.4307419764813597,0.06193477358929602,175.0619347735893,0.43074197648135715,0.9501850236764751,175.0,2,36,0,False,0.005617289668263181,False,work/cases/case_0335/duration_0p0619347735893.checkpoint.npz,8902abd085ea4a952437a6c73a9c037cdb4333b5ff43f3b9193b1aefaebeeebf
336,wave_pinning,29.0,201,1.5,fixed_10pct,physical,15.0,0.1,0.1,0.010000000000000002,polarized,0.4311505866720653,14.135084240613653,194.13508424061365,0.4311505866720602,0.9501895305176764,180.0,2,35,0,False,0.005617289668263263,False,work/cases/case_0336/duration_14p1350842406.checkpoint.npz,24848023841dcc2ec93439c6580a24932f312f5154ea35db0f062b61033c9b81
337,wave_pinning,29.0,201,1.5,fixed_10pct,physical,15.0,0.1,0.25,0.025,polarized,0.431150586672062,4.9019459945632,199.9019459945632,0.43115058667206047,0.9501895305176764,195.0,2,35,0,False,0.005617289668263151,False,work/cases/case_0337/duration_4p90194599456.checkpoint.npz,bf4d75db3fabdd3447ca08df064eba426249c5d0bd76e8e51d60bbf61fc5e97c
338,wave_pinning,29.0,201,1.5,fixed_10pct,physical,15.0,0.1,0.5,0.05,polarized,0.43115058667206074,2.356849787640473,182.35684978764047,0.43115058667206063,0.9501895305176762,180.0,2,34,0,False,0.005617289668263081,False,work/cases/case_0338/duration_2p35684978764.checkpoint.npz,e6ea2883045674c47507cab8c5f6b3476dca74ae1bd30c82eb9820e4a741bd12
339,wave_pinning,29.0,201,1.5,fixed_10pct,physical,15.0,0.1,1.0,0.1,polarized,0.4311505866720622,1.1524831704128184,201.1524831704128,0.43115058667206174,0.950189530517676,200.0,2,36,0,False,0.005617289668263194,False,work/cases/case_0339/duration_1p15248317041.checkpoint.npz,b08b2403530375bd9fa25cf1baa70cc2d4b9f971d955dcf36f1ee1fa33f024cd
340,wave_pinning,29.0,201,1.5,fixed_10pct,physical,15.0,0.1,2.0,0.2,polarized,0.43115058667206274,0.573160940930432,195.57316094093042,0.43115058667206047,0.9501895305176762,195.0,2,37,0,False,0.005617289668263165,False,work/cases/case_0340/duration_0p57316094093.checkpoint.npz,34261d837efb1ae9219662482a27e7a0292c83ba0056dbd10e6367bb651eb433
341,wave_pinning,29.0,201,1.5,fixed_10pct,physical,15.0,0.1,4.0,0.4,polarized,0.431150586672069,0.28665862758817273,195.28665862758817,0.431150586672069,0.9501895305176762,195.0,2,35,0,False,0.005617289668263159,False,work/cases/case_0341/duration_0p286658627588.checkpoint.npz,0c0309e1f093a77e68981cf5fd01dcab27481553fb1648e4fe72c08f2d1f528f
342,wave_pinning,29.0,201,1.5,fixed_10pct,physical,15.0,0.1,10.0,1.0,polarized,0.43115058667206596,0.11509129112956804,200.11509129112957,0.4311505866720606,0.9501895305176762,200.0,2,32,0,False,0.005617289668263137,False,work/cases/case_0342/duration_0p11509129113.checkpoint.npz,4c39c2e80308bf44f27c0315ddb73de69cd7a8729d285384fb504bb5fc7c41e7
343,wave_pinning,29.0,201,3.0,fixed_20pct,physical,15.0,0.2,0.1,0.010000000000000002,polarized,0.43115058667206374,8.230772362493065,208.23077236249307,0.4311505866720588,0.9501895305176762,200.0,2,34,0,False,0.005617289668263292,False,work/cases/case_0343/duration_8p23077236249.checkpoint.npz,5dad411a9e37be2255e766437a9424d4961633cbeef84fbc07ea18ce423342de
344,wave_pinning,29.0,201,3.0,fixed_20pct,physical,15.0,0.2,0.25,0.025,polarized,0.4311505866720616,3.088593898403219,188.08859389840322,0.4311505866720601,0.9501895305176764,185.0,2,35,0,False,0.005617289668263229,False,work/cases/case_0344/duration_3p0885938984.checkpoint.npz,8973fc38e2fae802514e0723162d0e6cf258541dc510d231c546db358b24bbcc
345,wave_pinning,29.0,201,3.0,fixed_20pct,physical,15.0,0.2,0.5,0.05,polarized,0.4311505866720648,1.5103009563087275,206.51030095630873,0.431150586672062,0.9501895305176762,205.0,2,35,0,False,0.0056172896682631255,False,work/cases/case_0345/duration_1p51030095631.checkpoint.npz,c45fae5c85bdb34cf47bb2210e84d1b3c38adc2d2136313f24bf66d4b63628cc
346,wave_pinning,29.0,201,3.0,fixed_20pct,physical,15.0,0.2,1.0,0.1,polarized,0.43115058667206196,0.7511133693136431,195.75111336931366,0.4311505866720614,0.9501895305176764,195.0,2,33,0,False,0.005617289668263189,False,work/cases/case_0346/duration_0p751113369314.checkpoint.npz,1844d109911d082655b5657cab04fc80e08a933061fa730b643a9ac99a2cb9d1
347,wave_pinning,29.0,201,3.0,fixed_20pct,physical,15.0,0.2,2.0,0.2,polarized,0.4311505866720638,0.3756591076514252,185.37565910765142,0.43115058667206024,0.9501895305176764,185.0,2,32,0,False,0.0056172896682631975,False,work/cases/case_0347/duration_0p375659107651.checkpoint.npz,6826d8e7972fab3875c194fca31fa0837bcb904f9ae8558c4d2fb583d35c61ef
348,wave_pinning,29.0,201,3.0,fixed_20pct,physical,15.0,0.2,4.0,0.4,polarized,0.4311505866720619,0.18788077928957425,190.18788077928957,0.4311505866720619,0.9501895305176764,190.0,2,37,0,False,0.005617289668263223,False,work/cases/case_0348/duration_0p18788077929.checkpoint.npz,957c86a2da9b08395227d44f4deed2ac256de1de3c7087bb0442c8be7db107d8
349,wave_pinning,29.0,201,3.0,fixed_20pct,physical,15.0,0.2,10.0,1.0,polarized,0.4311505866720659,0.0754327251504593,185.07543272515045,0.43115058667206274,0.9501895305176764,185.0,2,31,0,False,0.005617289668263147,False,work/cases/case_0349/duration_0p0754327251505.checkpoint.npz,2f375ca261b3c6f98366770b3f5da28883dc6d63de25d861657e650b75463850
350,wave_pinning,29.0,201,5.800000000000001,relative_20pct,relative,15.0,0.2,0.1,0.010000000000000002,polarized,0.43115058667206524,6.423880116800874,226.4238801168009,0.4311505866720602,0.9501895305176764,220.0,2,36,0,False,0.005617289668263102,False,work/cases/case_0350/duration_6p4238801168.checkpoint.npz,fddc45ac982fadd38b3996761cf3db60b42a832b9cca06be82831828abb66b2f
351,wave_pinning,29.0,201,5.800000000000001,relative_20pct,relative,15.0,0.2,0.25,0.025,polarized,0.43115058667206135,2.479418421850056,187.47941842185006,0.43115058667206063,0.9501895305176762,185.0,2,33,0,False,0.005617289668263227,False,work/cases/case_0351/duration_2p47941842185.checkpoint.npz,637f92e8782fd4f67d3920efca2fc034d0a6c9ea8b14edd227d198e6f19400fe
352,wave_pinning,29.0,201,5.800000000000001,relative_20pct,relative,15.0,0.2,0.5,0.05,polarized,0.43115058667206174,1.2261550268177508,191.22615502681776,0.4311505866720607,0.9501895305176764,190.0,2,34,0,False,0.005617289668263196,False,work/cases/case_0352/duration_1p22615502682.checkpoint.npz,326ea013bed6ce1e07b47984a169f40a127741e6ddab5aa3fc0c51974b581127
353,wave_pinning,29.0,201,5.800000000000001,relative_20pct,relative,15.0,0.2,1.0,0.1,polarized,0.4311505866720633,0.6097999406322823,200.60979994063229,0.43115058667205836,0.9501895305176764,200.0,2,34,0,False,0.005617289668263272,False,work/cases/case_0353/duration_0p609799940632.checkpoint.npz,f06ab432c62885b3d69a0e0732e19e3d324b5a018faaec89ee033c7bd65a2de6
354,wave_pinning,29.0,201,5.800000000000001,relative_20pct,relative,15.0,0.2,2.0,0.2,polarized,0.4311505866720622,0.3049831235904408,195.30498312359043,0.4311505866720597,0.950189530517676,195.0,2,36,0,False,0.005617289668263182,False,work/cases/case_0354/duration_0p30498312359.checkpoint.npz,9823d7620ab86998e98dc23b12ca999375612aae0f88b3f199a4200f3215f45c
355,wave_pinning,29.0,201,5.800000000000001,relative_20pct,relative,15.0,0.2,4.0,0.4,polarized,0.43115058667206213,0.15253314977128085,190.15253314977127,0.43115058667206213,0.950189530517676,190.0,2,36,0,False,0.0056172896682630475,False,work/cases/case_0355/duration_0p152533149771.checkpoint.npz,96bed7669e6fe353fdf40d983ab4d8368f9a86c73be0e0472ba625399fc1d85d
356,wave_pinning,29.0,201,5.800000000000001,relative_20pct,relative,15.0,0.2,10.0,1.0,polarized,0.43115058667206324,0.060896908779122516,210.0608969087791,0.4311505866720607,0.9501895305176762,210.0,2,34,0,False,0.005617289668263213,False,work/cases/case_0356/duration_0p0608969087791.checkpoint.npz,e701e091ee8d1cd410cb8b837e4a221db481e4657a3be06927e484e9476a6f24
357,wave_pinning,31.0,201,1.5,fixed_10pct,physical,15.0,0.1,0.1,0.010000000000000002,polarized,0.4314826989584822,14.135084240613653,204.13508424061365,0.43148269895847946,0.9501913744805338,190.0,2,34,0,False,0.005617289668263263,False,work/cases/case_0357/duration_14p1350842406.checkpoint.npz,6c05ea7cae44544809cbda839449dc6c72aa23b8dbdbd948f0c2ee4145ebdfde
358,wave_pinning,31.0,201,1.5,fixed_10pct,physical,15.0,0.1,0.25,0.025,polarized,0.4314826989584844,4.9019459945632,209.9019459945632,0.4314826989584792,0.9501913744805338,205.0,2,34,0,False,0.005617289668263151,False,work/cases/case_0358/duration_4p90194599456.checkpoint.npz,26be703e735b6c3579b61dd35ca4b1c31c308350fb31149d8bdb0772a3397839
359,wave_pinning,31.0,201,1.5,fixed_10pct,physical,15.0,0.1,0.5,0.05,polarized,0.4314826989584845,2.356849787640473,192.35684978764047,0.4314826989584811,0.9501913744805343,190.0,2,36,0,False,0.005617289668263081,False,work/cases/case_0359/duration_2p35684978764.checkpoint.npz,2b686b5e29f59ab55cb4bbffe9a2b5b970b6e486d2d686dd0f827cf047a220a2
360,wave_pinning,31.0,201,1.5,fixed_10pct,physical,15.0,0.1,1.0,0.1,polarized,0.4314826989584838,1.1524831704128184,211.1524831704128,0.43148269895847746,0.9501913744805336,210.0,2,36,0,False,0.005617289668263194,False,work/cases/case_0360/duration_1p15248317041.checkpoint.npz,abace3e891c0ee711c75d508ffc6301f8096b06d60826ed5ff3aca06fdd4925f
361,wave_pinning,31.0,201,1.5,fixed_10pct,physical,15.0,0.1,2.0,0.2,polarized,0.43148269895848396,0.573160940930432,205.57316094093042,0.4314826989584796,0.9501913744805338,205.0,2,37,0,False,0.005617289668263165,False,work/cases/case_0361/duration_0p57316094093.checkpoint.npz,938e5f8750d80d0ff758078bd97249b7011531dd39b38f602d7a8c47bb6af086
362,wave_pinning,31.0,201,1.5,fixed_10pct,physical,15.0,0.1,4.0,0.4,polarized,0.4314826989584817,0.28665862758817273,205.28665862758817,0.4314826989584801,0.9501913744805338,205.0,2,36,0,False,0.005617289668263159,False,work/cases/case_0362/duration_0p286658627588.checkpoint.npz,b910cbdb0963d529c81775e6e6ed6ff6b263f5e9268970308964ab74a32e2c05
363,wave_pinning,31.0,201,1.5,fixed_10pct,physical,15.0,0.1,10.0,1.0,polarized,0.43148269895848157,0.11509129112956804,210.11509129112957,0.43148269895848035,0.9501913744805343,210.0,2,36,0,False,0.005617289668263137,False,work/cases/case_0363/duration_0p11509129113.checkpoint.npz,b6ec93c757f493d74db1ca12c4ba1c87c1a5c370e35688f9bda1fa5d73c85d9b
364,wave_pinning,31.0,201,3.0,fixed_20pct,physical,15.0,0.2,0.1,0.010000000000000002,polarized,0.4314826989584798,8.230772362493065,213.23077236249307,0.4314826989584777,0.9501913744805336,205.0,2,33,0,False,0.005617289668263292,False,work/cases/case_0364/duration_8p23077236249.checkpoint.npz,2c09e0fc488ebf1442807c18639760215c7fd416b3ab4c5ba659f4ca32984bd8
365,wave_pinning,31.0,201,3.0,fixed_20pct,physical,15.0,0.2,0.25,0.025,polarized,0.43148269895848035,3.088593898403219,198.08859389840322,0.4314826989584789,0.9501913744805338,195.0,2,35,0,False,0.005617289668263229,False,work/cases/case_0365/duration_3p0885938984.checkpoint.npz,61c35a934331234a2bdd9f52e8d89d0340f506e448806c47524b5dbe9069b30b
366,wave_pinning,31.0,201,3.0,fixed_20pct,physical,15.0,0.2,0.5,0.05,polarized,0.4314826989584841,1.5103009563087275,216.51030095630873,0.43148269895847374,0.9501913744805338,215.0,2,36,0,False,0.0056172896682631255,False,work/cases/case_0366/duration_1p51030095631.checkpoint.npz,46c5e9f0e09d93a929d4d520d9c9f99ded249819475e445163406c39df8ababe
367,wave_pinning,31.0,201,3.0,fixed_20pct,physical,15.0,0.2,1.0,0.1,polarized,0.4314826989584864,0.7511133693136431,205.75111336931366,0.43148269895847874,0.9501913744805338,205.0,2,33,0,False,0.005617289668263189,False,work/cases/case_0367/duration_0p751113369314.checkpoint.npz,d3e7e285f184e02ad23d36384ff418bcaec589a2d8fbf4eb0bb0bd701c24c483
368,wave_pinning,31.0,201,3.0,fixed_20pct,physical,15.0,0.2,2.0,0.2,polarized,0.43148269895848107,0.3756591076514252,195.37565910765142,0.4314826989584782,0.950191374480534,195.0,2,33,0,False,0.0056172896682631975,False,work/cases/case_0368/duration_0p375659107651.checkpoint.npz,df7dbf2c729e4fb139d3ef70ab5491bbf646a22ffede150f5c2d926a530a1fd2
369,wave_pinning,31.0,201,3.0,fixed_20pct,physical,15.0,0.2,4.0,0.4,polarized,0.4314826989584826,0.18788077928957425,200.18788077928957,0.4314826989584826,0.950191374480534,200.0,2,35,0,False,0.005617289668263223,False,work/cases/case_0369/duration_0p18788077929.checkpoint.npz,5a4b79058507914f7e6544898cc49467ff40a6bc923fd0bf427af5bffcca6d22
370,wave_pinning,31.0,201,3.0,fixed_20pct,physical,15.0,0.2,10.0,1.0,polarized,0.4314826989584836,0.0754327251504593,195.07543272515045,0.4314826989584794,0.950191374480534,195.0,2,36,0,False,0.005617289668263147,False,work/cases/case_0370/duration_0p0754327251505.checkpoint.npz,0a0804727d519843376c2e139753f7edbd76ebbfe4fff5ee27bcaaa948c4c584
371,wave_pinning,31.0,201,6.2,relative_20pct,relative,15.0,0.2,0.1,0.010000000000000002,polarized,0.43148269895848085,6.35191322472878,241.35191322472878,0.43148269895847907,0.950191374480534,235.0,2,33,0,False,0.005617289668263235,False,work/cases/case_0371/duration_6p35191322473.checkpoint.npz,a893cb5a874ac3e96660aeeaa6e76b1bf88be682b3b59ebe700221c030e7bf95
372,wave_pinning,31.0,201,6.2,relative_20pct,relative,15.0,0.2,0.25,0.025,polarized,0.43148269895847985,2.4516414343094315,207.45164143430944,0.4314826989584786,0.950191374480534,205.0,2,34,0,False,0.005617289668263226,False,work/cases/case_0372/duration_2p45164143431.checkpoint.npz,381e70eb78ab6ad3976d08900a785e54e08c5b865b9bd86c6b0aa7ea42874399
373,wave_pinning,31.0,201,6.2,relative_20pct,relative,15.0,0.2,0.5,0.05,polarized,0.43148269895848035,1.212418380916178,211.21241838091618,0.43148269895847946,0.9501913744805343,210.0,2,35,0,False,0.005617289668263266,False,work/cases/case_0373/duration_1p21241838092.checkpoint.npz,4f0c165d09a54fc7e56f0a984941503c7e1d7889588cf561bd5637a784101c12
374,wave_pinning,31.0,201,6.2,relative_20pct,relative,15.0,0.2,1.0,0.1,polarized,0.4314826989584822,0.6029683364125403,240.60296833641254,0.43148269895847696,0.950191374480534,240.0,2,34,0,False,0.005617289668263118,False,work/cases/case_0374/duration_0p602968336413.checkpoint.npz,886e00c691403fec344abeb48d3a31f17b2e4e2af849a0229ca0779eafd08b2a
375,wave_pinning,31.0,201,6.2,relative_20pct,relative,15.0,0.2,2.0,0.2,polarized,0.4314826989584846,0.3015663899123263,220.30156638991232,0.4314826989584816,0.950191374480534,220.0,2,35,0,False,0.005617289668263182,False,work/cases/case_0375/duration_0p301566389912.checkpoint.npz,8284a663cfb96defa2248ad72705bdbef91d2602ae556057711fc6285e1d0a6c
376,wave_pinning,31.0,201,6.2,relative_20pct,relative,15.0,0.2,4.0,0.4,polarized,0.43148269895848235,0.15082431702107177,215.15082431702106,0.4314826989584795,0.950191374480534,215.0,2,36,0,False,0.005617289668263182,False,work/cases/case_0376/duration_0p150824317021.checkpoint.npz,eec8c131d1988db809ecca5d8cce52ed3fdcad4a816ca5e87e025a9856352464
377,wave_pinning,31.0,201,6.2,relative_20pct,relative,15.0,0.2,10.0,1.0,polarized,0.4314826989584836,0.060554833202608384,200.06055483320262,0.43148269895847857,0.9501913744805338,200.0,2,34,0,False,0.005617289668263147,False,work/cases/case_0377/duration_0p0605548332026.checkpoint.npz,ac2a99e5fa062941a10cb58db438d2b4818fc6c3142da4c00f9eba714a57aec7
378,wave_pinning,33.0,201,1.5,fixed_10pct,physical,15.0,0.1,0.1,0.010000000000000002,polarized,0.4317562798134307,14.135084240613653,214.13508424061365,0.43175627981343,0.9501921294239315,200.0,2,36,0,False,0.005617289668263263,False,work/cases/case_0378/duration_14p1350842406.checkpoint.npz,edfc58a5e5b528505c5248d4b99ade7e0effc60dfed01bae22be5efa0631500d
379,wave_pinning,33.0,201,1.5,fixed_10pct,physical,15.0,0.1,0.25,0.025,polarized,0.43175627981343184,4.9019459945632,219.9019459945632,0.43175627981342946,0.9501921294239313,215.0,2,36,0,False,0.005617289668263151,False,work/cases/case_0379/duration_4p90194599456.checkpoint.npz,4133a5171f0cbb78361b67817f3e17a4e00eb2932e2a629d949e866097409d86
380,wave_pinning,33.0,201,1.5,fixed_10pct,physical,15.0,0.1,0.5,0.05,polarized,0.43175627981343295,2.343610679678712,242.3436106796787,0.4317562798134286,0.9501921294239315,240.0,2,34,0,False,0.005617289668263256,False,work/cases/case_0380/duration_2p34361067968.checkpoint.npz,2ce06fe11c27dda25e67ebdc7c3dbef7b0ff54ed933106797626fbc39bc9fca7
381,wave_pinning,33.0,201,1.5,fixed_10pct,physical,15.0,0.1,1.0,0.1,polarized,0.4317562798134361,1.1524831704128184,216.1524831704128,0.43175627981343184,0.9501921294239315,215.0,2,34,0,False,0.005617289668263194,False,work/cases/case_0381/duration_1p15248317041.checkpoint.npz,2b76519f4fa7a80d4c3ce0f3b4ba9d7070d1df9147aead13f14270bbea22582f
382,wave_pinning,33.0,201,1.5,fixed_10pct,physical,15.0,0.1,2.0,0.2,polarized,0.4317562798134351,0.573160940930432,215.57316094093042,0.4317562798134315,0.9501921294239313,215.0,2,36,0,False,0.005617289668263165,False,work/cases/case_0382/duration_0p57316094093.checkpoint.npz,869bec876a6aaea5728f34430b1de6908e01b9e16352b4780a7b9347007ea0fe
383,wave_pinning,33.0,201,1.5,fixed_10pct,physical,15.0,0.1,4.0,0.4,polarized,0.4317562798134343,0.28665862758817273,215.28665862758817,0.4317562798134302,0.9501921294239315,215.0,2,35,0,False,0.005617289668263159,False,work/cases/case_0383/duration_0p286658627588.checkpoint.npz,28913d01db82459739529e8e10819ffc63f6db634e13faf93c348728b9d0ff51
384,wave_pinning,33.0,201,1.5,fixed_10pct,physical,15.0,0.1,10.0,1.0,polarized,0.4317562798134324,0.11509129112956804,220.11509129112957,0.4317562798134308,0.9501921294239313,220.0,2,34,0,False,0.005617289668263137,False,work/cases/case_0384/duration_0p11509129113.checkpoint.npz,f28061ad06f1d2f92349aa9cbdf0516c6a75c9cfeb41c3664892bbdb89bd7b07
385,wave_pinning,33.0,201,3.0,fixed_20pct,physical,15.0,0.2,0.1,0.010000000000000002,polarized,0.4317562798134327,8.230772362493065,223.23077236249307,0.4317562798134312,0.9501921294239313,215.0,2,35,0,False,0.005617289668263292,False,work/cases/case_0385/duration_8p23077236249.checkpoint.npz,9f0eb43af7f2977cb999ff200fbbcab876bc487732cee5057416ecab9fd80d0d
386,wave_pinning,33.0,201,3.0,fixed_20pct,physical,15.0,0.2,0.25,0.025,polarized,0.4317562798134331,3.088593898403219,208.08859389840322,0.43175627981342823,0.9501921294239315,205.0,2,34,0,False,0.005617289668263229,False,work/cases/case_0386/duration_3p0885938984.checkpoint.npz,0d1d12ed932daed4dc12f4f40b8eedbe47a9a630cd8f35b26d7ac06e9c14747a
387,wave_pinning,33.0,201,3.0,fixed_20pct,physical,15.0,0.2,0.5,0.05,polarized,0.431756279813433,1.5103009563087275,226.51030095630873,0.43175627981342846,0.9501921294239315,225.0,2,35,0,False,0.0056172896682631255,False,work/cases/case_0387/duration_1p51030095631.checkpoint.npz,3a4f37594aa3df03c72e8ff6d6df0d7928c4841651d9aaf51645a37948741be0
388,wave_pinning,33.0,201,3.0,fixed_20pct,physical,15.0,0.2,1.0,0.1,polarized,0.43175627981343634,0.7511133693136431,215.75111336931366,0.43175627981342857,0.9501921294239315,215.0,2,35,0,False,0.005617289668263189,False,work/cases/case_0388/duration_0p751113369314.checkpoint.npz,41994a160cf27add05a6fd87a5773edf19922a98dc08ec5d155c66a136a57523
389,wave_pinning,33.0,201,3.0,fixed_20pct,physical,15.0,0.2,2.0,0.2,polarized,0.43175627981343223,0.3756591076514252,210.37565910765142,0.4317562798134291,0.9501921294239313,210.0,2,36,0,False,0.0056172896682631975,False,work/cases/case_0389/duration_0p375659107651.checkpoint.npz,788fc23d36d4e3e09e2ecebf884bd277537a61c9fb346dd35e208f019e8f3144
390,wave_pinning,33.0,201,3.0,fixed_20pct,physical,15.0,0.2,4.0,0.4,polarized,0.43175627981344006,0.18788077928957425,210.18788077928957,0.4317562798134306,0.9501921294239315,210.0,2,37,0,False,0.005617289668263223,False,work/cases/case_0390/duration_0p18788077929.checkpoint.npz,8db900676c00db8d119c286abc0ce8db4d6529dedb008ab1249b571a9cc2df01
391,wave_pinning,33.0,201,3.0,fixed_20pct,physical,15.0,0.2,10.0,1.0,polarized,0.4317562798134356,0.0754327251504593,205.07543272515045,0.4317562798134316,0.9501921294239315,205.0,2,33,0,False,0.005617289668263147,False,work/cases/case_0391/duration_0p0754327251505.checkpoint.npz,e009595b0d78f354c1e83e64723f75e68f370adf769ec1dcf0e2d47652361610
392,wave_pinning,33.0,201,6.6000000000000005,relative_20pct,relative,15.0,0.2,0.1,0.010000000000000002,polarized,0.431756279813432,6.316232688197807,226.3162326881978,0.4317562798134313,0.9501921294239313,220.0,2,32,0,False,0.005617289668263119,False,work/cases/case_0392/duration_6p3162326882.checkpoint.npz,9992def493ae2348081293249590e519f448b11acb6e046f76e776a16ba067df
393,wave_pinning,33.0,201,6.6000000000000005,relative_20pct,relative,15.0,0.2,0.25,0.025,polarized,0.4317562798134319,2.437869854210199,217.4378698542102,0.4317562798134312,0.9501921294239313,215.0,2,37,0,False,0.005617289668263244,False,work/cases/case_0393/duration_2p43786985421.checkpoint.npz,98b2392824209d40bf248ffd7b7005c6d5ded665b9222652c5b24244b9ed4a14
394,wave_pinning,33.0,201,6.6000000000000005,relative_20pct,relative,15.0,0.2,0.5,0.05,polarized,0.4317562798134323,1.205607875671445,221.20560787567143,0.43175627981342996,0.9501921294239315,220.0,2,35,0,False,0.0056172896682631125,False,work/cases/case_0394/duration_1p20560787567.checkpoint.npz,72e0956620908ea2a2b9656c9b8f5d4fc267164d99c678c6a1e9dbf05ad56e0b
395,wave_pinning,33.0,201,6.6000000000000005,relative_20pct,relative,15.0,0.2,1.0,0.1,polarized,0.4317562798134334,0.5995812886061204,235.59958128860612,0.4317562798134305,0.9501921294239313,235.0,2,33,0,False,0.005617289668263154,False,work/cases/case_0395/duration_0p599581288606.checkpoint.npz,a38240a6fd05a8ab4fb87b93daa6f1bb40623a372986246a8fa3ded09a4194f0
396,wave_pinning,33.0,201,6.6000000000000005,relative_20pct,relative,15.0,0.2,2.0,0.2,polarized,0.43175627981343456,0.2998724041459764,225.299872404146,0.43175627981343134,0.9501921294239315,225.0,2,35,0,False,0.0056172896682631385,False,work/cases/case_0396/duration_0p299872404146.checkpoint.npz,369b68d26de81d9bab9e2318806df9a170188fc11b07492409952830768c2e45
397,wave_pinning,33.0,201,6.6000000000000005,relative_20pct,relative,15.0,0.2,4.0,0.4,polarized,0.4317562798134358,0.14997709314334645,220.14997709314335,0.43175627981343057,0.9501921294239315,220.0,2,35,0,False,0.005617289668263285,False,work/cases/case_0397/duration_0p149977093143.checkpoint.npz,b95406fc1e5c2cfa56719c01a077bc9ad36b0e5d3275ad0a4430910d4e537ad0
398,wave_pinning,33.0,201,6.6000000000000005,relative_20pct,relative,15.0,0.2,10.0,1.0,polarized,0.43175627981343206,0.05987643586855196,245.05987643586855,0.43175627981342857,0.9501921294239315,245.0,2,36,0,False,0.005617289668263136,False,work/cases/case_0398/duration_0p0598764358686.checkpoint.npz,986db3634be8f62f036c8755932349fc2dc6f6794d64431743a4621b8d7c1681
399,wave_pinning,35.0,201,1.5,fixed_10pct,physical,15.0,0.1,0.1,0.010000000000000002,polarized,0.4319843161044728,14.135084240613653,229.13508424061365,0.43198431610447263,0.9501924387233172,215.0,2,34,0,False,0.005617289668263263,False,work/cases/case_0399/duration_14p1350842406.checkpoint.npz,2eb62197d07e4e491fc4e7377875d31a5a2aa9075766a207b0e13f8aaec12706
400,wave_pinning,35.0,201,1.5,fixed_10pct,physical,15.0,0.1,0.25,0.025,polarized,0.4319843161044735,4.9019459945632,229.9019459945632,0.4319843161044722,0.9501924387233172,225.0,2,34,0,False,0.005617289668263151,False,work/cases/case_0400/duration_4p90194599456.checkpoint.npz,ab28c8b0786f73f08e931d17fab7afde9c624602377cfdbb41b1ede6bd3bc544
401,wave_pinning,35.0,201,1.5,fixed_10pct,physical,15.0,0.1,0.5,0.05,polarized,0.4319843161044747,2.343610679678712,252.3436106796787,0.43198431610447086,0.9501924387233169,250.0,2,34,0,False,0.005617289668263256,False,work/cases/case_0401/duration_2p34361067968.checkpoint.npz,8a9526bff2a2027c92a23b4969362453bfdead5593da5188de9546308e7cbf1b
402,wave_pinning,35.0,201,1.5,fixed_10pct,physical,15.0,0.1,1.0,0.1,polarized,0.43198431610447435,1.1524831704128184,231.1524831704128,0.4319843161044725,0.9501924387233169,230.0,2,34,0,False,0.005617289668263194,False,work/cases/case_0402/duration_1p15248317041.checkpoint.npz,bd40562f61786dc886d83b2b6bef7b193ff1cb3d33a4e5d72fa57dbcb6b92933
403,wave_pinning,35.0,201,1.5,fixed_10pct,physical,15.0,0.1,2.0,0.2,polarized,0.43198431610447807,0.573160940930432,225.57316094093042,0.4319843161044704,0.9501924387233172,225.0,2,37,0,False,0.005617289668263165,False,work/cases/case_0403/duration_0p57316094093.checkpoint.npz,424ce181bbf1ba23b49f397693d552f94db7adcccb731462eadb4275b195b639
404,wave_pinning,35.0,201,1.5,fixed_10pct,physical,15.0,0.1,4.0,0.4,polarized,0.4319843161044758,0.28665862758817273,225.28665862758817,0.4319843161044686,0.9501924387233172,225.0,2,34,0,False,0.005617289668263159,False,work/cases/case_0404/duration_0p286658627588.checkpoint.npz,7ba32f9efe88d76dfea9ba99b47e58f226496abca4b3c1c2edca977d49a1dcd0
405,wave_pinning,35.0,201,1.5,fixed_10pct,physical,15.0,0.1,10.0,1.0,polarized,0.43198431610447624,0.11509129112956804,230.11509129112957,0.4319843161044743,0.9501924387233172,230.0,2,37,0,False,0.005617289668263137,False,work/cases/case_0405/duration_0p11509129113.checkpoint.npz,9f08656a4b11ee5552ee0d6b0dd4cbf8a33b8ecf3b2f77236bcdc2b738dab8a4
406,wave_pinning,35.0,201,3.0,fixed_20pct,physical,15.0,0.2,0.1,0.010000000000000002,polarized,0.4319843161044746,8.230772362493065,238.23077236249307,0.43198431610447,0.9501924387233167,230.0,2,32,0,False,0.005617289668263292,False,work/cases/case_0406/duration_8p23077236249.checkpoint.npz,48f241aad04789f6ea182ce56eb551c7315d2660118ab94bd1bfc2a9e96a082c
407,wave_pinning,35.0,201,3.0,fixed_20pct,physical,15.0,0.2,0.25,0.025,polarized,0.43198431610447274,3.0712443718082576,293.07124437180823,0.4319843161044663,0.9501924387233167,290.0,2,34,0,False,0.005617289668263229,False,work/cases/case_0407/duration_3p07124437181.checkpoint.npz,ee66dbc7dec133129b419d01bfe63585032211af936297a6f2518974eb9400be
408,wave_pinning,35.0,201,3.0,fixed_20pct,physical,15.0,0.2,0.5,0.05,polarized,0.4319843161044752,1.5103009563087275,236.51030095630873,0.43198431610447113,0.9501924387233167,235.0,2,34,0,False,0.0056172896682631255,False,work/cases/case_0408/duration_1p51030095631.checkpoint.npz,eaaabaf9116643b13ee53bbe91c3de5caf46284722df6244ad3700fbc0c9dae6
409,wave_pinning,35.0,201,3.0,fixed_20pct,physical,15.0,0.2,1.0,0.1,polarized,0.43198431610447324,0.7511133693136431,225.75111336931366,0.43198431610446936,0.9501924387233165,225.0,2,34,0,False,0.005617289668263189,False,work/cases/case_0409/duration_0p751113369314.checkpoint.npz,a2bc3c501f1f89a3a1a9bd25f015094ba2d45c4ab5346755c9ddf193818b4d0d
410,wave_pinning,35.0,201,3.0,fixed_20pct,physical,15.0,0.2,2.0,0.2,polarized,0.43198431610447413,0.3756591076514252,220.37565910765142,0.4319843161044724,0.9501924387233172,220.0,2,34,0,False,0.0056172896682631975,False,work/cases/case_0410/duration_0p375659107651.checkpoint.npz,83b471d8de30d99edee47188eebdf72c2e3b855347557ef0f866ffdbd0bb216d
411,wave_pinning,35.0,201,3.0,fixed_20pct,physical,15.0,0.2,4.0,0.4,polarized,0.43198431610447463,0.18788077928957425,225.18788077928957,0.4319843161044727,0.9501924387233169,225.0,2,36,0,False,0.005617289668263223,False,work/cases/case_0411/duration_0p18788077929.checkpoint.npz,7726e72dbe6916522c3547310b6f17d237ed4052d496d6d2782c8883c44955c8
412,wave_pinning,35.0,201,3.0,fixed_20pct,physical,15.0,0.2,10.0,1.0,polarized,0.4319843161044737,0.0750089976828227,315.0750089976828,0.4319843161044702,0.9501924387233167,315.0,2,34,0,False,0.0056172896682631585,False,work/cases/case_0412/duration_0p0750089976828.checkpoint.npz,6237a68ae1a3f6d95e49c0aaa32b252e9e53c132cff15b8a2d1ae3228144f66f
413,wave_pinning,35.0,201,7.0,relative_20pct,relative,15.0,0.2,0.1,0.010000000000000002,polarized,0.43198431610447247,6.280752579576047,241.28075257957605,0.43198431610447247,0.9501924387233169,235.0,2,36,0,False,0.005617289668263256,False,work/cases/case_0413/duration_6p28075257958.checkpoint.npz,ae82484ea60def500f90e697e8420be65691a1d2ce149b6b1258184858908101
414,wave_pinning,35.0,201,7.0,relative_20pct,relative,15.0,0.2,0.25,0.025,polarized,0.43198431610447546,2.4241756330655737,232.42417563306557,0.4319843161044711,0.9501924387233169,230.0,2,35,0,False,0.0056172896682631064,False,work/cases/case_0414/duration_2p42417563307.checkpoint.npz,e2477c9565344aaf3520b26c0cd3998ccc810c8fb9227e89c4395fdc04c4107c
415,wave_pinning,35.0,201,7.0,relative_20pct,relative,15.0,0.2,0.5,0.05,polarized,0.4319843161044764,1.1988356270074592,241.19883562700747,0.43198431610447235,0.9501924387233169,240.0,2,35,0,False,0.005617289668263185,False,work/cases/case_0415/duration_1p19883562701.checkpoint.npz,190a26cc7c0e9b85704e9654b2a96c584f030032b101ba2124c397a0f3d2b59d
416,wave_pinning,35.0,201,7.0,relative_20pct,relative,15.0,0.2,1.0,0.1,polarized,0.43198431610447463,0.5995812886061204,225.59958128860612,0.43198431610447063,0.9501924387233169,225.0,2,36,0,False,0.005617289668263154,False,work/cases/case_0416/duration_0p599581288606.checkpoint.npz,cec7663fe812a9fa3d38cd942e8e6abf9ec6710bc731e60f3228330b0be0e8e2
417,wave_pinning,35.0,201,7.0,relative_20pct,relative,15.0,0.2,2.0,0.2,polarized,0.4319843161044732,0.29818793398836996,255.29818793398837,0.43198431610447113,0.9501924387233169,255.0,2,35,0,False,0.005617289668263204,False,work/cases/case_0417/duration_0p298187933988.checkpoint.npz,94b55df06062caec3cf322cd57d4e23f76466d253a006e77cb6d17b1fb8d801d
418,wave_pinning,35.0,201,7.0,relative_20pct,relative,15.0,0.2,4.0,0.4,polarized,0.4319843161044752,0.14913462836755617,245.14913462836756,0.4319843161044709,0.9501924387233169,245.0,2,36,0,False,0.005617289668263258,False,work/cases/case_0418/duration_0p149134628368.checkpoint.npz,cbba1278b21aa2cf45529bbcc4f244d6b77f1475bc098faf796108968c5c0aa6
419,wave_pinning,35.0,201,7.0,relative_20pct,relative,15.0,0.2,10.0,1.0,polarized,0.4319843161044731,0.05987643586855196,225.05987643586855,0.4319843161044716,0.9501924387233169,225.0,2,36,0,False,0.005617289668263136,False,work/cases/case_0419/duration_0p0598764358686.checkpoint.npz,af41bfe5af26f633e11bce09dd8a853765720f6cacfb7228dd83a380b5962556
420,wave_pinning,37.0,201,1.5,fixed_10pct,physical,15.0,0.1,0.1,0.010000000000000002,polarized,0.43217638332571234,14.055683377948823,284.0556833779488,0.4321763833257104,0.9501925655369832,270.0,2,33,0,False,0.005617289668263183,False,work/cases/case_0420/duration_14p0556833779.checkpoint.npz,817d076c8bef3ebfd4001a58a40bdddbdafe20175a52a85d7eebe3a8f12ee6dd
421,wave_pinning,37.0,201,1.5,fixed_10pct,physical,15.0,0.1,0.25,0.025,polarized,0.43217638332571034,4.9019459945632,244.9019459945632,0.4321763833257096,0.9501925655369832,240.0,2,36,0,False,0.005617289668263151,False,work/cases/case_0421/duration_4p90194599456.checkpoint.npz,71796c368171662d3c7d9ed4b0cd9f4efaf5a6da8b7de5c915232506aecae446
422,wave_pinning,37.0,201,1.5,fixed_10pct,physical,15.0,0.1,0.5,0.05,polarized,0.4321763833257138,2.343610679678712,257.3436106796787,0.4321763833257099,0.9501925655369832,255.0,2,35,0,False,0.005617289668263256,False,work/cases/case_0422/duration_2p34361067968.checkpoint.npz,a09c8430b19bcc2178a7cbb0f129104313b1920a597d22238cd95e681e15044f
423,wave_pinning,37.0,201,1.5,fixed_10pct,physical,15.0,0.1,1.0,0.1,polarized,0.432176383325713,1.1524831704128184,241.1524831704128,0.4321763833257112,0.950192565536983,240.0,2,36,0,False,0.005617289668263194,False,work/cases/case_0423/duration_1p15248317041.checkpoint.npz,c4b0002dd3434beedd8f9049d863e15cdddbac1d5a56dae393e175abd73688ba
424,wave_pinning,37.0,201,1.5,fixed_10pct,physical,15.0,0.1,2.0,0.2,polarized,0.4321763833257136,0.573160940930432,240.57316094093042,0.43217638332571084,0.9501925655369832,240.0,2,34,0,False,0.005617289668263165,False,work/cases/case_0424/duration_0p57316094093.checkpoint.npz,731ab7e5461e5fe85696355659d0857034c809895e6f03248747986d1d2246cf
425,wave_pinning,37.0,201,1.5,fixed_10pct,physical,15.0,0.1,4.0,0.4,polarized,0.4321763833257119,0.28665862758817273,240.28665862758817,0.43217638332570935,0.950192565536983,240.0,2,35,0,False,0.005617289668263159,False,work/cases/case_0425/duration_0p286658627588.checkpoint.npz,de19a78810a7e3fb2f7dda2cdf90825b9fee4efbe9fc533c2e06fb6afba8fdae
426,wave_pinning,37.0,201,1.5,fixed_10pct,physical,15.0,0.1,10.0,1.0,polarized,0.4321763833257122,0.11509129112956804,240.11509129112957,0.4321763833257098,0.9501925655369832,240.0,2,37,0,False,0.005617289668263137,False,work/cases/case_0426/duration_0p11509129113.checkpoint.npz,41479f25a83db0e8a0873637d6d9c11674e986c72ac4c4956d07760bd36f30ff
427,wave_pinning,37.0,201,3.0,fixed_20pct,physical,15.0,0.2,0.1,0.010000000000000002,polarized,0.43217638332571207,8.230772362493065,248.23077236249307,0.432176383325707,0.9501925655369832,240.0,2,33,0,False,0.005617289668263292,False,work/cases/case_0427/duration_8p23077236249.checkpoint.npz,eb89d0954a0b9cebf4315c79f0dc2e5426f3e61a22bcae387d86ef2b45f70807
428,wave_pinning,37.0,201,3.0,fixed_20pct,physical,15.0,0.2,0.25,0.025,polarized,0.432176383325712,3.0712443718082576,283.07124437180823,0.4321763833257095,0.9501925655369832,280.0,2,35,0,False,0.005617289668263229,False,work/cases/case_0428/duration_3p07124437181.checkpoint.npz,3a76c13e63e58030d155dd847e3e1363f55f580bd4926210cd9cd5d5f3bd0ca0
429,wave_pinning,37.0,201,3.0,fixed_20pct,physical,15.0,0.2,0.5,0.05,polarized,0.4321763833257134,1.5103009563087275,246.51030095630873,0.4321763833257088,0.950192565536983,245.0,2,32,0,False,0.0056172896682631255,False,work/cases/case_0429/duration_1p51030095631.checkpoint.npz,86a4108367fb34a3c2bdd18ccae61493dbc590087fd70f17ef7412c8816cfa88
430,wave_pinning,37.0,201,3.0,fixed_20pct,physical,15.0,0.2,1.0,0.1,polarized,0.4321763833257133,0.7511133693136431,240.75111336931366,0.4321763833257098,0.9501925655369832,240.0,2,34,0,False,0.005617289668263189,False,work/cases/case_0430/duration_0p751113369314.checkpoint.npz,19246b70ae89609a9849be5414254a14e9fa760bd8764b226f26a5ac8745e7b2
431,wave_pinning,37.0,201,3.0,fixed_20pct,physical,15.0,0.2,2.0,0.2,polarized,0.43217638332571257,0.3756591076514252,235.37565910765142,0.4321763833257098,0.9501925655369834,235.0,2,37,0,False,0.0056172896682631975,False,work/cases/case_0431/duration_0p375659107651.checkpoint.npz,bd069f81742d8bef20804f9cf60325950cd52b19221ff5eedec942ac86493c62
432,wave_pinning,37.0,201,3.0,fixed_20pct,physical,15.0,0.2,4.0,0.4,polarized,0.4321763833257113,0.18788077928957425,240.18788077928957,0.43217638332571,0.9501925655369832,240.0,2,36,0,False,0.005617289668263223,False,work/cases/case_0432/duration_0p18788077929.checkpoint.npz,9c6e30ccc6235fd06641fd4b761bb38f002e6bef891ebd8860fcd138511a4607
433,wave_pinning,37.0,201,3.0,fixed_20pct,physical,15.0,0.2,10.0,1.0,polarized,0.4321763833257132,0.0750089976828227,285.0750089976828,0.43217638332571084,0.9501925655369832,285.0,2,32,0,False,0.0056172896682631585,False,work/cases/case_0433/duration_0p0750089976828.checkpoint.npz,3bf74e9d996dd14ed29afb1ecaa4adba878e5b3b3b5c06a079c18d2907a53240
434,wave_pinning,37.0,201,7.4,relative_20pct,relative,15.0,0.2,0.1,0.010000000000000002,polarized,0.43217638332571107,6.245471773001877,291.2454717730019,0.43217638332570946,0.9501925655369832,285.0,2,35,0,False,0.005617289668263154,False,work/cases/case_0434/duration_6p245471773.checkpoint.npz,f460ca92cdfeebd9c8fd289210b0acd59ac3990beaaf1474c698a724276b490e
435,wave_pinning,37.0,201,7.4,relative_20pct,relative,15.0,0.2,0.25,0.025,polarized,0.43217638332571706,2.4105583363278993,287.4105583363279,0.4321763833257042,0.950192565536983,285.0,2,32,0,False,0.005617289668263258,False,work/cases/case_0435/duration_2p41055833633.checkpoint.npz,698baddc7d2b1f6cb5b30f551fce52571731d4c944235e3cdc125ab1db06fde5
436,wave_pinning,37.0,201,7.4,relative_20pct,relative,15.0,0.2,0.5,0.05,polarized,0.43217638332571395,1.1988356270074592,246.19883562700747,0.4321763833257106,0.950192565536983,245.0,2,35,0,False,0.005617289668263185,False,work/cases/case_0436/duration_1p19883562701.checkpoint.npz,dbacf1eb437d065ea80907d7e16698768566ad55386851537c4903f3a7237d27
437,wave_pinning,37.0,201,7.4,relative_20pct,relative,15.0,0.2,1.0,0.1,polarized,0.43217638332571146,0.5962132668283493,255.59621326682836,0.43217638332571146,0.950192565536983,255.0,2,36,0,False,0.005617289668263245,False,work/cases/case_0437/duration_0p596213266828.checkpoint.npz,0ee54ddd99404278f4149e2ac58c27d8515bdd29faf2c8c620d0c8fe2bf67543
438,wave_pinning,37.0,201,7.4,relative_20pct,relative,15.0,0.2,2.0,0.2,polarized,0.4321763833257124,0.29818793398836996,250.29818793398837,0.43217638332570985,0.9501925655369834,250.0,2,33,0,False,0.005617289668263204,False,work/cases/case_0438/duration_0p298187933988.checkpoint.npz,245153eb9f7727a310deb18614675f267e24d3c3552da672e5d56865ceb4c33d
439,wave_pinning,37.0,201,7.4,relative_20pct,relative,15.0,0.2,4.0,0.4,polarized,0.43217638332571306,0.14913462836755617,245.14913462836756,0.4321763833257081,0.9501925655369834,245.0,2,37,0,False,0.005617289668263258,False,work/cases/case_0439/duration_0p149134628368.checkpoint.npz,af6495226373e3fd56bced852e18e59c6b38f20b03f8708ad472abe8486bf4c1
440,wave_pinning,37.0,201,7.4,relative_20pct,relative,15.0,0.2,10.0,1.0,polarized,0.4321763833257112,0.05954009258397512,260.059540092584,0.43217638332570796,0.9501925655369832,260.0,2,34,0,False,0.005617289668263161,False,work/cases/case_0440/duration_0p059540092584.checkpoint.npz,f4dfb647f30dfb9dde96c2e7ade3d6305adcda5a8065e719e3771297b3f2447e
441,wave_pinning,39.0,201,1.5,fixed_10pct,physical,15.0,0.1,0.1,0.010000000000000002,polarized,0.4323396668006853,14.055683377948823,294.0556833779488,0.43233966680068453,0.950192617571928,280.0,2,35,0,False,0.005617289668263183,False,work/cases/case_0441/duration_14p0556833779.checkpoint.npz,e0d3c75bf8b4e95c345724e6c40ed14ea2242a40e88ec031de2e1b0fb25d0403
442,wave_pinning,39.0,201,1.5,fixed_10pct,physical,15.0,0.1,0.25,0.025,polarized,0.4323396668006862,4.9019459945632,254.9019459945632,0.43233966680068375,0.950192617571928,250.0,2,32,0,False,0.005617289668263151,False,work/cases/case_0442/duration_4p90194599456.checkpoint.npz,b8c59430f264525a7bf89eada47fdc21f969378200cdf156ad258a7358f455ab
443,wave_pinning,39.0,201,1.5,fixed_10pct,physical,15.0,0.1,0.5,0.05,polarized,0.4323396668006852,2.343610679678712,267.3436106796787,0.4323396668006848,0.9501926175719282,265.0,2,33,0,False,0.005617289668263256,False,work/cases/case_0443/duration_2p34361067968.checkpoint.npz,191aaccc4a3a71db02bf758c48353d96b7f14dd588c8e7b93a4dfb0e3f2339cd
444,wave_pinning,39.0,201,1.5,fixed_10pct,physical,15.0,0.1,1.0,0.1,polarized,0.43233966680068536,1.1524831704128184,256.15248317041284,0.4323396668006846,0.9501926175719284,255.0,2,35,0,False,0.005617289668263194,False,work/cases/case_0444/duration_1p15248317041.checkpoint.npz,de44d531b02fc6054f884604b3046a289371d2e268e4cd4f6c6c5c8c1ed2c724
445,wave_pinning,39.0,201,1.5,fixed_10pct,physical,15.0,0.1,2.0,0.2,polarized,0.4323396668006862,0.573160940930432,250.57316094093042,0.43233966680068375,0.9501926175719282,250.0,2,33,0,False,0.005617289668263165,False,work/cases/case_0445/duration_0p57316094093.checkpoint.npz,f7298fa5d5d4dc5cc36a8577b6e0972aae4ea9736125905f24f973f9ef3738e3
446,wave_pinning,39.0,201,1.5,fixed_10pct,physical,15.0,0.1,4.0,0.4,polarized,0.43233966680068703,0.28665862758817273,250.28665862758817,0.4323396668006844,0.9501926175719282,250.0,2,34,0,False,0.005617289668263159,False,work/cases/case_0446/duration_0p286658627588.checkpoint.npz,2d5486ddda96388dfce9dfadb12897a0b21601d28b7f3642de824300d8c4f7f4
447,wave_pinning,39.0,201,1.5,fixed_10pct,physical,15.0,0.1,10.0,1.0,polarized,0.4323396668006879,0.11509129112956804,255.11509129112957,0.43233966680068453,0.950192617571928,255.0,2,34,0,False,0.005617289668263137,False,work/cases/case_0447/duration_0p11509129113.checkpoint.npz,fc422c9036bf93e69fb896ea20cf270bb05e5702f2763226135186b1b0c999d8
448,wave_pinning,39.0,201,3.0,fixed_20pct,physical,15.0,0.2,0.1,0.010000000000000002,polarized,0.4323396668006868,8.230772362493065,263.23077236249304,0.4323396668006836,0.9501926175719282,255.0,2,33,0,False,0.005617289668263292,False,work/cases/case_0448/duration_8p23077236249.checkpoint.npz,fa781cad19fc090f90bf7805da8ecbfa08ca173614c7be8bfb10d3744f2a0829
449,wave_pinning,39.0,201,3.0,fixed_20pct,physical,15.0,0.2,0.25,0.025,polarized,0.432339666800686,3.0712443718082576,288.07124437180823,0.4323396668006833,0.9501926175719277,285.0,2,36,0,False,0.005617289668263229,False,work/cases/case_0449/duration_3p07124437181.checkpoint.npz,1f6b9c915e7f68d2b4b55628522e46451a1c0912631e03bef3c6d2aeeb29b204
450,wave_pinning,39.0,201,3.0,fixed_20pct,physical,15.0,0.2,0.5,0.05,polarized,0.4323396668006846,1.5103009563087275,261.51030095630875,0.4323396668006845,0.9501926175719282,260.0,2,35,0,False,0.0056172896682631255,False,work/cases/case_0450/duration_1p51030095631.checkpoint.npz,fef02edf90ad7d7739125ee37f28068c945e3dbdd21ebcb128322b78e6ac9d7b
451,wave_pinning,39.0,201,3.0,fixed_20pct,physical,15.0,0.2,1.0,0.1,polarized,0.432339666800688,0.7511133693136431,255.75111336931366,0.43233966680068636,0.9501926175719282,255.0,2,34,0,False,0.005617289668263189,False,work/cases/case_0451/duration_0p751113369314.checkpoint.npz,6331010cb8ae2f3af8966c4d7324c255af07e0a259e4c7e115f775bf8103606a
452,wave_pinning,39.0,201,3.0,fixed_20pct,physical,15.0,0.2,2.0,0.2,polarized,0.4323396668006864,0.3756591076514252,250.37565910765142,0.4323396668006841,0.950192617571928,250.0,2,33,0,False,0.0056172896682631975,False,work/cases/case_0452/duration_0p375659107651.checkpoint.npz,fbf37d1e27d298118a13dd170e3d52f674c9e747533757da202b3d8f0ef3979f
453,wave_pinning,39.0,201,3.0,fixed_20pct,physical,15.0,0.2,4.0,0.4,polarized,0.4323396668006854,0.18788077928957425,250.18788077928957,0.43233966680068353,0.950192617571928,250.0,2,33,0,False,0.005617289668263223,False,work/cases/case_0453/duration_0p18788077929.checkpoint.npz,9f2c88d44f7cb5a6f3c1a1f082aa279e5cf8bf7f5468bd862a76d1cbdc345c36
454,wave_pinning,39.0,201,3.0,fixed_20pct,physical,15.0,0.2,10.0,1.0,polarized,0.43233966680068525,0.0750089976828227,290.0750089976828,0.4323396668006825,0.9501926175719277,290.0,2,34,0,False,0.0056172896682631585,False,work/cases/case_0454/duration_0p0750089976828.checkpoint.npz,8f41ea28a80fea00699b92797fc704f634c3c46594088b07b84c30610ef89366
455,wave_pinning,39.0,201,7.800000000000001,relative_20pct,relative,15.0,0.2,0.1,0.010000000000000002,polarized,0.43233966680068636,6.245471773001877,281.2454717730019,0.4323396668006854,0.9501926175719277,275.0,2,34,0,False,0.005617289668263154,False,work/cases/case_0455/duration_6p245471773.checkpoint.npz,4863562afbc53a7516bf336c3e1caa9956a8bd639da126dbe054651e936a5435
456,wave_pinning,39.0,201,7.800000000000001,relative_20pct,relative,15.0,0.2,0.25,0.025,polarized,0.4323396668006866,2.4105583363278993,282.4105583363279,0.4323396668006844,0.950192617571928,280.0,2,33,0,False,0.005617289668263258,False,work/cases/case_0456/duration_2p41055833633.checkpoint.npz,6332bd0ad6ee7328000a5a98c60c365ce16de313d9a8ab27385fed1a15e69cdf
457,wave_pinning,39.0,201,7.800000000000001,relative_20pct,relative,15.0,0.2,0.5,0.05,polarized,0.4323396668006861,1.1988356270074592,256.19883562700744,0.43233966680068386,0.950192617571928,255.0,2,35,0,False,0.005617289668263185,False,work/cases/case_0457/duration_1p19883562701.checkpoint.npz,7751c8679af5cf95f5f12fdb48bd3a851a4194b994eeb568d0fdae74d80c2fcb
458,wave_pinning,39.0,201,7.800000000000001,relative_20pct,relative,15.0,0.2,1.0,0.1,polarized,0.43233966680068536,0.5962132668283493,265.59621326682833,0.432339666800684,0.9501926175719282,265.0,2,35,0,False,0.005617289668263245,False,work/cases/case_0458/duration_0p596213266828.checkpoint.npz,d91a36396c4d343538c9979ee46978360137ece9263280e416d6eda010c205e0
459,wave_pinning,39.0,201,7.800000000000001,relative_20pct,relative,15.0,0.2,2.0,0.2,polarized,0.4323396668006869,0.29818793398836996,260.29818793398834,0.43233966680068314,0.9501926175719282,260.0,2,36,0,False,0.005617289668263204,False,work/cases/case_0459/duration_0p298187933988.checkpoint.npz,0a508591989fb4527c7f7a793532587a450f96ea5d7a3b2e5cd8b7951518c903
460,wave_pinning,39.0,201,7.800000000000001,relative_20pct,relative,15.0,0.2,4.0,0.4,polarized,0.432339666800688,0.14913462836755617,260.14913462836756,0.4323396668006844,0.950192617571928,260.0,2,33,0,False,0.005617289668263258,False,work/cases/case_0460/duration_0p149134628368.checkpoint.npz,5cc50b158766a85a2cf8221734101eabe34dad8efb0f9eb0837cf730592ab735
461,wave_pinning,39.0,201,7.800000000000001,relative_20pct,relative,15.0,0.2,10.0,1.0,polarized,0.4323396668006879,0.05954009258397512,270.059540092584,0.43233966680068453,0.9501926175719282,270.0,2,33,0,False,0.005617289668263161,False,work/cases/case_0461/duration_0p059540092584.checkpoint.npz,bdcbe2d881d331b2e18f61f26ae21b20e9843c8dfba6a6544222bf6189f70c11
462,otsuji,1.0,201,1.5,fixed_10pct,physical,15.0,0.1,0.1,0.010000000000000002,unpolarized,4.745566371406672e-16,,,4.745566371406672e-16,,,1,18,0,False,,False,,
463,otsuji,1.0,201,1.5,fixed_10pct,physical,15.0,0.1,0.25,0.025,unpolarized,5.928616016109462e-16,,,5.928616016109462e-16,,,1,18,0,False,,False,,
464,otsuji,1.0,201,1.5,fixed_10pct,physical,15.0,0.1,0.5,0.05,unpolarized,4.504946104687463e-16,,,4.504946104687463e-16,,,1,18,0,False,,False,,
465,otsuji,1.0,201,1.5,fixed_10pct,physical,15.0,0.1,1.0,0.1,unpolarized,6.369753171761348e-16,,,6.369753171761348e-16,,,1,18,0,False,,False,,
466,otsuji,1.0,201,1.5,fixed_10pct,physical,15.0,0.1,2.0,0.2,unpolarized,5.514214445648598e-16,,,5.514214445648598e-16,,,1,18,0,False,,False,,
467,otsuji,1.0,201,1.5,fixed_10pct,physical,15.0,0.1,4.0,0.4,unpolarized,5.507530549350844e-16,,,5.507530549350844e-16,,,1,18,0,False,,False,,
468,otsuji,1.0,201,1.5,fixed_10pct,physical,15.0,0.1,10.0,1.0,unpolarized,6.376437068059105e-16,,,6.376437068059105e-16,,,1,18,0,False,,False,,
469,otsuji,1.0,201,3.0,fixed_20pct,physical,15.0,0.2,0.1,0.010000000000000002,unpolarized,6.189287971721939e-16,,,6.189287971721939e-16,,,1,18,0,False,,False,,
470,otsuji,1.0,201,3.0,fixed_20pct,physical,15.0,0.2,0.25,0.025,unpolarized,6.991355527452644e-16,,,6.991355527452644e-16,,,1,18,0,False,,False,,
471,otsuji,1.0,201,3.0,fixed_20pct,physical,15.0,0.2,0.5,0.05,unpolarized,5.948667705002727e-16,,,5.948667705002727e-16,,,1,18,0,False,,False,,
472,otsuji,1.0,201,3.0,fixed_20pct,physical,15.0,0.2,1.0,0.1,unpolarized,7.526067231273114e-16,,,7.526067231273114e-16,,,1,18,0,False,,False,,
473,otsuji,1.0,201,3.0,fixed_20pct,physical,15.0,0.2,2.0,0.2,unpolarized,4.71883078621565e-16,,,4.71883078621565e-16,,,1,18,0,False,,False,,
474,otsuji,1.0,201,3.0,fixed_20pct,physical,15.0,0.2,4.0,0.4,unpolarized,8.5687550537230345e-16,,,8.5687550537230345e-16,,,1,18,0,False,,False,,
475,otsuji,1.0,201,3.0,fixed_20pct,physical,15.0,0.2,10.0,1.0,unpolarized,8.996524416779404e-16,,,8.996524416779404e-16,,,1,18,0,False,,False,,
476,otsuji,1.0,201,0.2,relative_20pct,relative,15.0,0.2,0.1,0.010000000000000002,unpolarized,7.091613971918982e-16,,,7.091613971918982e-16,,,1,18,0,False,,False,,
477,otsuji,1.0,201,0.2,relative_20pct,relative,15.0,0.2,0.25,0.025,unpolarized,7.205240208980832e-16,,,7.205240208980832e-16,,,1,18,0,False,,False,,
478,otsuji,1.0,201,0.2,relative_20pct,relative,15.0,0.2,0.5,0.05,unpolarized,6.135816801339893e-16,,,6.135816801339893e-16,,,1,18,0,False,,False,,
479,otsuji,1.0,201,0.2,relative_20pct,relative,15.0,0.2,1.0,0.1,unpolarized,3.3619998377712086e-16,,,3.3619998377712086e-16,,,1,18,0,False,,False,,
480,otsuji,1.0,201,0.2,relative_20pct,relative,15.0,0.2,2.0,0.2,unpolarized,5.146600149272027e-16,,,5.146600149272027e-16,,,1,18,0,False,,False,,
481,otsuji,1.0,201,0.2,relative_20pct,relative,15.0,0.2,4.0,0.4,unpolarized,7.044826697834691e-16,,,7.044826697834691e-16,,,1,18,0,False,,False,,
482,otsuji,1.0,201,0.2,relative_20pct,relative,15.0,0.2,10.0,1.0,unpolarized,5.935299912407218e-16,,,5.935299912407218e-16,,,1,18,0,False,,False,,
483,otsuji,3.0,201,1.5,fixed_10pct,physical,15.0,0.1,0.1,0.010000000000000002,polarized,0.5193661511647573,0.0001953125,150.0001953125,0.5193661511634026,5.1117756057369075,150.0,2,34,0,False,1.0,True,work/cases/case_0483/duration_0p0001953125.checkpoint.npz,b827e488c6beb4921c234559497f9b98c21a8696365cd2caf36f2866d607063e
484,otsuji,3.0,201,1.5,fixed_10pct,physical,15.0,0.1,0.25,0.025,polarized,0.5193661511642569,0.0001953125,145.0001953125,0.5193661511640164,5.1117756057510775,145.0,2,33,0,False,1.0,True,work/cases/case_0484/duration_0p0001953125.checkpoint.npz,636f1839df32d86568a6a4b0785c232a031604d01cec14773bdb2566fc0abd01
485,otsuji,3.0,201,1.5,fixed_10pct,physical,15.0,0.1,0.5,0.05,polarized,0.519366151163808,0.0001953125,145.0001953125,0.5193661511632651,5.111775605733744,145.0,2,32,0,False,1.0,True,work/cases/case_0485/duration_0p0001953125.checkpoint.npz,5eaa7f4f3e516421d856748f4720f7c6e13f067776c8b877dbdbff82ea5a312c
486,otsuji,3.0,201,1.5,fixed_10pct,physical,15.0,0.1,1.0,0.1,polarized,0.5193661511637406,0.0001953125,145.0001953125,0.5193661511636213,5.111775605741973,145.0,2,35,0,False,1.0,True,work/cases/case_0486/duration_0p0001953125.checkpoint.npz,982dd66e41e796f17afeb73f59a2c4f1ae02fc4b1abf0b610fe21c458f7e1089
487,otsuji,3.0,201,1.5,fixed_10pct,physical,15.0,0.1,2.0,0.2,polarized,0.5193661511641213,0.0001953125,140.0001953125,0.5193661511641213,5.111775605753508,140.0,2,32,0,False,1.0,True,work/cases/case_0487/duration_0p0001953125.checkpoint.npz,b8479dd516eaddd5c9e07bd95e22a6d85fbcec11c0c7a5649604f2ad7dd1c824
488,otsuji,3.0,201,1.5,fixed_10pct,physical,15.0,0.1,4.0,0.4,polarized,0.5193661511636595,0.0001953125,135.0001953125,0.5193661511634132,5.1117756057371535,135.0,2,32,0,False,1.0,True,work/cases/case_0488/duration_0p0001953125.checkpoint.npz,46e0a5374f6d599dbbaff05ec3e57df2a40f77d10ebe173333f37800bf43fe50
489,otsuji,3.0,201,1.5,fixed_10pct,physical,15.0,0.1,10.0,1.0,polarized,0.519366151163758,0.0001953125,130.0001953125,0.5193661511636501,5.111775605742642,130.0,2,37,0,False,1.0,True,work/cases/case_0489/duration_0p0001953125.checkpoint.npz,57d806624d606019efd6d8a5c43fa58fd92a340511a35d966a03a32d390098c6
490,otsuji,3.0,201,3.0,fixed_20pct,physical,15.0,0.2,0.1,0.010000000000000002,polarized,0.5193661511637877,0.0001953125,150.0001953125,0.5193661511630774,5.111775605729387,150.0,2,34,0,False,1.0,True,work/cases/case_0490/duration_0p0001953125.checkpoint.npz,77c60b60101ba8000ee49083fadb37760cde5394e2ebd3e8f7b3e037154733af
491,otsuji,3.0,201,3.0,fixed_20pct,physical,15.0,0.2,0.25,0.025,polarized,0.5193661511642454,0.0001953125,145.0001953125,0.5193661511633316,5.111775605735276,145.0,2,35,0,False,1.0,True,work/cases/case_0491/duration_0p0001953125.checkpoint.npz,26efea78b415e3ecafc275f66db659901826457f7a22e93a02d472126e3a098c
492,otsuji,3.0,201,3.0,fixed_20pct,physical,15.0,0.2,0.5,0.05,polarized,0.5193661511642391,0.0001953125,145.0001953125,0.5193661511633532,5.111775605735784,145.0,2,32,0,False,1.0,True,work/cases/case_0492/duration_0p0001953125.checkpoint.npz,ee1cef1c00b4a44e6c89ae8d13eb3435c9859ca6499dae3b33f1c3458edae306
493,otsuji,3.0,201,3.0,fixed_20pct,physical,15.0,0.2,1.0,0.1,polarized,0.5193661511637346,0.0001953125,145.0001953125,0.5193661511629408,5.111775605726221,145.0,2,33,0,False,1.0,True,work/cases/case_0493/duration_0p0001953125.checkpoint.npz,f37b9ce1e6ba2cbdb8dbb7347c000da240e55ff5422a121860b4986f234ec8e3
494,otsuji,3.0,201,3.0,fixed_20pct,physical,15.0,0.2,2.0,0.2,polarized,0.5193661511645541,0.0001953125,140.0001953125,0.5193661511645541,5.111775605763497,140.0,2,34,0,False,1.0,True,work/cases/case_0494/duration_0p0001953125.checkpoint.npz,f6083b35a0191a995af7b625d740677d9b262340fe3937743571450008c40c00
495,otsuji,3.0,201,3.0,fixed_20pct,physical,15.0,0.2,4.0,0.4,polarized,0.5193661511638711,0.0001953125,135.0001953125,0.5193661511629203,5.111775605725787,135.0,2,33,0,False,1.0,True,work/cases/case_0495/duration_0p0001953125.checkpoint.npz,1b49fb8ddf2ff29de4565e8b02b3546d5a2dfbe6e4b7199a03fbb58aac5a4ba6
496,otsuji,3.0,201,3.0,fixed_20pct,physical,15.0,0.2,10.0,1.0,polarized,0.5193661511636773,0.0001953125,125.0001953125,0.5193661511636773,5.11177560574326,125.0,2,34,0,False,1.0,True,work/cases/case_0496/duration_0p0001953125.checkpoint.npz,d324f950819aaa1cc7d2d7e7b7190fd22f4a02463a30f13d55249d6398f9789e
497,otsuji,3.0,201,0.6000000000000001,relative_20pct,relative,15.0,0.2,0.1,0.010000000000000002,polarized,0.5193661511645509,0.0001953125,155.0001953125,0.5193661511631951,5.1117756057321255,155.0,2,36,0,False,1.0,True,work/cases/case_0497/duration_0p0001953125.checkpoint.npz,3cdaf29fa1467dd8a6c4220c189abb71216e110c148de992aa774df2a5536829
498,otsuji,3.0,201,0.6000000000000001,relative_20pct,relative,15.0,0.2,0.25,0.025,polarized,0.5193661511647076,0.0001953125,150.0001953125,0.5193661511632692,5.111775605733829,150.0,2,34,0,False,1.0,True,work/cases/case_0498/duration_0p0001953125.checkpoint.npz,0ffbe1b017d87207a2994d5e8b3230599b406b863b719cba206647cc840fbbd1
499,otsuji,3.0,201,0.6000000000000001,relative_20pct,relative,15.0,0.2,0.5,0.05,polarized,0.5193661511638225,0.0001953125,145.0001953125,0.5193661511632813,5.111775605734113,145.0,2,32,0,False,1.0,True,work/cases/case_0499/duration_0p0001953125.checkpoint.npz,acd81e1ca37ae3d3cfde0d2b20cf777180a5d9291a7257116d123e5cb4dad154
500,otsuji,3.0,201,0.6000000000000001,relative_20pct,relative,15.0,0.2,1.0,0.1,polarized,0.5193661511642715,0.0001953125,145.0001953125,0.5193661511634599,5.111775605738227,145.0,2,35,0,False,1.0,True,work/cases/case_0500/duration_0p0001953125.checkpoint.npz,bad18b1f6bd13f1ea1f39712baf6c35f300e6710d321739b99bd0cfaf4288921
501,otsuji,3.0,201,0.6000000000000001,relative_20pct,relative,15.0,0.2,2.0,0.2,polarized,0.519366151163648,0.0001953125,145.0001953125,0.5193661511634957,5.1117756057390595,145.0,2,32,0,False,1.0,True,work/cases/case_0501/duration_0p0001953125.checkpoint.npz,c4897a29023cf815398b9dde57225e95e93bff4cccea7b4621ed2027c8066b62
502,otsuji,3.0,201,0.6000000000000001,relative_20pct,relative,15.0,0.2,4.0,0.4,polarized,0.5193661511641174,0.0001953125,140.0001953125,0.5193661511641174,5.111775605753408,140.0,2,36,0,False,1.0,True,work/cases/case_0502/duration_0p0001953125.checkpoint.npz,fdfdb3cde5d9f80ac0dad9266012a2fff8243e804ad0fb95a64a3599eece04b6
503,otsuji,3.0,201,0.6000000000000001,relative_20pct,relative,15.0,0.2,10.0,1.0,polarized,0.519366151163684,0.0001953125,135.0001953125,0.5193661511636706,5.111775605743097,135.0,2,34,0,False,1.0,True,work/cases/case_0503/duration_0p0001953125.checkpoint.npz,132c4ad8eae7239e778debd761bd98b263c3bfb9e53809446e828aecf0fb6172
504,otsuji,5.0,201,1.5,fixed_10pct,physical,15.0,0.1,0.1,0.010000000000000002,polarized,0.6446094693593066,0.0001953125,285.0001953125,0.6446094692972952,8.104255730004057,285.0,2,36,0,False,1.0,True,work/cases/case_0504/duration_0p0001953125.checkpoint.npz,c3c6141e339c576230271eae2b4074bcf621e06db47ac73d90a0ae30f91e9b98
505,otsuji,5.0,201,1.5,fixed_10pct,physical,15.0,0.1,0.25,0.025,polarized,0.6446094694610579,0.0001953125,275.0001953125,0.6446094694610579,8.104255736977601,275.0,2,34,0,False,1.0,True,work/cases/case_0505/duration_0p0001953125.checkpoint.npz,ca0a56d2f83eda355b3f13fc442c2eccaec51803a0a7592b4f289c43b54821fd
506,otsuji,5.0,201,1.5,fixed_10pct,physical,15.0,0.1,0.5,0.05,polarized,0.6446094694899628,0.0001953125,265.0001953125,0.6446094694899628,8.104255738208444,265.0,2,35,0,False,1.0,True,work/cases/case_0506/duration_0p0001953125.checkpoint.npz,e5aeb5a73a17dce0d67c9c472bb5acc04e5e14ed3445ec27f6c93c8595521cdc
507,otsuji,5.0,201,1.5,fixed_10pct,physical,15.0,0.1,1.0,0.1,polarized,0.6446094693416992,0.0001953125,255.0001953125,0.6446094688670312,8.104255711681978,255.0,2,37,0,False,1.0,True,work/cases/case_0507/duration_0p0001953125.checkpoint.npz,b7d80d4150e11904109285aa66386eaebbcdeb6b93bd022707f8ee7f884f6467
508,otsuji,5.0,201,1.5,fixed_10pct,physical,15.0,0.1,2.0,0.2,polarized,0.6446094693343833,0.0001953125,240.0001953125,0.644609469315324,8.104255730771778,240.0,2,36,0,False,1.0,True,work/cases/case_0508/duration_0p0001953125.checkpoint.npz,e14e310074d2b94dec8e69cbca98ddda93ad88be90292bdd56240c5943b77666
509,otsuji,5.0,201,1.5,fixed_10pct,physical,15.0,0.1,4.0,0.4,polarized,0.644609469318043,0.0001953125,230.0001953125,0.6446094692414097,8.10425572762428,230.0,2,37,0,False,1.0,True,work/cases/case_0509/duration_0p0001953125.checkpoint.npz,472133bf1ef9ea4ecc398c29635c6e41fb240bf2c2f4114a60f95d775dc074a3
510,otsuji,5.0,201,1.5,fixed_10pct,physical,15.0,0.1,10.0,1.0,polarized,0.644609469320613,0.0001953125,220.0001953125,0.644609469283391,8.104255729411966,220.0,2,36,0,False,1.0,True,work/cases/case_0510/duration_0p0001953125.checkpoint.npz,b8a0818107aa503fdb7b2c4dc6c478eb37822f8f65007f32662d451f2ad248ca
511,otsuji,5.0,201,3.0,fixed_20pct,physical,15.0,0.2,0.1,0.010000000000000002,polarized,0.6446094693869779,0.0001953125,290.0001953125,0.6446094689347359,8.104255714565074,290.0,2,35,0,False,1.0,True,work/cases/case_0511/duration_0p0001953125.checkpoint.npz,4fd3971948a4c74addc0b59cb658e22c5521db1722f140e49914fbd1d0354abd
512,otsuji,5.0,201,3.0,fixed_20pct,physical,15.0,0.2,0.25,0.025,polarized,0.6446094693682977,0.0001953125,280.0001953125,0.6446094693682977,8.104255733027546,280.0,2,36,0,False,1.0,True,work/cases/case_0512/duration_0p0001953125.checkpoint.npz,0e3a4b90c30f442f086359d95cc842be423694e3f293a96ae0dd88c006d50e85
513,otsuji,5.0,201,3.0,fixed_20pct,physical,15.0,0.2,0.5,0.05,polarized,0.6446094693774485,0.0001953125,265.0001953125,0.6446094682258504,8.104255684378359,265.0,2,37,0,False,1.0,True,work/cases/case_0513/duration_0p0001953125.checkpoint.npz,139ee8cde82a9758c0ccd5faec569e5390c0a198d1a168284627496d7c9ea324
514,otsuji,5.0,201,3.0,fixed_20pct,physical,15.0,0.2,1.0,0.1,polarized,0.6446094694182073,0.0001953125,255.0001953125,0.6446094689115474,8.104255713577624,255.0,2,36,0,False,1.0,True,work/cases/case_0514/duration_0p0001953125.checkpoint.npz,7bdd4c5a3b2b8e73f3af618772623d269658b4ab9d4c0692e1c9c6b4364ed652
515,otsuji,5.0,201,3.0,fixed_20pct,physical,15.0,0.2,2.0,0.2,polarized,0.6446094693257386,0.0001953125,245.0001953125,0.6446094691859777,8.104255725263782,245.0,2,38,0,False,1.0,True,work/cases/case_0515/duration_0p0001953125.checkpoint.npz,2fb5bc1e0b029265c500d24a1985530d4089896295b763f736e53411c5fdf539
516,otsuji,5.0,201,3.0,fixed_20pct,physical,15.0,0.2,4.0,0.4,polarized,0.6446094693932264,0.0001953125,235.0001953125,0.6446094692901055,8.104255729697881,235.0,2,36,0,False,1.0,True,work/cases/case_0516/duration_0p0001953125.checkpoint.npz,fcaa3a8a32190f1a90dc0bc9c1aecb1bdebe49156b890d6681265bfbb56b3f81
517,otsuji,5.0,201,3.0,fixed_20pct,physical,15.0,0.2,10.0,1.0,polarized,0.6446094693073969,0.0001953125,220.0001953125,0.6446094693073969,8.104255730434188,220.0,2,37,0,False,1.0,True,work/cases/case_0517/duration_0p0001953125.checkpoint.npz,afe6cd0ff5458e5d0ec0503f2c3df65edfbb68dec184ee90ceb872d3de887a13
518,otsuji,5.0,201,1.0,relative_20pct,relative,15.0,0.2,0.1,0.010000000000000002,polarized,0.6446094693460934,0.0001953125,290.0001953125,0.6446094691587778,8.104255724105485,290.0,2,37,0,False,1.0,True,work/cases/case_0518/duration_0p0001953125.checkpoint.npz,af3cf0480c6321eefec4d38038666cbeee5597b13e01cb87981589aebd9e4205
519,otsuji,5.0,201,1.0,relative_20pct,relative,15.0,0.2,0.25,0.025,polarized,0.6446094693319318,0.0001953125,275.0001953125,0.6446094682635628,8.104255685984267,275.0,2,36,0,False,1.0,True,work/cases/case_0519/duration_0p0001953125.checkpoint.npz,39eafe04dabd1ec3eaf8ec07922c2edc31b89f182ba1e151eeee7a4bcb58adce
520,otsuji,5.0,201,1.0,relative_20pct,relative,15.0,0.2,0.5,0.05,polarized,0.6446094693156181,0.0001953125,265.0001953125,0.6446094691653924,8.104255724387217,265.0,2,36,0,False,1.0,True,work/cases/case_0520/duration_0p0001953125.checkpoint.npz,536f693fac256ca56da1d7cb59c4cf7349090893097b66db22509d62e435997c
521,otsuji,5.0,201,1.0,relative_20pct,relative,15.0,0.2,1.0,0.1,polarized,0.6446094694369042,0.0001953125,255.0001953125,0.6446094694369042,8.104255735949044,255.0,2,37,0,False,1.0,True,work/cases/case_0521/duration_0p0001953125.checkpoint.npz,07506416d0c5cae77f9d3811ff851bbb66046e25334760b935be248b15e0375f
522,otsuji,5.0,201,1.0,relative_20pct,relative,15.0,0.2,2.0,0.2,polarized,0.6446094693216639,0.0001953125,245.0001953125,0.6446094692770508,8.104255729141974,245.0,2,37,0,False,1.0,True,work/cases/case_0522/duration_0p0001953125.checkpoint.npz,36b09e592affa3fbbe56c8f1f5682f07175527db0c1f8a20ce154acee2d20414
523,otsuji,5.0,201,1.0,relative_20pct,relative,15.0,0.2,4.0,0.4,polarized,0.6446094693924871,0.0001953125,235.0001953125,0.6446094693924871,8.104255734057622,235.0,2,36,0,False,1.0,True,work/cases/case_0523/duration_0p0001953125.checkpoint.npz,4fd7a9e6c414e0fbd064a65be8f635a33ea9d9f7340ffef9b6fed7052bde08d3
524,otsuji,5.0,201,1.0,relative_20pct,relative,15.0,0.2,10.0,1.0,polarized,0.6446094693160952,0.0001953125,220.0001953125,0.6446094692880087,8.10425572960856,220.0,2,36,0,False,1.0,True,work/cases/case_0524/duration_0p0001953125.checkpoint.npz,3525ab44c6228332c6d37a1ea9097fda95bcf9ad472db4a371d8c68f8c57e5e9
525,otsuji,7.0,201,1.5,fixed_10pct,physical,15.0,0.1,0.1,0.010000000000000002,polarized,0.6960275546540616,0.0001953125,265.0001953125,0.6960275546540616,10.2099277152947,265.0,2,38,0,False,1.0,True,work/cases/case_0525/duration_0p0001953125.checkpoint.npz,2ba87b19d23ccca75b2bd96d3ab01c4f986ee5413cdddb213fb34dd7d7bba2da
526,otsuji,7.0,201,1.5,fixed_10pct,physical,15.0,0.1,0.25,0.025,polarized,0.6960275546400427,0.0001953125,255.0001953125,0.6960275546281237,10.209927713763479,255.0,2,36,0,False,1.0,True,work/cases/case_0526/duration_0p0001953125.checkpoint.npz,f7069d5a5e606e1c78ddfcb953b07ea78e78cdf0e894d8168eeb74993ca37c31
527,otsuji,7.0,201,1.5,fixed_10pct,physical,15.0,0.1,0.5,0.05,polarized,0.6960275546367639,0.0001953125,245.0001953125,0.6960275546319528,10.209927713989478,245.0,2,35,0,False,1.0,True,work/cases/case_0527/duration_0p0001953125.checkpoint.npz,aeeb9343e3ac8066f37014afac0f6ea1f130852b18144b22f45bff443c7ea08a
528,otsuji,7.0,201,1.5,fixed_10pct,physical,15.0,0.1,1.0,0.1,polarized,0.6960275546349829,0.0001953125,240.0001953125,0.6960275546349829,10.209927714168375,240.0,2,35,0,False,1.0,True,work/cases/case_0528/duration_0p0001953125.checkpoint.npz,28e7f4cd102b62339b48d609cbd61c650e6ccf235a8f831d058c8597b5332fe5
529,otsuji,7.0,201,1.5,fixed_10pct,physical,15.0,0.1,2.0,0.2,polarized,0.696027554634609,0.0001953125,235.0001953125,0.6960275546336914,10.209927714092128,235.0,2,36,0,False,1.0,True,work/cases/case_0529/duration_0p0001953125.checkpoint.npz,1bf519c358b9c1f83b381aa952c457ccab9f0aa8c509fc46aea11e8489227b43
530,otsuji,7.0,201,1.5,fixed_10pct,physical,15.0,0.1,4.0,0.4,polarized,0.6960275546344304,0.0001953125,225.0001953125,0.6960275546281198,10.209927713763255,225.0,2,34,0,False,1.0,True,work/cases/case_0530/duration_0p0001953125.checkpoint.npz,75d508f1decc214c8cef3dc28a1ba9ab47fe044ffa927de03142ccf6cd024da1
531,otsuji,7.0,201,1.5,fixed_10pct,physical,15.0,0.1,10.0,1.0,polarized,0.6960275546359282,0.0001953125,215.0001953125,0.6960275546359282,10.209927714224264,215.0,2,34,0,False,1.0,True,work/cases/case_0531/duration_0p0001953125.checkpoint.npz,7adc95fe2cab99b312be8e9c32c94e1bfb36e75889f8c65b141ef34bd767abbc
532,otsuji,7.0,201,3.0,fixed_20pct,physical,15.0,0.2,0.1,0.010000000000000002,polarized,0.696027554668397,0.0001953125,260.0001953125,0.6960275546340703,10.20992771411447,260.0,2,37,0,False,1.0,True,work/cases/case_0532/duration_0p0001953125.checkpoint.npz,c5544df97ea5e9cf455f541cf39d65b535ca0d74e0517723a70116336d9a7479
533,otsuji,7.0,201,3.0,fixed_20pct,physical,15.0,0.2,0.25,0.025,polarized,0.6960275546515321,0.0001953125,250.0001953125,0.6960275546274216,10.209927713722113,250.0,2,37,0,False,1.0,True,work/cases/case_0533/duration_0p0001953125.checkpoint.npz,6be7c062326a15b2a225df73cc76ac94a42496dc3a3fdae3453fa0d51f3af272
534,otsuji,7.0,201,3.0,fixed_20pct,physical,15.0,0.2,0.5,0.05,polarized,0.6960275546476108,0.0001953125,240.0001953125,0.6960275546476108,10.209927714913853,240.0,2,37,0,False,1.0,True,work/cases/case_0534/duration_0p0001953125.checkpoint.npz,cc597cf13c3f562a5ec85c2781059d8a132885724334fcd3242e571d4a86e9b8
535,otsuji,7.0,201,3.0,fixed_20pct,physical,15.0,0.2,1.0,0.1,polarized,0.6960275546679106,0.0001953125,235.0001953125,0.6960275546326756,10.209927714032231,235.0,2,36,0,False,1.0,True,work/cases/case_0535/duration_0p0001953125.checkpoint.npz,4f93bafbbad5d8463581909af3695d06527085f1d59da87602c82ee9b5868443
536,otsuji,7.0,201,3.0,fixed_20pct,physical,15.0,0.2,2.0,0.2,polarized,0.6960275546491378,0.0001953125,230.0001953125,0.6960275546360233,10.209927714229801,230.0,2,37,0,False,1.0,True,work/cases/case_0536/duration_0p0001953125.checkpoint.npz,3ec8e0afde085aba9e7c88e289faa3f9e983499f123981e93c45176f7a5f7228
537,otsuji,7.0,201,3.0,fixed_20pct,physical,15.0,0.2,4.0,0.4,polarized,0.6960275546338769,0.0001953125,220.0001953125,0.6960275546324086,10.209927714016386,220.0,2,36,0,False,1.0,True,work/cases/case_0537/duration_0p0001953125.checkpoint.npz,2b1b46a054e292eabf9277f63304da271b9872158ed60378f63db9df92a4a9ad
538,otsuji,7.0,201,3.0,fixed_20pct,physical,15.0,0.2,10.0,1.0,polarized,0.6960275546755805,0.0001953125,210.0001953125,0.6960275546755805,10.209927716565241,210.0,2,38,0,False,1.0,True,work/cases/case_0538/duration_0p0001953125.checkpoint.npz,a6f8a33102a77d635039590dc310b23c026753d57b2d2b82282d5035b52965fc
539,otsuji,7.0,201,1.4000000000000001,relative_20pct,relative,15.0,0.2,0.1,0.010000000000000002,polarized,0.6960275546437515,0.0001953125,265.0001953125,0.6960275546304865,10.209927713902946,265.0,2,36,0,False,1.0,True,work/cases/case_0539/duration_0p0001953125.checkpoint.npz,97ca51fe66290bf747a15c89cdae582d56b48389be06fe61fc9c05beaa992873
540,otsuji,7.0,201,1.4000000000000001,relative_20pct,relative,15.0,0.2,0.25,0.025,polarized,0.6960275546390031,0.0001953125,255.0001953125,0.6960275546341975,10.209927714121976,255.0,2,36,0,False,1.0,True,work/cases/case_0540/duration_0p0001953125.checkpoint.npz,98bef35b8654b0a72e823b46b1feef1f747244135bdb28d4f4b2ebbcacf9310a
541,otsuji,7.0,201,1.4000000000000001,relative_20pct,relative,15.0,0.2,0.5,0.05,polarized,0.6960275546347587,0.0001953125,250.0001953125,0.6960275546335516,10.209927714083912,250.0,2,35,0,False,1.0,True,work/cases/case_0541/duration_0p0001953125.checkpoint.npz,78ef722866cafa39723b63c7ecf3335a1f69432fbdc62e02aae4907067274ca7
542,otsuji,7.0,201,1.4000000000000001,relative_20pct,relative,15.0,0.2,1.0,0.1,polarized,0.6960275546395456,0.0001953125,240.0001953125,0.6960275546270926,10.209927713702605,240.0,2,35,0,False,1.0,True,work/cases/case_0542/duration_0p0001953125.checkpoint.npz,5cb71f17f5c59cd1336377bff118244ba5936062c1fb9343473862a21e36feb1
543,otsuji,7.0,201,1.4000000000000001,relative_20pct,relative,15.0,0.2,2.0,0.2,polarized,0.6960275546341461,0.0001953125,235.0001953125,0.6960275546295138,10.209927713845524,235.0,2,35,0,False,1.0,True,work/cases/case_0543/duration_0p0001953125.checkpoint.npz,94fa12a7f1af9fb542f9b6948396e0905336729b81d09f5c221cf53f14c18293
544,otsuji,7.0,201,1.4000000000000001,relative_20pct,relative,15.0,0.2,4.0,0.4,polarized,0.6960275546378415,0.0001953125,225.0001953125,0.696027554635613,10.20992771420575,225.0,2,37,0,False,1.0,True,work/cases/case_0544/duration_0p0001953125.checkpoint.npz,d1c2d0c1d1c6f6b589623bc79bb14db6500958ec291cc171c675591a603e1d32
545,otsuji,7.0,201,1.4000000000000001,relative_20pct,relative,15.0,0.2,10.0,1.0,polarized,0.6960275546709275,0.0001953125,215.0001953125,0.6960275546709275,10.209927716290634,215.0,2,35,0,False,1.0,True,work/cases/case_0545/duration_0p0001953125.checkpoint.npz,1b1ce4a060ac44aa8e4fd910ed8ee86f1346864ed8dc07bc64ebea4d81fc5737
546,otsuji,9.0,201,1.5,fixed_10pct,physical,15.0,0.1,0.1,0.010000000000000002,polarized,0.7238059653866813,0.02877973074882457,465.02877973074885,0.72380596537675,11.80788278124294,465.0,3,37,0,False,0.005400576516366835,False,work/cases/case_0546/duration_0p0287797307488.checkpoint.npz,b9f00844b031392d19a3632a9cf0b10e9d81e8d39f33eb7af225e44a83b25836
547,otsuji,9.0,201,1.5,fixed_10pct,physical,15.0,0.1,0.25,0.025,polarized,0.7238059653895251,0.011713547713189375,425.0117135477132,0.7238059653806169,11.807882781519792,425.0,3,37,0,False,0.021427937912299914,True,work/cases/case_0547/duration_0p0117135477132.checkpoint.npz,1a3bd83e520e4858db02b65bc5b8bb9ef6cbeed958515a44ca3447626b16314c
548,otsuji,9.0,201,1.5,fixed_10pct,physical,15.0,0.1,0.5,0.05,polarized,0.7238059653842838,0.005985020504366086,395.00598502050434,0.7238059653817027,11.807882781597355,395.0,3,35,0,False,0.04239671930142645,True,work/cases/case_0548/duration_0p00598502050437.checkpoint.npz,f0ce7a498b18ac91236368ecafb1cd475c34c95e59b06552e11b19b1ec9dffd2
549,otsuji,9.0,201,1.5,fixed_10pct,physical,15.0,0.1,1.0,0.1,polarized,0.7238059653827691,0.003125,370.003125,0.7238059653814453,11.807882781579368,370.0,3,38,0,False,0.08299595679532881,True,work/cases/case_0549/duration_0p003125.checkpoint.npz,6445f1a46ff02b5927aaa8ee01979581bf2efb04107b65aae93d2ab21de28532
550,otsuji,9.0,201,1.5,fixed_10pct,physical,15.0,0.1,2.0,0.2,polarized,0.7238059653837736,0.0015625,365.0015625,0.7238059653837736,11.807882781745665,365.0,3,34,0,False,0.15910358474628544,True,work/cases/case_0550/duration_0p0015625.checkpoint.npz,9b702075f9916b213044e6bfc2b7043e10cf4985901e6d3388bddfa5f9a52645
551,otsuji,9.0,201,1.5,fixed_10pct,physical,15.0,0.1,4.0,0.4,polarized,0.7238059653836132,0.00078125,365.00078125,0.7238059653836132,11.807882781734172,365.0,3,37,0,False,0.29289321881345237,True,work/cases/case_0551/duration_0p00078125.checkpoint.npz,99c5e9dd9cdffb631d528bc345096cfb4b0724886e19f008f7056e06a6506c99
552,otsuji,9.0,201,1.5,fixed_10pct,physical,15.0,0.1,10.0,1.0,polarized,0.7238059653838418,0.000390625,335.000390625,0.7238059653735625,11.807882781014522,335.0,3,35,0,False,0.5,True,work/cases/case_0552/duration_0p000390625.checkpoint.npz,006cf04f4c4557cc2b84db0ea7bfb11b2c8f3279ae4628c6d6cacd4f7b88a84c
553,otsuji,9.0,201,3.0,fixed_20pct,physical,15.0,0.2,0.1,0.010000000000000002,polarized,0.7238059653834439,0.03672126083342456,415.0367212608334,0.7238059653813425,11.807882781571802,415.0,3,36,0,False,0.005400576516366879,False,work/cases/case_0553/duration_0p0367212608334.checkpoint.npz,8ade66c8915687cbee756da6d68f8baf84aca030e9304f3d580c96f62939e316
554,otsuji,9.0,201,3.0,fixed_20pct,physical,15.0,0.2,0.25,0.025,polarized,0.7238059653827738,0.014546560734719721,445.01454656073474,0.7238059653769581,11.807882781257685,445.0,3,37,0,False,0.01077198680602451,True,work/cases/case_0554/duration_0p0145465607347.checkpoint.npz,2771802bfd657cdd892bc0b04c5f23bc4ce4a155289f811a949b67177f60f02f
555,otsuji,9.0,201,3.0,fixed_20pct,physical,15.0,0.2,0.5,0.05,polarized,0.7238059653854395,0.007432544468767008,400.00743254446877,0.7238059653820134,11.807882781619503,400.0,3,37,0,False,0.021427937912299907,True,work/cases/case_0555/duration_0p00743254446877.checkpoint.npz,84212b20761c66bd644a8fc677a506b7d44f5f6a8a9961da2ad7b558e7fcdb72
556,otsuji,9.0,201,3.0,fixed_20pct,physical,15.0,0.2,1.0,0.1,polarized,0.7238059653830013,0.003716272234383504,400.0037162722344,0.7238059653826407,11.807882781664494,400.0,3,35,0,False,0.04239671930142639,True,work/cases/case_0556/duration_0p00371627223438.checkpoint.npz,b4bffb03ea06b620f4883d67f947da3736461d57093ecbd9ff50308223ab7dee
557,otsuji,9.0,201,3.0,fixed_20pct,physical,15.0,0.2,2.0,0.2,polarized,0.7238059653853417,0.001858136117191752,400.00185813611716,0.7238059653815544,11.807882781586764,400.0,3,33,0,False,0.08299595679532884,True,work/cases/case_0557/duration_0p00185813611719.checkpoint.npz,d3d4c5a42bc6eb8fac4a641a8c726a07c796860a96a5962c6d80e0ffba1161be
558,otsuji,9.0,201,3.0,fixed_20pct,physical,15.0,0.2,4.0,0.4,polarized,0.7238059653834082,0.000929068058595876,400.0009290680586,0.7238059653826892,11.807882781668306,400.0,3,36,0,False,0.15910358474628555,True,work/cases/case_0558/duration_0p000929068058596.checkpoint.npz,63348bfd43aa6af193fb1d0fd0506139ae0e3a736ad7cc51be6abd308b2b7278
559,otsuji,9.0,201,3.0,fixed_20pct,physical,15.0,0.2,10.0,1.0,polarized,0.7238059653874657,0.000390625,375.000390625,0.7238059653874657,11.80788278200984,375.0,3,38,0,False,0.5,True,work/cases/case_0559/duration_0p000390625.checkpoint.npz,15519ae06b017d613ad1b61a61b6a7eaacf2abef2926731a0a42cc50213514d8
560,otsuji,9.0,201,1.8,relative_20pct,relative,15.0,0.2,0.1,0.010000000000000002,polarized,0.7238059653930539,0.029409924791257036,440.02940992479125,0.7238059653827511,11.807882781672633,440.0,3,35,0,False,0.005400576516366798,False,work/cases/case_0560/duration_0p0294099247913.checkpoint.npz,fcc7e2a9003832d39de2a008fda0482a7843afaf019ab9710d9f2793d3e29b64
561,otsuji,9.0,201,1.8,relative_20pct,relative,15.0,0.2,0.25,0.025,polarized,0.7238059653834653,0.011713547713189375,505.0117135477132,0.7238059653773843,11.807882781288358,505.0,3,35,0,False,0.021427937912299914,True,work/cases/case_0561/duration_0p0117135477132.checkpoint.npz,ca7d41449054a9c9e9f44ec1ea11e6ac20d527f4cdaad1da7ab4611b3ab91a99
562,otsuji,9.0,201,1.8,relative_20pct,relative,15.0,0.2,0.5,0.05,polarized,0.7238059653833406,0.005985020504366086,400.00598502050434,0.7238059653783907,11.80788278136033,400.0,3,35,0,False,0.04239671930142645,True,work/cases/case_0562/duration_0p00598502050437.checkpoint.npz,d753e449751c3bf67022c8d8714ea533c8e8a1818430c88715724a36334c4f3b
563,otsuji,9.0,201,1.8,relative_20pct,relative,15.0,0.2,1.0,0.1,polarized,0.7238059653820693,0.003125,380.003125,0.7238059653771558,11.80788278127211,380.0,3,38,0,False,0.08299595679532881,True,work/cases/case_0563/duration_0p003125.checkpoint.npz,50f0f1739e5a5444e1d7b626fc8e90276a932fc877bbd8b1609c47a89e2485bd
564,otsuji,9.0,201,1.8,relative_20pct,relative,15.0,0.2,2.0,0.2,polarized,0.7238059653862443,0.0015625,375.0015625,0.7238059653862443,11.807882781922823,375.0,3,36,0,False,0.15910358474628544,True,work/cases/case_0564/duration_0p0015625.checkpoint.npz,ac36ae9b387840a030184931d07484d505235824ecb3d122b6b14f31fa0c9f94
565,otsuji,9.0,201,1.8,relative_20pct,relative,15.0,0.2,4.0,0.4,polarized,0.7238059653833034,0.00078125,380.00078125,0.7238059653833034,11.807882781712049,380.0,3,36,0,False,0.29289321881345237,True,work/cases/case_0565/duration_0p00078125.checkpoint.npz,7fe927d79d75d15467c269e44c8fe64b25707cee4467e094716ca4b33ead9a7c
566,otsuji,9.0,201,1.8,relative_20pct,relative,15.0,0.2,10.0,1.0,polarized,0.723805965383469,0.000390625,335.000390625,0.7238059653796682,11.807882781451868,335.0,3,36,0,False,0.5,True,work/cases/case_0566/duration_0p000390625.checkpoint.npz,a38fcd872b168a279a84b8951709584d69002bb8f4f4e6638d231a0786d8e891
567,otsuji,11.0,201,1.5,fixed_10pct,physical,15.0,0.1,0.1,0.010000000000000002,polarized,0.7409229048030554,3.0712443718082576,543.0712443718082,0.7409229047753026,13.063174181529408,540.0,8,33,0,False,0.005617289668263229,False,work/cases/case_0567/duration_3p07124437181.checkpoint.npz,783bd449b9683547509d2c3f41ac17c7660793b340d8aa6bc2d299d8213a3054
568,otsuji,11.0,201,1.5,fixed_10pct,physical,15.0,0.1,0.25,0.025,polarized,0.7409229048153343,1.2261550268177508,486.22615502681776,0.7409229048153343,13.063174184739431,485.0,7,37,0,False,0.005617289668263196,False,work/cases/case_0568/duration_1p22615502682.checkpoint.npz,b20a2c9b3fc2b49daefaf02ae0b647c7d330ab09b7165d632361b9d5a6d313a0
569,otsuji,11.0,201,1.5,fixed_10pct,physical,15.0,0.1,0.5,0.05,polarized,0.7409229047787443,0.6132447138273818,480.6132447138274,0.7409229047769486,13.063174181661406,480.0,7,35,0,False,0.005617289668263086,False,work/cases/case_0569/duration_0p613244713827.checkpoint.npz,c1ac4c75c10c18098f8e2bf33319eeab669bdfea5c23cb70cb26eb7883493407
570,otsuji,11.0,201,1.5,fixed_10pct,physical,15.0,0.1,1.0,0.1,polarized,0.7409229047813882,0.30670597992265486,470.30670597992264,0.7409229047795861,13.063174181872983,470.0,6,35,0,False,0.005617289668263249,False,work/cases/case_0570/duration_0p306705979923.checkpoint.npz,0beac94f0bac92617e6fe25ecee56a79b4b057057c30e22494ea76dd654f2ca8
571,otsuji,11.0,201,1.5,fixed_10pct,physical,15.0,0.1,2.0,0.2,polarized,0.7409229047846361,0.1533948128687738,480.1533948128688,0.7409229047827879,13.063174182129478,480.0,5,35,0,False,0.005617289668263284,False,work/cases/case_0571/duration_0p153394812869.checkpoint.npz,90108cf9ed1d11e09fc1ec29ed94b4dfabef0faf545341e2143f5f92fde65369
572,otsuji,11.0,201,1.5,fixed_10pct,physical,15.0,0.1,4.0,0.4,polarized,0.7409229047807273,0.07671832359114718,530.0767183235912,0.7409229047744321,13.06317418146005,530.0,4,35,0,False,0.005617289668263125,False,work/cases/case_0572/duration_0p0767183235911.checkpoint.npz,c639a673f7541b267898f044a4e3100eb100fbf306db517a35c81208f7c5c121
573,otsuji,11.0,201,1.5,fixed_10pct,physical,15.0,0.1,10.0,1.0,polarized,0.740922904782054,0.030878776598423342,480.0308787765984,0.740922904782054,13.063174182071027,480.0,3,36,0,False,0.005400576516366917,False,work/cases/case_0573/duration_0p0308787765984.checkpoint.npz,59dc6f83fd52fef6d8dd74f220c3f64c12c009c319a06a3abff6c98bd9dfb8f9
574,otsuji,11.0,201,3.0,fixed_20pct,physical,15.0,0.2,0.1,0.010000000000000002,polarized,0.7409229047823886,2.728595933685925,597.7285959336859,0.7409229047802743,13.063174181928078,595.0,9,33,0,False,0.005617289668263231,False,work/cases/case_0574/duration_2p72859593369.checkpoint.npz,afab471ccab804dae33244c2b30789e899b59f46f86788c8ce61090f69cb857a
575,otsuji,11.0,201,3.0,fixed_20pct,physical,15.0,0.2,0.25,0.025,polarized,0.740922904781237,1.0955108228242951,491.0955108228243,0.7409229047805419,13.063174181949405,490.0,7,34,0,False,0.005617289668263228,False,work/cases/case_0575/duration_1p09551082282.checkpoint.npz,ca5e728b8d9d1e8e68cdc210f61800e3f41e1777b90dfcc6c9690cfd3d84a7ce
576,otsuji,11.0,201,3.0,fixed_20pct,physical,15.0,0.2,0.5,0.05,polarized,0.740922904779767,0.5417666056288156,495.5417666056288,0.7409229047759828,13.063174181583918,495.0,6,34,0,False,0.0056172896682631646,False,work/cases/case_0576/duration_0p541766605629.checkpoint.npz,6b17801da7e3a59485cf8627782883ce4e5085a0ac9b1de9e0f71e9327c9afed
577,otsuji,11.0,201,3.0,fixed_20pct,physical,15.0,0.2,1.0,0.1,polarized,0.7409229047816077,0.27402711164690313,540.2740271116469,0.7409229047774318,13.063174181700116,540.0,5,35,0,False,0.00561728966826317,False,work/cases/case_0577/duration_0p274027111647.checkpoint.npz,a270f73a1310f7e329fadb5f3a65d13430a1d5c05853e01e57fb6df14b0cc0db
578,otsuji,11.0,201,3.0,fixed_20pct,physical,15.0,0.2,2.0,0.2,polarized,0.7409229047911393,0.13628106785778762,490.1362810678578,0.7409229047744004,13.063174181456903,490.0,5,35,0,False,0.005617289668263095,False,work/cases/case_0578/duration_0p136281067858.checkpoint.npz,6d32d061eacbdc0530131ce506a94e89e1437f50324c53dc26e5e023211c4033
579,otsuji,11.0,201,3.0,fixed_20pct,physical,15.0,0.2,4.0,0.4,polarized,0.7409229047851704,0.0685441497729392,495.06854414977295,0.7409229047841023,13.063174182235334,495.0,4,35,0,False,0.005617289668263125,False,work/cases/case_0579/duration_0p0685441497729.checkpoint.npz,6527b72e2cbac77aa57436bd23a51b8e6734fe34ef79f9b11160a4f9d350320e
580,otsuji,11.0,201,3.0,fixed_20pct,physical,15.0,0.2,10.0,1.0,polarized,0.7409229047858259,0.027410727045409426,505.02741072704544,0.7409229047769563,13.063174181662099,505.0,3,35,0,False,0.0054005765163669004,False,work/cases/case_0580/duration_0p0274107270454.checkpoint.npz,725d716f01e359b32001c329c97a6c317fd28de5cd0d126190215f5cc857cb40
581,otsuji,11.0,201,2.2,relative_20pct,relative,15.0,0.2,0.1,0.010000000000000002,polarized,0.7409229047891066,3.267571988690739,483.26757198869075,0.7409229047702569,13.063174181125087,480.0,8,34,0,False,0.00561728966826319,False,work/cases/case_0581/duration_3p26757198869.checkpoint.npz,54b1b9e81a2315dadeb2aea8fead8c8d3cc4cdbc00fcd0385029f2cc38234879
582,otsuji,11.0,201,2.2,relative_20pct,relative,15.0,0.2,0.25,0.025,polarized,0.7409229047986293,1.3045363163541057,481.30453631635413,0.7409229047986293,13.063174183399498,480.0,8,36,0,False,0.005617289668263205,False,work/cases/case_0582/duration_1p30453631635.checkpoint.npz,8d3d2006f1b7569761df7c18ccf5fa702a5e75de0f1e604d82cc3b7ab6f2c285
583,otsuji,11.0,201,2.2,relative_20pct,relative,15.0,0.2,0.5,0.05,polarized,0.7409229047879481,0.6524460467908747,475.6524460467909,0.7409229047879481,13.06317418254326,475.0,7,34,0,False,0.005617289668263123,False,work/cases/case_0583/duration_0p652446046791.checkpoint.npz,a2ff4b27198581829a439f4e0350567f53a8b77fbdc44957a5a78a212a2762e1
584,otsuji,11.0,201,2.2,relative_20pct,relative,15.0,0.2,1.0,0.1,polarized,0.7409229047869286,0.32447900297845345,470.3244790029785,0.7409229047855674,13.06317418235292,470.0,6,34,0,False,0.005617289668263184,False,work/cases/case_0584/duration_0p324479002978.checkpoint.npz,bce4107be65664221e460966e5d14ded8d91e5ef981785ee45f5587d8a028610
585,otsuji,11.0,201,2.2,relative_20pct,relative,15.0,0.2,2.0,0.2,polarized,0.7409229048049205,0.16320049239369197,475.1632004923937,0.7409229048049205,13.063174183904389,475.0,5,36,0,False,0.0056172896682631455,False,work/cases/case_0585/duration_0p163200492394.checkpoint.npz,ad4cc1f896f77f09eafb1040386716bb31518f40e0cd37c6839b2c1549254f3c
586,otsuji,11.0,201,2.2,relative_20pct,relative,15.0,0.2,4.0,0.4,polarized,0.7409229047823458,0.08162250047141312,480.08162250047144,0.740922904767396,13.06317418089521,480.0,4,37,0,False,0.005617289668263242,False,work/cases/case_0586/duration_0p0816225004714.checkpoint.npz,83a29aed8fca06d72188fbfce3ee16682d3cd6b38a38360473a16a28f4f9b954
587,otsuji,11.0,201,2.2,relative_20pct,relative,15.0,0.2,10.0,1.0,polarized,0.7409229047831918,0.032774030288119115,525.0327740302881,0.7409229047628569,13.063174180531762,525.0,3,38,0,False,0.005400576516366732,False,work/cases/case_0587/duration_0p0327740302881.checkpoint.npz,37f16ea77eec681d28977e2d86731067430814b30125ea81df115d2fff7eb6de
588,otsuji,12.0,201,1.5,fixed_10pct,physical,15.0,0.1,0.1,0.010000000000000002,polarized,0.747160093030818,0.37354892162722586,575.3735489216273,0.7471600930256306,13.592810631990421,575.0,6,37,0,False,0.005617289668263192,False,work/cases/case_0588/duration_0p373548921627.checkpoint.npz,10b38f6ea9109d2c158bafc45b35bbbab098af04ba43689ccf7f5020f7901023
589,otsuji,12.0,201,1.5,fixed_10pct,physical,15.0,0.1,0.25,0.025,polarized,0.7471600930294663,0.1474638693389327,570.1474638693389,0.747160093026064,13.592810632026424,570.0,5,32,0,False,0.005617289668263207,False,work/cases/case_0589/duration_0p147463869339.checkpoint.npz,033f948f06779de4bce5e8715b15f2b832ca96693ad8033eb9e65ab51d9aab9b
590,otsuji,12.0,201,1.5,fixed_10pct,physical,15.0,0.1,0.5,0.05,polarized,0.7471600930312086,0.07375204307348443,610.0737520430735,0.7471600930275735,13.592810632152048,610.0,4,34,0,False,0.005617289668263244,False,work/cases/case_0590/duration_0p0737520430735.checkpoint.npz,868a93feca0fa42979c8e0fa323b376180dec16d85dc5518fffb8e453c49c2ff
591,otsuji,12.0,201,1.5,fixed_10pct,physical,15.0,0.1,1.0,0.1,polarized,0.7471600930304132,0.037322693207281626,640.0373226932073,0.7471600930304132,13.592810632387781,640.0,4,35,0,False,0.005400576516366849,False,work/cases/case_0591/duration_0p0373226932073.checkpoint.npz,753ce67b6b9c996463c85e0f9ad80a5bc3106031ee4bca307ef8e6a6302431f6
592,otsuji,12.0,201,1.5,fixed_10pct,physical,15.0,0.1,2.0,0.2,polarized,0.7471600930299779,0.018661346603640813,540.0186613466036,0.7471600930286466,13.592810632241786,540.0,4,37,0,False,0.010771986806024444,True,work/cases/case_0592/duration_0p0186613466036.checkpoint.npz,78d93b85052e0f50152585d28666027ee8b90dea294c842f9859e2e0567334fc
593,otsuji,12.0,201,1.5,fixed_10pct,physical,15.0,0.1,4.0,0.4,polarized,0.74716009303318,0.009432277672458893,520.0094322776724,0.7471600930312864,13.592810632460356,520.0,4,37,0,False,0.021427937912299796,True,work/cases/case_0593/duration_0p00943227767246.checkpoint.npz,dddab42a1da2d89d34b68797a77a7a760db8668224f1500927123dd4d15f90d9
594,otsuji,12.0,201,1.5,fixed_10pct,physical,15.0,0.1,10.0,1.0,polarized,0.7471600930288865,0.003716272234383504,585.0037162722343,0.7471600930276517,13.592810632158915,585.0,3,38,0,False,0.04239671930142639,True,work/cases/case_0594/duration_0p00371627223438.checkpoint.npz,8d912b5cece0b6549d2eb8c51428a27623a9f5c55c15e5d2b5e8b9366582c594
595,otsuji,12.0,201,3.0,fixed_20pct,physical,15.0,0.2,0.1,0.010000000000000002,polarized,0.7471600930295433,2.870497330480723,617.8704973304807,0.747160093029298,13.592810632295874,615.0,9,36,0,False,0.005617289668263158,False,work/cases/case_0595/duration_2p87049733048.checkpoint.npz,9a40db7c96008c50a83108600f2565f8995fdbc2f303727696d1b12300508d99
596,otsuji,12.0,201,3.0,fixed_20pct,physical,15.0,0.2,0.25,0.025,polarized,0.7471600930342103,1.1524831704128184,566.1524831704128,0.7471600930277549,13.592810632167451,565.0,8,35,0,False,0.005617289668263194,False,work/cases/case_0596/duration_1p15248317041.checkpoint.npz,55b3ebf1fd1546a96fd91b2da8f11ff140ce7da39adef0f167e28527f872e8f7
597,otsuji,12.0,201,3.0,fixed_20pct,physical,15.0,0.2,0.5,0.05,polarized,0.7471600930315124,0.5699413298986915,845.5699413298987,0.7471600930260427,13.592810632025545,845.0,7,33,0,False,0.005617289668263063,False,work/cases/case_0597/duration_0p569941329899.checkpoint.npz,d9a24f7d6f46fad3f5a243353ba259492077e5e3568355aa36aa9255055b6050
598,otsuji,12.0,201,3.0,fixed_20pct,physical,15.0,0.2,1.0,0.1,polarized,0.7471600930334934,0.2899064569874879,560.2899064569875,0.7471600930334934,13.592810632643973,560.0,6,34,0,False,0.005617289668263199,False,work/cases/case_0598/duration_0p289906456987.checkpoint.npz,c3bba5cd5cd88bc34503ddfbed49b008519fe0fb6f8f08e85752900155d6e4ad
599,otsuji,12.0,201,3.0,fixed_20pct,physical,15.0,0.2,2.0,0.2,polarized,0.747160093041345,0.1441782942559039,640.1441782942559,0.747160093041345,13.59281063329669,640.0,5,33,0,False,0.005617289668263175,False,work/cases/case_0599/duration_0p144178294256.checkpoint.npz,6da26b439ebb13d622f877392367201b75b22cff44cb77498488e697ec043999
600,otsuji,12.0,201,3.0,fixed_20pct,physical,15.0,0.2,4.0,0.4,polarized,0.7471600930490163,0.07251615173573682,615.0725161517357,0.7471600930490163,13.592810633933457,615.0,4,34,0,False,0.0056172896682631715,False,work/cases/case_0600/duration_0p0725161517357.checkpoint.npz,774e0a73d5425806aba3294c5158f90feda89938198311528d584469e42b5e8a
601,otsuji,12.0,201,3.0,fixed_20pct,physical,15.0,0.2,10.0,1.0,polarized,0.747160093036863,0.029409924791257036,580.0294099247913,0.747160093036863,13.592810632923904,580.0,3,36,0,False,0.005400576516366798,False,work/cases/case_0601/duration_0p0294099247913.checkpoint.npz,2aa1744c96f6323066ae8f4ace00cfbb5c4628d1dc37a4ae7f44f9b13ddbfbec
602,otsuji,12.0,201,2.4000000000000004,relative_20pct,relative,15.0,0.2,0.1,0.010000000000000002,polarized,0.7471600930330372,0.9462575305693743,665.9462575305694,0.7471600930242147,13.592810631872672,665.0,7,35,0,False,0.005617289668263137,False,work/cases/case_0602/duration_0p946257530569.checkpoint.npz,43034c719a09b68c61e96034619656080a2aef8c5e131b261db6f525c629f40a
603,otsuji,12.0,201,2.4000000000000004,relative_20pct,relative,15.0,0.2,0.25,0.025,polarized,0.7471600930314112,0.3756591076514252,620.3756591076515,0.7471600930239221,13.592810631848648,620.0,6,36,0,False,0.0056172896682631975,False,work/cases/case_0603/duration_0p375659107651.checkpoint.npz,f4d7a71459314608dab09269eb34706cb04bef54aefc77e26b9c820cd5725f8b
604,otsuji,12.0,201,2.4000000000000004,relative_20pct,relative,15.0,0.2,0.5,0.05,polarized,0.7471600930350795,0.18894212191892917,565.1889421219189,0.7471600930213212,13.592810631632693,565.0,5,36,0,False,0.005617289668263176,False,work/cases/case_0604/duration_0p188942121919.checkpoint.npz,1e60944f4551f00a126723e0e54c939ce406fc8e11d1e2626296f33afd1daaec
605,otsuji,12.0,201,2.4000000000000004,relative_20pct,relative,15.0,0.2,1.0,0.1,polarized,0.7471600930311224,0.0944968254029219,640.0944968254029,0.747160093029552,13.592810632316287,640.0,4,36,0,False,0.0056172896682632634,False,work/cases/case_0605/duration_0p0944968254029.checkpoint.npz,2468712d8e01eed9fbd90902f5f5c3bc41ac1661c79bc75af914dc1225d7af3a
606,otsuji,12.0,201,2.4000000000000004,relative_20pct,relative,15.0,0.2,2.0,0.2,polarized,0.747160093030292,0.04710860447580837,600.0471086044759,0.747160093030292,13.592810632377537,600.0,4,36,0,False,0.0054005765163669525,False,work/cases/case_0606/duration_0p0471086044758.checkpoint.npz,2d22d69c204c3c41b5a07844684c3f13bf6475c187d924908bc534478f147588
607,otsuji,12.0,201,2.4000000000000004,relative_20pct,relative,15.0,0.2,4.0,0.4,polarized,0.7471600930326296,0.023940082017464344,550.0239400820175,0.7471600930326296,13.592810632572293,550.0,4,38,0,False,0.010771986806024501,True,work/cases/case_0607/duration_0p0239400820175.checkpoint.npz,3e5c1a0592b820843d7fb8c2307305cdd626ae138c4e2ea72137420afaa12e7e
608,otsuji,12.0,201,2.4000000000000004,relative_20pct,relative,15.0,0.2,10.0,1.0,polarized,0.74716009303851,0.009638817658799632,510.0096388176588,0.74716009303851,13.592810633060989,510.0,4,37,0,False,0.021427937912299924,True,work/cases/case_0608/duration_0p0096388176588.checkpoint.npz,1c7dda269d5c394c023767ab0b5586ce5fcf650c0baf76cb728c486bc3386cbc
609,otsuji,13.0,201,1.5,fixed_10pct,physical,15.0,0.1,0.1,0.010000000000000002,polarized,0.7523318891811148,0.016210494433137625,625.0162104944332,0.7523318891811148,14.068442379008834,625.0,5,34,0,False,0.010771986806024463,True,work/cases/case_0609/duration_0p0162104944331.checkpoint.npz,da9d9d530f59edc1defcde67dc11347d1d656113609f592fd9d425ddf94fe352
610,otsuji,13.0,201,1.5,fixed_10pct,physical,15.0,0.1,0.25,0.025,polarized,0.75233188917264,0.006526711140171337,585.0065267111402,0.7523318891665363,14.068442377767878,585.0,3,37,0,False,0.021427937912299935,True,work/cases/case_0610/duration_0p00652671114017.checkpoint.npz,27be77388af246806970a17e3f9a3a2df4a165f72b05627f75af6913e8c7d795
611,otsuji,13.0,201,1.5,fixed_10pct,physical,15.0,0.1,0.5,0.05,polarized,0.7523318891731531,0.0032633555700856687,585.0032633555701,0.7523318891697058,14.068442378037727,585.0,3,37,0,False,0.042396719301426425,True,work/cases/case_0611/duration_0p00326335557009.checkpoint.npz,a533aebc8612ec5c109aa52102c9e7efadcaf371f9cdc56c206222ee552d2ffa
612,otsuji,13.0,201,1.5,fixed_10pct,physical,15.0,0.1,1.0,0.1,polarized,0.7523318891820118,0.0017039183322894653,515.0017039183323,0.7523318891820118,14.068442379085564,515.0,3,38,0,False,0.08299595679532881,True,work/cases/case_0612/duration_0p00170391833229.checkpoint.npz,e301c096a04da6745a273e679d1961a17de30a183ad8e6a694a7413d062b1272
613,otsuji,13.0,201,1.5,fixed_10pct,physical,15.0,0.1,2.0,0.2,polarized,0.7523318891753263,0.000929068058595876,465.0009290680586,0.7523318891730952,14.068442378326164,465.0,3,37,0,False,0.15910358474628555,True,work/cases/case_0613/duration_0p000929068058596.checkpoint.npz,c501b398f7773c06c6e0edd81921f2935b1075b3e2ecf438894aa8615e03a7c3
614,otsuji,13.0,201,1.5,fixed_10pct,physical,15.0,0.1,4.0,0.4,polarized,0.7523318891757746,0.0005524271728019904,425.0005524271728,0.752331889172303,14.06844237825932,425.0,3,37,0,False,0.2928932188134526,True,work/cases/case_0614/duration_0p000552427172802.checkpoint.npz,0c209c9ed34d4d5157c2d879e50340a02a82d1a2273ad0fba8ba68e1dce5987d
615,otsuji,13.0,201,1.5,fixed_10pct,physical,15.0,0.1,10.0,1.0,polarized,0.75233188917282,0.0001953125,450.0001953125,0.75233188917282,14.068442378302484,450.0,2,35,0,False,1.0,True,work/cases/case_0615/duration_0p0001953125.checkpoint.npz,be4148843d68bad7668575c5b3d15089c79823bfb3a0c025b1939e7224037c92
616,otsuji,13.0,201,3.0,fixed_20pct,physical,15.0,0.2,0.1,0.010000000000000002,polarized,0.7523318891809345,0.1650495466560337,690.1650495466561,0.7523318891721347,14.068442378244631,690.0,5,35,0,False,0.005617289668263188,False,work/cases/case_0616/duration_0p165049546656.checkpoint.npz,6c5abcec8042d5246cb7efff1eadffdeaa3a7823f1aac2fa97970d58f18c07db
617,otsuji,13.0,201,3.0,fixed_20pct,physical,15.0,0.2,0.25,0.025,polarized,0.7523318891762848,0.06589392012044078,695.0658939201204,0.7523318891757873,14.068442378555481,695.0,4,35,0,False,0.0056172896682632634,False,work/cases/case_0617/duration_0p0658939201204.checkpoint.npz,3e713bebcbd8c02d231a2fa0db67595aa04f5c9bd6fea39f9daaef84365e6816
618,otsuji,13.0,201,3.0,fixed_20pct,physical,15.0,0.2,0.5,0.05,polarized,0.7523318891732474,0.032951990031651605,725.0329519900316,0.7523318891632739,14.068442377490465,725.0,4,38,0,False,0.00540057651636681,False,work/cases/case_0618/duration_0p0329519900317.checkpoint.npz,9c4aa091df8587e33ea9d58b49e8deb4d17b280e0aa29b1250e73eaafaccaee9
619,otsuji,13.0,201,3.0,fixed_20pct,physical,15.0,0.2,1.0,0.1,polarized,0.7523318891766039,0.01656545803949677,675.0165654580395,0.7523318891766039,14.068442378624603,675.0,4,38,0,False,0.010771986806024482,True,work/cases/case_0619/duration_0p0165654580395.checkpoint.npz,0d2da8ccb6ca3bcbf4cebde58820365cea4bf22b3011ea6e4b3fa0a27d0f11e9
620,otsuji,13.0,201,3.0,fixed_20pct,physical,15.0,0.2,2.0,0.2,polarized,0.7523318891799504,0.008282729019748384,650.0082827290197,0.7523318891692596,14.068442378000208,650.0,3,35,0,False,0.021427937912299737,True,work/cases/case_0620/duration_0p00828272901975.checkpoint.npz,15e7d1d1d4aa4eb6d37f34720d0b3004e1bd4d430514df46135b56a217104933
621,otsuji,13.0,201,3.0,fixed_20pct,physical,15.0,0.2,4.0,0.4,polarized,0.752331889174428,0.004232048584177791,595.0042320485842,0.752331889174428,14.068442378439599,595.0,4,37,0,False,0.04239671930142631,True,work/cases/case_0621/duration_0p00423204858418.checkpoint.npz,89a891329736cf24a12fbb4f48783c62c7536f71ff1fb3b4c5aa1a05b2fdb356
622,otsuji,13.0,201,3.0,fixed_20pct,physical,15.0,0.2,10.0,1.0,polarized,0.7523318891743678,0.0017039183322894653,585.0017039183323,0.7523318891743678,14.068442378435057,585.0,3,36,0,False,0.08299595679532881,True,work/cases/case_0622/duration_0p00170391833229.checkpoint.npz,8f5e271b565f36812c4dd349ea9e8c04c35b6ea09dafc5e52aac8aab136dcde5
623,otsuji,13.0,201,2.6,relative_20pct,relative,15.0,0.2,0.1,0.010000000000000002,polarized,0.7523318891953601,0.05659676209791515,715.0565967620979,0.7523318891953601,14.068442380221434,715.0,3,33,0,False,0.005617289668263174,False,work/cases/case_0623/duration_0p0565967620979.checkpoint.npz,d26627c108cdb70838dd0a62ccc32bea74e3a10dfc95aadafb93ee149d57c528
624,otsuji,13.0,201,2.6,relative_20pct,relative,15.0,0.2,0.25,0.025,polarized,0.7523318891802514,0.022678152193754984,685.0226781521937,0.7523318891802514,14.068442378935138,685.0,5,37,0,False,0.01077198680602449,True,work/cases/case_0624/duration_0p0226781521938.checkpoint.npz,4e1133e885f31bf5ba0e0d2373c0f6975981fc1379d885a45e7254f068c1c26a
625,otsuji,13.0,201,2.6,relative_20pct,relative,15.0,0.2,0.5,0.05,polarized,0.752331889177617,0.01146255054005839,620.01146255054,0.7523318891626884,14.068442377440833,620.0,5,36,0,False,0.021427937912299858,True,work/cases/case_0625/duration_0p0114625505401.checkpoint.npz,abf5a222586be9d021b43fd64c1b8c8728821915621accb0ed9cdfa915ce3ef1
626,otsuji,13.0,201,2.6,relative_20pct,relative,15.0,0.2,1.0,0.1,polarized,0.752331889186143,0.005731275270029195,620.00573127527,0.752331889186143,14.068442379437199,620.0,5,35,0,False,0.04239671930142638,True,work/cases/case_0626/duration_0p00573127527003.checkpoint.npz,184b78392e45e3c5732e5456981038417f2bf979b4e4fca3cb511c79c051e01f
627,otsuji,13.0,201,2.6,relative_20pct,relative,15.0,0.2,2.0,0.2,polarized,0.7523318891736086,0.0028656376350145976,640.0028656376351,0.7523318891657482,14.068442377701558,640.0,4,38,0,False,0.0829959567953287,True,work/cases/case_0627/duration_0p00286563763501.checkpoint.npz,ed4be777d32fb6f0870be49e8fed258f3af19d5d4379daf4887227a08bc47f66
628,otsuji,13.0,201,2.6,relative_20pct,relative,15.0,0.2,4.0,0.4,polarized,0.7523318891747207,0.0015625,525.0015625,0.7523318891747207,14.068442378464951,525.0,4,37,0,False,0.15910358474628544,True,work/cases/case_0628/duration_0p0015625.checkpoint.npz,b20689bb2ce40b3852006e522227cb18b6a766223f869af9c02218e4be831aba
629,otsuji,13.0,201,2.6,relative_20pct,relative,15.0,0.2,10.0,1.0,polarized,0.7523318891724983,0.00078125,465.00078125,0.7523318891724958,14.068442378275245,465.0,4,37,0,False,0.29289321881345237,True,work/cases/case_0629/duration_0p00078125.checkpoint.npz,91ad8dd087c7d9c832384442954f9a147b1727fb5d310d6a1d472c189a99401e
630,otsuji,15.0,201,1.5,fixed_10pct,physical,15.0,0.1,0.1,0.010000000000000002,polarized,0.760349376266859,0.0005524271728019904,1075.0005524271728,0.760349376266859,14.882964590585644,1075.0,3,35,0,False,0.2928932188134526,True,work/cases/case_0630/duration_0p000552427172802.checkpoint.npz,06105726ca3c32fcd81031d7ae576ae07b8919264050b76b3f1e3b15a4d8454c
631,otsuji,15.0,201,1.5,fixed_10pct,physical,15.0,0.1,0.25,0.025,polarized,0.7603493761850161,0.0005524271728019904,980.0005524271728,0.7603493761764369,14.882964582727078,980.0,3,38,0,False,0.2928932188134526,True,work/cases/case_0631/duration_0p000552427172802.checkpoint.npz,70b38de943f592346081342eae00b6a4d98b69cda15534da16c79b7762b89118
632,otsuji,15.0,201,1.5,fixed_10pct,physical,15.0,0.1,0.5,0.05,polarized,0.76034937618869,0.000390625,830.000390625,0.7603493761800124,14.882964583038257,830.0,3,33,0,False,0.5,True,work/cases/case_0632/duration_0p000390625.checkpoint.npz,3e8960d13f982b0ed57f4dba4cb63c390d2162a373f17db82afe37f222a4d52a
633,otsuji,15.0,201,1.5,fixed_10pct,physical,15.0,0.1,1.0,0.1,polarized,0.760349376192026,0.0001953125,830.0001953125,0.760349376192026,14.882964584082323,830.0,2,37,0,False,1.0,True,work/cases/case_0633/duration_0p0001953125.checkpoint.npz,07f78dab34f20be15e5591af6034a68811489e117773ab68c373c9ec210cccc8
634,otsuji,15.0,201,1.5,fixed_10pct,physical,15.0,0.1,2.0,0.2,polarized,0.7603493762044776,0.0001953125,745.0001953125,0.7603493761832615,14.882964583320742,745.0,2,37,0,False,1.0,True,work/cases/case_0634/duration_0p0001953125.checkpoint.npz,23e0a660d430b5af19e1fe6dbea5278088b3d252bc0c98b87ef9bc155486367a
635,otsuji,15.0,201,1.5,fixed_10pct,physical,15.0,0.1,4.0,0.4,polarized,0.7603493761854488,0.0001953125,695.0001953125,0.7603493761762333,14.882964582709038,695.0,2,38,0,False,1.0,True,work/cases/case_0635/duration_0p0001953125.checkpoint.npz,700a13227f84e8a66fe139b8a610f6c233e39c8fe6c8ff1cabaadf2cc9c11b2e
636,otsuji,15.0,201,1.5,fixed_10pct,physical,15.0,0.1,10.0,1.0,polarized,0.7603493761994822,0.0001953125,635.0001953125,0.7603493761994822,14.882964584729802,635.0,2,38,0,False,1.0,True,work/cases/case_0636/duration_0p0001953125.checkpoint.npz,bae32b1d5f062b6bc828d4c8a6f59bd0e1103585174690341126bd2268c85908
637,otsuji,15.0,201,3.0,fixed_20pct,physical,15.0,0.2,0.1,0.010000000000000002,polarized,0.7603493762636431,0.0001953125,835.0001953125,0.7603493762033475,14.88296458506584,835.0,2,33,0,False,1.0,True,work/cases/case_0637/duration_0p0001953125.checkpoint.npz,223ac963523f9882206948c5b42a0e5a16ffb73fc969d4f3db67787c4ba2f3a5
638,otsuji,15.0,201,3.0,fixed_20pct,physical,15.0,0.2,0.25,0.025,polarized,0.760349376188657,0.0001953125,770.0001953125,0.7603493761858515,14.88296458354565,770.0,2,35,0,False,1.0,True,work/cases/case_0638/duration_0p0001953125.checkpoint.npz,3ea893751539d76aed3785d10e024d1ebefca098a267a6e837d0bd1db2a172ed
639,otsuji,15.0,201,3.0,fixed_20pct,physical,15.0,0.2,0.5,0.05,polarized,0.7603493761907517,0.0001953125,730.0001953125,0.7603493761661274,14.882964581831137,730.0,2,37,0,False,1.0,True,work/cases/case_0639/duration_0p0001953125.checkpoint.npz,935460de62c74ef5efb2ff6cef15a7a9a283eeff95525342b3505c7d99d565ed
640,otsuji,15.0,201,3.0,fixed_20pct,physical,15.0,0.2,1.0,0.1,polarized,0.7603493761862596,0.0001953125,695.0001953125,0.7603493761833294,14.88296458332587,695.0,2,34,0,False,1.0,True,work/cases/case_0640/duration_0p0001953125.checkpoint.npz,184c458c8c0b582a12487771cea83acf65ac5ef6e549aa301d5e004d53061d3c
641,otsuji,15.0,201,3.0,fixed_20pct,physical,15.0,0.2,2.0,0.2,polarized,0.7603493761906245,0.0001953125,655.0001953125,0.7603493761744285,14.882964582552457,655.0,2,37,0,False,1.0,True,work/cases/case_0641/duration_0p0001953125.checkpoint.npz,9cacb257b69a5e8aba380558ca4409a8a53ffdef99d207ef2499ab182ea9346d
642,otsuji,15.0,201,3.0,fixed_20pct,physical,15.0,0.2,4.0,0.4,polarized,0.7603493761935414,0.0001953125,620.0001953125,0.760349376152851,14.882964580676747,620.0,2,38,0,False,1.0,True,work/cases/case_0642/duration_0p0001953125.checkpoint.npz,2e2fa378429234e60fc374aa1d5a7064b47df22a47a6b449fb89baaa07c3e168
643,otsuji,15.0,201,3.0,fixed_20pct,physical,15.0,0.2,10.0,1.0,polarized,0.76034937618485,0.0001953125,570.0001953125,0.7603493761650435,14.882964581736879,570.0,2,36,0,False,1.0,True,work/cases/case_0643/duration_0p0001953125.checkpoint.npz,31e98e4c32ebfdaf1b0e1311c3b28ca16ac735a493c68e132823e42165f6571c
644,otsuji,15.0,201,3.0,relative_20pct,relative,15.0,0.2,0.1,0.010000000000000002,polarized,0.7603493762636431,0.0001953125,835.0001953125,0.7603493762033475,14.88296458506584,835.0,2,33,0,False,1.0,True,work/cases/case_0644/duration_0p0001953125.checkpoint.npz,223ac963523f9882206948c5b42a0e5a16ffb73fc969d4f3db67787c4ba2f3a5
645,otsuji,15.0,201,3.0,relative_20pct,relative,15.0,0.2,0.25,0.025,polarized,0.760349376188657,0.0001953125,770.0001953125,0.7603493761858515,14.88296458354565,770.0,2,35,0,False,1.0,True,work/cases/case_0645/duration_0p0001953125.checkpoint.npz,3ea893751539d76aed3785d10e024d1ebefca098a267a6e837d0bd1db2a172ed
646,otsuji,15.0,201,3.0,relative_20pct,relative,15.0,0.2,0.5,0.05,polarized,0.7603493761907517,0.0001953125,730.0001953125,0.7603493761661274,14.882964581831137,730.0,2,37,0,False,1.0,True,work/cases/case_0646/duration_0p0001953125.checkpoint.npz,935460de62c74ef5efb2ff6cef15a7a9a283eeff95525342b3505c7d99d565ed
647,otsuji,15.0,201,3.0,relative_20pct,relative,15.0,0.2,1.0,0.1,polarized,0.7603493761862596,0.0001953125,695.0001953125,0.7603493761833294,14.88296458332587,695.0,2,34,0,False,1.0,True,work/cases/case_0647/duration_0p0001953125.checkpoint.npz,184c458c8c0b582a12487771cea83acf65ac5ef6e549aa301d5e004d53061d3c
648,otsuji,15.0,201,3.0,relative_20pct,relative,15.0,0.2,2.0,0.2,polarized,0.7603493761906245,0.0001953125,655.0001953125,0.7603493761744285,14.882964582552457,655.0,2,37,0,False,1.0,True,work/cases/case_0648/duration_0p0001953125.checkpoint.npz,9cacb257b69a5e8aba380558ca4409a8a53ffdef99d207ef2499ab182ea9346d
649,otsuji,15.0,201,3.0,relative_20pct,relative,15.0,0.2,4.0,0.4,polarized,0.7603493761935414,0.0001953125,620.0001953125,0.760349376152851,14.882964580676747,620.0,2,38,0,False,1.0,True,work/cases/case_0649/duration_0p0001953125.checkpoint.npz,2e2fa378429234e60fc374aa1d5a7064b47df22a47a6b449fb89baaa07c3e168
650,otsuji,15.0,201,3.0,relative_20pct,relative,15.0,0.2,10.0,1.0,polarized,0.76034937618485,0.0001953125,570.0001953125,0.7603493761650435,14.882964581736879,570.0,2,36,0,False,1.0,True,work/cases/case_0650/duration_0p0001953125.checkpoint.npz,31e98e4c32ebfdaf1b0e1311c3b28ca16ac735a493c68e132823e42165f6571c
651,otsuji,17.0,201,1.5,fixed_10pct,physical,15.0,0.1,0.1,0.010000000000000002,polarized,0.7662052667781749,0.0038808056627296387,1580.0038808056627,0.7662052667490266,15.547856352224146,1580.0,3,35,0,False,0.042396719301426446,True,work/cases/case_0651/duration_0p00388080566273.checkpoint.npz,137e586438cf0fc56b5bd0de810cf76b1764553b0ced039a7881ce08000ea8aa
652,otsuji,17.0,201,1.5,fixed_10pct,physical,15.0,0.1,0.25,0.025,polarized,0.7662052667802322,0.0015625,1510.0015625,0.7662052667365661,15.547856351150386,1510.0,4,35,0,False,0.15910358474628544,True,work/cases/case_0652/duration_0p0015625.checkpoint.npz,db42c1d826d14f25f32b24b994f2ac2cd7a372ae96af4d5f2f74ec68f5a82c65
653,otsuji,17.0,201,1.5,fixed_10pct,physical,15.0,0.1,0.5,0.05,polarized,0.7662052667588121,0.00078125,1515.00078125,0.7662052667480173,15.547856352136975,1515.0,3,36,0,False,0.29289321881345237,True,work/cases/case_0653/duration_0p00078125.checkpoint.npz,860e839aa9775609ce53c8f4b004932d3359ef36968c592143f785618a6807b4
654,otsuji,17.0,201,1.5,fixed_10pct,physical,15.0,0.1,1.0,0.1,polarized,0.7662052667619341,0.000390625,1515.000390625,0.7662052667458927,15.547856351954293,1515.0,3,35,0,False,0.5,True,work/cases/case_0654/duration_0p000390625.checkpoint.npz,b39a2f9f8bfd86ea82757fd8fe71500040f59426165852e351695071344374aa
655,otsuji,17.0,201,1.5,fixed_10pct,physical,15.0,0.1,2.0,0.2,polarized,0.7662052667667495,0.0001953125,1520.0001953125,0.7662052667459082,15.547856351955822,1520.0,2,36,0,False,1.0,True,work/cases/case_0655/duration_0p0001953125.checkpoint.npz,9241384c928f959d848820a28bc651b8f2a6d6c5c90766066480989d964ea456
656,otsuji,17.0,201,1.5,fixed_10pct,physical,15.0,0.1,4.0,0.4,polarized,0.7662052667515408,0.0001953125,950.0001953125,0.7662052667515408,15.547856352440393,950.0,2,35,0,False,1.0,True,work/cases/case_0656/duration_0p0001953125.checkpoint.npz,2ce8ffde64afbe5655f754e6991bfe6bc34fd1be89231e69d2f8e53a5cdc90d1
657,otsuji,17.0,201,1.5,fixed_10pct,physical,15.0,0.1,10.0,1.0,polarized,0.7662052667531932,0.0001953125,810.0001953125,0.7662052667449226,15.54785635187089,810.0,2,37,0,False,1.0,True,work/cases/case_0657/duration_0p0001953125.checkpoint.npz,6baebc2398d98f9b5beb2a981e3a04155246eddc296a78531d7148c7bdb922b1
658,otsuji,17.0,201,3.0,fixed_20pct,physical,15.0,0.2,0.1,0.010000000000000002,polarized,0.766205266759027,0.021022410381342865,1570.0210224103814,0.7662052667430833,15.54785635171191,1570.0,4,38,0,False,0.010771986806024435,True,work/cases/case_0658/duration_0p0210224103813.checkpoint.npz,1e906cc96e9c541e891061a721ad6a002531debf0dfa14045260134d222671ee
659,otsuji,17.0,201,3.0,fixed_20pct,physical,15.0,0.2,0.25,0.025,polarized,0.7662052667566092,0.008282729019748384,2210.00828272902,0.7662052667462674,15.547856351986528,2210.0,3,35,0,False,0.021427937912299737,True,work/cases/case_0659/duration_0p00828272901975.checkpoint.npz,4676e31acca95eb20d939b2697c86e6a89ff18ce6c211d390ef46376bc97c9bd
660,otsuji,17.0,201,3.0,fixed_20pct,physical,15.0,0.2,0.5,0.05,polarized,0.7662052667510113,0.004232048584177791,1515.004232048584,0.7662052667454214,15.547856351913032,1515.0,3,37,0,False,0.04239671930142631,True,work/cases/case_0660/duration_0p00423204858418.checkpoint.npz,89c7ba84f52cf500fc7a29670f587bf326d498118da118fc545a8837502a7899
661,otsuji,17.0,201,3.0,fixed_20pct,physical,15.0,0.2,1.0,0.1,polarized,0.7662052667475736,0.0022097086912079614,1370.0022097086912,0.7662052667428666,15.547856351693135,1370.0,3,37,0,False,0.08299595679532869,True,work/cases/case_0661/duration_0p00220970869121.checkpoint.npz,10273c9461979651cb86faa4f0c7ee52cd91fcc7421b990098c245363c4985d0
662,otsuji,17.0,201,3.0,fixed_20pct,physical,15.0,0.2,2.0,0.2,polarized,0.7662052667550828,0.0011048543456039807,1370.0011048543456,0.7662052667468676,15.547856352038282,1370.0,3,37,0,False,0.15910358474628547,True,work/cases/case_0662/duration_0p0011048543456.checkpoint.npz,db61b0cfc38a7b0adcabbdabc36746968bb6e1ebde981b4aef1f7647d7cd1b69
663,otsuji,17.0,201,3.0,fixed_20pct,physical,15.0,0.2,4.0,0.4,polarized,0.7662052667550797,0.0005524271728019904,1370.0005524271728,0.766205266745662,15.547856351934215,1370.0,3,38,0,False,0.2928932188134526,True,work/cases/case_0663/duration_0p000552427172802.checkpoint.npz,6897aa48e038e9fe91ad628e358fbf87ef325cf51e366bdcf3751b936462143a
664,otsuji,17.0,201,3.0,fixed_20pct,physical,15.0,0.2,10.0,1.0,polarized,0.7662052667597676,0.000390625,995.000390625,0.7662052667489034,15.547856352214188,995.0,3,38,0,False,0.5,True,work/cases/case_0664/duration_0p000390625.checkpoint.npz,664f87394ad57d5e7fc8d1432f056054ff5b7e349190db3e914d370d14cbc854
665,otsuji,17.0,201,3.4000000000000004,relative_20pct,relative,15.0,0.2,0.1,0.010000000000000002,polarized,0.7662052667598226,0.04296548245306195,1850.0429654824532,0.7662052667467304,15.54785635202689,1850.0,4,38,0,False,0.005400576516366874,False,work/cases/case_0665/duration_0p0429654824531.checkpoint.npz,d8d027c9fe49b2331f36da3af32f8c3bd2c9e12bbc8ee8590a2b8a1cfb8ed36f
666,otsuji,17.0,201,3.4000000000000004,relative_20pct,relative,15.0,0.2,0.25,0.025,polarized,0.7662052667555554,0.017487245906728892,1545.0174872459068,0.7662052667421418,15.54785635163115,1545.0,4,36,0,False,0.010771986806024376,True,work/cases/case_0666/duration_0p0174872459067.checkpoint.npz,022c6a167d0be77308a1596f5d4329c9b5482bc17dd66bf46348ad0bf3c7bb97
667,otsuji,17.0,201,3.4000000000000004,relative_20pct,relative,15.0,0.2,0.5,0.05,polarized,0.7662052667502196,0.008649436762273952,1660.0086494367622,0.7662052667479526,15.547856352131076,1660.0,4,37,0,False,0.021427937912299924,True,work/cases/case_0667/duration_0p00864943676227.checkpoint.npz,0f523465836526bf6c65577e03e5bbf820004ca5f48a1c2ea220ad8a5260d8aa
668,otsuji,17.0,201,3.4000000000000004,relative_20pct,relative,15.0,0.2,1.0,0.1,polarized,0.7662052667553384,0.004419417382415923,1480.0044194173825,0.7662052667395597,15.547856351408523,1480.0,4,37,0,False,0.042396719301426314,True,work/cases/case_0668/duration_0p00441941738242.checkpoint.npz,85340195403a58b4d71ccbd1193ada267ce0a801e26233645718d7885942c4dc
669,otsuji,17.0,201,3.4000000000000004,relative_20pct,relative,15.0,0.2,2.0,0.2,polarized,0.7662052667641506,0.0022097086912079614,1480.0022097086912,0.7662052667446909,15.547856351850593,1480.0,4,36,0,False,0.08299595679532869,True,work/cases/case_0669/duration_0p00220970869121.checkpoint.npz,63ea7594e2fa1dc9396d686a25099ebe5b8a8f332dd7d98cb5d88791e1e8ad8d
670,otsuji,17.0,201,3.4000000000000004,relative_20pct,relative,15.0,0.2,4.0,0.4,polarized,0.7662052667523603,0.0011048543456039807,1480.0011048543456,0.7662052667456246,15.547856351930703,1480.0,3,36,0,False,0.15910358474628547,True,work/cases/case_0670/duration_0p0011048543456.checkpoint.npz,d05761ac68c4c8b0d7f2bf910af6d7d9db226a1f4f2843dfe7b5a5feaadd1f35
671,otsuji,17.0,201,3.4000000000000004,relative_20pct,relative,15.0,0.2,10.0,1.0,polarized,0.7662052667492114,0.0005524271728019904,1165.0005524271728,0.7662052667466546,15.547856352019854,1165.0,3,36,0,False,0.2928932188134526,True,work/cases/case_0671/duration_0p000552427172802.checkpoint.npz,e61c29567ff539f70a4078b28a2dbbf28bc9060f2ad6e96818d3a0171ceeb009
672,otsuji,18.0,201,1.5,fixed_10pct,physical,15.0,0.1,0.1,0.010000000000000002,polarized,0.7685576361425206,0.0001953125,820.0001953125,0.7685576361359531,15.83390990874109,820.0,2,36,0,False,1.0,True,work/cases/case_0672/duration_0p0001953125.checkpoint.npz,7fc6f24fa811e8d7721f83f8e9ccd8a89d9ccb733453968e10bdbbfbeb81529d
673,otsuji,18.0,201,1.5,fixed_10pct,physical,15.0,0.1,0.25,0.025,polarized,0.7685576361392481,0.0001953125,830.0001953125,0.7685576361186951,15.83390990727423,830.0,2,35,0,False,1.0,True,work/cases/case_0673/duration_0p0001953125.checkpoint.npz,5e2da8eddfadf2d9b16db0f1cfdac2dd9a15ac5663a290cccdf8c539e0d534e4
674,otsuji,18.0,201,1.5,fixed_10pct,physical,15.0,0.1,0.5,0.05,polarized,0.7685576361507069,0.0001953125,805.0001953125,0.7685576360712123,15.833909903238643,805.0,2,35,0,False,1.0,True,work/cases/case_0674/duration_0p0001953125.checkpoint.npz,e0ad82b6de4a5d47815bba23aca126e2e6b474ef738708f46392415fb5cd6428
675,otsuji,18.0,201,1.5,fixed_10pct,physical,15.0,0.1,1.0,0.1,polarized,0.768557636131708,0.0001953125,810.0001953125,0.7685576361303552,15.833909908265321,810.0,2,35,0,False,1.0,True,work/cases/case_0675/duration_0p0001953125.checkpoint.npz,6c27400743b06da3f7d0a645dc956b4745f1259e41ddec53a5f5567d574a0813
676,otsuji,18.0,201,1.5,fixed_10pct,physical,15.0,0.1,2.0,0.2,polarized,0.7685576361371849,0.0001953125,800.0001953125,0.7685576361371849,15.833909908846561,800.0,2,38,0,False,1.0,True,work/cases/case_0676/duration_0p0001953125.checkpoint.npz,aad0d2d8726906e0a4e1c76ebc3d4ff26ae55d3d36e950f6a22cb925f8d931c5
677,otsuji,18.0,201,1.5,fixed_10pct,physical,15.0,0.1,4.0,0.4,polarized,0.7685576361334154,0.0001953125,790.0001953125,0.7685576361236673,15.833909907697258,790.0,2,38,0,False,1.0,True,work/cases/case_0677/duration_0p0001953125.checkpoint.npz,88aa3d38e81fd2b716fa99957ec12218967647c2b92fea23ce45addfa677fe36
678,otsuji,18.0,201,1.5,fixed_10pct,physical,15.0,0.1,10.0,1.0,polarized,0.7685576361357546,0.0001953125,765.0001953125,0.7685576361317559,15.833909908384774,765.0,2,37,0,False,1.0,True,work/cases/case_0678/duration_0p0001953125.checkpoint.npz,a67f5b935ad6ecd0ac3412e6b4b068a9718c144021196ec0cbf1b9f093a5fafa
679,otsuji,18.0,201,3.0,fixed_20pct,physical,15.0,0.2,0.1,0.010000000000000002,polarized,0.7685576361471627,0.000390625,1225.000390625,0.7685576360447692,15.833909900989715,1225.0,3,34,0,False,0.5,True,work/cases/case_0679/duration_0p000390625.checkpoint.npz,deb52f2da18a4f30ad3445f142df076d9b1c55c92a99552a1f20eac953d96159
680,otsuji,18.0,201,3.0,fixed_20pct,physical,15.0,0.2,0.25,0.025,polarized,0.7685576361335242,0.0001953125,1135.0001953125,0.7685576361071899,15.833909906295892,1135.0,2,36,0,False,1.0,True,work/cases/case_0680/duration_0p0001953125.checkpoint.npz,a3f1a788275bccc6f62bab5ef71eecfff3acbc4f83c878baf1a71939fdd28b75
681,otsuji,18.0,201,3.0,fixed_20pct,physical,15.0,0.2,0.5,0.05,polarized,0.7685576361497977,0.0001953125,975.0001953125,0.7685576360853386,15.833909904439386,975.0,2,37,0,False,1.0,True,work/cases/case_0681/duration_0p0001953125.checkpoint.npz,e8e2b551b1838bf19d5e09e140fdab26cc95c2121a645556255cf5f2f3cc6990
682,otsuji,18.0,201,3.0,fixed_20pct,physical,15.0,0.2,1.0,0.1,polarized,0.7685576361406031,0.0001953125,965.0001953125,0.7685576361294462,15.833909908187858,965.0,2,34,0,False,1.0,True,work/cases/case_0682/duration_0p0001953125.checkpoint.npz,259e7e53eace24f72158751dff854370b34b2a7ddbda82913a9416a1037495d8
683,otsuji,18.0,201,3.0,fixed_20pct,physical,15.0,0.2,2.0,0.2,polarized,0.7685576362002935,0.0001953125,790.0001953125,0.7685576361455718,15.833909909558528,790.0,2,33,0,False,1.0,True,work/cases/case_0683/duration_0p0001953125.checkpoint.npz,3df2fbc14399dcf0c4b78f811e4c64b0172ff6134dfcf2ce0c31200562ff0c71
684,otsuji,18.0,201,3.0,fixed_20pct,physical,15.0,0.2,4.0,0.4,polarized,0.7685576361513622,0.0001953125,700.0001953125,0.7685576361271959,15.833909907996663,700.0,2,36,0,False,1.0,True,work/cases/case_0684/duration_0p0001953125.checkpoint.npz,f001789b4013d94baaf66579db910a9ce51a50a1aaf6e5ded0577af64946916d
685,otsuji,18.0,201,3.0,fixed_20pct,physical,15.0,0.2,10.0,1.0,polarized,0.7685576361418617,0.0001953125,720.0001953125,0.7685576361225216,15.833909907599626,720.0,2,37,0,False,1.0,True,work/cases/case_0685/duration_0p0001953125.checkpoint.npz,be7c113447bea3e1471274b8cf56330631c5b7ccc7e6fdb7242dc5d9d33423c7
686,otsuji,18.0,201,3.6,relative_20pct,relative,15.0,0.2,0.1,0.010000000000000002,polarized,0.7685576361420954,0.002627801297667858,1800.0026278012976,0.7685576361287957,15.833909908132865,1800.0,5,36,0,False,0.08299595679532866,True,work/cases/case_0686/duration_0p00262780129767.checkpoint.npz,853a8ef8c8bdd1707fa68d1e81807846a2f272179bc5586c22d5454eef92eeb5
687,otsuji,18.0,201,3.6,relative_20pct,relative,15.0,0.2,0.25,0.025,polarized,0.7685576361358708,0.0011048543456039807,1600.0011048543456,0.7685576361237587,15.833909907704049,1600.0,3,35,0,False,0.15910358474628547,True,work/cases/case_0687/duration_0p0011048543456.checkpoint.npz,fcab5d0086c5a2153c435874e94be12bcc1b9faebebbaa33a0000b8627887867
688,otsuji,18.0,201,3.6,relative_20pct,relative,15.0,0.2,0.5,0.05,polarized,0.768557636142864,0.0005524271728019904,1600.0005524271728,0.7685576361263036,15.833909907920782,1600.0,3,34,0,False,0.2928932188134526,True,work/cases/case_0688/duration_0p000552427172802.checkpoint.npz,c59f0bed17a20959d1113bbe8f5bf112ba98928a2d9de502cc7313a6688634fb
689,otsuji,18.0,201,3.6,relative_20pct,relative,15.0,0.2,1.0,0.1,polarized,0.7685576361390407,0.000390625,1285.000390625,0.7685576361308508,15.833909908307795,1285.0,3,33,0,False,0.5,True,work/cases/case_0689/duration_0p000390625.checkpoint.npz,96db8f55f3cff88cf18a3ff321f12a2c9824c05183309680be5a2c7721699196
690,otsuji,18.0,201,3.6,relative_20pct,relative,15.0,0.2,2.0,0.2,polarized,0.7685576361863169,0.0001953125,1285.0001953125,0.768557636141106,15.83390990917906,1285.0,2,36,0,False,1.0,True,work/cases/case_0690/duration_0p0001953125.checkpoint.npz,edbb3d2c91176e1351067fedfea97857d55bdcbf8028d7f8a411befefc546297
691,otsuji,18.0,201,3.6,relative_20pct,relative,15.0,0.2,4.0,0.4,polarized,0.7685576361579112,0.0001953125,1075.0001953125,0.7685576361187474,15.833909907279098,1075.0,2,35,0,False,1.0,True,work/cases/case_0691/duration_0p0001953125.checkpoint.npz,6b8299df378c20492645a7dbb28c49a15b2c8ade81c69ae2101f50028d34114b
692,otsuji,18.0,201,3.6,relative_20pct,relative,15.0,0.2,10.0,1.0,polarized,0.7685576361808429,0.0001953125,930.0001953125,0.7685576361313827,15.833909908352027,930.0,2,37,0,False,1.0,True,work/cases/case_0692/duration_0p0001953125.checkpoint.npz,67ba0abc6a2c7cde86fc8be749429a6dc8a6a6176ae69cfd28ecae1d5d5f88cc
693,otsuji,19.0,201,1.5,fixed_10pct,physical,15.0,0.1,0.1,0.010000000000000002,polarized,0.7706118912249468,0.0001953125,965.0001953125,0.7706118911868435,16.09321647931463,965.0,2,38,0,False,1.0,True,work/cases/case_0693/duration_0p0001953125.checkpoint.npz,b3978edee2a1a8bf877b76618cf02dcf491cbe9a5c88db24d9f965806fd45c97
694,otsuji,19.0,201,1.5,fixed_10pct,physical,15.0,0.1,0.25,0.025,polarized,0.7706118912677915,0.0001953125,935.0001953125,0.7706118912401339,16.093216483760806,935.0,2,36,0,False,1.0,True,work/cases/case_0694/duration_0p0001953125.checkpoint.npz,9154991f991ecd139454d19f274309eb92f57e3aa87f4f4384465cd30d593a4f
695,otsuji,19.0,201,1.5,fixed_10pct,physical,15.0,0.1,0.5,0.05,polarized,0.7706118912326821,0.0001953125,1000.0001953125,0.7706118911897053,16.093216479553618,1000.0,2,36,0,False,1.0,True,work/cases/case_0695/duration_0p0001953125.checkpoint.npz,5334f7b8f00460a4c0b61bd2939297813d626251943619a3008559896f92f2da
696,otsuji,19.0,201,1.5,fixed_10pct,physical,15.0,0.1,1.0,0.1,polarized,0.7706118912406539,0.0001953125,910.0001953125,0.7706118911896996,16.09321647955319,910.0,2,35,0,False,1.0,True,work/cases/case_0696/duration_0p0001953125.checkpoint.npz,9e02b03af5976176099483044dc5b4be083b2cc539998d22d71c577741d3e2c8
697,otsuji,19.0,201,1.5,fixed_10pct,physical,15.0,0.1,2.0,0.2,polarized,0.7706118912158046,0.0001953125,895.0001953125,0.7706118912049348,16.093216480823546,895.0,2,37,0,False,1.0,True,work/cases/case_0697/duration_0p0001953125.checkpoint.npz,be5611dadc1482422ce191210f8b13001e1873f5ee3e15d065751493c635a0ca
698,otsuji,19.0,201,1.5,fixed_10pct,physical,15.0,0.1,4.0,0.4,polarized,0.7706118912174387,0.0001953125,880.0001953125,0.7706118912174387,16.093216481866506,880.0,2,37,0,False,1.0,True,work/cases/case_0698/duration_0p0001953125.checkpoint.npz,cbf8bce69c78ed7ab4bac8d55784480283db234c8ffd12c1dca161d6aa081e24
699,otsuji,19.0,201,1.5,fixed_10pct,physical,15.0,0.1,10.0,1.0,polarized,0.7706118912230775,0.0001953125,860.0001953125,0.7706118912230775,16.09321648233696,860.0,2,36,0,False,1.0,True,work/cases/case_0699/duration_0p0001953125.checkpoint.npz,ea7f39d9af40cfc7f589f71e6118369560a955388cd34225172eb6262283c636
700,otsuji,19.0,201,3.0,fixed_20pct,physical,15.0,0.2,0.1,0.010000000000000002,polarized,0.7706118912088668,0.0001953125,1075.0001953125,0.7706118911775578,16.09321647853951,1075.0,2,36,0,False,1.0,True,work/cases/case_0700/duration_0p0001953125.checkpoint.npz,20d8cb0d68f4586283bc9623a34b592e8f5f04465e9fd91932288e73ecc3a0fc
701,otsuji,19.0,201,3.0,fixed_20pct,physical,15.0,0.2,0.25,0.025,polarized,0.7706118912235387,0.0001953125,1040.0001953125,0.7706118912014497,16.0932164805333,1040.0,2,38,0,False,1.0,True,work/cases/case_0701/duration_0p0001953125.checkpoint.npz,91e76fd6bd32da55b18482af0394a2bc4dd41e8ea9484b87466d161bf8c35f21
702,otsuji,19.0,201,3.0,fixed_20pct,physical,15.0,0.2,0.5,0.05,polarized,0.7706118912175243,0.0001953125,1015.0001953125,0.7706118912175243,16.093216481874244,1015.0,2,38,0,False,1.0,True,work/cases/case_0702/duration_0p0001953125.checkpoint.npz,0a2a539f7af8153b827d103e9602cd5daf026a966b042f6e29f5445d6d9e2be0
703,otsuji,19.0,201,3.0,fixed_20pct,physical,15.0,0.2,1.0,0.1,polarized,0.7706118912175729,0.0001953125,1005.0001953125,0.7706118912059148,16.093216480904978,1005.0,2,35,0,False,1.0,True,work/cases/case_0703/duration_0p0001953125.checkpoint.npz,844f345b749282de634f58e6c7221f691787507a7c2763d72ff0a6cc52d8c26f
704,otsuji,19.0,201,3.0,fixed_20pct,physical,15.0,0.2,2.0,0.2,polarized,0.7706118912163104,0.0001953125,970.0001953125,0.7706118911998194,16.09321648039678,970.0,2,38,0,False,1.0,True,work/cases/case_0704/duration_0p0001953125.checkpoint.npz,1e35bfe903f12127e3c378f45dc18201d6163b28031eaa3364838647f3e0b809
705,otsuji,19.0,201,3.0,fixed_20pct,physical,15.0,0.2,4.0,0.4,polarized,0.7706118912225886,0.0001953125,945.0001953125,0.7706118912106892,16.09321648130428,945.0,2,37,0,False,1.0,True,work/cases/case_0705/duration_0p0001953125.checkpoint.npz,7b7e93d2d7366308e6adca5e1a657877950a381fae5bcbd6f94c430b7b2b0fda
706,otsuji,19.0,201,3.0,fixed_20pct,physical,15.0,0.2,10.0,1.0,polarized,0.7706118912117825,0.0001953125,910.0001953125,0.7706118912042662,16.093216480768362,910.0,2,35,0,False,1.0,True,work/cases/case_0706/duration_0p0001953125.checkpoint.npz,fddce38851fa24054f7d0615570e8ee75e2dbf3b62d40dec8f3ec9764d7c2a32
707,otsuji,19.0,201,3.8000000000000003,relative_20pct,relative,15.0,0.2,0.1,0.010000000000000002,polarized,0.770611891232525,0.2067624915058721,980.2067624915059,0.7706118912005632,16.093216480458693,980.0,7,37,0,False,0.005617289668263126,False,work/cases/case_0707/duration_0p206762491506.checkpoint.npz,5848a4f66f12b6cb14a6bf45decbaf4eb8947e2e9872751bb0949a92966101a4
708,otsuji,19.0,201,3.8000000000000003,relative_20pct,relative,15.0,0.2,0.25,0.025,polarized,0.7706118912318132,0.08442839011973134,1000.0844283901197,0.7706118912026966,16.093216480637157,1000.0,6,33,0,False,0.005617289668263176,False,work/cases/case_0708/duration_0p0844283901197.checkpoint.npz,90281ef338b7fd5b30f05c89028d3dce1af07ceeef0bb2d961e9b11589d1acc5
709,otsuji,19.0,201,3.8000000000000003,relative_20pct,relative,15.0,0.2,0.5,0.05,polarized,0.7706118912310231,0.04227311998173263,1000.0422731199817,0.7706118912076149,16.09321648104778,1000.0,5,37,0,False,0.005400576516366766,False,work/cases/case_0709/duration_0p0422731199817.checkpoint.npz,a8b93e674e00fb77dc788b6dcf818809a113143dd7406e28bd108a1be601a94d
710,otsuji,19.0,201,3.8000000000000003,relative_20pct,relative,15.0,0.2,1.0,0.1,polarized,0.7706118912253255,0.021251329421481543,1125.0212513294214,0.7706118912069988,16.09321648099585,1125.0,5,36,0,False,0.010771986806024439,True,work/cases/case_0710/duration_0p0212513294215.checkpoint.npz,38eb59a678e7e9f73d89e8275cdad02f18a725ac0c07692e5aa8c433619968ab
711,otsuji,19.0,201,3.8000000000000003,relative_20pct,relative,15.0,0.2,2.0,0.2,polarized,0.7706118912239324,0.010511205190671433,995.0105112051907,0.7706118912239324,16.09321648240875,995.0,5,36,0,False,0.021427937912299754,True,work/cases/case_0711/duration_0p0105112051907.checkpoint.npz,a45a8565182f8077611af5c12606a41dafc5ab699849cf4545c7fa8d0f3c6a3f
712,otsuji,19.0,201,3.8000000000000003,relative_20pct,relative,15.0,0.2,4.0,0.4,polarized,0.770611891214799,0.005488288001166561,995.0054882880012,0.7706118912084584,16.09321648111719,995.0,5,35,0,False,0.04239671930142626,True,work/cases/case_0712/duration_0p00548828800117.checkpoint.npz,74c9ef86f7c25de5cfe2cdee533a6c993ffd8f12ed2eeacb5fd361b57d63a7fa
713,otsuji,19.0,201,3.8000000000000003,relative_20pct,relative,15.0,0.2,10.0,1.0,polarized,0.7706118912102762,0.0022097086912079614,990.0022097086912,0.7706118912058729,16.093216480901287,990.0,4,36,0,False,0.08299595679532869,True,work/cases/case_0713/duration_0p00220970869121.checkpoint.npz,d0b5152d3bd6578b2c43315b4eb77bc87cb67382870a165dc74af529a0589a77
714,otsuji,21.0,201,1.5,fixed_10pct,physical,15.0,0.1,0.1,0.010000000000000002,polarized,0.7740086966979745,0.0028656376350145976,2690.002865637635,0.7740086966792152,16.541922501553913,2690.0,4,37,0,False,0.0829959567953287,True,work/cases/case_0714/duration_0p00286563763501.checkpoint.npz,a967ea94d9b268e94057b93c651eca19be007a040b7f6d6dae8d84652049438e
715,otsuji,21.0,201,1.5,fixed_10pct,physical,15.0,0.1,0.25,0.025,polarized,0.77400869669267,0.0011048543456039807,3645.0011048543456,0.7740086966796275,16.541922501586896,3645.0,3,37,0,False,0.15910358474628547,True,work/cases/case_0715/duration_0p0011048543456.checkpoint.npz,9c7aea4662cde0bf0d751e2cfc96c0285cc908a812eaa559c6e77365efcff473
716,otsuji,21.0,201,1.5,fixed_10pct,physical,15.0,0.1,0.5,0.05,polarized,0.7740086966913217,0.0005524271728019904,3655.000552427173,0.7740086966822384,16.54192250179361,3655.0,3,37,0,False,0.2928932188134526,True,work/cases/case_0716/duration_0p000552427172802.checkpoint.npz,ee8f8de2472b4d795d26d36cfbd826d352df89e839c4eccdbb0eb26540c4f95b
717,otsuji,21.0,201,1.5,fixed_10pct,physical,15.0,0.1,1.0,0.1,polarized,0.7740086966964186,0.000390625,1985.000390625,0.7740086966787454,16.541922501517476,1985.0,3,37,0,False,0.5,True,work/cases/case_0717/duration_0p000390625.checkpoint.npz,b98d31e45333085e1e8a9140e3dd3c623d6bb3ef78af6436165e3c448925d2fb
718,otsuji,21.0,201,1.5,fixed_10pct,physical,15.0,0.1,2.0,0.2,polarized,0.7740086966913376,0.0001953125,1990.0001953125,0.7740086966792818,16.541922501559455,1990.0,2,37,0,False,1.0,True,work/cases/case_0718/duration_0p0001953125.checkpoint.npz,b6bc30038085f0b84bee929df395364d1436b8974cf5585532cb63960b40ff9a
719,otsuji,21.0,201,1.5,fixed_10pct,physical,15.0,0.1,4.0,0.4,polarized,0.7740086967048054,0.0001953125,1660.0001953125,0.7740086966772681,16.541922501399746,1660.0,2,37,0,False,1.0,True,work/cases/case_0719/duration_0p0001953125.checkpoint.npz,b1e462e47e1b9c009bddb96c02cd8413324d9a797ff9cb95ee47e5ab0bf0e3c3
720,otsuji,21.0,201,1.5,fixed_10pct,physical,15.0,0.1,10.0,1.0,polarized,0.7740086966993562,0.0001953125,1450.0001953125,0.7740086966893197,16.541922502355142,1450.0,2,33,0,False,1.0,True,work/cases/case_0720/duration_0p0001953125.checkpoint.npz,559cfa9695c29dfac5b2bec4cc9b201cefe5380fb652612f4840876a09afc9ba
721,otsuji,21.0,201,3.0,fixed_20pct,physical,15.0,0.2,0.1,0.010000000000000002,polarized,0.7740086967090627,0.009432277672458893,3025.0094322776727,0.7740086966804511,16.54192250165283,3025.0,3,37,0,False,0.021427937912299796,True,work/cases/case_0721/duration_0p00943227767246.checkpoint.npz,556ee747f3059582ecb22ebd6c72ea013a19ceab0633fa86c928d83a2533fb17
722,otsuji,21.0,201,3.0,fixed_20pct,physical,15.0,0.2,0.25,0.025,polarized,0.7740086967051257,0.0038808056627296387,2655.003880805663,0.7740086966813133,16.541922501720535,2655.0,3,37,0,False,0.042396719301426446,True,work/cases/case_0722/duration_0p00388080566273.checkpoint.npz,8135406340c9706436bef6c2e0657f772acdf4c536bd9b1fc3ba060348445499
723,otsuji,21.0,201,3.0,fixed_20pct,physical,15.0,0.2,0.5,0.05,polarized,0.7740086966873833,0.002026311804142203,2415.002026311804,0.7740086966806435,16.541922501667536,2415.0,3,37,0,False,0.08299595679532887,True,work/cases/case_0723/duration_0p00202631180414.checkpoint.npz,d3dabb97986c1d9c11a52542a08daf939c5b8882fe6c5d4d7d9bba557f55a487
724,otsuji,21.0,201,3.0,fixed_20pct,physical,15.0,0.2,1.0,0.1,polarized,0.7740086966923795,0.0011048543456039807,2165.0011048543456,0.7740086966805345,16.54192250165843,2165.0,3,37,0,False,0.15910358474628547,True,work/cases/case_0724/duration_0p0011048543456.checkpoint.npz,760a3991c0431b9e28a742ab3940fbc39db45ee49e215b775aac6389340b5a29
725,otsuji,21.0,201,3.0,fixed_20pct,physical,15.0,0.2,2.0,0.2,polarized,0.7740086967000486,0.0005524271728019904,2165.000552427173,0.7740086966795712,16.54192250158226,2165.0,3,37,0,False,0.2928932188134526,True,work/cases/case_0725/duration_0p000552427172802.checkpoint.npz,bdbc3a50edf321acbc868b0c4d295665465a4cb9402035637eba453a756811c1
726,otsuji,21.0,201,3.0,fixed_20pct,physical,15.0,0.2,4.0,0.4,polarized,0.7740086966843237,0.000390625,1800.000390625,0.7740086966774656,16.541922501416305,1800.0,3,36,0,False,0.5,True,work/cases/case_0726/duration_0p000390625.checkpoint.npz,073016381e77f1e92243ee5a4258c44048f9a0b7a9128735972334da62b0b1c5
727,otsuji,21.0,201,3.0,fixed_20pct,physical,15.0,0.2,10.0,1.0,polarized,0.774008696691127,0.0001953125,1685.0001953125,0.7740086966774208,16.54192250141251,1685.0,2,35,0,False,1.0,True,work/cases/case_0727/duration_0p0001953125.checkpoint.npz,8e6b3a88514d38e3fb8e0580db211f93e4561f56c666ecc078afe06218bd7274
728,otsuji,21.0,201,4.2,relative_20pct,relative,15.0,0.2,0.1,0.010000000000000002,polarized,0.7740086966908445,13.360848694405556,1383.3608486944056,0.7740086966883889,16.54192250228158,1370.0,11,33,0,False,0.005617289668263218,False,work/cases/case_0728/duration_13p3608486944.checkpoint.npz,6b72b936eef02b68fc8ad181311e0667973cdbe3124ff4bafd26673ef1754723
729,otsuji,21.0,201,4.2,relative_20pct,relative,15.0,0.2,0.25,0.025,polarized,0.774008696686545,5.364280641973545,1345.3642806419734,0.7740086966777986,16.54192250144274,1340.0,10,31,0,False,0.005617289668263176,False,work/cases/case_0729/duration_5p36428064197.checkpoint.npz,84d455fce9d4d10893c27ec1ff7c7b8093fdb5403fd2adb6dd36ef013f7f843f
730,otsuji,21.0,201,4.2,relative_20pct,relative,15.0,0.2,0.5,0.05,polarized,0.774008696687495,2.698027404152761,1407.6980274041528,0.7740086966778531,16.54192250144594,1405.0,9,34,0,False,0.005617289668263251,False,work/cases/case_0730/duration_2p69802740415.checkpoint.npz,e4d66b6583866cb9de14f85caff886287666e11fd9547b776beafbd17ccb8a35
731,otsuji,21.0,201,4.2,relative_20pct,relative,15.0,0.2,1.0,0.1,polarized,0.7740086966859462,1.3801316928561713,1331.3801316928561,0.774008696681409,16.54192250172847,1330.0,8,35,0,False,0.005617289668263263,False,work/cases/case_0731/duration_1p38013169286.checkpoint.npz,c9371b9bcc7cbbfb7fa9cf1da8111ee5cb5779d6120b39f6ff42c1201ebff039
732,otsuji,21.0,201,4.2,relative_20pct,relative,15.0,0.2,2.0,0.2,polarized,0.7740086966964852,0.7139825087045503,1360.7139825087045,0.7740086966786436,16.541922501508935,1360.0,7,35,0,False,0.005617289668263189,False,work/cases/case_0732/duration_0p713982508705.checkpoint.npz,801dbdcf51eaa96d1cae52dab4c5d70c01f7c8c73ad63148f4dc496a7c9f429f
733,otsuji,21.0,201,4.2,relative_20pct,relative,15.0,0.2,4.0,0.4,polarized,0.7740086966838431,0.38206145838267047,1445.3820614583826,0.7740086966800898,16.541922501624068,1445.0,6,33,0,False,0.005617289668263159,False,work/cases/case_0733/duration_0p382061458383.checkpoint.npz,3873e8dba7b861e5aa50bd5f74dd599452e5d505d330e1d3057d051bd587e433
734,otsuji,21.0,201,4.2,relative_20pct,relative,15.0,0.2,10.0,1.0,polarized,0.7740086966877786,0.18266282720216653,1290.1826628272022,0.7740086966877786,16.541922502233508,1290.0,6,33,0,False,0.005617289668263261,False,work/cases/case_0734/duration_0p182662827202.checkpoint.npz,178c2bff38340d54b545387cdcca446cdf13c98a7b362fb73d028798bf9842bb
735,otsuji,23.0,201,1.5,fixed_10pct,physical,15.0,0.1,0.1,0.010000000000000002,polarized,0.7766800610672427,0.0015625,1730.0015625,0.7766800610542957,16.91183274803573,1730.0,5,36,0,False,0.15910358474628544,True,work/cases/case_0735/duration_0p0015625.checkpoint.npz,ee7b224534d6efc6be4f5e1b9dbe3e38b4e058c0b555ed2a78e198ac60d7b4a5
736,otsuji,23.0,201,1.5,fixed_10pct,physical,15.0,0.1,0.25,0.025,polarized,0.7766800610663319,0.000390625,1625.000390625,0.7766800610507169,16.911832747770227,1625.0,3,38,0,False,0.5,True,work/cases/case_0736/duration_0p000390625.checkpoint.npz,2d487ea9ee1e81933074bf0b1e0558ddadc1fb400e803e50571108f8961561fd
737,otsuji,23.0,201,1.5,fixed_10pct,physical,15.0,0.1,0.5,0.05,polarized,0.7766800610848461,0.0001953125,1625.0001953125,0.7766800610567236,16.911832748216554,1625.0,2,36,0,False,1.0,True,work/cases/case_0737/duration_0p0001953125.checkpoint.npz,1b0150a86105a191de22d24faa156f7230faede1b7f95a00effcfb07490a4c60
738,otsuji,23.0,201,1.5,fixed_10pct,physical,15.0,0.1,1.0,0.1,polarized,0.7766800610642586,0.0001953125,1500.0001953125,0.7766800610547274,16.91183274806772,1500.0,2,36,0,False,1.0,True,work/cases/case_0738/duration_0p0001953125.checkpoint.npz,5d96e969d0caaebcaaf4c9c854e29db4f40fde84028bc42ef31084f91cc6ef97
739,otsuji,23.0,201,1.5,fixed_10pct,physical,15.0,0.1,2.0,0.2,polarized,0.7766800610715943,0.0001953125,1735.0001953125,0.776680061056997,16.911832748236215,1735.0,2,37,0,False,1.0,True,work/cases/case_0739/duration_0p0001953125.checkpoint.npz,f06eb5e630a6f2da8ae2e7be3e83508ea9c4bda83a48ba54c4b03a461f14ff90
740,otsuji,23.0,201,1.5,fixed_10pct,physical,15.0,0.1,4.0,0.4,polarized,0.7766800610600104,0.0001953125,1730.0001953125,0.7766800610533149,16.911832747962812,1730.0,2,37,0,False,1.0,True,work/cases/case_0740/duration_0p0001953125.checkpoint.npz,1e3608e360544ea7279d73b989b71e58152dfc7fd9c6db3bac29c06d935962b8
741,otsuji,23.0,201,1.5,fixed_10pct,physical,15.0,0.1,10.0,1.0,polarized,0.7766800610623229,0.0001953125,1695.0001953125,0.7766800610562562,16.911832748181634,1695.0,2,34,0,False,1.0,True,work/cases/case_0741/duration_0p0001953125.checkpoint.npz,35d705a62e2b08c8af5ea2479a64fd9c2e416104dad644374d553e51889f4e1f
742,otsuji,23.0,201,3.0,fixed_20pct,physical,15.0,0.2,0.1,0.010000000000000002,polarized,0.7766800610641381,0.003716272234383504,3180.003716272234,0.7766800610553551,16.911832748114808,3180.0,3,38,0,False,0.04239671930142639,True,work/cases/case_0742/duration_0p00371627223438.checkpoint.npz,4fee8298950b48221eebd2615261989a1cefdd5b5b649778ad7d401991fcef9e
743,otsuji,23.0,201,3.0,fixed_20pct,physical,15.0,0.2,0.25,0.025,polarized,0.7766800610903806,0.0015625,2780.0015625,0.7766800610486945,16.911832747620906,2780.0,5,36,0,False,0.15910358474628544,True,work/cases/case_0743/duration_0p0015625.checkpoint.npz,4c39f7184c9c6b68333c43b568368bebd0e0c3453462fb8e9b8b9379454f41bb
744,otsuji,23.0,201,3.0,fixed_20pct,physical,15.0,0.2,0.5,0.05,polarized,0.7766800610672402,0.00078125,2780.00078125,0.7766800610559165,16.91183274815685,2780.0,4,35,0,False,0.29289321881345237,True,work/cases/case_0744/duration_0p00078125.checkpoint.npz,58d79e94c1f7a5f2f44c9b4c4498ce221b77bb0ca8c85ef23d8f7b81bf682a6a
745,otsuji,23.0,201,3.0,fixed_20pct,physical,15.0,0.2,1.0,0.1,polarized,0.7766800610670386,0.000390625,2780.000390625,0.7766800610606376,16.911832748506473,2780.0,3,34,0,False,0.5,True,work/cases/case_0745/duration_0p000390625.checkpoint.npz,7cc2de8ce35a7aa686e3e49d6f808060ac6efb8809829bc3b130bb64e61b0d77
746,otsuji,23.0,201,3.0,fixed_20pct,physical,15.0,0.2,2.0,0.2,polarized,0.7766800610880674,0.0001953125,2780.0001953125,0.7766800610524522,16.911832747899,2780.0,2,37,0,False,1.0,True,work/cases/case_0746/duration_0p0001953125.checkpoint.npz,871e952ec432dfd70e8903482afb54d1440a069b00e173e93844f4e2fda97902
747,otsuji,23.0,201,3.0,fixed_20pct,physical,15.0,0.2,4.0,0.4,polarized,0.7766800610648612,0.0001953125,2025.0001953125,0.7766800610552864,16.91183274810951,2025.0,2,34,0,False,1.0,True,work/cases/case_0747/duration_0p0001953125.checkpoint.npz,8b24e401f2f69d4ca918dd84599c2c911cca37df781b9387f7abb830b9b33fca
748,otsuji,23.0,201,3.0,fixed_20pct,physical,15.0,0.2,10.0,1.0,polarized,0.7766800610767032,0.0001953125,1810.0001953125,0.7766800610571365,16.911832748246958,1810.0,2,36,0,False,1.0,True,work/cases/case_0748/duration_0p0001953125.checkpoint.npz,686d9717dcdbe2fe7a48207991b05377707d977aea4db3a6aaf149b1b957400b
749,otsuji,23.0,201,4.6000000000000005,relative_20pct,relative,15.0,0.2,0.1,0.010000000000000002,polarized,0.39302350526573443,0.003125,760.003125,0.39302350526573443,13.334862656922864,760.0,21,32,0,False,0.08299595679532881,True,work/cases/case_0749/duration_0p003125.checkpoint.npz,ff7dc52c2649356a9dd5feb13ed11e28d71c692e20774ea797ad63c34321a8f2
750,otsuji,23.0,201,4.6000000000000005,relative_20pct,relative,15.0,0.2,0.25,0.025,polarized,0.7766800610639261,29.06980699762029,3014.06980699762,0.7766800610552235,16.91183274810466,2985.0,13,32,0,False,0.005617289668263199,False,work/cases/case_0750/duration_29p0698069976.checkpoint.npz,27e0d5575367822ccf60d119da80ceb9f4ee5984991b248554eb99df5583c41d
751,otsuji,23.0,201,4.6000000000000005,relative_20pct,relative,15.0,0.2,0.5,0.05,polarized,0.7766800610634175,13.211166767205967,2318.211166767206,0.7766800610632157,16.91183274869744,2305.0,12,33,0,False,0.0056172896682631845,False,work/cases/case_0751/duration_13p2111667672.checkpoint.npz,ae6d2342fa5e5dfce76ecaa428f56a71f7c6fb3467676fd8f137440ef8c769d7
752,otsuji,23.0,201,4.6000000000000005,relative_20pct,relative,15.0,0.2,1.0,0.1,polarized,0.7766800610619451,6.496662390533781,2536.496662390534,0.7766800610619451,16.91183274860334,2530.0,11,35,0,False,0.005617289668263227,False,work/cases/case_0752/duration_6p49666239053.checkpoint.npz,27a6b972fc3ccb623bff96312e5ae85320238965ad9124a6165868a0c6bcdd56
753,otsuji,23.0,201,4.6000000000000005,relative_20pct,relative,15.0,0.2,2.0,0.2,polarized,0.7766800610726311,3.3045934328333333,2863.3045934328334,0.7766800610487137,16.91183274762236,2860.0,10,31,0,False,0.005617289668263118,False,work/cases/case_0753/duration_3p30459343283.checkpoint.npz,5774c262f29ea48d4d71656f0d63e7a6041839636a1a75bc85d9a1712c89a75a
754,otsuji,23.0,201,4.6000000000000005,relative_20pct,relative,15.0,0.2,4.0,0.4,polarized,0.7766800610657583,1.738698924685602,2561.7386989246857,0.7766800610591198,16.911832748393394,2560.0,10,31,0,False,0.005617289668263223,False,work/cases/case_0754/duration_1p73869892469.checkpoint.npz,ac0c870eec871c6458a5320b9ecb23a150b4703f33fc24b2e677739f9e552d29
755,otsuji,23.0,201,4.6000000000000005,relative_20pct,relative,15.0,0.2,10.0,1.0,polarized,0.7766800610644345,0.8081819637444811,2420.8081819637446,0.77668006105485,16.91183274807722,2420.0,8,34,0,False,0.005617289668263207,False,work/cases/case_0755/duration_0p808181963744.checkpoint.npz,31ac4f9bf02d9cdb1cdc21b2fd3764a24412f9bceed6f0373a35469532b9b589
756,otsuji,25.0,201,1.5,fixed_10pct,physical,15.0,0.1,0.1,0.010000000000000002,polarized,0.7788170423924157,0.0001953125,2370.0001953125,0.7788170423802238,17.217154686890144,2370.0,2,37,0,False,1.0,True,work/cases/case_0756/duration_0p0001953125.checkpoint.npz,2a4ec41793e208a4e4445c338e05c3bc243f0fb6f43c89b2c09ae254a23697cb
757,otsuji,25.0,201,1.5,fixed_10pct,physical,15.0,0.1,0.25,0.025,polarized,0.7788170424195434,0.0001953125,2265.0001953125,0.7788170424195434,17.217154689582838,2265.0,2,33,0,False,1.0,True,work/cases/case_0757/duration_0p0001953125.checkpoint.npz,a5a09aba650003dfe297afdd39af775b96ca2ac033f300dad95ba6b6fbf71648
758,otsuji,25.0,201,1.5,fixed_10pct,physical,15.0,0.1,0.5,0.05,polarized,0.7788170423951668,0.0001953125,2190.0001953125,0.7788170423951668,17.217154687912853,2190.0,2,38,0,False,1.0,True,work/cases/case_0758/duration_0p0001953125.checkpoint.npz,732d36ade22ac267fc1262e7db86cc60e29669501b5791450cfcc6da75335c09
759,otsuji,25.0,201,1.5,fixed_10pct,physical,15.0,0.1,1.0,0.1,polarized,0.7788170423983769,0.0001953125,2180.0001953125,0.7788170423863753,17.217154687310828,2180.0,2,38,0,False,1.0,True,work/cases/case_0759/duration_0p0001953125.checkpoint.npz,97d8f053fffa9f6ebdfb41ea98e577e7375f29f560316fd3dc0bbdc95a261d07
760,otsuji,25.0,201,1.5,fixed_10pct,physical,15.0,0.1,2.0,0.2,polarized,0.7788170424054625,0.0001953125,2050.0001953125,0.7788170423870258,17.217154687355485,2050.0,2,36,0,False,1.0,True,work/cases/case_0760/duration_0p0001953125.checkpoint.npz,5df52c6c1ea212566326aaaae40909f4c8653a65c329782e3a3e6a101b81935b
761,otsuji,25.0,201,1.5,fixed_10pct,physical,15.0,0.1,4.0,0.4,polarized,0.7788170423943207,0.0001953125,1975.0001953125,0.778817042388165,17.21715468743345,1975.0,2,38,0,False,1.0,True,work/cases/case_0761/duration_0p0001953125.checkpoint.npz,84c8e518693ff0975dd7213901f378d3e95d4782ce33bd73aef627b613947f1f
762,otsuji,25.0,201,1.5,fixed_10pct,physical,15.0,0.1,10.0,1.0,polarized,0.7788170424034838,0.0001953125,1900.0001953125,0.7788170423879511,17.21715468741962,1900.0,2,36,0,False,1.0,True,work/cases/case_0762/duration_0p0001953125.checkpoint.npz,f533756ad98c64378bdba0dd1959cfe6dd990b85249fcca310a2978da37a8443
763,otsuji,25.0,201,3.0,fixed_20pct,physical,15.0,0.2,0.1,0.010000000000000002,polarized,0.7788170423989615,0.0001953125,2180.0001953125,0.7788170423989615,17.217154688173277,2180.0,2,38,0,False,1.0,True,work/cases/case_0763/duration_0p0001953125.checkpoint.npz,3a11e8acc392db6e39a055ac09915259279b29ab39248d7ef0e9151453840b08
764,otsuji,25.0,201,3.0,fixed_20pct,physical,15.0,0.2,0.25,0.025,polarized,0.7788170424082187,0.0001953125,2095.0001953125,0.7788170423846098,17.217154687189918,2095.0,2,37,0,False,1.0,True,work/cases/case_0764/duration_0p0001953125.checkpoint.npz,bae60717fbda4f1960e454fa8fc116f74e6f960124fd8feb5197eba5225fa8b2
765,otsuji,25.0,201,3.0,fixed_20pct,physical,15.0,0.2,0.5,0.05,polarized,0.7788170424242165,0.0001953125,2035.0001953125,0.7788170424242165,17.217154689902806,2035.0,2,37,0,False,1.0,True,work/cases/case_0765/duration_0p0001953125.checkpoint.npz,46b39e4808c9915f2a75c3f2a528e5ee9601b1844cd2fa377c04311905a50fe0
766,otsuji,25.0,201,3.0,fixed_20pct,physical,15.0,0.2,1.0,0.1,polarized,0.7788170423933342,0.0001953125,2075.0001953125,0.7788170423928933,17.217154687757308,2075.0,2,37,0,False,1.0,True,work/cases/case_0766/duration_0p0001953125.checkpoint.npz,1c5dda3c8f575c359cec32322c1a0e008d231ff7c56cf5393febe12df2fcb867
767,otsuji,25.0,201,3.0,fixed_20pct,physical,15.0,0.2,2.0,0.2,polarized,0.7788170424144116,0.0001953125,1935.0001953125,0.778817042387499,17.217154687387612,1935.0,2,38,0,False,1.0,True,work/cases/case_0767/duration_0p0001953125.checkpoint.npz,7a21fd30bfdc0051b826f874a46af0dc623c88a0a3b3f353ecfe02c660177faf
768,otsuji,25.0,201,3.0,fixed_20pct,physical,15.0,0.2,4.0,0.4,polarized,0.7788170424204938,0.0001953125,1905.0001953125,0.7788170423888467,17.217154687480264,1905.0,2,37,0,False,1.0,True,work/cases/case_0768/duration_0p0001953125.checkpoint.npz,b7ee01a379e75f02a4580d29adecfb690f502d864395f61246fb401e02c79756
769,otsuji,25.0,201,3.0,fixed_20pct,physical,15.0,0.2,10.0,1.0,polarized,0.7788170424104655,0.0001953125,1825.0001953125,0.7788170423878428,17.2171546874119,1825.0,2,37,0,False,1.0,True,work/cases/case_0769/duration_0p0001953125.checkpoint.npz,2020c7b6181b199f42d88a48e5e8f926018875ea1fd6c1661af626fa75a86c7c
770,otsuji,25.0,201,5.0,relative_20pct,relative,15.0,0.2,0.1,0.010000000000000002,polarized,0.37726886139502686,0.000390625,745.000390625,0.37558243528023827,13.841178574657862,745.0,14,32,0,False,0.5,True,work/cases/case_0770/duration_0p000390625.checkpoint.npz,0b34b1d32771fd56531e77a6dfe7ac4ed0d8d20258b28ee23b4917a8bcc763b8
771,otsuji,25.0,201,5.0,relative_20pct,relative,15.0,0.2,0.25,0.025,polarized,0.37729748871091856,0.0001953125,725.0001953125,0.3760380627576136,13.83979284857527,725.0,14,32,0,False,1.0,True,work/cases/case_0771/duration_0p0001953125.checkpoint.npz,89b207cbc0d6d9fc01a7658770e0818aedb8e551ce7affd7872d1f8afe2a8505
772,otsuji,25.0,201,5.0,relative_20pct,relative,15.0,0.2,0.5,0.05,polarized,0.7788170423959081,73.63834344339764,4588.638343443397,0.7788170423959081,17.21715468796395,4515.0,13,32,0,False,0.005617289668263134,False,work/cases/case_0772/duration_73p6383434434.checkpoint.npz,13f5f45444231e5534cc3d42605aac75713e9727c79d5aba89883997ad7af636
773,otsuji,25.0,201,5.0,relative_20pct,relative,15.0,0.2,1.0,0.1,polarized,0.778817042404885,18.94580436385784,3818.945804363858,0.7788170423818394,17.217154687000527,3800.0,12,37,0,False,0.005617289668263171,False,work/cases/case_0773/duration_18p9458043639.checkpoint.npz,96be8c4d827b5551f2b5e4a44d7f51bf31f4419c220942afbe68f2308c4d4ff5
774,otsuji,25.0,201,5.0,relative_20pct,relative,15.0,0.2,2.0,0.2,polarized,0.778817042400387,9.007070437247178,3249.007070437247,0.7788170423894862,17.217154687524232,3240.0,11,31,0,False,0.005617289668263206,False,work/cases/case_0774/duration_9p00707043725.checkpoint.npz,116debe9c4435e5a8814809cbf89e06952c8a7eb8011a7b1c72f3c966bfec90e
775,otsuji,25.0,201,5.0,relative_20pct,relative,15.0,0.2,4.0,0.4,polarized,0.7788170423928602,4.581538030876305,3774.5815380308763,0.7788170423910413,17.21715468763043,3770.0,10,35,0,False,0.005617289668263212,False,work/cases/case_0775/duration_4p58153803088.checkpoint.npz,fc2a61a0ce0ebc1711e2ae0cef2c77fa790a89eafe8713a0e0c58a9c741f606e
776,otsuji,25.0,201,5.0,relative_20pct,relative,15.0,0.2,10.0,1.0,polarized,0.7788170423938323,2.0588156046714623,3772.0588156046715,0.778817042388212,17.217154687436754,3770.0,9,36,0,False,0.00561728966826325,False,work/cases/case_0776/duration_2p05881560467.checkpoint.npz,6f42ae2a28cea25115548c86dcec34ecd19b890d459e768a8ceea5bee8bf6868
777,otsuji,27.0,201,1.5,fixed_10pct,physical,15.0,0.1,0.1,0.010000000000000002,polarized,0.7805519714088403,0.24760402125346737,7620.247604021253,0.7805519713832261,17.469340194210748,7620.0,4,32,0,False,0.005617289668263271,False,work/cases/case_0777/duration_0p247604021253.checkpoint.npz,c6b4e2d4ec2ca1c1a0fcb152cf4d1ae877fd0b8e5dc25eb7a0eb2d646d5bb029
778,otsuji,27.0,201,1.5,fixed_10pct,physical,15.0,0.1,0.25,0.025,polarized,0.780551971389071,0.09829745356849529,6530.098297453568,0.7805519713840263,17.46934019426081,6530.0,3,35,0,False,0.005617289668263208,False,work/cases/case_0778/duration_0p0982974535685.checkpoint.npz,7b8864ab2939b2c3b159b88d7080872a981abdc8d441e2a42cebc2023c30f050
779,otsuji,27.0,201,1.5,fixed_10pct,physical,15.0,0.1,0.5,0.05,polarized,0.7805519713958408,0.0491942805808294,8140.049194280581,0.7805519713847232,17.469340194304305,8140.0,3,33,0,False,0.005400576516366724,False,work/cases/case_0779/duration_0p0491942805808.checkpoint.npz,7c4b66afeb9386f306a8d458adfa52a81d2fd6fb285c0df0dccd9b655b747ce0
780,otsuji,27.0,201,1.5,fixed_10pct,physical,15.0,0.1,1.0,0.1,polarized,0.7805519713881777,0.025,6390.025,0.7805519713846601,17.469340194300337,6390.0,3,37,0,False,0.010771986806024508,True,work/cases/case_0780/duration_0p025.checkpoint.npz,2b80a28461448c108a7b8a561f05bcde8fb4056f19dd998e46daf059e413b205
781,otsuji,27.0,201,1.5,fixed_10pct,physical,15.0,0.1,2.0,0.2,polarized,0.7805519713852402,0.0125,6090.0125,0.7805519713799962,17.46934019400854,6090.0,3,37,0,False,0.021427937912299744,True,work/cases/case_0781/duration_0p0125.checkpoint.npz,d1aec184d302615de1bb7e07c25dc5abf4bc18cb7289835d665123ab8ecf6d92
782,otsuji,27.0,201,1.5,fixed_10pct,physical,15.0,0.1,4.0,0.4,polarized,0.7805519713913763,0.00625,6075.00625,0.7805519713837604,17.4693401942438,6075.0,3,33,0,False,0.0423967193014263,True,work/cases/case_0782/duration_0p00625.checkpoint.npz,e65fc857803db6663bc5abe1d118e22f3ab64aa64eaf799ba3a3129f7004814c
783,otsuji,27.0,201,1.5,fixed_10pct,physical,15.0,0.1,10.0,1.0,polarized,0.780551971396015,0.002627801297667858,4865.002627801297,0.7805519713803948,17.469340194034075,4865.0,3,33,0,False,0.08299595679532866,True,work/cases/case_0783/duration_0p00262780129767.checkpoint.npz,4feec863085f95ce5470613ada4ece6f2d6246c30c48f02925a3882a8465952c
784,otsuji,27.0,201,3.0,fixed_20pct,physical,15.0,0.2,0.1,0.010000000000000002,polarized,0.7805519713888117,0.4300395266504478,9735.430039526651,0.7805519713888117,17.46934019456034,9735.0,6,36,0,False,0.005617289668263233,False,work/cases/case_0784/duration_0p43003952665.checkpoint.npz,9e7ad5cdca956151b93428ca6bae45d26ae0b10f51e0ad9195892f8efdae878c
785,otsuji,27.0,201,3.0,fixed_20pct,physical,15.0,0.2,0.25,0.025,polarized,0.7805519713874867,0.17265764779301684,6785.172657647793,0.7805519713839455,17.469340194255672,6785.0,5,35,0,False,0.005617289668263161,False,work/cases/case_0785/duration_0p172657647793.checkpoint.npz,271df1d060c0003449abee0395609e3574c6a7b1e40e59be2598c46b080a780d
786,otsuji,27.0,201,3.0,fixed_20pct,physical,15.0,0.2,0.5,0.05,polarized,0.7805519713874348,0.08733073621906574,5940.087330736219,0.780551971384722,17.46934019430423,5940.0,4,35,0,False,0.005617289668263183,False,work/cases/case_0786/duration_0p0873307362191.checkpoint.npz,996f4354230babadea14a424d5282e91c98bc714be4877cd3b43f7586a29e1b6
787,otsuji,27.0,201,3.0,fixed_20pct,physical,15.0,0.2,1.0,0.1,polarized,0.7805519713951216,0.04366918465497922,5905.043669184655,0.780551971385222,17.4693401943363,5905.0,4,33,0,False,0.005400576516366745,False,work/cases/case_0787/duration_0p043669184655.checkpoint.npz,cc1d5533fbf04b7acc2acd77a12c95dddcc5fec8d8d59e467798d67e83100cb2
788,otsuji,27.0,201,3.0,fixed_20pct,physical,15.0,0.2,2.0,0.2,polarized,0.7805519714026501,0.02171667294092133,6245.021716672941,0.7805519713877236,17.469340194491863,6245.0,4,33,0,False,0.010771986806024581,True,work/cases/case_0788/duration_0p0217166729409.checkpoint.npz,74e84391821cc6e814d708f501ad2e44b14dd93ca9df740f5bae7da0667815e0
789,otsuji,27.0,201,3.0,fixed_20pct,physical,15.0,0.2,4.0,0.4,polarized,0.7805519713869796,0.010976576002333122,5760.010976576003,0.7805519713837094,17.46934019424174,5760.0,4,33,0,False,0.021427937912299837,True,work/cases/case_0789/duration_0p0109765760023.checkpoint.npz,8326731b80cae0be05dd5de1244a2bd975f81617e5024940e847a0456c887081
790,otsuji,27.0,201,3.0,fixed_20pct,physical,15.0,0.2,10.0,1.0,polarized,0.780551971392812,0.004419417382415923,5495.004419417382,0.7805519713836993,17.469340194241045,5495.0,3,35,0,False,0.042396719301426314,True,work/cases/case_0790/duration_0p00441941738242.checkpoint.npz,090234a662709a34e6406943c57cb57dd0f45b3f1671ed18d5effe2b80f0e3a7
791,otsuji,27.0,201,5.4,relative_20pct,relative,15.0,0.2,0.1,0.010000000000000002,polarized,0.3774270608310787,0.007595295999877932,1200.0075952959999,0.3737918798175899,14.294756905509157,1200.0,7,34,0,False,0.021427937912299935,True,work/cases/case_0791/duration_0p00759529599988.checkpoint.npz,925867b4b1cca9e8d374a0f2ed3e795455dfa23f98177a4cf768f2fc3a9d3b07
792,otsuji,27.0,201,5.4,relative_20pct,relative,15.0,0.2,0.25,0.025,polarized,0.377394095045629,0.0005524271728019904,1235.0005524271728,0.3740172105702177,14.294913410852896,1235.0,9,33,0,False,0.2928932188134526,True,work/cases/case_0792/duration_0p000552427172802.checkpoint.npz,da232c811bea413cdbb302704432f339a95c9cf16772cd07b8ecd14eaeab12ed
793,otsuji,27.0,201,5.4,relative_20pct,relative,15.0,0.2,0.5,0.05,polarized,0.37736661875143407,0.000390625,1195.000390625,0.3745936407468113,14.294960805688604,1195.0,10,32,0,False,0.5,True,work/cases/case_0793/duration_0p000390625.checkpoint.npz,9855853b9c337302b5b70c8ccd149087b443ac4bd1bd1a7a43e9e6da611d5a57
794,otsuji,27.0,201,5.4,relative_20pct,relative,15.0,0.2,1.0,0.1,polarized,0.7805519713898189,105.6029095038245,6155.602909503825,0.7805519713851379,17.469340194330883,6050.0,11,33,0,False,0.005617289668263218,False,work/cases/case_0794/duration_105p602909504.checkpoint.npz,b71001d6d042ae7252433a8acde0fcf12dec67938767581cbb7dc98c07ef9771
795,otsuji,27.0,201,5.4,relative_20pct,relative,15.0,0.2,2.0,0.2,polarized,0.7805519713861034,19.597093359374817,4449.597093359374,0.7805519713833178,17.469340194216592,4430.0,11,36,0,False,0.005617289668263165,False,work/cases/case_0795/duration_19p5970933594.checkpoint.npz,02d609f7958a302e7e051b75fb3a256fc180c0722f5bed6bc082672fff00c811
796,otsuji,27.0,201,5.4,relative_20pct,relative,15.0,0.2,4.0,0.4,polarized,0.7805519713878551,9.212326064333313,5434.212326064333,0.7805519713807149,17.46934019405339,5425.0,11,32,0,False,0.005617289668263184,False,work/cases/case_0796/duration_9p21232606433.checkpoint.npz,ef2c7a0aefc5a0dcf0cdfc95b49d2508e2d31ec8438bce127e0c58b0956da104
797,otsuji,27.0,201,5.4,relative_20pct,relative,15.0,0.2,10.0,1.0,polarized,0.7805519713878846,4.002182082553151,4729.002182082553,0.7805519713832466,17.46934019421203,4725.0,9,35,0,False,0.005617289668263205,False,work/cases/case_0797/duration_4p00218208255.checkpoint.npz,bbf78bc312cdf103c810b7af26e89d48f8fc56942c6787506fec809f9dc00970
798,otsuji,29.0,201,1.5,fixed_10pct,physical,15.0,0.1,0.1,0.010000000000000002,polarized,0.7819787791608577,0.6236962313389663,8290.62369623134,0.7819787791552987,17.677721872656008,8290.0,5,36,0,False,0.005617289668263173,False,work/cases/case_0798/duration_0p623696231339.checkpoint.npz,2f8b6796dc9be621c813551a92221f14ddac8527f96f43e2120ba02fd0e31f8d
799,otsuji,29.0,201,1.5,fixed_10pct,physical,15.0,0.1,0.25,0.025,polarized,0.7819787791693216,0.25040936371387634,7760.2504093637135,0.7819787791584422,17.677721872834105,7760.0,4,33,0,False,0.005617289668263236,False,work/cases/case_0799/duration_0p250409363714.checkpoint.npz,43e9990d2930f27a267af4b7dfaf925bdb240d3375af9523b08c2106c9bbb6cd
800,otsuji,29.0,201,1.5,fixed_10pct,physical,15.0,0.1,0.5,0.05,polarized,0.7819787791656903,0.12523882806968872,7815.12523882807,0.7819787791543851,17.67772187260331,7815.0,4,36,0,False,0.005617289668263206,False,work/cases/case_0800/duration_0p12523882807.checkpoint.npz,129942fee4c83b94d07bc92d3877c7ac0a5c6284aec77c737ab7361235b7cd36
801,otsuji,29.0,201,1.5,fixed_10pct,physical,15.0,0.1,1.0,0.1,polarized,0.7819787791692524,0.06299032670887293,7470.062990326709,0.7819787791547799,17.67772187262607,7470.0,3,31,0,False,0.005617289668263087,False,work/cases/case_0801/duration_0p0629903267089.checkpoint.npz,5bf1ef3b01dca0dc2c7ba67271015ee2e04ac86f7bdd6653baaac59f91dea4af
802,otsuji,29.0,201,1.5,fixed_10pct,physical,15.0,0.1,2.0,0.2,polarized,0.7819787791633949,0.031384518925617284,7765.031384518926,0.7819787791566537,17.67772187273202,7765.0,3,37,0,False,0.0054005765163667625,False,work/cases/case_0802/duration_0p0313845189256.checkpoint.npz,082f4dc14bd9b66ae7fca7ec254ceb3cefd6f9a255dc0bba7ce246b8a32d05d8
803,otsuji,29.0,201,1.5,fixed_10pct,physical,15.0,0.1,4.0,0.4,polarized,0.7819787791635856,0.015692259462808642,7435.015692259462,0.7819787791560432,17.67772187269785,7435.0,3,37,0,False,0.010771986806024467,True,work/cases/case_0803/duration_0p0156922594628.checkpoint.npz,55cdc5c179f654b6619b80c52e44dc50647e3d628bcdf65cc3bea1547fc0758e
804,otsuji,29.0,201,1.5,fixed_10pct,physical,15.0,0.1,10.0,1.0,polarized,0.781978779167599,0.00625,9250.00625,0.7819787791550153,17.67772187263965,9250.0,3,36,0,False,0.0423967193014263,True,work/cases/case_0804/duration_0p00625.checkpoint.npz,b445fa71cb045b229e2fc6102207673875a69afbaf508e168694149ef2f2087d
805,otsuji,29.0,201,3.0,fixed_20pct,physical,15.0,0.2,0.1,0.010000000000000002,polarized,0.7819787791675504,1.4766506308956777,7971.476650630896,0.7819787791565559,17.677721872726398,7970.0,8,37,0,False,0.0056172896682631385,False,work/cases/case_0805/duration_1p4766506309.checkpoint.npz,40a77b5ff540fc9957d756cf6e93fcf8352ea730af8fbae1be67fad1789d29c8
806,otsuji,29.0,201,3.0,fixed_20pct,physical,15.0,0.2,0.25,0.025,polarized,0.7819787791668046,0.5962132668283493,10875.596213266828,0.781978779159967,17.677721872919935,10875.0,6,33,0,False,0.005617289668263245,False,work/cases/case_0806/duration_0p596213266828.checkpoint.npz,fec852db15ed4c0df7c0e09d0b0ad30fa1b7d11c0fcd3ba37698137f8950075a
807,otsuji,29.0,201,3.0,fixed_20pct,physical,15.0,0.2,0.5,0.05,polarized,0.7819787791799259,0.2998724041459764,7825.299872404146,0.7819787791526036,17.677721872502683,7825.0,6,32,0,False,0.0056172896682631385,False,work/cases/case_0807/duration_0p299872404146.checkpoint.npz,ea8538ff8fb76919fca4c636f806f565fe6f18a37790b904b14aca86d39f42c8
808,otsuji,29.0,201,3.0,fixed_20pct,physical,15.0,0.2,1.0,0.1,polarized,0.7819787791611447,0.1474638693389327,8365.147463869338,0.7819787791595029,17.67772187289424,8365.0,5,35,0,False,0.005617289668263207,False,work/cases/case_0808/duration_0p147463869339.checkpoint.npz,efd137d8d9c95ebfdb9acfd09061a9180fecb177e2b5d39649f4e80de373f939
809,otsuji,29.0,201,3.0,fixed_20pct,physical,15.0,0.2,2.0,0.2,polarized,0.7819787791591866,0.0745876504151122,8850.074587650415,0.7819787791554027,17.67772187266201,8850.0,4,36,0,False,0.00561728966826324,False,work/cases/case_0809/duration_0p0745876504151.checkpoint.npz,7ee822160763327e510b8d0e83f2c350f3b21ce08cc2c7303345c5df32806b11
810,otsuji,29.0,201,3.0,fixed_20pct,physical,15.0,0.2,4.0,0.4,polarized,0.7819787791810348,0.037322693207281626,8080.037322693207,0.7819787791533317,17.677721872543604,8080.0,4,34,0,False,0.005400576516366849,False,work/cases/case_0810/duration_0p0373226932073.checkpoint.npz,01ee15e531e86e5d55bc6c650fe6198e95bac5fb27c08b3503346cf7bb419de1
811,otsuji,29.0,201,3.0,fixed_20pct,physical,15.0,0.2,10.0,1.0,polarized,0.7819787791735876,0.015190591999755865,7580.015190592,0.7819787791556821,17.67772187267705,7580.0,3,32,0,False,0.010771986806024494,True,work/cases/case_0811/duration_0p0151905919998.checkpoint.npz,f47ded86661b525d1eb65cbe79b871b9226da8eec9a0b9e55eb39aaf1b2d3097
812,otsuji,29.0,201,5.800000000000001,relative_20pct,relative,15.0,0.2,0.1,0.010000000000000002,polarized,0.3841399129562374,0.0015625,1630.0015625,0.3836627160424025,14.701591422494051,1630.0,7,32,0,False,0.15910358474628544,True,work/cases/case_0812/duration_0p0015625.checkpoint.npz,4ac804d6b66dd70b05f44f682f23a669e9947d222bb94a40f2d89e0faf395be0
813,otsuji,29.0,201,5.800000000000001,relative_20pct,relative,15.0,0.2,0.25,0.025,polarized,0.3840600260341386,0.00078125,1610.00078125,0.38374582243005934,14.701550775779955,1610.0,8,32,0,False,0.29289321881345237,True,work/cases/case_0813/duration_0p00078125.checkpoint.npz,58f3c933e41fa655ad8fb5ab283f643e20ec62f43c956f202cd141a1a76f134a
814,otsuji,29.0,201,5.800000000000001,relative_20pct,relative,15.0,0.2,0.5,0.05,polarized,0.38405869058233405,0.000390625,1610.000390625,0.3837457023998325,14.701550842916472,1610.0,11,32,0,False,0.5,True,work/cases/case_0814/duration_0p000390625.checkpoint.npz,b6733c9e4b911eb400dbd6a39f1453a22884617f1c51c70795b285d2eec534ad
815,otsuji,29.0,201,5.800000000000001,relative_20pct,relative,15.0,0.2,1.0,0.1,polarized,0.38405828054076696,0.0001953125,1610.0001953125,0.38374563848394294,14.701550878331028,1610.0,11,32,0,False,1.0,True,work/cases/case_0815/duration_0p0001953125.checkpoint.npz,2df4b8869044f32a0a8a7c974d729a90c8793464fc57fa8c96ebcb54feb1ba2c
816,otsuji,29.0,201,5.800000000000001,relative_20pct,relative,15.0,0.2,2.0,0.2,polarized,0.7819787791574846,51.93079934525232,9806.930799345253,0.781978779155602,17.677721872672407,9755.0,11,34,0,False,0.005617289668263079,False,work/cases/case_0816/duration_51p9307993453.checkpoint.npz,90c92517787a87aa78872d7d847f2b3f8967ff6be9dafba2485641b75f4b397d
817,otsuji,29.0,201,5.800000000000001,relative_20pct,relative,15.0,0.2,4.0,0.4,polarized,0.7819787791565845,16.643514217434173,7066.643514217434,0.7819787791565845,17.677721872728018,7050.0,11,36,0,False,0.0056172896682632565,False,work/cases/case_0817/duration_16p6435142174.checkpoint.npz,b3d96d6882065b22f8977521fead9f0492774bafb6dc6e7712c1030050275dbe
818,otsuji,29.0,201,5.800000000000001,relative_20pct,relative,15.0,0.2,10.0,1.0,polarized,0.7819787791569668,6.757955803919926,6451.75795580392,0.7819787791544849,17.67772187260908,6445.0,11,34,0,False,0.005617289668263143,False,work/cases/case_0818/duration_6p75795580392.checkpoint.npz,53a6589cec741e4d892bcdb418ebf75703b96dd8ce61d836c32163a57f0f4bf8
819,otsuji,31.0,201,1.5,fixed_10pct,physical,15.0,0.1,0.1,0.010000000000000002,polarized,0.7831657600495094,0.0001953125,3715.0001953125,0.7831657600227003,17.84991067221466,3715.0,2,35,0,False,1.0,True,work/cases/case_0819/duration_0p0001953125.checkpoint.npz,f1785a519c996b5b524061f86a5c5d9fa44758547f4bec969e1c4ecbf631def3
820,otsuji,31.0,201,1.5,fixed_10pct,physical,15.0,0.1,0.25,0.025,polarized,0.7831657600321679,0.0001953125,3470.0001953125,0.7831657600168881,17.849910671918895,3470.0,2,33,0,False,1.0,True,work/cases/case_0820/duration_0p0001953125.checkpoint.npz,13a10b43f8f9ef8419e0697e8b2a4fc94a68fc600c007e774590660c7b46656a
821,otsuji,31.0,201,1.5,fixed_10pct,physical,15.0,0.1,0.5,0.05,polarized,0.7831657600305916,0.0001953125,3255.0001953125,0.7831657600305472,17.849910672613273,3255.0,2,38,0,False,1.0,True,work/cases/case_0821/duration_0p0001953125.checkpoint.npz,acb6798ae3ec1f7856a932958c3a1e68129d34ebda77418fa9c78e7650d601c0
822,otsuji,31.0,201,1.5,fixed_10pct,physical,15.0,0.1,1.0,0.1,polarized,0.7831657600356953,0.0001953125,3295.0001953125,0.7831657600207842,17.849910672116835,3295.0,2,33,0,False,1.0,True,work/cases/case_0822/duration_0p0001953125.checkpoint.npz,7aaaa671a8879c6634536aaf9d7da08a6337d7cbb98bbc27cd67584cd9f6b7fd
823,otsuji,31.0,201,1.5,fixed_10pct,physical,15.0,0.1,2.0,0.2,polarized,0.7831657600450822,0.0001953125,2965.0001953125,0.783165760023854,17.849910672273133,2965.0,2,36,0,False,1.0,True,work/cases/case_0823/duration_0p0001953125.checkpoint.npz,20f8e99c2088e068f89fcfa1943e658bbc2ede530128109e65c8c8746eb8940d
824,otsuji,31.0,201,1.5,fixed_10pct,physical,15.0,0.1,4.0,0.4,polarized,0.7831657600328542,0.0001953125,2635.0001953125,0.78316576002307,17.84991067223366,2635.0,2,35,0,False,1.0,True,work/cases/case_0824/duration_0p0001953125.checkpoint.npz,e8a0c814f4ddc83a9eeab746a30b69de9118bfcbe099e87d588e30937f09258b
825,otsuji,31.0,201,1.5,fixed_10pct,physical,15.0,0.1,10.0,1.0,polarized,0.7831657600314973,0.0001953125,3635.0001953125,0.7831657600217022,17.84991067216419,3635.0,2,38,0,False,1.0,True,work/cases/case_0825/duration_0p0001953125.checkpoint.npz,97011adae3c239fbd49b2fbad42b5de5e819185c9735c5f0724864300ccf03d7
826,otsuji,31.0,201,3.0,fixed_20pct,physical,15.0,0.2,0.1,0.010000000000000002,polarized,0.7831657600280493,0.000390625,3785.000390625,0.7831657600185276,17.84991067200246,3785.0,3,36,0,False,0.5,True,work/cases/case_0826/duration_0p000390625.checkpoint.npz,63f1e38c73dae5bcd4d304ce48995795e7c3e5728851c27b111e74e594196573
827,otsuji,31.0,201,3.0,fixed_20pct,physical,15.0,0.2,0.25,0.025,polarized,0.7831657600468125,0.0001953125,3730.0001953125,0.7831657600157437,17.84991067186088,3730.0,2,38,0,False,1.0,True,work/cases/case_0827/duration_0p0001953125.checkpoint.npz,3df54f81fbc1a0c1a24b26bb7a83f43f3b9246d69a4c09008f1fe670d07457eb
828,otsuji,31.0,201,3.0,fixed_20pct,physical,15.0,0.2,0.5,0.05,polarized,0.7831657600376525,0.0001953125,3575.0001953125,0.7831657600376525,17.849910672975707,3575.0,2,33,0,False,1.0,True,work/cases/case_0828/duration_0p0001953125.checkpoint.npz,da40430ddc8a7181701343fd2f8ac297a9361718188e33c7a7f1ef3e54018423
829,otsuji,31.0,201,3.0,fixed_20pct,physical,15.0,0.2,1.0,0.1,polarized,0.7831657600433498,0.0001953125,3555.0001953125,0.7831657600225387,17.849910672206295,3555.0,2,33,0,False,1.0,True,work/cases/case_0829/duration_0p0001953125.checkpoint.npz,205f20ae93c6f36628b737df3ffde444db77f2bd479f887e8fabb5ccbf1cdee9
830,otsuji,31.0,201,3.0,fixed_20pct,physical,15.0,0.2,2.0,0.2,polarized,0.7831657600384009,0.0001953125,3295.0001953125,0.7831657600278594,17.84991067247666,3295.0,2,33,0,False,1.0,True,work/cases/case_0830/duration_0p0001953125.checkpoint.npz,0dddbd659823f9f1ba719903e933bf1be48c49d9f27ba396e79bf59f0f7389ae
831,otsuji,31.0,201,3.0,fixed_20pct,physical,15.0,0.2,4.0,0.4,polarized,0.783165760051012,0.0001953125,3100.0001953125,0.783165760029006,17.849910672535795,3100.0,2,38,0,False,1.0,True,work/cases/case_0831/duration_0p0001953125.checkpoint.npz,56abdb284475ec7948f6737808fef4303748992a54ce42f208eac633da4b3380
832,otsuji,31.0,201,3.0,fixed_20pct,physical,15.0,0.2,10.0,1.0,polarized,0.7831657600310139,0.0001953125,2770.0001953125,0.7831657600299045,17.84991067258117,2770.0,2,38,0,False,1.0,True,work/cases/case_0832/duration_0p0001953125.checkpoint.npz,90a606869685275f9442a3cf266024f2f9416f548342f14a31fd3015d06c5e66
833,otsuji,31.0,201,6.2,relative_20pct,relative,15.0,0.2,0.1,0.010000000000000002,polarized,0.5477314059224425,0.001313900648833929,2105.0013139006487,0.5474817841981078,15.066582989914314,2105.0,13,32,0,False,0.15910358474628536,True,work/cases/case_0833/duration_0p00131390064883.checkpoint.npz,096fe4e4e8ca4d0c9572610b43ba598c9e0ff2aa4a81d155474759f28f28b5e2
834,otsuji,31.0,201,6.2,relative_20pct,relative,15.0,0.2,0.25,0.025,polarized,0.5480544318607555,0.0005524271728019904,2055.000552427173,0.547535347657761,15.066438309168609,2055.0,13,32,0,False,0.2928932188134526,True,work/cases/case_0834/duration_0p000552427172802.checkpoint.npz,c2e50a424b6352503843836639c72890549e97885c796b204fb34e9542cac8fa
835,otsuji,31.0,201,6.2,relative_20pct,relative,15.0,0.2,0.5,0.05,polarized,0.5480545570282599,0.000390625,2155.000390625,0.5480545570282599,15.06478823276251,2155.0,15,32,0,False,0.5,True,work/cases/case_0835/duration_0p000390625.checkpoint.npz,7f0f3092687e32b70417c9ff43a3dfdcfb4d4cfc1438e7883a757ef5211e0908
836,otsuji,31.0,201,6.2,relative_20pct,relative,15.0,0.2,1.0,0.1,polarized,0.5480546338486881,0.0001953125,2155.0001953125,0.5480546338486881,15.064787955937506,2155.0,15,32,0,False,1.0,True,work/cases/case_0836/duration_0p0001953125.checkpoint.npz,8344d1971768a2cd044ac1465714f658f28044f57056b0aae0d396e52d63d65f
837,otsuji,31.0,201,6.2,relative_20pct,relative,15.0,0.2,2.0,0.2,polarized,0.39459204074863286,0.0001953125,1485.0001953125,0.39459204074863286,15.064543366899283,1485.0,15,32,0,False,1.0,True,work/cases/case_0837/duration_0p0001953125.checkpoint.npz,16a642f49dcbbc9e6b9005096dd8819b4348e796a476743b698eda4d0141edf0
838,otsuji,31.0,201,6.2,relative_20pct,relative,15.0,0.2,4.0,0.4,polarized,0.7831657600257959,30.58159046346501,8160.581590463465,0.7831657600222135,17.849910672189555,8130.0,12,34,0,False,0.005617289668263167,False,work/cases/case_0838/duration_30p5815904635.checkpoint.npz,98c45c00756b4cb6f2d062d5cc24503919880f96fc23b89c6e7a0745732bed00
839,otsuji,31.0,201,6.2,relative_20pct,relative,15.0,0.2,10.0,1.0,polarized,0.7831657600256311,10.60547658067911,9120.605476580678,0.7831657600230987,17.84991067223513,9110.0,11,35,0,False,0.005617289668263224,False,work/cases/case_0839/duration_10p6054765807.checkpoint.npz,a805ab15587e365765bc3061fcab3c656d778b49de092e88d1cbde9e371c6e07
840,otsuji,33.0,201,1.5,fixed_10pct,physical,15.0,0.1,0.1,0.010000000000000002,polarized,0.7841629712053038,0.007432544468767008,8280.00743254447,0.7841629712024802,17.992271895233316,8280.0,3,38,0,False,0.021427937912299907,True,work/cases/case_0840/duration_0p00743254446877.checkpoint.npz,9791d1fd788edef0d71d944a1e24d792001c0574489d72b2a3ef200e72fb98a4
841,otsuji,33.0,201,1.5,fixed_10pct,physical,15.0,0.1,0.25,0.025,polarized,0.7841629712162773,0.003125,6855.003125,0.7841629711981538,17.992271895037117,6855.0,4,34,0,False,0.08299595679532881,True,work/cases/case_0841/duration_0p003125.checkpoint.npz,1fbbaefb66e2a43fa002fce3b5923d99a62989647a7f2d5975bcbd88bd465812
842,otsuji,33.0,201,1.5,fixed_10pct,physical,15.0,0.1,0.5,0.05,polarized,0.7841629712103988,0.0015625,6865.0015625,0.7841629712103988,17.992271895594623,6865.0,4,36,0,False,0.15910358474628544,True,work/cases/case_0842/duration_0p0015625.checkpoint.npz,3e89ccf0c3a3bb4ea851f2e4826e1a2f61f6e4b06cd73d53e07bf7d6d48c24e2
843,otsuji,33.0,201,1.5,fixed_10pct,physical,15.0,0.1,1.0,0.1,polarized,0.7841629712085296,0.00078125,6865.00078125,0.7841629711905436,17.992271894689974,6865.0,4,36,0,False,0.29289321881345237,True,work/cases/case_0843/duration_0p00078125.checkpoint.npz,411222d161bb955d214e4b06dd4606710312c5c0548dd029700bfa7557ff0ba4
844,otsuji,33.0,201,1.5,fixed_10pct,physical,15.0,0.1,2.0,0.2,polarized,0.7841629712154297,0.000390625,6870.000390625,0.7841629712010615,17.992271895169022,6870.0,3,34,0,False,0.5,True,work/cases/case_0844/duration_0p000390625.checkpoint.npz,6c765666ad427d8587b8c8d3d0bad237cc514c24c24f606b6fae4a6e507c63c6
845,otsuji,33.0,201,1.5,fixed_10pct,physical,15.0,0.1,4.0,0.4,polarized,0.7841629712249714,0.0001953125,6870.0001953125,0.7841629712009017,17.99227189516168,6870.0,2,35,0,False,1.0,True,work/cases/case_0845/duration_0p0001953125.checkpoint.npz,40cc08335789bac749a938b650b275b670be327b2eee0cd7163eb58d059d3f0a
846,otsuji,33.0,201,1.5,fixed_10pct,physical,15.0,0.1,10.0,1.0,polarized,0.7841629712112798,0.0001953125,3490.0001953125,0.7841629712008297,17.99227189515835,3490.0,2,32,0,False,1.0,True,work/cases/case_0846/duration_0p0001953125.checkpoint.npz,22cc46385c61bd9b5090d5913da8cab6009c8f9eacc28094c230050db6034c4b
847,otsuji,33.0,201,3.0,fixed_20pct,physical,15.0,0.2,0.1,0.010000000000000002,polarized,0.7841629712064976,0.3693640435725928,10805.369364043572,0.7841629712026144,17.992271895239426,10805.0,6,33,0,False,0.005617289668263206,False,work/cases/case_0847/duration_0p369364043573.checkpoint.npz,3b69cc242bac9b624714f7b94b3eb3a353304070a02440053e5444e61a0d4889
848,otsuji,33.0,201,3.0,fixed_20pct,physical,15.0,0.2,0.25,0.025,polarized,0.7841629712113357,0.1474638693389327,13210.147463869338,0.7841629711941663,17.99227189485472,13210.0,5,36,0,False,0.005617289668263207,False,work/cases/case_0848/duration_0p147463869339.checkpoint.npz,c1cb89ccb7a1bf7a07b068915843212065c8d3ccf6ce89d02d6974b543879cfb
849,otsuji,33.0,201,3.0,fixed_20pct,physical,15.0,0.2,0.5,0.05,polarized,0.7841629712188178,0.07292579706212375,10455.072925797062,0.7841629712188178,17.992271895978046,10455.0,4,34,0,False,0.005617289668263268,False,work/cases/case_0849/duration_0p0729257970621.checkpoint.npz,b496157018c96e989a9a6aac31c6d93939e74ae7b6815dfe31ff5579e908336d
850,otsuji,33.0,201,3.0,fixed_20pct,physical,15.0,0.2,1.0,0.1,polarized,0.7841629712245828,0.03712112914681882,10505.037121129148,0.7841629711975219,17.992271895008116,10505.0,4,36,0,False,0.005400576516366728,False,work/cases/case_0850/duration_0p0371211291468.checkpoint.npz,67c4ea323c879ebcc5da16b400746b7694fb6c76204090c819922664b1bfb387
851,otsuji,33.0,201,3.0,fixed_20pct,physical,15.0,0.2,2.0,0.2,polarized,0.7841629712145276,0.018661346603640813,9615.018661346603,0.7841629712145276,17.992271895782647,9615.0,4,37,0,False,0.010771986806024444,True,work/cases/case_0851/duration_0p0186613466036.checkpoint.npz,8474204bfa1d93e702951145372bca548d48e0ccfa0b103036179c292153373c
852,otsuji,33.0,201,3.0,fixed_20pct,physical,15.0,0.2,4.0,0.4,polarized,0.7841629712145487,0.009432277672458893,8885.009432277673,0.7841629712049539,17.99227189534614,8885.0,4,35,0,False,0.021427937912299796,True,work/cases/case_0852/duration_0p00943227767246.checkpoint.npz,be9cbb017ba87ae16d63feb4841f48c2206b28395b7b6fb954fb2435e7d82d58
853,otsuji,33.0,201,3.0,fixed_20pct,physical,15.0,0.2,10.0,1.0,polarized,0.7841629712185212,0.003716272234383504,10380.003716272235,0.7841629711973306,17.992271894999302,10380.0,3,36,0,False,0.04239671930142639,True,work/cases/case_0853/duration_0p00371627223438.checkpoint.npz,0a7b774f7510773487522881b11fc81946cdd1b6ccf78e3e1841d8c97e5dbcb1
854,otsuji,33.0,201,6.6000000000000005,relative_20pct,relative,15.0,0.2,0.1,0.010000000000000002,polarized,0.40440661682971435,0.0017039183322894653,2435.001703918332,0.40440661682971435,15.391921219272009,2435.0,13,32,0,False,0.08299595679532881,True,work/cases/case_0854/duration_0p00170391833229.checkpoint.npz,44728d161355b8fc1398df94a21f899ea392c3d5129f37fcf1adbdb949b4f7ce
855,otsuji,33.0,201,6.6000000000000005,relative_20pct,relative,15.0,0.2,0.25,0.025,polarized,0.40397248040253164,0.00078125,2370.00078125,0.40397248040253164,15.39412347521571,2370.0,15,32,0,False,0.29289321881345237,True,work/cases/case_0855/duration_0p00078125.checkpoint.npz,751693a0f6517df15786ac19f6deec1a875013c0901285aebd13a04aa460d65d
856,otsuji,33.0,201,6.6000000000000005,relative_20pct,relative,15.0,0.2,0.5,0.05,polarized,0.40397296430757634,0.000390625,2370.000390625,0.40397296430757634,15.394121201251549,2370.0,17,32,0,False,0.5,True,work/cases/case_0856/duration_0p000390625.checkpoint.npz,d81ed76710a33ca46ecd229cceed02d0d4d2409fbefa89eab1b64ba51499abe2
857,otsuji,33.0,201,6.6000000000000005,relative_20pct,relative,15.0,0.2,1.0,0.1,polarized,0.4039731973411633,0.0001953125,2370.0001953125,0.4039731973411633,15.394120105829323,2370.0,17,32,0,False,1.0,True,work/cases/case_0857/duration_0p0001953125.checkpoint.npz,7a89fecda8066dba2f8144e5305b7b2262f077904cf0761db5252b5af8b3fced
858,otsuji,33.0,201,6.6000000000000005,relative_20pct,relative,15.0,0.2,2.0,0.2,polarized,0.40269137332251526,0.0001953125,2205.0001953125,0.40269137332251526,15.398737431893146,2205.0,17,32,0,False,1.0,True,work/cases/case_0858/duration_0p0001953125.checkpoint.npz,4dd071d9ade744ab62aa764c791142e539fe5a1672ffcfaa5ac97d7072367548
859,otsuji,33.0,201,6.6000000000000005,relative_20pct,relative,15.0,0.2,4.0,0.4,polarized,0.784162971202775,71.19104976298857,10636.191049762989,0.7841629712020477,17.99227189521434,10565.0,13,33,0,False,0.005617289668263246,False,work/cases/case_0859/duration_71p191049763.checkpoint.npz,440ec6db593113a8081828bb35728e9ffaf169c61b711dffadfd268f7bbcb679
860,otsuji,33.0,201,6.6000000000000005,relative_20pct,relative,15.0,0.2,10.0,1.0,polarized,0.7841629712054793,15.381366979086593,8905.381366979087,0.7841629712021542,17.99227189521921,8890.0,13,34,0,False,0.005617289668263117,False,work/cases/case_0860/duration_15p3813669791.checkpoint.npz,c0e7c3192c4017a1b018efe32cd2c08a606204687913973c3752c9bf2aef3728
861,otsuji,35.0,201,1.5,fixed_10pct,physical,15.0,0.1,0.1,0.010000000000000002,polarized,0.7850095884107157,0.6863766864395981,11355.686376686439,0.7850095884058965,18.109707888664175,11355.0,5,34,2,False,0.00561728966826312,False,work/cases/case_0861/duration_0p68637668644.checkpoint.npz,33de639229679a18987e61cfde3cf20f51679bd819518f419a76ee4ae1f34270
862,otsuji,35.0,201,1.5,fixed_10pct,physical,15.0,0.1,0.25,0.025,polarized,0.7850095884221863,0.2802717177073924,8195.280271717707,0.7850095884007149,18.10970788845517,8195.0,4,37,2,False,0.0056172896682633346,False,work/cases/case_0862/duration_0p280271717707.checkpoint.npz,b96ce5bcb94017241ae760ab218d6026d79116dc642eeda22fa8677dd9010815
863,otsuji,35.0,201,1.5,fixed_10pct,physical,15.0,0.1,0.5,0.05,polarized,0.7850095884125536,0.14017407714377475,9635.140174077143,0.7850095884060957,18.10970788867229,9635.0,4,32,2,False,0.005617289668263286,False,work/cases/case_0863/duration_0p140174077144.checkpoint.npz,e0c473e15617aada56775a989906247a7c9eee36e7cf6e6de6021dac44841bd1
864,otsuji,35.0,201,1.5,fixed_10pct,physical,15.0,0.1,1.0,0.1,polarized,0.7850095884148488,0.06893135717340874,8240.068931357173,0.7850095884016237,18.109707888491336,8240.0,3,34,2,False,0.0056172896682631646,False,work/cases/case_0864/duration_0p0689313571734.checkpoint.npz,ac66a574e1243b4a461664fdf101ffc1660bc42f1d24d2f3a63d067400a3b320
865,otsuji,35.0,201,1.5,fixed_10pct,physical,15.0,0.1,2.0,0.2,polarized,0.7850095884154497,0.035547315054229145,8345.035547315054,0.7850095884022047,18.109707888514958,8345.0,3,37,1,False,0.005400576516366806,False,work/cases/case_0865/duration_0p0355473150542.checkpoint.npz,344a1e8ae4f6ec3b792e2fc02cf30d4a4c41a358acda75609dd6e3b940364553
866,otsuji,35.0,201,1.5,fixed_10pct,physical,15.0,0.1,4.0,0.4,polarized,0.7850095884216526,0.017487245906728892,7065.0174872459065,0.7850095884047833,18.10970788861896,7065.0,3,34,3,False,0.010771986806024376,True,work/cases/case_0866/duration_0p0174872459067.checkpoint.npz,f5a2a68cbc215871a1c731afe08ba0c44024c1227bd675a0f1291eb4e9229d8f
867,otsuji,35.0,201,1.5,fixed_10pct,physical,15.0,0.1,10.0,1.0,polarized,0.7850095884141773,0.007117428967229324,6315.007117428967,0.7850095884005209,18.10970788844729,6315.0,3,35,1,False,0.021427937912299876,True,work/cases/case_0867/duration_0p00711742896723.checkpoint.npz,a4bbc4e11e691c8918fc898ac7d0deee36990c43f88cab16297620eb6be0e20f
868,otsuji,35.0,201,3.0,fixed_20pct,physical,15.0,0.2,0.1,0.010000000000000002,polarized,0.7850095884184123,2.304337894582009,9527.304337894582,0.7850095884002736,18.10970788843724,9525.0,5,35,7,False,0.005617289668263226,False,work/cases/case_0868/duration_2p30433789458.checkpoint.npz,a854eea20f2d799e0ba2a1cb49010e478e80bc7f476aa642cccac0111f28401a
869,otsuji,35.0,201,3.0,fixed_20pct,physical,15.0,0.2,0.25,0.025,polarized,0.7850095884136193,0.9462575305693743,14820.94625753057,0.785009588409764,18.109707888819774,14820.0,3,34,6,False,0.005617289668263137,False,work/cases/case_0869/duration_0p946257530569.checkpoint.npz,2def2bf2f345ec9344cf1e3a38b8cfcd5be4d848ff2358226623bc8f3faa646a
870,otsuji,35.0,201,3.0,fixed_20pct,physical,15.0,0.2,0.5,0.05,polarized,0.7850095884103417,0.45752956821390806,9825.457529568213,0.7850095884103417,18.109707888843282,9825.0,3,34,4,False,0.005617289668263136,False,work/cases/case_0870/duration_0p457529568214.checkpoint.npz,e6b845258980d52bae2a6690d6a8e34f7c73419872c4342b09ce771716b49460
871,otsuji,35.0,201,3.0,fixed_20pct,physical,15.0,0.2,1.0,0.1,polarized,0.7850095884175217,0.2262636169189378,9665.22626361692,0.7850095884061618,18.10970788867496,9665.0,2,33,6,False,0.0056172896682632366,False,work/cases/case_0871/duration_0p226263616919.checkpoint.npz,8d6089ceafcd79a744d5d57f4e7ade739e1b60391d9934616b662913e9a3269a
872,otsuji,35.0,201,3.0,fixed_20pct,physical,15.0,0.2,2.0,0.2,polarized,0.7850095884170913,0.11705278972474407,9985.117052789725,0.7850095884059872,18.109707888667902,9985.0,3,36,4,False,0.005617289668263091,False,work/cases/case_0872/duration_0p117052789725.checkpoint.npz,c9e731e62cd07d0a92cc37c3a591a1eb6853bf88762a5eb0ec9e311e7889c446
873,otsuji,35.0,201,3.0,fixed_20pct,physical,15.0,0.2,4.0,0.4,polarized,0.7850095884118541,0.05723800087518207,10425.057238000874,0.7850095884047846,18.10970788861902,10425.0,3,35,4,False,0.005617289668263168,False,work/cases/case_0873/duration_0p0572380008752.checkpoint.npz,2d8937319c1da8d8a14f3e3ed645e971101bdc1e9ccccaa95bbe7ea6dd74df66
874,otsuji,35.0,201,3.0,fixed_20pct,physical,15.0,0.2,10.0,1.0,polarized,0.785009588426432,0.02342709542637875,10820.023427095426,0.7850095884102275,18.109707888838635,10820.0,3,33,4,False,0.010771986806024541,True,work/cases/case_0874/duration_0p0234270954264.checkpoint.npz,510671ca3d21230693d7f2ca36835a668be9e641bca1c289899184fdd25b4f87
875,otsuji,35.0,201,7.0,relative_20pct,relative,15.0,0.2,0.1,0.010000000000000002,polarized,0.4022970493649251,0.1157414443491001,2245.115741444349,0.4022967966604803,15.700401159356566,2245.0,4,31,15,True,0.005617289668263197,False,work/cases/case_0875/duration_0p115741444349.checkpoint.npz,8a48541d2919535c198e60e9e58fa3d68d9dfacdaff3460010798c67f22258ac
876,otsuji,35.0,201,7.0,relative_20pct,relative,15.0,0.2,0.25,0.025,polarized,0.40229868821192466,0.04634947812708464,2245.046349478127,0.4022958037009252,15.700402529339168,2245.0,6,32,8,False,0.005400576516366829,False,work/cases/case_0876/duration_0p0463494781271.checkpoint.npz,0f2fd826b4f49d2a0269745691388999c660d4ffbc7487966ba2e5ce519bbf96
877,otsuji,35.0,201,7.0,relative_20pct,relative,15.0,0.2,0.5,0.05,polarized,0.4022956999872642,0.02292510108011678,2245.02292510108,0.4022956999872642,15.700402672714587,2245.0,7,32,17,True,0.010771986806024534,True,work/cases/case_0877/duration_0p0229251010801.checkpoint.npz,1886d6f7e42c1de622530eb3447c8d5b687279c4547813daec550e168dd51e4c
878,otsuji,35.0,201,7.0,relative_20pct,relative,15.0,0.2,1.0,0.1,polarized,0.4022963905438844,0.01146255054005839,2245.0114625505403,0.4022963905438844,15.700401720391392,2245.0,8,34,18,True,0.021427937912299858,True,work/cases/case_0878/duration_0p0114625505401.checkpoint.npz,e6648c032995cc6b93427b9000de5700c2b656471b30ebe3f0bacda458ad96fb
879,otsuji,35.0,201,7.0,relative_20pct,relative,15.0,0.2,2.0,0.2,polarized,0.4022986476248854,0.005731275270029195,2245.00573127527,0.4022986476248854,15.700398600660083,2245.0,9,37,13,False,0.04239671930142638,True,work/cases/case_0879/duration_0p00573127527003.checkpoint.npz,d0326f9bad7ab319bb7a651a6214799e195e33bce872927d5360059812787455
880,otsuji,35.0,201,7.0,relative_20pct,relative,15.0,0.2,4.0,0.4,polarized,0.3981054212284248,0.16412241554285123,1900.1641224155428,0.3981054212284248,15.690593708095255,1900.0,8,34,12,False,0.00561728966826321,False,work/cases/case_0880/duration_0p164122415543.checkpoint.npz,c586dfbdba7c3372df4b9c522b1385e1e36c4357f9a73dea32348458367e12b7
881,otsuji,35.0,201,7.0,relative_20pct,relative,15.0,0.2,10.0,1.0,polarized,0.7850095884114389,23.600653783515032,4488.600653783515,0.7850095884053525,18.109707888642074,4465.0,9,31,4,False,0.005617289668263241,False,work/cases/case_0881/duration_23p6006537835.checkpoint.npz,080f41f481c9ad972245a3553f24a34c60472d143aad7e93d847013e0468d8cd
882,otsuji,37.0,201,1.5,fixed_10pct,physical,15.0,0.1,0.1,0.010000000000000002,polarized,0.785731544410186,0.025272232151292515,11135.025272232151,0.7857315443862284,18.20712136358448,11135.0,3,35,0,False,0.005400576516366905,False,work/cases/case_0882/duration_0p0252722321513.checkpoint.npz,dd26be246f1b3489bae43581e2e1d43dbbfa9e639517846f79b3c2bd3e16d023
883,otsuji,37.0,201,1.5,fixed_10pct,physical,15.0,0.1,0.25,0.025,polarized,0.7857315444031265,0.010285971738462282,7830.010285971738,0.7857315444030554,18.2071213641748,7830.0,5,36,0,False,0.021427937912299973,True,work/cases/case_0883/duration_0p0102859717385.checkpoint.npz,bff149da0a2f9e50c3a32e10a481c8d5e5f4f0f9258368837d662129c23df54a
884,otsuji,37.0,201,1.5,fixed_10pct,physical,15.0,0.1,0.5,0.05,polarized,0.7857315444038082,0.005255602595335716,6555.005255602596,0.7857315443864099,18.207121363590915,6555.0,6,37,0,False,0.04239671930142635,True,work/cases/case_0884/duration_0p00525560259534.checkpoint.npz,47bd955a8e27482c01e8494aa30de3d9529e540643b0fb57b3841ea4cf25b89c
885,otsuji,37.0,201,1.5,fixed_10pct,physical,15.0,0.1,1.0,0.1,polarized,0.7857315444059504,0.002627801297667858,6555.002627801297,0.7857315443924396,18.20712136380209,6555.0,5,33,0,False,0.08299595679532866,True,work/cases/case_0885/duration_0p00262780129767.checkpoint.npz,9707a5152fc8d99466899e03a8c65d1bd79886c0a38b1697d6fc63a416ad09a6
886,otsuji,37.0,201,1.5,fixed_10pct,physical,15.0,0.1,2.0,0.2,polarized,0.7857315443994368,0.001313900648833929,6555.001313900649,0.7857315443921026,18.207121363790172,6555.0,4,37,0,False,0.15910358474628536,True,work/cases/case_0886/duration_0p00131390064883.checkpoint.npz,d89ed46c734e1ccfbe311da6774c599ecc55ccf7c709c9529d9164d7a588c9e4
887,otsuji,37.0,201,1.5,fixed_10pct,physical,15.0,0.1,4.0,0.4,polarized,0.7857315444056668,0.00078125,4805.00078125,0.7857315443942244,18.207121363864548,4805.0,4,33,0,False,0.29289321881345237,True,work/cases/case_0887/duration_0p00078125.checkpoint.npz,7b4dfb6efaf425b02138a016647c0cdd41a42773db3f90ab5cc228dd883e6519
888,otsuji,37.0,201,1.5,fixed_10pct,physical,15.0,0.1,10.0,1.0,polarized,0.7857315444161156,0.000390625,5140.000390625,0.7857315443957981,18.207121363920184,5140.0,3,33,0,False,0.5,True,work/cases/case_0888/duration_0p000390625.checkpoint.npz,438790d075bc5be54e8431a85bfef056260e1075c80f0d4c03e3e4303503ccf0
889,otsuji,37.0,201,3.0,fixed_20pct,physical,15.0,0.2,0.1,0.010000000000000002,polarized,0.7857315444034361,0.005985020504366086,5545.005985020504,0.7857315443920116,18.207121363786953,5545.0,5,35,0,False,0.04239671930142645,True,work/cases/case_0889/duration_0p00598502050437.checkpoint.npz,ea0a6de303267bde028e14197765456c2bec086576e1be39a04a1265c43eaa00
890,otsuji,37.0,201,3.0,fixed_20pct,physical,15.0,0.2,0.25,0.025,polarized,0.7857315444039947,0.002409704414699908,5765.002409704414,0.7857315443939288,18.207121363854785,5765.0,4,37,0,False,0.08299595679532878,True,work/cases/case_0890/duration_0p0024097044147.checkpoint.npz,3757b54edd485703d40ff78d8d6ee3040537e177724965ec27f22e43968428f6
891,otsuji,37.0,201,3.0,fixed_20pct,physical,15.0,0.2,0.5,0.05,polarized,0.7857315443994318,0.001313900648833929,6370.001313900649,0.785731544380096,18.207121363368945,6370.0,4,36,0,False,0.15910358474628536,True,work/cases/case_0891/duration_0p00131390064883.checkpoint.npz,b3b1369a355eb3cebb82226de9f21d92ffe34106213fc1e4792cde347d6754d8
892,otsuji,37.0,201,3.0,fixed_20pct,physical,15.0,0.2,1.0,0.1,polarized,0.7857315444024519,0.00078125,6325.00078125,0.7857315443892717,18.207121363690735,6325.0,4,35,0,False,0.29289321881345237,True,work/cases/case_0892/duration_0p00078125.checkpoint.npz,6d40d9b4c0efc50ce276d0bca1e700603f21d57313e08ef372d74178543b3977
893,otsuji,37.0,201,3.0,fixed_20pct,physical,15.0,0.2,2.0,0.2,polarized,0.7857315444052205,0.000390625,6325.000390625,0.7857315443854128,18.20712136355561,6325.0,3,35,0,False,0.5,True,work/cases/case_0893/duration_0p000390625.checkpoint.npz,b54fb8d4ce1958dd3b8087576a8544af61f06ea7dce863d5e4c8e2616dae6917
894,otsuji,37.0,201,3.0,fixed_20pct,physical,15.0,0.2,4.0,0.4,polarized,0.7857315443993351,0.0001953125,6325.0001953125,0.7857315443791348,18.207121363335673,6325.0,2,35,0,False,1.0,True,work/cases/case_0894/duration_0p0001953125.checkpoint.npz,cb1121f68980fb4974814e1e902840e253c15c4bcb9af6a490707300e8c7d02c
895,otsuji,37.0,201,3.0,fixed_20pct,physical,15.0,0.2,10.0,1.0,polarized,0.7857315443995394,0.0001953125,6300.0001953125,0.785731544395363,18.207121363904797,6300.0,2,38,0,False,1.0,True,work/cases/case_0895/duration_0p0001953125.checkpoint.npz,e07fc6642e35d5ad52ee980f3daf1c2533e5bacf3357735c62a539fa99855a48
896,otsuji,37.0,201,7.4,relative_20pct,relative,15.0,0.2,0.1,0.010000000000000002,polarized,0.4047333218184344,0.004052623608284406,2480.0040526236085,0.4044881973665774,15.966332944152859,2480.0,7,32,0,False,0.042396719301426355,True,work/cases/case_0896/duration_0p00405262360828.checkpoint.npz,98fa43e3900b71e2df3728019e401ade2e5f801d861789bae2142092312b1c06
897,otsuji,37.0,201,7.4,relative_20pct,relative,15.0,0.2,0.25,0.025,polarized,0.40474937981548925,0.0017039183322894653,2400.001703918332,0.40455757464653774,15.965997857609235,2400.0,9,32,0,False,0.08299595679532881,True,work/cases/case_0897/duration_0p00170391833229.checkpoint.npz,35b84fecc05a09519cc9dc786f26e5625757a133f98db6badba728681698cd5b
898,otsuji,37.0,201,7.4,relative_20pct,relative,15.0,0.2,0.5,0.05,polarized,0.40474933564319265,0.000929068058595876,2390.0009290680587,0.4046399924348686,15.965588293687757,2390.0,11,32,0,False,0.15910358474628555,True,work/cases/case_0898/duration_0p000929068058596.checkpoint.npz,aa70090635c2e78082540e86c9d3b05ae1169a506a158b28d37d1aa25f4423b8
899,otsuji,37.0,201,7.4,relative_20pct,relative,15.0,0.2,1.0,0.1,polarized,0.4047493133932629,0.0005524271728019904,2335.000552427173,0.4046939801131975,15.965313230636223,2335.0,13,32,0,False,0.2928932188134526,True,work/cases/case_0899/duration_0p000552427172802.checkpoint.npz,81dd17c2f44137aac38016e1868c28810297a9dd247b521e5ab6c4d2332ac223
900,otsuji,37.0,201,7.4,relative_20pct,relative,15.0,0.2,2.0,0.2,polarized,0.40474930232828815,0.000390625,1930.000390625,0.40474930232828815,15.965025788914035,1930.0,13,32,0,False,0.5,True,work/cases/case_0900/duration_0p000390625.checkpoint.npz,36d86195e2cfcc75ed2a77388a1318e0bd648f97b0b6057be73dce7331e3474d
901,otsuji,37.0,201,7.4,relative_20pct,relative,15.0,0.2,4.0,0.4,polarized,0.40474929485231026,0.0001953125,1930.0001953125,0.40474929485231026,15.965025827824935,1930.0,14,32,0,False,1.0,True,work/cases/case_0901/duration_0p0001953125.checkpoint.npz,90f7dfecc910d7d3117114cf239960898fefa79d36f884289bdd5116f4f65f50
902,otsuji,37.0,201,7.4,relative_20pct,relative,15.0,0.2,10.0,1.0,polarized,0.7857315444136901,40.076424982300416,7030.0764249823005,0.7857315443928528,18.207121363816714,6990.0,13,32,0,False,0.005617289668263224,False,work/cases/case_0902/duration_40p0764249823.checkpoint.npz,b7939376cad7a5940497ad9fc98ceee1b445cfec36bb7bc9adcc020897616c53
903,otsuji,39.0,201,1.5,fixed_10pct,physical,15.0,0.1,0.1,0.010000000000000002,polarized,0.7863537802272965,1.4437500530052487,14291.443750053006,0.7863537802104118,18.28755994415541,14290.0,4,36,5,False,0.005617289668263168,False,work/cases/case_0903/duration_1p44375005301.checkpoint.npz,bfeed9053f73647d06ca42325a39b65071ea8bcaa53058156b51e6f7500927d4
904,otsuji,39.0,201,1.5,fixed_10pct,physical,15.0,0.1,0.25,0.025,polarized,0.7863537802379437,0.5763987396152729,14425.576398739615,0.7863537802194128,18.287559944446155,14425.0,4,34,4,False,0.005617289668263308,False,work/cases/case_0904/duration_0p576398739615.checkpoint.npz,2996f48815a1e25546184b67ad8272332696aad9823380bc4d4c70be2a6d3ce0
905,otsuji,39.0,201,1.5,fixed_10pct,physical,15.0,0.1,0.5,0.05,polarized,0.7863537802343851,0.2882779684418893,15065.288277968442,0.7863537802278395,18.28755994471839,15065.0,4,35,4,False,0.0056172896682633285,False,work/cases/case_0905/duration_0p288277968442.checkpoint.npz,ef41d65ff9d6090d34688ca7578add26a97e3ff74d82911607ff48abc3056bb0
906,otsuji,39.0,201,1.5,fixed_10pct,physical,15.0,0.1,1.0,0.1,polarized,0.7863537802442268,0.1441782942559039,16885.144178294257,0.7863537802356325,18.287559944969566,16885.0,3,35,4,False,0.005617289668263175,False,work/cases/case_0906/duration_0p144178294256.checkpoint.npz,1ab08819ad9464b5265a3b7b76f9a847ecc2cf21b187ef60ab7bc516360cc783
907,otsuji,39.0,201,1.5,fixed_10pct,physical,15.0,0.1,2.0,0.2,polarized,0.7863537802495705,0.07210880750580946,16240.072108807506,0.7863537802454822,18.287559945287665,16240.0,3,32,1,False,0.005617289668263125,False,work/cases/case_0907/duration_0p0721088075058.checkpoint.npz,80fdbf1ac4a0c7bdb105edb37879f15e655897849e4789e9e9bc6b71e7e81c5e
908,otsuji,39.0,201,1.5,fixed_10pct,physical,15.0,0.1,4.0,0.4,polarized,0.7863537802299587,0.03612952017442617,15905.036129520175,0.7863537802165206,18.28755994435296,15905.0,3,36,2,False,0.00540057651636693,False,work/cases/case_0908/duration_0p0361295201744.checkpoint.npz,b27298b32e4960e8a706b7619b243b192bbfee656359f2e6e8674307db999766
909,otsuji,39.0,201,1.5,fixed_10pct,physical,15.0,0.1,10.0,1.0,polarized,0.7863537802300135,0.014546560734719721,14035.014546560735,0.7863537802074668,18.2875599440605,14035.0,3,36,3,False,0.01077198680602451,True,work/cases/case_0909/duration_0p0145465607347.checkpoint.npz,c2e586b6dd1bc0c0a7eee17db9aeb032da8716eaf411e17938e87b351274dfc0
910,otsuji,39.0,201,3.0,fixed_20pct,physical,15.0,0.2,0.1,0.010000000000000002,polarized,0.7863537802225733,8.092846145918397,11593.092846145919,0.7863537802225733,18.28755994454804,11585.0,3,36,9,False,0.005617289668263127,False,work/cases/case_0910/duration_8p09284614592.checkpoint.npz,36f84b3af7c97f34f8debd70c113350bdf82e4acf0caa3d26725783a603862dd
911,otsuji,39.0,201,3.0,fixed_20pct,physical,15.0,0.2,0.25,0.025,polarized,0.7863537802262854,3.2309652967269704,11733.230965296727,0.7863537802262854,18.28755994466834,11730.0,4,36,7,False,0.00561728966826315,False,work/cases/case_0911/duration_3p23096529673.checkpoint.npz,e3af3660d352fc0fae07e6280a800bcb22d70335aee77b446f6535d59cb00481
912,otsuji,39.0,201,3.0,fixed_20pct,physical,15.0,0.2,0.5,0.05,polarized,0.7863537802313606,1.6159232278481155,12056.615923227848,0.7863537802141692,18.287559944277174,12055.0,4,35,6,False,0.005617289668263165,False,work/cases/case_0912/duration_1p61592322785.checkpoint.npz,307bec98f89ea93dcc493e48c5618d35769f49f192b07e2a9464a1c5504ea6d5
913,otsuji,39.0,201,3.0,fixed_20pct,physical,15.0,0.2,1.0,0.1,polarized,0.7863537802283244,0.8081819637444811,13610.808181963745,0.786353780219352,18.287559944444205,13610.0,3,35,8,False,0.005617289668263207,False,work/cases/case_0913/duration_0p808181963744.checkpoint.npz,c3a5a27b03f9051b8a0de416a866ddd71bca0f670999d6eb1a29e54eb6570b94
914,otsuji,39.0,201,3.0,fixed_20pct,physical,15.0,0.2,2.0,0.2,polarized,0.7863537802303999,0.4064845281700973,13700.40648452817,0.7863537802207972,18.28755994449077,13700.0,3,34,7,False,0.005617289668263274,False,work/cases/case_0914/duration_0p40648452817.checkpoint.npz,bc30594dae2c77d2697125450f3868df636e9691d263b6e2383d00d8f0feaf53
915,otsuji,39.0,201,3.0,fixed_20pct,physical,15.0,0.2,4.0,0.4,polarized,0.7863537802309646,0.2056010466985518,13090.205601046699,0.786353780214896,18.2875599443006,13090.0,3,34,5,False,0.005617289668263187,False,work/cases/case_0915/duration_0p205601046699.checkpoint.npz,3b306061e20df0b21bb961ec50491c5b4a7ea4510f940f28beb636dea7a3c20c
916,otsuji,39.0,201,3.0,fixed_20pct,physical,15.0,0.2,10.0,1.0,polarized,0.7863537802358649,0.08395413139620368,14690.083954131396,0.7863537802188771,18.287559944428885,14690.0,3,32,5,False,0.005617289668263194,False,work/cases/case_0916/duration_0p0839541313962.checkpoint.npz,e55fffd1cc5e6f4e8b5ac1aa9bcbb46f5781a38e7be764841eb3c52bc3fcaa58
917,otsuji,39.0,201,7.800000000000001,relative_20pct,relative,15.0,0.2,0.1,0.010000000000000002,polarized,0.4061413622550314,0.14829689596044682,3095.1482968959604,0.4060904768926029,16.20400721585255,3095.0,2,34,12,True,0.005617289668263093,False,work/cases/case_0917/duration_0p14829689596.checkpoint.npz,4c5397106a5d27030b388c1121ce2a751e61d8b3d59a950d5f6b022f95b3af3d
918,otsuji,39.0,201,7.800000000000001,relative_20pct,relative,15.0,0.2,0.25,0.025,polarized,0.4061362750736386,0.05954009258397512,3095.059540092584,0.40609057065225174,16.204006513912045,3095.0,2,34,16,True,0.005617289668263161,False,work/cases/case_0918/duration_0p059540092584.checkpoint.npz,a9c7831c9d1ee5031daae9c13f609989f41d18e22e6e1a241e73778a23081e7d
919,otsuji,39.0,201,7.800000000000001,relative_20pct,relative,15.0,0.2,0.5,0.05,polarized,0.4061303804719684,0.029730177875068032,3095.029730177875,0.4060906683976608,16.204005782245567,3095.0,2,35,18,True,0.005400576516366873,False,work/cases/case_0919/duration_0p0297301778751.checkpoint.npz,a83188f6f371efa1bf3d05d31a0232f3931c647c01f32acdd0d13d9908a1e4ca
920,otsuji,39.0,201,7.800000000000001,relative_20pct,relative,15.0,0.2,1.0,0.1,polarized,0.40612178899783885,0.014865088937534016,3095.0148650889373,0.4060904726504159,16.204007247373323,3095.0,2,34,17,True,0.01077198680602455,True,work/cases/case_0920/duration_0p0148650889375.checkpoint.npz,c01d67a8dde0b3a4e259dae13101039bb05c3796ee39780805f5ea94fd8476e7
921,otsuji,39.0,201,7.800000000000001,relative_20pct,relative,15.0,0.2,2.0,0.2,polarized,0.40611355570186525,0.007595295999877932,3090.007595296,0.40609254581662363,16.20399172229416,3090.0,3,34,15,True,0.021427937912299935,True,work/cases/case_0921/duration_0p00759529599988.checkpoint.npz,5441a70ab235ad9ebc13f238cc6684bcf0b28371c6139e67805336d26976be7c
922,otsuji,39.0,201,7.800000000000001,relative_20pct,relative,15.0,0.2,4.0,0.4,polarized,0.40610746029831657,0.0038808056627296387,3090.003880805663,0.4060947786703452,16.203974993021664,3090.0,4,33,9,False,0.042396719301426446,True,work/cases/case_0922/duration_0p00388080566273.checkpoint.npz,675e1e32a8eaee4b40e4190d1d6860256079a8d477d4f5b93e68482b9b7e5ec4
923,otsuji,39.0,201,7.800000000000001,relative_20pct,relative,15.0,0.2,10.0,1.0,polarized,0.7863537802257337,179.32499325924817,11884.324993259248,0.7863537802218824,18.287559944525775,11705.0,5,33,12,False,0.005617289668263214,False,work/cases/case_0923/duration_179p324993259.checkpoint.npz,e3057d0c241cf42006506e28a25fd733f4d3d9dce5297929376d8fef7e58e956
924,goryachev,1.0,201,1.5,fixed_10pct,physical,15.0,0.1,0.1,0.010000000000000002,unpolarized,5.302557729552986e-17,,,5.302557729552986e-17,,,1,18,0,False,,False,,
925,goryachev,1.0,201,1.5,fixed_10pct,physical,15.0,0.1,0.25,0.025,unpolarized,8.616656310523602e-17,,,8.616656310523602e-17,,,1,18,0,False,,False,,
926,goryachev,1.0,201,1.5,fixed_10pct,physical,15.0,0.1,0.5,0.05,unpolarized,6.628197161941659e-17,,,6.628197161941659e-17,,,1,18,0,False,,False,,
927,goryachev,1.0,201,1.5,fixed_10pct,physical,15.0,0.1,1.0,0.1,unpolarized,5.744437540349068e-17,,,5.744437540349068e-17,,,1,18,0,False,,False,,
928,goryachev,1.0,201,1.5,fixed_10pct,physical,15.0,0.1,2.0,0.2,unpolarized,9.003301144970351e-17,,,9.003301144970351e-17,,,1,18,0,False,,False,,
929,goryachev,1.0,201,1.5,fixed_10pct,physical,15.0,0.1,4.0,0.4,unpolarized,7.953836594329478e-17,,,7.953836594329478e-17,,,1,18,0,False,,False,,
930,goryachev,1.0,201,1.5,fixed_10pct,physical,15.0,0.1,10.0,1.0,unpolarized,6.738667114640253e-17,,,6.738667114640253e-17,,,1,18,0,False,,False,,
931,goryachev,1.0,201,3.0,fixed_20pct,physical,15.0,0.2,0.1,0.010000000000000002,unpolarized,5.744437540349068e-17,,,5.744437540349068e-17,,,1,18,0,False,,False,,
932,goryachev,1.0,201,3.0,fixed_20pct,physical,15.0,0.2,0.25,0.025,unpolarized,7.511956783533397e-17,,,7.511956783533397e-17,,,1,18,0,False,,False,,
933,goryachev,1.0,201,3.0,fixed_20pct,physical,15.0,0.2,0.5,0.05,unpolarized,6.738667114640253e-17,,,6.738667114640253e-17,,,1,18,0,False,,False,,
934,goryachev,1.0,201,3.0,fixed_20pct,physical,15.0,0.2,1.0,0.1,unpolarized,6.628197161941232e-17,,,6.628197161941232e-17,,,1,18,0,False,,False,,
935,goryachev,1.0,201,3.0,fixed_20pct,physical,15.0,0.2,2.0,0.2,unpolarized,7.125311949086788e-17,,,7.125311949086788e-17,,,1,18,0,False,,False,,
936,goryachev,1.0,201,3.0,fixed_20pct,physical,15.0,0.2,4.0,0.4,unpolarized,6.738667114640253e-17,,,6.738667114640253e-17,,,1,18,0,False,,False,,
937,goryachev,1.0,201,3.0,fixed_20pct,physical,15.0,0.2,10.0,1.0,unpolarized,6.628197161941232e-17,,,6.628197161941232e-17,,,1,18,0,False,,False,,
938,goryachev,1.0,201,0.2,relative_20pct,relative,15.0,0.2,0.1,0.010000000000000002,unpolarized,1.1212700198950265e-16,,,1.1212700198950265e-16,,,1,18,0,False,,False,,
939,goryachev,1.0,201,0.2,relative_20pct,relative,15.0,0.2,0.25,0.025,unpolarized,7.953836594329478e-17,,,7.953836594329478e-17,,,1,18,0,False,,False,,
940,goryachev,1.0,201,0.2,relative_20pct,relative,15.0,0.2,0.5,0.05,unpolarized,7.511956783533397e-17,,,7.511956783533397e-17,,,1,18,0,False,,False,,
941,goryachev,1.0,201,0.2,relative_20pct,relative,15.0,0.2,1.0,0.1,unpolarized,5.302557729552986e-17,,,5.302557729552986e-17,,,1,18,0,False,,False,,
942,goryachev,1.0,201,0.2,relative_20pct,relative,15.0,0.2,2.0,0.2,unpolarized,7.235781901786397e-17,,,7.235781901786397e-17,,,1,18,0,False,,False,,
943,goryachev,1.0,201,0.2,relative_20pct,relative,15.0,0.2,4.0,0.4,unpolarized,5.854907493048088e-17,,,5.854907493048088e-17,,,1,18,0,False,,False,,
944,goryachev,1.0,201,0.2,relative_20pct,relative,15.0,0.2,10.0,1.0,unpolarized,9.500415932115312e-17,,,9.500415932115312e-17,,,1,18,0,False,,False,,
945,goryachev,3.0,201,1.5,fixed_10pct,physical,15.0,0.1,0.1,0.010000000000000002,polarized,0.5706661576362136,0.0001953125,4980.0001953125,0.5706661576362134,5.9392896058011475,4980.0,2,35,0,False,1.0,True,work/cases/case_0945/duration_0p0001953125.checkpoint.npz,b7db16040f4c3da8e1e8890f3b1662f4f2bf562422cf14343a1b752f28a3ee8e
946,goryachev,3.0,201,1.5,fixed_10pct,physical,15.0,0.1,0.25,0.025,polarized,0.5706661576362319,0.0001953125,4675.0001953125,0.5706661576362134,5.939289605801151,4675.0,2,37,0,False,1.0,True,work/cases/case_0946/duration_0p0001953125.checkpoint.npz,9fdf46fe368c66a78b2034d0b2614ae0afe58e7e7679cef56b8d450c9f4d83df
947,goryachev,3.0,201,1.5,fixed_10pct,physical,15.0,0.1,0.5,0.05,polarized,0.5706661576362216,0.0001953125,4440.0001953125,0.5706661576362138,5.939289605801154,4440.0,2,35,0,False,1.0,True,work/cases/case_0947/duration_0p0001953125.checkpoint.npz,690d26276dbcf7c86fed6f3020d1ce8f4837851ebf9a2b9f8d53854611678e22
948,goryachev,3.0,201,1.5,fixed_10pct,physical,15.0,0.1,1.0,0.1,polarized,0.5706661576362138,0.0001953125,4210.0001953125,0.5706661576362134,5.939289605801148,4210.0,2,33,0,False,1.0,True,work/cases/case_0948/duration_0p0001953125.checkpoint.npz,6ea708d98dbc39d7b5daa314720c6406127d31ce03e526318f8df03c274f13d2
949,goryachev,3.0,201,1.5,fixed_10pct,physical,15.0,0.1,2.0,0.2,polarized,0.5706661576362138,0.0001953125,3980.0001953125,0.5706661576362138,5.9392896058011555,3980.0,2,37,0,False,1.0,True,work/cases/case_0949/duration_0p0001953125.checkpoint.npz,035a9ab538671ef89b3950276b0635c30a1244d2c52655e945f3a317030bc805
950,goryachev,3.0,201,1.5,fixed_10pct,physical,15.0,0.1,4.0,0.4,polarized,0.5706661576362317,0.0001953125,3745.0001953125,0.5706661576362134,5.939289605801148,3745.0,2,35,0,False,1.0,True,work/cases/case_0950/duration_0p0001953125.checkpoint.npz,c5e30bd16eceb4e0a5fd490581127c6dbed4cf4a15e19f88e9034dd30ecd9875
951,goryachev,3.0,201,1.5,fixed_10pct,physical,15.0,0.1,10.0,1.0,polarized,0.5706661576362155,0.0001953125,3440.0001953125,0.5706661576362133,5.939289605801147,3440.0,2,36,0,False,1.0,True,work/cases/case_0951/duration_0p0001953125.checkpoint.npz,ea5106977f00c5b64effd61443c8a5160ae5331eda6260157497ac6936b75f74
952,goryachev,3.0,201,3.0,fixed_20pct,physical,15.0,0.2,0.1,0.010000000000000002,polarized,0.5706661576362433,0.0001953125,4925.0001953125,0.5706661576362135,5.939289605801152,4925.0,2,38,0,False,1.0,True,work/cases/case_0952/duration_0p0001953125.checkpoint.npz,bb5d2e2f8ebfe9555a060680fc3b9ac4f852c16e02261879b1ee0ea948ac5057
953,goryachev,3.0,201,3.0,fixed_20pct,physical,15.0,0.2,0.25,0.025,polarized,0.5706661576362493,0.0001953125,4620.0001953125,0.5706661576362134,5.939289605801149,4620.0,2,37,0,False,1.0,True,work/cases/case_0953/duration_0p0001953125.checkpoint.npz,e667e27d4c0b64823bee3191b2e5265dcac28dcb3aae84cd9b8faafd52681933
954,goryachev,3.0,201,3.0,fixed_20pct,physical,15.0,0.2,0.5,0.05,polarized,0.5706661576362319,0.0001953125,4390.0001953125,0.5706661576362134,5.939289605801149,4390.0,2,36,0,False,1.0,True,work/cases/case_0954/duration_0p0001953125.checkpoint.npz,e55ede3d692722f65c56f366eb6a78c2ae8c84812fcef1100d42b08796cb0c67
955,goryachev,3.0,201,3.0,fixed_20pct,physical,15.0,0.2,1.0,0.1,polarized,0.5706661576362317,0.0001953125,4155.0001953125,0.5706661576362135,5.939289605801151,4155.0,2,36,0,False,1.0,True,work/cases/case_0955/duration_0p0001953125.checkpoint.npz,c04091fb0ea5171dd17665dd7e5ccf7dde522221af15e9a19e5d49e33ec993cf
956,goryachev,3.0,201,3.0,fixed_20pct,physical,15.0,0.2,2.0,0.2,polarized,0.5706661576362327,0.0001953125,3925.0001953125,0.5706661576362327,5.9392896058027596,3925.0,2,38,0,False,1.0,True,work/cases/case_0956/duration_0p0001953125.checkpoint.npz,60f637b8c4c83d2076ed79516f991dee250f5c3ba10c124919dfc09637adfa3e
957,goryachev,3.0,201,3.0,fixed_20pct,physical,15.0,0.2,4.0,0.4,polarized,0.5706661576362316,0.0001953125,3690.0001953125,0.5706661576362135,5.939289605801152,3690.0,2,34,0,False,1.0,True,work/cases/case_0957/duration_0p0001953125.checkpoint.npz,481963f07cefd6036becd2454772b94d46c15b8a376f8a12be69426201f24c2e
958,goryachev,3.0,201,3.0,fixed_20pct,physical,15.0,0.2,10.0,1.0,polarized,0.5706661576362504,0.0001953125,3380.0001953125,0.5706661576362136,5.939289605801152,3380.0,2,36,0,False,1.0,True,work/cases/case_0958/duration_0p0001953125.checkpoint.npz,cfea05144e27ea2552c7a44fb10576d2ce7ada631009c5707025685529ff51b9
959,goryachev,3.0,201,0.6000000000000001,relative_20pct,relative,15.0,0.2,0.1,0.010000000000000002,polarized,0.5706661576362317,0.0001953125,5240.0001953125,0.5706661576362134,5.939289605801147,5240.0,2,35,0,False,1.0,True,work/cases/case_0959/duration_0p0001953125.checkpoint.npz,7311a516ee78e66e43524853c0bdb620e6636255be5e089e10599bbf7fad7323
960,goryachev,3.0,201,0.6000000000000001,relative_20pct,relative,15.0,0.2,0.25,0.025,polarized,0.570666157636259,0.0001953125,4935.0001953125,0.5706661576362135,5.9392896058011475,4935.0,2,34,0,False,1.0,True,work/cases/case_0960/duration_0p0001953125.checkpoint.npz,72a9de6a0ff805165e814c835502a8dc6213b269e4ecd70ed63bda16789b7b91
961,goryachev,3.0,201,0.6000000000000001,relative_20pct,relative,15.0,0.2,0.5,0.05,polarized,0.5706661576362493,0.0001953125,4700.0001953125,0.5706661576362135,5.939289605801151,4700.0,2,35,0,False,1.0,True,work/cases/case_0961/duration_0p0001953125.checkpoint.npz,106ba50ca1e4544fdafd88049e4646b5d968676f380326bfc3230b4ab2a2015f
962,goryachev,3.0,201,0.6000000000000001,relative_20pct,relative,15.0,0.2,1.0,0.1,polarized,0.5706661576362136,0.0001953125,4470.0001953125,0.5706661576362134,5.9392896058011475,4470.0,2,35,0,False,1.0,True,work/cases/case_0962/duration_0p0001953125.checkpoint.npz,0a026ed97842f84d1707f5f1b86e68718f3591ef17402fe7fecdc35d811a410f
963,goryachev,3.0,201,0.6000000000000001,relative_20pct,relative,15.0,0.2,2.0,0.2,polarized,0.5706661576362193,0.0001953125,4240.0001953125,0.5706661576362134,5.939289605801148,4240.0,2,34,0,False,1.0,True,work/cases/case_0963/duration_0p0001953125.checkpoint.npz,5107568e7427c1d5020c9cab58f1febdb18c679c0f9ad669a8e48b06f15c09ec
964,goryachev,3.0,201,0.6000000000000001,relative_20pct,relative,15.0,0.2,4.0,0.4,polarized,0.5706661576362138,0.0001953125,4005.0001953125,0.5706661576362136,5.939289605801155,4005.0,2,36,0,False,1.0,True,work/cases/case_0964/duration_0p0001953125.checkpoint.npz,e570bcba3508d840fa30bcfcd92b8b53b0c340937f3a3a045dd1e42dcd0e2a62
965,goryachev,3.0,201,0.6000000000000001,relative_20pct,relative,15.0,0.2,10.0,1.0,polarized,0.5706661576362312,0.0001953125,3700.0001953125,0.5706661576362136,5.939289605801156,3700.0,2,36,0,False,1.0,True,work/cases/case_0965/duration_0p0001953125.checkpoint.npz,2512475b6b2f3e47302edbe33d82d7504280405a89656b5e70f011ffadddae4b
966,goryachev,5.0,201,1.5,fixed_10pct,physical,15.0,0.1,0.1,0.010000000000000002,polarized,0.7663251871587483,0.0001953125,3260.0001953125,0.766325187158707,13.432981730372012,3260.0,2,36,0,False,1.0,True,work/cases/case_0966/duration_0p0001953125.checkpoint.npz,3960469f72e4fbdab31133a0245e977a3cd31f24d9388e7849031473ce2f9f4b
967,goryachev,5.0,201,1.5,fixed_10pct,physical,15.0,0.1,0.25,0.025,polarized,0.7663251871587082,0.0001953125,3065.0001953125,0.7663251871587069,13.43298173037187,3065.0,2,36,0,False,1.0,True,work/cases/case_0967/duration_0p0001953125.checkpoint.npz,df96890604de97b4da0549c7549ff34038c723df588b3286e57c6eba5edff71e
968,goryachev,5.0,201,1.5,fixed_10pct,physical,15.0,0.1,0.5,0.05,polarized,0.766325187158707,0.0001953125,2920.0001953125,0.7663251871587043,13.432981730370377,2920.0,2,36,0,False,1.0,True,work/cases/case_0968/duration_0p0001953125.checkpoint.npz,707ed528e0205900841db6c03c9e97186296d3e3f78fdbf831208c31249358f6
969,goryachev,5.0,201,1.5,fixed_10pct,physical,15.0,0.1,1.0,0.1,polarized,0.7663251871587842,0.0001953125,2775.0001953125,0.7663251871587063,13.43298173037168,2775.0,2,36,0,False,1.0,True,work/cases/case_0969/duration_0p0001953125.checkpoint.npz,317b1006a7ee83b0493c6435645512359e33f27380ce69f72b2053366dcb18bd
970,goryachev,5.0,201,1.5,fixed_10pct,physical,15.0,0.1,2.0,0.2,polarized,0.7663251871587075,0.0001953125,2630.0001953125,0.7663251871587065,13.43298173037132,2630.0,2,37,0,False,1.0,True,work/cases/case_0970/duration_0p0001953125.checkpoint.npz,2eb6b6d99706caa2c02e503069b2ffda3f1472de1bb184ae643cdd0b6852eedf
971,goryachev,5.0,201,1.5,fixed_10pct,physical,15.0,0.1,4.0,0.4,polarized,0.7663251871588004,0.0001953125,2485.0001953125,0.7663251871587057,13.432981730370969,2485.0,2,38,0,False,1.0,True,work/cases/case_0971/duration_0p0001953125.checkpoint.npz,3a0778bfb8cd9ee5d4860dc83f8af76533de0bb230c45ec6f92361335cad5fe6
972,goryachev,5.0,201,1.5,fixed_10pct,physical,15.0,0.1,10.0,1.0,polarized,0.7663251871587082,0.0001953125,2290.0001953125,0.7663251871587063,13.432981730371662,2290.0,2,36,0,False,1.0,True,work/cases/case_0972/duration_0p0001953125.checkpoint.npz,02649b6fda37f27ec17e981241928f9497cf69ad844b1e6e3ab518bd44a1140e
973,goryachev,5.0,201,3.0,fixed_20pct,physical,15.0,0.2,0.1,0.010000000000000002,polarized,0.766325187158745,0.0001953125,3150.0001953125,0.7663251871587069,13.432981730372033,3150.0,2,38,0,False,1.0,True,work/cases/case_0973/duration_0p0001953125.checkpoint.npz,9fde450331d399cfccde89e8dd1c6fa1dd504022105732e02d95e017ceef63b0
974,goryachev,5.0,201,3.0,fixed_20pct,physical,15.0,0.2,0.25,0.025,polarized,0.7663251871587077,0.0001953125,2960.0001953125,0.7663251871587063,13.432981730371608,2960.0,2,36,0,False,1.0,True,work/cases/case_0974/duration_0p0001953125.checkpoint.npz,5a577bb2076091cf6ac77c21d7c72caf190d33d49bbad371e629ebb520d45b90
975,goryachev,5.0,201,3.0,fixed_20pct,physical,15.0,0.2,0.5,0.05,polarized,0.7663251871587087,0.0001953125,2815.0001953125,0.7663251871587066,13.432981730371703,2815.0,2,36,0,False,1.0,True,work/cases/case_0975/duration_0p0001953125.checkpoint.npz,874564aff9cff24dc212a5b6c963d5c18517f3109bbd8c04354127e7a47f42f8
976,goryachev,5.0,201,3.0,fixed_20pct,physical,15.0,0.2,1.0,0.1,polarized,0.7663251871587068,0.0001953125,2670.0001953125,0.7663251871587055,13.43298173037096,2670.0,2,36,0,False,1.0,True,work/cases/case_0976/duration_0p0001953125.checkpoint.npz,aa05b8a445ac6addc5089d351dffa7fc0e84cf9a4a54f1d11bb9b8e33069fb4e
977,goryachev,5.0,201,3.0,fixed_20pct,physical,15.0,0.2,2.0,0.2,polarized,0.7663251871587088,0.0001953125,2520.0001953125,0.7663251871587055,13.432981730370958,2520.0,2,37,0,False,1.0,True,work/cases/case_0977/duration_0p0001953125.checkpoint.npz,bbf64dea3bc58e241f60a647f52519e389d1d81dbd69976d97abe2b382e1f5e4
978,goryachev,5.0,201,3.0,fixed_20pct,physical,15.0,0.2,4.0,0.4,polarized,0.7663251871587076,0.0001953125,2375.0001953125,0.7663251871587067,13.432981730372015,2375.0,2,38,0,False,1.0,True,work/cases/case_0978/duration_0p0001953125.checkpoint.npz,8188dddb94c061588e2207830179208243c1a78ef46527a91460bfb1924a6c54
979,goryachev,5.0,201,3.0,fixed_20pct,physical,15.0,0.2,10.0,1.0,polarized,0.7663251871587088,0.0001953125,2180.0001953125,0.7663251871587063,13.432981730371354,2180.0,2,37,0,False,1.0,True,work/cases/case_0979/duration_0p0001953125.checkpoint.npz,3c795567fce8fdbb63f172cf81d5562b5af5b412b9badd0056f174cb1f029bf7
980,goryachev,5.0,201,1.0,relative_20pct,relative,15.0,0.2,0.1,0.010000000000000002,polarized,0.7663251871591316,0.0001953125,3335.0001953125,0.7663251871587065,13.43298173037128,3335.0,2,36,0,False,1.0,True,work/cases/case_0980/duration_0p0001953125.checkpoint.npz,7ffbebc3aaedbd8b08f935d792ef350f2b92b44f60881671d95b29eda1756341
981,goryachev,5.0,201,1.0,relative_20pct,relative,15.0,0.2,0.25,0.025,polarized,0.7663251871587073,0.0001953125,3145.0001953125,0.7663251871587045,13.432981730370635,3145.0,2,37,0,False,1.0,True,work/cases/case_0981/duration_0p0001953125.checkpoint.npz,96aeda3290efd690217575aec2295c031082b0efd8f1526fcec5bc47e4e413ca
982,goryachev,5.0,201,1.0,relative_20pct,relative,15.0,0.2,0.5,0.05,polarized,0.7663251871587073,0.0001953125,3000.0001953125,0.7663251871587047,13.432981730370603,3000.0,2,37,0,False,1.0,True,work/cases/case_0982/duration_0p0001953125.checkpoint.npz,5d8c3ee30e8cf9225558cd52687c4963cdc288bc1e06f0156229fdd4e98f8e64
983,goryachev,5.0,201,1.0,relative_20pct,relative,15.0,0.2,1.0,0.1,polarized,0.7663251871589426,0.0001953125,2855.0001953125,0.7663251871587063,13.432981730371344,2855.0,2,36,0,False,1.0,True,work/cases/case_0983/duration_0p0001953125.checkpoint.npz,ae6e85a96ad3dda1f9d530ae02498dce53c55b8ea4723be678de93d0f9c78ae7
984,goryachev,5.0,201,1.0,relative_20pct,relative,15.0,0.2,2.0,0.2,polarized,0.7663251871588795,0.0001953125,2710.0001953125,0.7663251871587073,13.432981730372166,2710.0,2,38,0,False,1.0,True,work/cases/case_0984/duration_0p0001953125.checkpoint.npz,10ef9089a88ef84223e0a84f18482ab2ecd38811707331016355e0e6d024e02c
985,goryachev,5.0,201,1.0,relative_20pct,relative,15.0,0.2,4.0,0.4,polarized,0.7663251871590401,0.0001953125,2560.0001953125,0.7663251871587057,13.43298173037172,2560.0,2,37,0,False,1.0,True,work/cases/case_0985/duration_0p0001953125.checkpoint.npz,b4cd8483a2cf7946f18329f6cc820eda17a2ca21a1b51359394bbbf57d52861f
986,goryachev,5.0,201,1.0,relative_20pct,relative,15.0,0.2,10.0,1.0,polarized,0.7663251871587514,0.0001953125,2365.0001953125,0.7663251871587045,13.432981730370576,2365.0,2,38,0,False,1.0,True,work/cases/case_0986/duration_0p0001953125.checkpoint.npz,1ec378a66afdfce9eb6c5d85a08df3f20635cfcbaa356aa71473a7ed7e97950a
987,goryachev,7.0,201,1.5,fixed_10pct,physical,15.0,0.1,0.1,0.010000000000000002,polarized,0.8382867701890478,0.0001953125,3020.0001953125,0.8382867701887617,20.646745555185174,3020.0,2,37,0,False,1.0,True,work/cases/case_0987/duration_0p0001953125.checkpoint.npz,3e347ae27c6892459fff9554dba9fe1e307d5ab25ff8116d61e9d27d09b50b7b
988,goryachev,7.0,201,1.5,fixed_10pct,physical,15.0,0.1,0.25,0.025,polarized,0.8382867701887625,0.0001953125,2845.0001953125,0.838286770188762,20.64674555518515,2845.0,2,38,0,False,1.0,True,work/cases/case_0988/duration_0p0001953125.checkpoint.npz,d8669c994c9c657ee20126888b6f9dd1036b9b40c9747237685662de038683e8
989,goryachev,7.0,201,1.5,fixed_10pct,physical,15.0,0.1,0.5,0.05,polarized,0.8382867701887624,0.0001953125,2710.0001953125,0.8382867701887617,20.64674555518534,2710.0,2,38,0,False,1.0,True,work/cases/case_0989/duration_0p0001953125.checkpoint.npz,b03327212473a8ce7135ecee00bf8b309d41fd17125f9cfdc05a63cd34acec52
990,goryachev,7.0,201,1.5,fixed_10pct,physical,15.0,0.1,1.0,0.1,polarized,0.8382867701887627,0.0001953125,2575.0001953125,0.8382867701887613,20.646745555185365,2575.0,2,36,0,False,1.0,True,work/cases/case_0990/duration_0p0001953125.checkpoint.npz,b245f058b45d81e3f2c0d776851f9618cbaff21511f047a6cf7a9b4ce80131ba
991,goryachev,7.0,201,1.5,fixed_10pct,physical,15.0,0.1,2.0,0.2,polarized,0.8382867701888397,0.0001953125,2440.0001953125,0.8382867701887619,20.646745555185475,2440.0,2,36,0,False,1.0,True,work/cases/case_0991/duration_0p0001953125.checkpoint.npz,d13ba73ba2555988ec73a3af0e18ace78a8303eddf9203949916206715d55d40
992,goryachev,7.0,201,1.5,fixed_10pct,physical,15.0,0.1,4.0,0.4,polarized,0.8382867701887879,0.0001953125,2305.0001953125,0.8382867701887621,20.646745555184847,2305.0,2,36,0,False,1.0,True,work/cases/case_0992/duration_0p0001953125.checkpoint.npz,9651de00a8d93c5cd108c24d2c8fcf31b4d3ae55fa5d09e99a99c0b50261910c
993,goryachev,7.0,201,1.5,fixed_10pct,physical,15.0,0.1,10.0,1.0,polarized,0.8382867701887623,0.0001953125,2120.0001953125,0.8382867701887619,20.646745555185344,2120.0,2,36,0,False,1.0,True,work/cases/case_0993/duration_0p0001953125.checkpoint.npz,e6073fb00b47e604ac0e81bb8855ff1d862d266a3f66a9227e2e0e6c4e59fed7
994,goryachev,7.0,201,3.0,fixed_20pct,physical,15.0,0.2,0.1,0.010000000000000002,polarized,0.8382867701887627,0.0001953125,2905.0001953125,0.8382867701887621,20.646745555185145,2905.0,2,37,0,False,1.0,True,work/cases/case_0994/duration_0p0001953125.checkpoint.npz,4e1900936ece41a1a3eda0adce467df4fedfb48410a226609325295805e9de13
995,goryachev,7.0,201,3.0,fixed_20pct,physical,15.0,0.2,0.25,0.025,polarized,0.8382867701887788,0.0001953125,2730.0001953125,0.838286770188762,20.646745555185106,2730.0,2,37,0,False,1.0,True,work/cases/case_0995/duration_0p0001953125.checkpoint.npz,9649a957af460c92a56617e8789cdac93ef7237c50aac65efff2b23bd05f41dc
996,goryachev,7.0,201,3.0,fixed_20pct,physical,15.0,0.2,0.5,0.05,polarized,0.8382867701887815,0.0001953125,2595.0001953125,0.8382867701887617,20.646745555185415,2595.0,2,38,0,False,1.0,True,work/cases/case_0996/duration_0p0001953125.checkpoint.npz,1fd329ed96a19105afda1ddcc4c9a7f95c3bc2ad04ddea2b74d53719b392c69b
997,goryachev,7.0,201,3.0,fixed_20pct,physical,15.0,0.2,1.0,0.1,polarized,0.8382867701887623,0.0001953125,2460.0001953125,0.8382867701887619,20.64674555518527,2460.0,2,36,0,False,1.0,True,work/cases/case_0997/duration_0p0001953125.checkpoint.npz,beef155dac85a773f1d8fa9f99f736b6310927689ea67c60076482e66cc04e5a
998,goryachev,7.0,201,3.0,fixed_20pct,physical,15.0,0.2,2.0,0.2,polarized,0.8382867701887623,0.0001953125,2325.0001953125,0.838286770188762,20.646745555185213,2325.0,2,37,0,False,1.0,True,work/cases/case_0998/duration_0p0001953125.checkpoint.npz,eb9ee307d6fed13f6b976365cf9d87c4ebb56d3fa79bacfc885aa3ebdd1f73ae
999,goryachev,7.0,201,3.0,fixed_20pct,physical,15.0,0.2,4.0,0.4,polarized,0.8382867701887972,0.0001953125,2190.0001953125,0.8382867701887619,20.646745555185326,2190.0,2,38,0,False,1.0,True,work/cases/case_0999/duration_0p0001953125.checkpoint.npz,da98171c745d54de79523a0d61cb18fc787650795ea0eba9ce1e79a8dc8fca07
1000,goryachev,7.0,201,3.0,fixed_20pct,physical,15.0,0.2,10.0,1.0,polarized,0.8382867701890195,0.0001953125,2005.0001953125,0.8382867701890195,20.646745555751664,2005.0,2,34,0,False,1.0,True,work/cases/case_1000/duration_0p0001953125.checkpoint.npz,4fc4d8b89a26c33913b2d790c1f88e3d0c2e5997b997e336c219998c4f5a5030
1001,goryachev,7.0,201,1.4000000000000001,relative_20pct,relative,15.0,0.2,0.1,0.010000000000000002,polarized,0.8382867701887653,0.0001953125,3030.0001953125,0.838286770188762,20.646745555185337,3030.0,2,35,0,False,1.0,True,work/cases/case_1001/duration_0p0001953125.checkpoint.npz,0f52a9c4dd26fbff3009d3fff82f78a90900d1b1a32596742b8d98100df59229
1002,goryachev,7.0,201,1.4000000000000001,relative_20pct,relative,15.0,0.2,0.25,0.025,polarized,0.8382867701887646,0.0001953125,2855.0001953125,0.8382867701887617,20.64674555518526,2855.0,2,37,0,False,1.0,True,work/cases/case_1002/duration_0p0001953125.checkpoint.npz,497277a87147224fb3f81e805c8dcc1cf68761498898e87fd8aaf4090caef64a
1003,goryachev,7.0,201,1.4000000000000001,relative_20pct,relative,15.0,0.2,0.5,0.05,polarized,0.8382867701889578,0.0001953125,2720.0001953125,0.8382867701887616,20.64674555518536,2720.0,2,34,0,False,1.0,True,work/cases/case_1003/duration_0p0001953125.checkpoint.npz,86634c32a78c85a627ae326fb80226bc03a846c7f1f78c5c88f28781968fc0c5
1004,goryachev,7.0,201,1.4000000000000001,relative_20pct,relative,15.0,0.2,1.0,0.1,polarized,0.8382867701889063,0.0001953125,2590.0001953125,0.8382867701887619,20.64674555518499,2590.0,2,37,0,False,1.0,True,work/cases/case_1004/duration_0p0001953125.checkpoint.npz,a0e9ca208a54223e7e5fd9e8fbf79a6fda86628bf74cf2f77db702baef18402c
1005,goryachev,7.0,201,1.4000000000000001,relative_20pct,relative,15.0,0.2,2.0,0.2,polarized,0.8382867701887939,0.0001953125,2450.0001953125,0.838286770188762,20.64674555518531,2450.0,2,36,0,False,1.0,True,work/cases/case_1005/duration_0p0001953125.checkpoint.npz,42af0dea8232f0afb881f569725c71483de0c56e0cd44767b962a39f6f9f27c9
1006,goryachev,7.0,201,1.4000000000000001,relative_20pct,relative,15.0,0.2,4.0,0.4,polarized,0.8382867701888916,0.0001953125,2315.0001953125,0.838286770188762,20.64674555518554,2315.0,2,34,0,False,1.0,True,work/cases/case_1006/duration_0p0001953125.checkpoint.npz,862be475d13fb27446082cb204b41382e411fa9af8a3aecf5503edfbe08799cb
1007,goryachev,7.0,201,1.4000000000000001,relative_20pct,relative,15.0,0.2,10.0,1.0,polarized,0.8382867701887623,0.0001953125,2135.0001953125,0.8382867701887619,20.646745555185205,2135.0,2,38,0,False,1.0,True,work/cases/case_1007/duration_0p0001953125.checkpoint.npz,8b56ac7268f5ebb15dd307c0eee57955e3afb99a8cdd099baf8c53ef3f84d689
1008,goryachev,9.0,201,1.5,fixed_10pct,physical,15.0,0.1,0.1,0.010000000000000002,polarized,0.8760306302039087,0.0001953125,2935.0001953125,0.8760306302039074,27.75929289188393,2935.0,2,36,0,False,1.0,True,work/cases/case_1008/duration_0p0001953125.checkpoint.npz,a7d7f04340a9e141256edebecefbf41caefaecb20a7ff1982e3b3e1cd4badf7f
1009,goryachev,9.0,201,1.5,fixed_10pct,physical,15.0,0.1,0.25,0.025,polarized,0.8760306302039084,0.0001953125,2765.0001953125,0.8760306302039071,27.75929289188414,2765.0,2,36,0,False,1.0,True,work/cases/case_1009/duration_0p0001953125.checkpoint.npz,5a22966dde01e097e927cf2e6858de5268280d95c8434ca42e0882eb156a6ca7
1010,goryachev,9.0,201,1.5,fixed_10pct,physical,15.0,0.1,0.5,0.05,polarized,0.8760306302039113,0.0001953125,2635.0001953125,0.8760306302039081,27.759292891884613,2635.0,2,38,0,False,1.0,True,work/cases/case_1010/duration_0p0001953125.checkpoint.npz,97ce58597dee6ab0f459bb180fe969d665d25409332519850e2fa696e0d5ea5f
1011,goryachev,9.0,201,1.5,fixed_10pct,physical,15.0,0.1,1.0,0.1,polarized,0.8760306302039158,0.0001953125,2500.0001953125,0.8760306302039079,27.75929289188347,2500.0,2,35,0,False,1.0,True,work/cases/case_1011/duration_0p0001953125.checkpoint.npz,ac32b9e7f477238c3d2b2573c5753c55129ab154ab6891960c1fb842aa556e8b
1012,goryachev,9.0,201,1.5,fixed_10pct,physical,15.0,0.1,2.0,0.2,polarized,0.8760306302039145,0.0001953125,2370.0001953125,0.8760306302039074,27.759292891884062,2370.0,2,36,0,False,1.0,True,work/cases/case_1012/duration_0p0001953125.checkpoint.npz,31bf957c5056278ea7e33aa752ddf43352a92e549e58599fca658a84c6bee4ca
1013,goryachev,9.0,201,1.5,fixed_10pct,physical,15.0,0.1,4.0,0.4,polarized,0.8760306302039343,0.0001953125,2235.0001953125,0.8760306302039076,27.759292891883597,2235.0,2,34,0,False,1.0,True,work/cases/case_1013/duration_0p0001953125.checkpoint.npz,09990754663233139fe04c31a74fbe143beb12d6fed748bf64cb6f46eebd4f8c
1014,goryachev,9.0,201,1.5,fixed_10pct,physical,15.0,0.1,10.0,1.0,polarized,0.8760306302039247,0.0001953125,2055.0001953125,0.8760306302039076,27.759292891883387,2055.0,2,36,0,False,1.0,True,work/cases/case_1014/duration_0p0001953125.checkpoint.npz,701ff65f22601d9382d69742484f2c83bf22348d3b0eaa95941366a47451c0b7
1015,goryachev,9.0,201,3.0,fixed_20pct,physical,15.0,0.2,0.1,0.010000000000000002,polarized,0.8760306302039288,0.0001953125,2820.0001953125,0.8760306302039079,27.75929289188476,2820.0,2,36,0,False,1.0,True,work/cases/case_1015/duration_0p0001953125.checkpoint.npz,3d589d44787d0ce5667b1116004e06c1e68614d76b0a7ee075e404bfc87b2ed3
1016,goryachev,9.0,201,3.0,fixed_20pct,physical,15.0,0.2,0.25,0.025,polarized,0.8760306302039156,0.0001953125,2650.0001953125,0.8760306302039071,27.75929289188413,2650.0,2,36,0,False,1.0,True,work/cases/case_1016/duration_0p0001953125.checkpoint.npz,a9d958ae4a6c85091a8d53aade648b91261bd7b21b606a5fe9a4b6bddf24a5c3
1017,goryachev,9.0,201,3.0,fixed_20pct,physical,15.0,0.2,0.5,0.05,polarized,0.8760306302039118,0.0001953125,2520.0001953125,0.8760306302039076,27.759292891884254,2520.0,2,37,0,False,1.0,True,work/cases/case_1017/duration_0p0001953125.checkpoint.npz,f934eb00b076812a73c140970fd0d85bb78ff423e1a14440a4449326843e5f6d
1018,goryachev,9.0,201,3.0,fixed_20pct,physical,15.0,0.2,1.0,0.1,polarized,0.8760306302039154,0.0001953125,2385.0001953125,0.8760306302039073,27.759292891883813,2385.0,2,36,0,False,1.0,True,work/cases/case_1018/duration_0p0001953125.checkpoint.npz,c006a0ff19a82f8b96b9c47c1c3945fab765fe5e0073a9f990885ee8051add23
1019,goryachev,9.0,201,3.0,fixed_20pct,physical,15.0,0.2,2.0,0.2,polarized,0.8760306302039237,0.0001953125,2255.0001953125,0.8760306302039071,27.75929289188419,2255.0,2,35,0,False,1.0,True,work/cases/case_1019/duration_0p0001953125.checkpoint.npz,979232254634b06fa1f3d1375c0849e3a1acdbbca32b789b731085eba804576a
1020,goryachev,9.0,201,3.0,fixed_20pct,physical,15.0,0.2,4.0,0.4,polarized,0.8760306302039254,0.0001953125,2120.0001953125,0.8760306302039076,27.75929289188376,2120.0,2,38,0,False,1.0,True,work/cases/case_1020/duration_0p0001953125.checkpoint.npz,8d72d8feebc51a88190ac0fb368abc774d3ac276df9a18f12c561b0dedb5f13e
1021,goryachev,9.0,201,3.0,fixed_20pct,physical,15.0,0.2,10.0,1.0,polarized,0.8760306302039774,0.0001953125,1940.0001953125,0.8760306302039075,27.75929289188311,1940.0,2,37,0,False,1.0,True,work/cases/case_1021/duration_0p0001953125.checkpoint.npz,fb5bed724fe3fb5a78eeef6b9c456d1a18a6e024cf1f3e3509cb456626877f89
1022,goryachev,9.0,201,1.8,relative_20pct,relative,15.0,0.2,0.1,0.010000000000000002,polarized,0.876030630203914,0.0001953125,2905.0001953125,0.8760306302038915,27.759292891789443,2905.0,2,38,0,False,1.0,True,work/cases/case_1022/duration_0p0001953125.checkpoint.npz,8200303bebc2e0017306d2ab06aec3209ad5bc4335abd684b17ef20d116c64c7
1023,goryachev,9.0,201,1.8,relative_20pct,relative,15.0,0.2,0.25,0.025,polarized,0.8760306302039083,0.0001953125,2730.0001953125,0.8760306302039076,27.759292891883092,2730.0,2,35,0,False,1.0,True,work/cases/case_1023/duration_0p0001953125.checkpoint.npz,e216ba3133a6efe51f6f382348c1a9b3e2be47964b87b827e27b254f30de46f6
1024,goryachev,9.0,201,1.8,relative_20pct,relative,15.0,0.2,0.5,0.05,polarized,0.876030630203927,0.0001953125,2600.0001953125,0.8760306302039081,27.75929289188353,2600.0,2,37,0,False,1.0,True,work/cases/case_1024/duration_0p0001953125.checkpoint.npz,cdf98646ac7e224758c719e402dc13af5e23ca0237e8a98546eb197cdf3b4b8d
1025,goryachev,9.0,201,1.8,relative_20pct,relative,15.0,0.2,1.0,0.1,polarized,0.8760306302039329,0.0001953125,2470.0001953125,0.8760306302038692,27.7592928916611,2470.0,2,38,0,False,1.0,True,work/cases/case_1025/duration_0p0001953125.checkpoint.npz,7fbe41fd80f5f20176c80f8b2e4e7a04f6b6b724de08e33960d30534e5614610
1026,goryachev,9.0,201,1.8,relative_20pct,relative,15.0,0.2,2.0,0.2,polarized,0.8760306302039104,0.0001953125,2335.0001953125,0.8760306302039077,27.759292891883575,2335.0,2,36,0,False,1.0,True,work/cases/case_1026/duration_0p0001953125.checkpoint.npz,95d5f1315745aa2102c7cd26dbdc28d667071c3c9d6691ab12109ab5073df94b
1027,goryachev,9.0,201,1.8,relative_20pct,relative,15.0,0.2,4.0,0.4,polarized,0.8760306302039081,0.0001953125,2200.0001953125,0.8760306302039074,27.75929289188393,2200.0,2,36,0,False,1.0,True,work/cases/case_1027/duration_0p0001953125.checkpoint.npz,b7b5898205231bec10c2986b49d4f9cd13d7c390484ac11c83e9af44fc3ccb96
1028,goryachev,9.0,201,1.8,relative_20pct,relative,15.0,0.2,10.0,1.0,polarized,0.8760306302039472,0.0001953125,2020.0001953125,0.8760306302039075,27.759292891884066,2020.0,2,35,0,False,1.0,True,work/cases/case_1028/duration_0p0001953125.checkpoint.npz,9cd8f20ef445f2c819c5cc577540e04fc3b0b3c30197c1d2140e7244fb578527
1029,goryachev,11.0,201,1.5,fixed_10pct,physical,15.0,0.1,0.1,0.010000000000000002,polarized,0.8993041375540921,0.0001953125,2895.0001953125,0.899304137553957,34.77583042238296,2895.0,2,37,0,False,1.0,True,work/cases/case_1029/duration_0p0001953125.checkpoint.npz,4c0370e34abfb8e15c022070e1537e9c710eb1661f148d92e09b82c725d3900d
1030,goryachev,11.0,201,1.5,fixed_10pct,physical,15.0,0.1,0.25,0.025,polarized,0.89930413755399,0.0001953125,2725.0001953125,0.8993041375539574,34.775830422382725,2725.0,2,37,0,False,1.0,True,work/cases/case_1030/duration_0p0001953125.checkpoint.npz,e3d0f49d8e657c3e7b2ab35d2a2b4029b2576a533c6343f4b36762aa9183ef56
1031,goryachev,11.0,201,1.5,fixed_10pct,physical,15.0,0.1,0.5,0.05,polarized,0.8993041375540154,0.0001953125,2595.0001953125,0.8993041375539573,34.77583042238306,2595.0,2,37,0,False,1.0,True,work/cases/case_1031/duration_0p0001953125.checkpoint.npz,59140562480c496d61eab465afb221db87200e7a22b98faa99fc85fc586c5ac9
1032,goryachev,11.0,201,1.5,fixed_10pct,physical,15.0,0.1,1.0,0.1,polarized,0.8993041375539593,0.0001953125,2465.0001953125,0.8993041375539573,34.775830422383294,2465.0,2,37,0,False,1.0,True,work/cases/case_1032/duration_0p0001953125.checkpoint.npz,ce3ca64026cbf6676f2b32270b975e4fccc82a1d59aa8a8471f30fa19dec69e6
1033,goryachev,11.0,201,1.5,fixed_10pct,physical,15.0,0.1,2.0,0.2,polarized,0.8993041375540296,0.0001953125,2330.0001953125,0.8993041375539571,34.77583042238284,2330.0,2,38,0,False,1.0,True,work/cases/case_1033/duration_0p0001953125.checkpoint.npz,edc30cd10150e7da83df77f40d133c0eedcf048a736c8ac744b402e40123d48f
1034,goryachev,11.0,201,1.5,fixed_10pct,physical,15.0,0.1,4.0,0.4,polarized,0.899304137554031,0.0001953125,2200.0001953125,0.8993041375539569,34.77583042238296,2200.0,2,37,0,False,1.0,True,work/cases/case_1034/duration_0p0001953125.checkpoint.npz,f443a37095e716bd7091c0a7dba80040f9b8a8081c7a792aa5bab4fb4d81675a
1035,goryachev,11.0,201,1.5,fixed_10pct,physical,15.0,0.1,10.0,1.0,polarized,0.8993041375540227,0.0001953125,2020.0001953125,0.899304137553957,34.77583042238245,2020.0,2,35,0,False,1.0,True,work/cases/case_1035/duration_0p0001953125.checkpoint.npz,bf44e4b55fbb8d3b26954603880408ecc6e403bbf7c14e9550a40adba26a14b8
1036,goryachev,11.0,201,3.0,fixed_20pct,physical,15.0,0.2,0.1,0.010000000000000002,polarized,0.8993041375539602,0.0001953125,2780.0001953125,0.8993041375539572,34.77583042238259,2780.0,2,37,0,False,1.0,True,work/cases/case_1036/duration_0p0001953125.checkpoint.npz,6243707cce0812d90e2190e2b6f917216b5c2e84b681a441320d9dfd89d7d36f
1037,goryachev,11.0,201,3.0,fixed_20pct,physical,15.0,0.2,0.25,0.025,polarized,0.8993041375540378,0.0001953125,2610.0001953125,0.8993041375539571,34.77583042238322,2610.0,2,37,0,False,1.0,True,work/cases/case_1037/duration_0p0001953125.checkpoint.npz,7fdd6c6c864ba391e77c37fb88b3f22abc97f8c21e30f00de094c801d44a3bd7
1038,goryachev,11.0,201,3.0,fixed_20pct,physical,15.0,0.2,0.5,0.05,polarized,0.899304137553958,0.0001953125,2480.0001953125,0.8993041375539572,34.77583042238294,2480.0,2,37,0,False,1.0,True,work/cases/case_1038/duration_0p0001953125.checkpoint.npz,5503aa2f86f8319115b7a97a7d642a0fb86b02fa9bdf3670786a3e8dd4e3cbb8
1039,goryachev,11.0,201,3.0,fixed_20pct,physical,15.0,0.2,1.0,0.1,polarized,0.8993041375540378,0.0001953125,2350.0001953125,0.8993041375539574,34.77583042238304,2350.0,2,36,0,False,1.0,True,work/cases/case_1039/duration_0p0001953125.checkpoint.npz,b193287f192d0516679038bc1a0aea8b0cb970fa716057b530c9f1e14b3b732f
1040,goryachev,11.0,201,3.0,fixed_20pct,physical,15.0,0.2,2.0,0.2,polarized,0.8993041375539725,0.0001953125,2215.0001953125,0.8993041375539581,34.775830422394854,2215.0,2,32,0,False,1.0,True,work/cases/case_1040/duration_0p0001953125.checkpoint.npz,cc36776c487241c3645724d08e9bd941dd1e02b0fca67c07d728089e0e7cc08f
1041,goryachev,11.0,201,3.0,fixed_20pct,physical,15.0,0.2,4.0,0.4,polarized,0.8993041375539591,0.0001953125,2080.0001953125,0.8993041375539574,34.77583042238306,2080.0,2,38,0,False,1.0,True,work/cases/case_1041/duration_0p0001953125.checkpoint.npz,650515758644a1445c00b258fe66f1c9a70b2649d05d03bcbfd02a9fb05e1367
1042,goryachev,11.0,201,3.0,fixed_20pct,physical,15.0,0.2,10.0,1.0,polarized,0.8993041375539877,0.0001953125,1905.0001953125,0.8993041375539569,34.77583042238246,1905.0,2,37,0,False,1.0,True,work/cases/case_1042/duration_0p0001953125.checkpoint.npz,3e6f7743915fbb9b0ef949516999e26668efcd82a35dbffd203ab4417cf8f6ae
1043,goryachev,11.0,201,2.2,relative_20pct,relative,15.0,0.2,0.1,0.010000000000000002,polarized,0.8993041375539579,0.0001953125,2830.0001953125,0.899304137553955,34.77583042235436,2830.0,2,37,0,False,1.0,True,work/cases/case_1043/duration_0p0001953125.checkpoint.npz,fb8d4fbdfaffddeae072fc41b30c5c813b6203f7056d5701138e8480d98c1276
1044,goryachev,11.0,201,2.2,relative_20pct,relative,15.0,0.2,0.25,0.025,polarized,0.8993041375539579,0.0001953125,2660.0001953125,0.8993041375539577,34.77583042238274,2660.0,2,38,0,False,1.0,True,work/cases/case_1044/duration_0p0001953125.checkpoint.npz,840635243305199bc64d45d49118c45afd618a4ba1994d69194b87d33b4df62d
1045,goryachev,11.0,201,2.2,relative_20pct,relative,15.0,0.2,0.5,0.05,polarized,0.8993041375539983,0.0001953125,2530.0001953125,0.8993041375539572,34.77583042238288,2530.0,2,36,0,False,1.0,True,work/cases/case_1045/duration_0p0001953125.checkpoint.npz,5f1bd0721c911545b789fa6b4124740b204a2f321c6557cf8f155f5cde55559d
1046,goryachev,11.0,201,2.2,relative_20pct,relative,15.0,0.2,1.0,0.1,polarized,0.8993041375540772,0.0001953125,2395.0001953125,0.8993041375539574,34.77583042238271,2395.0,2,37,0,False,1.0,True,work/cases/case_1046/duration_0p0001953125.checkpoint.npz,f4ee60388adfb48bfc00b71a3764998d4f9b9803f526b7bdcb05ba70c58f2576
1047,goryachev,11.0,201,2.2,relative_20pct,relative,15.0,0.2,2.0,0.2,polarized,0.8993041375540843,0.0001953125,2265.0001953125,0.8993041375539522,34.775830422314726,2265.0,2,37,0,False,1.0,True,work/cases/case_1047/duration_0p0001953125.checkpoint.npz,e99b0ad01249259ceaf5bcfe149c331f075de2def3dcd6a6a2d584fe9f97829d
1048,goryachev,11.0,201,2.2,relative_20pct,relative,15.0,0.2,4.0,0.4,polarized,0.8993041375539692,0.0001953125,2130.0001953125,0.8993041375539573,34.77583042239165,2130.0,2,37,0,False,1.0,True,work/cases/case_1048/duration_0p0001953125.checkpoint.npz,f8e57b2d1b46cd4eb9a4507c296166477075dbc983a0dee16840680be46161da
1049,goryachev,11.0,201,2.2,relative_20pct,relative,15.0,0.2,10.0,1.0,polarized,0.899304137553959,0.0001953125,1955.0001953125,0.899304137553957,34.775830422382356,1955.0,2,37,0,False,1.0,True,work/cases/case_1049/duration_0p0001953125.checkpoint.npz,9369505a0ddd549441d8170505e15d84dd40f05e85d9d04f535a0708ff27d11b
1050,goryachev,12.0,201,1.5,fixed_10pct,physical,15.0,0.1,0.1,0.010000000000000002,polarized,0.9078850474429448,0.0001953125,2885.0001953125,0.9078850474429272,38.24553221133115,2885.0,2,37,0,False,1.0,True,work/cases/case_1050/duration_0p0001953125.checkpoint.npz,20e5c94cf2f5970296473870ed83d9ae2a86f82b192be3e5d178f50a41bec541
1051,goryachev,12.0,201,1.5,fixed_10pct,physical,15.0,0.1,0.25,0.025,polarized,0.9078850474429808,0.0001953125,2710.0001953125,0.9078850474429044,38.24553221080316,2710.0,2,38,0,False,1.0,True,work/cases/case_1051/duration_0p0001953125.checkpoint.npz,81e9b8f04f8374a9dd80c082d6b1c4b398f84755e6ab900b9bed526b5f17ad2c
1052,goryachev,12.0,201,1.5,fixed_10pct,physical,15.0,0.1,0.5,0.05,polarized,0.9078850474429752,0.0001953125,2580.0001953125,0.9078850474429266,38.24553221134353,2580.0,2,37,0,False,1.0,True,work/cases/case_1052/duration_0p0001953125.checkpoint.npz,a06d1e6fff37f06ea39d74ff23c33ffb6cbb9ad85164045db5fe411f4299f4c5
1053,goryachev,12.0,201,1.5,fixed_10pct,physical,15.0,0.1,1.0,0.1,polarized,0.9078850474429815,0.0001953125,2450.0001953125,0.9078850474429273,38.245532211343765,2450.0,2,36,0,False,1.0,True,work/cases/case_1053/duration_0p0001953125.checkpoint.npz,855be8d2ff437ff3ec38d7e74e0acf127403f57b02194cbe68ba899b8b738aec
1054,goryachev,12.0,201,1.5,fixed_10pct,physical,15.0,0.1,2.0,0.2,polarized,0.907885047442974,0.0001953125,2320.0001953125,0.9078850474429273,38.24553221134379,2320.0,2,37,0,False,1.0,True,work/cases/case_1054/duration_0p0001953125.checkpoint.npz,97083aff2f1eaa6e63a060dfdc0c4b104a126399323a18b0deac57048e5619c6
1055,goryachev,12.0,201,1.5,fixed_10pct,physical,15.0,0.1,4.0,0.4,polarized,0.9078850474429289,0.0001953125,2190.0001953125,0.9078850474429279,38.24553221134383,2190.0,2,38,0,False,1.0,True,work/cases/case_1055/duration_0p0001953125.checkpoint.npz,22227d9fdbbc491796c7953c06b8ea213fcd7246ae714b7068644093ceac7236
1056,goryachev,12.0,201,1.5,fixed_10pct,physical,15.0,0.1,10.0,1.0,polarized,0.9078850474429446,0.0001953125,2010.0001953125,0.9078850474429265,38.24553221134354,2010.0,2,35,0,False,1.0,True,work/cases/case_1056/duration_0p0001953125.checkpoint.npz,0550644b8d1af495136d6663b70357ddbce49ffdb100f59668e0eb3792b6ca03
1057,goryachev,12.0,201,3.0,fixed_20pct,physical,15.0,0.2,0.1,0.010000000000000002,polarized,0.9078850474429668,0.0001953125,2765.0001953125,0.9078850474429269,38.24553221134329,2765.0,2,37,0,False,1.0,True,work/cases/case_1057/duration_0p0001953125.checkpoint.npz,1b62afced9f451c9f54aa0aacfe47c8b57421ea5eeb2b94b89bc7714dedcb133
1058,goryachev,12.0,201,3.0,fixed_20pct,physical,15.0,0.2,0.25,0.025,polarized,0.9078850474429673,0.0001953125,2595.0001953125,0.9078850474428476,38.24553220944194,2595.0,2,37,0,False,1.0,True,work/cases/case_1058/duration_0p0001953125.checkpoint.npz,945c60c112e9d29a18be66aa08169e5cb8da259138f8d5ecad07170da18b472b
1059,goryachev,12.0,201,3.0,fixed_20pct,physical,15.0,0.2,0.5,0.05,polarized,0.907885047442977,0.0001953125,2465.0001953125,0.9078850474429276,38.2455322113441,2465.0,2,38,0,False,1.0,True,work/cases/case_1059/duration_0p0001953125.checkpoint.npz,dfed5497eee008b98d7da1cff9e762319c76d104443b2ca2bcb1abcb6ee3962f
1060,goryachev,12.0,201,3.0,fixed_20pct,physical,15.0,0.2,1.0,0.1,polarized,0.9078850474429634,0.0001953125,2335.0001953125,0.9078850474429273,38.245532211343395,2335.0,2,38,0,False,1.0,True,work/cases/case_1060/duration_0p0001953125.checkpoint.npz,4a6068d266c57d74300d9ef2e4fd880734c03474e068eb77f755782b6dfcdc71
1061,goryachev,12.0,201,3.0,fixed_20pct,physical,15.0,0.2,2.0,0.2,polarized,0.9078850474429632,0.0001953125,2205.0001953125,0.907885047442927,38.24553221134323,2205.0,2,36,0,False,1.0,True,work/cases/case_1061/duration_0p0001953125.checkpoint.npz,1eff56ba2281c5b4bd8b6ec6b3f4c7751861a08b202a14bfdccd7cbaedaf162d
1062,goryachev,12.0,201,3.0,fixed_20pct,physical,15.0,0.2,4.0,0.4,polarized,0.907885047442983,0.0001953125,2070.0001953125,0.9078850474429266,38.24553221134353,2070.0,2,37,0,False,1.0,True,work/cases/case_1062/duration_0p0001953125.checkpoint.npz,0113aa5c26e75a1b251060e5f419d875c9abaa4339907576b46385d74de6d61c
1063,goryachev,12.0,201,3.0,fixed_20pct,physical,15.0,0.2,10.0,1.0,polarized,0.9078850474429818,0.0001953125,1895.0001953125,0.9078850474428775,38.24553221016228,1895.0,2,38,0,False,1.0,True,work/cases/case_1063/duration_0p0001953125.checkpoint.npz,c328884522a7ebbf903ea75c19f39b4b01a85a1b91d3cdb5e99733016fd32fee
1064,goryachev,12.0,201,2.4000000000000004,relative_20pct,relative,15.0,0.2,0.1,0.010000000000000002,polarized,0.9078850474429766,0.0001953125,2805.0001953125,0.9078850474429275,38.24553221134382,2805.0,2,37,0,False,1.0,True,work/cases/case_1064/duration_0p0001953125.checkpoint.npz,e7f9cc5b2051032118b977231e206e51d5b3f1c1e1646068c2da231d43a71b5f
1065,goryachev,12.0,201,2.4000000000000004,relative_20pct,relative,15.0,0.2,0.25,0.025,polarized,0.9078850474429352,0.0001953125,2630.0001953125,0.9078850474429273,38.24553221134202,2630.0,2,36,0,False,1.0,True,work/cases/case_1065/duration_0p0001953125.checkpoint.npz,d823273e95417305199bf80b171cbe44a0d16e8a83ca0b54c1a4b4f636829bc3
1066,goryachev,12.0,201,2.4000000000000004,relative_20pct,relative,15.0,0.2,0.5,0.05,polarized,0.9078850474429625,0.0001953125,2500.0001953125,0.9078850474429273,38.24553221134376,2500.0,2,35,0,False,1.0,True,work/cases/case_1066/duration_0p0001953125.checkpoint.npz,7ae4ad258dfdd0bec1f1932ba5553354ba37ed5296550339e97b6f3a627e293e
1067,goryachev,12.0,201,2.4000000000000004,relative_20pct,relative,15.0,0.2,1.0,0.1,polarized,0.9078850474429733,0.0001953125,2370.0001953125,0.9078850474429269,38.24553221134146,2370.0,2,37,0,False,1.0,True,work/cases/case_1067/duration_0p0001953125.checkpoint.npz,fc1f96db473c448f84d8366bd3c88dc8c3fa36c6c3986e60d67b9b908abb1c18
1068,goryachev,12.0,201,2.4000000000000004,relative_20pct,relative,15.0,0.2,2.0,0.2,polarized,0.9078850474429815,0.0001953125,2240.0001953125,0.9078850474429815,38.245532212610776,2240.0,2,36,0,False,1.0,True,work/cases/case_1068/duration_0p0001953125.checkpoint.npz,765a0e0aa47036cacd8dbd431daa1cea51d9662c60d6abc3f0e86395627b4349
1069,goryachev,12.0,201,2.4000000000000004,relative_20pct,relative,15.0,0.2,4.0,0.4,polarized,0.9078850474429512,0.0001953125,2105.0001953125,0.9078850474429289,38.24553221137815,2105.0,2,36,0,False,1.0,True,work/cases/case_1069/duration_0p0001953125.checkpoint.npz,64e5e6f0328b535ac124c0725ef5ab36507795355efc8ca3181c5d0fa581cef3
1070,goryachev,12.0,201,2.4000000000000004,relative_20pct,relative,15.0,0.2,10.0,1.0,polarized,0.9078850474429907,0.0001953125,1930.0001953125,0.9078850474429273,38.24553221134276,1930.0,2,37,0,False,1.0,True,work/cases/case_1070/duration_0p0001953125.checkpoint.npz,700a8330f38c3f73cf9b8dda693fe7374e6bacbbe6c4bdd77866f24350fe6d88
1071,goryachev,13.0,201,1.5,fixed_10pct,physical,15.0,0.1,0.1,0.010000000000000002,polarized,0.9150822133627388,0.0001953125,2875.0001953125,0.9150822133627327,41.68764503959064,2875.0,2,35,0,False,1.0,True,work/cases/case_1071/duration_0p0001953125.checkpoint.npz,6b23cc8b16c4f920749594787fe65da899dc22b1f341b7866b0ab9d26d158bc2
1072,goryachev,13.0,201,1.5,fixed_10pct,physical,15.0,0.1,0.25,0.025,polarized,0.9150822133627584,0.0001953125,2705.0001953125,0.9150822133627268,41.68764503932237,2705.0,2,36,0,False,1.0,True,work/cases/case_1072/duration_0p0001953125.checkpoint.npz,ac21971d34f351266ed93c0c5ec97f3982a4ba88ad3d8ab691b8142c3bea38a9
1073,goryachev,13.0,201,1.5,fixed_10pct,physical,15.0,0.1,0.5,0.05,polarized,0.9150822133627717,0.0001953125,2575.0001953125,0.9150822133627187,41.68764503895763,2575.0,2,35,0,False,1.0,True,work/cases/case_1073/duration_0p0001953125.checkpoint.npz,073db0aca40dad012092eae39c68e2cd11d43bad16439505ff1786fc41855691
1074,goryachev,13.0,201,1.5,fixed_10pct,physical,15.0,0.1,1.0,0.1,polarized,0.9150822133627365,0.0001953125,2445.0001953125,0.9150822133627221,41.687645039142424,2445.0,2,37,0,False,1.0,True,work/cases/case_1074/duration_0p0001953125.checkpoint.npz,b912188bee640687664ca0bc500acd5424836a017c33a8bff78812a7cd021fc3
1075,goryachev,13.0,201,1.5,fixed_10pct,physical,15.0,0.1,2.0,0.2,polarized,0.9150822133627577,0.0001953125,2310.0001953125,0.9150822133627283,41.6876450394023,2310.0,2,34,0,False,1.0,True,work/cases/case_1075/duration_0p0001953125.checkpoint.npz,639b4bbb8666f6f7684b356cd0926ab53b243b70f1dadfa613c1219bafb89cfc
1076,goryachev,13.0,201,1.5,fixed_10pct,physical,15.0,0.1,4.0,0.4,polarized,0.9150822133627555,0.0001953125,2180.0001953125,0.9150822133627292,41.68764503947799,2180.0,2,38,0,False,1.0,True,work/cases/case_1076/duration_0p0001953125.checkpoint.npz,870829cb9f08017dd9c073607939a769bb747345ba46d08b2c6fd64818a085de
1077,goryachev,13.0,201,1.5,fixed_10pct,physical,15.0,0.1,10.0,1.0,polarized,0.9150822133627425,0.0001953125,2005.0001953125,0.9150822133627285,41.68764503944951,2005.0,2,36,0,False,1.0,True,work/cases/case_1077/duration_0p0001953125.checkpoint.npz,5efbf4634fef7b9524f587c9e7a9194349a2414855d5b4feff80dda4751fd59b
1078,goryachev,13.0,201,3.0,fixed_20pct,physical,15.0,0.2,0.1,0.010000000000000002,polarized,0.915082213362754,0.0001953125,2760.0001953125,0.915082213362728,41.68764503940272,2760.0,2,38,0,False,1.0,True,work/cases/case_1078/duration_0p0001953125.checkpoint.npz,853b2d203f62bdc245abdd271ffa174e1cb21c982be91d30c77c226759995a49
1079,goryachev,13.0,201,3.0,fixed_20pct,physical,15.0,0.2,0.25,0.025,polarized,0.9150822133627458,0.0001953125,2585.0001953125,0.9150822133627243,41.68764503924337,2585.0,2,38,0,False,1.0,True,work/cases/case_1079/duration_0p0001953125.checkpoint.npz,fee4878c8686c5203da98efb0486db791e06cca1981261160131aeef9c3f6b2b
1080,goryachev,13.0,201,3.0,fixed_20pct,physical,15.0,0.2,0.5,0.05,polarized,0.915082213362735,0.0001953125,2460.0001953125,0.9150822133627302,41.687645039520234,2460.0,2,38,0,False,1.0,True,work/cases/case_1080/duration_0p0001953125.checkpoint.npz,11e15538a3bd968e2f42f99c7fe4f739ba16ce7e898a7612605f510901fabe88
1081,goryachev,13.0,201,3.0,fixed_20pct,physical,15.0,0.2,1.0,0.1,polarized,0.9150822133627339,0.0001953125,2325.0001953125,0.9150822133627023,41.687645038234976,2325.0,2,37,0,False,1.0,True,work/cases/case_1081/duration_0p0001953125.checkpoint.npz,c9c2aacad2a2fa6b7aec8d8736205e337a5cb1abcaf141bec554795a99b1ad82
1082,goryachev,13.0,201,3.0,fixed_20pct,physical,15.0,0.2,2.0,0.2,polarized,0.9150822133627575,0.0001953125,2195.0001953125,0.9150822133627278,41.68764503940217,2195.0,2,37,0,False,1.0,True,work/cases/case_1082/duration_0p0001953125.checkpoint.npz,cf8b407a1678ba23126ba8974360c05c47b9ef6f89dac6085b4f8e5ba965d6c1
1083,goryachev,13.0,201,3.0,fixed_20pct,physical,15.0,0.2,4.0,0.4,polarized,0.9150822133627793,0.0001953125,2060.0001953125,0.9150822133627282,41.68764503941394,2060.0,2,36,0,False,1.0,True,work/cases/case_1083/duration_0p0001953125.checkpoint.npz,2964e8b00e972a4f696ebfc1186c6dadca4da994fb46d10cda2f4af2ff22b9fc
1084,goryachev,13.0,201,3.0,fixed_20pct,physical,15.0,0.2,10.0,1.0,polarized,0.9150822133627493,0.0001953125,1885.0001953125,0.9150822133627282,41.6876450394011,1885.0,2,36,0,False,1.0,True,work/cases/case_1084/duration_0p0001953125.checkpoint.npz,c72380d7b32ef8308afcc4a0f9229011dc60f5d29d7c69e2192a43c2f9263c03
1085,goryachev,13.0,201,2.6,relative_20pct,relative,15.0,0.2,0.1,0.010000000000000002,polarized,0.9150822133627521,0.0001953125,2780.0001953125,0.9150822133627142,41.68764503880555,2780.0,2,38,0,False,1.0,True,work/cases/case_1085/duration_0p0001953125.checkpoint.npz,161e2db7fb308e8fe8b75456d9039542fde6e63d237520ed32695928e81ad074
1086,goryachev,13.0,201,2.6,relative_20pct,relative,15.0,0.2,0.25,0.025,polarized,0.9150822133627597,0.0001953125,2610.0001953125,0.9150822133627369,41.687645039797836,2610.0,2,33,0,False,1.0,True,work/cases/case_1086/duration_0p0001953125.checkpoint.npz,825d0204bcd976b03bbe10538ff35ea23269f91a32d0725eb1d2aac16be8e07e
1087,goryachev,13.0,201,2.6,relative_20pct,relative,15.0,0.2,0.5,0.05,polarized,0.9150822133627369,0.0001953125,2480.0001953125,0.9150822133627291,41.68764503941225,2480.0,2,38,0,False,1.0,True,work/cases/case_1087/duration_0p0001953125.checkpoint.npz,ae2b568684bbb1dd8299baed3ba07c5836514171edf25795df18a933cf48a12e
1088,goryachev,13.0,201,2.6,relative_20pct,relative,15.0,0.2,1.0,0.1,polarized,0.915082213362737,0.0001953125,2350.0001953125,0.9150822133627284,41.6876450394014,2350.0,2,38,0,False,1.0,True,work/cases/case_1088/duration_0p0001953125.checkpoint.npz,6b6ecaa64bf1fb602e364883c18615bd6da54dea2d713645c211adacc49b52d8
1089,goryachev,13.0,201,2.6,relative_20pct,relative,15.0,0.2,2.0,0.2,polarized,0.9150822133627495,0.0001953125,2215.0001953125,0.9150822133627109,41.68764503863938,2215.0,2,35,0,False,1.0,True,work/cases/case_1089/duration_0p0001953125.checkpoint.npz,9fb8a200fbab52d5515f524d09de5cf5e0c64a84a6c717695e2bb550643c7eb9
1090,goryachev,13.0,201,2.6,relative_20pct,relative,15.0,0.2,4.0,0.4,polarized,0.9150822133627562,0.0001953125,2085.0001953125,0.915082213362721,41.68764503908192,2085.0,2,36,0,False,1.0,True,work/cases/case_1090/duration_0p0001953125.checkpoint.npz,29bdc0ee0d94ab9334c423d160d64fdace0081ab1b03c9dd53d9012978c9b14e
1091,goryachev,13.0,201,2.6,relative_20pct,relative,15.0,0.2,10.0,1.0,polarized,0.9150822133627556,0.0001953125,1910.0001953125,0.9150822133627279,41.687645039402646,1910.0,2,35,0,False,1.0,True,work/cases/case_1091/duration_0p0001953125.checkpoint.npz,4e7d6823ea38ca4a57263f161354bb347f49d20bca20d17f76b4358fe605bfa6
1092,goryachev,15.0,201,1.5,fixed_10pct,physical,15.0,0.1,0.1,0.010000000000000002,polarized,0.9264716871291199,0.0001953125,2865.0001953125,0.9264716871291174,48.483039469382604,2865.0,2,38,0,False,1.0,True,work/cases/case_1092/duration_0p0001953125.checkpoint.npz,699bc70bcc37467ac04798274dcb08481add6e487ede3d53ab9ef2250731b728
1093,goryachev,15.0,201,1.5,fixed_10pct,physical,15.0,0.1,0.25,0.025,polarized,0.9264716871291206,0.0001953125,2695.0001953125,0.9264716871291175,48.48303946937898,2695.0,2,38,0,False,1.0,True,work/cases/case_1093/duration_0p0001953125.checkpoint.npz,5267c60b86de2cc88aa18f22b315f92750723e5c385c6f598be263b8ea25d00c
1094,goryachev,15.0,201,1.5,fixed_10pct,physical,15.0,0.1,0.5,0.05,polarized,0.9264716871291188,0.0001953125,2565.0001953125,0.9264716871291176,48.48303946935802,2565.0,2,35,0,False,1.0,True,work/cases/case_1094/duration_0p0001953125.checkpoint.npz,92c44b87c618c6d237d282e47d96a1d0d418db31c74b8b959861fbc4da78399f
1095,goryachev,15.0,201,1.5,fixed_10pct,physical,15.0,0.1,1.0,0.1,polarized,0.9264716871291218,0.0001953125,2430.0001953125,0.9264716871291192,48.48303946897034,2430.0,2,37,0,False,1.0,True,work/cases/case_1095/duration_0p0001953125.checkpoint.npz,af9e274a236877ab5205c70462636bf1fa34b47e99a158169ac9191db993b226
1096,goryachev,15.0,201,1.5,fixed_10pct,physical,15.0,0.1,2.0,0.2,polarized,0.9264716871291186,0.0001953125,2300.0001953125,0.9264716871291175,48.48303946958624,2300.0,2,37,0,False,1.0,True,work/cases/case_1096/duration_0p0001953125.checkpoint.npz,f13dd8c10a27f77a921d0598c801285097db17d15e6c4b75f2eb7ad3804d7d66
1097,goryachev,15.0,201,1.5,fixed_10pct,physical,15.0,0.1,4.0,0.4,polarized,0.9264716871291181,0.0001953125,2170.0001953125,0.9264716871291167,48.48303946964957,2170.0,2,36,0,False,1.0,True,work/cases/case_1097/duration_0p0001953125.checkpoint.npz,5432838182076bc0c98f58a9d12077c3b6c9b35435c9149a906cf3379361dc8d
1098,goryachev,15.0,201,1.5,fixed_10pct,physical,15.0,0.1,10.0,1.0,polarized,0.9264716871291211,0.0001953125,1995.0001953125,0.9264716871291173,48.48303946950154,1995.0,2,35,0,False,1.0,True,work/cases/case_1098/duration_0p0001953125.checkpoint.npz,bdfe13d341050eb955aa2d3e25663be628e61d5c74478c40780eaf45861f1537
1099,goryachev,15.0,201,3.0,fixed_20pct,physical,15.0,0.2,0.1,0.010000000000000002,polarized,0.9264716871291224,0.0001953125,2745.0001953125,0.9264716871291184,48.48303946934622,2745.0,2,36,0,False,1.0,True,work/cases/case_1099/duration_0p0001953125.checkpoint.npz,bfe637d2dee9c6e8d005f755833fc73e83f599abea1c3cd163bbad886c6b744e
1100,goryachev,15.0,201,3.0,fixed_20pct,physical,15.0,0.2,0.25,0.025,polarized,0.9264716871291185,0.0001953125,2575.0001953125,0.9264716871291169,48.48303946982819,2575.0,2,37,0,False,1.0,True,work/cases/case_1100/duration_0p0001953125.checkpoint.npz,30e749f85c570036b8eb09ea2aaebecc1635c629ce065e572a9bfa44c5d6f0fc
1101,goryachev,15.0,201,3.0,fixed_20pct,physical,15.0,0.2,0.5,0.05,polarized,0.9264716871291189,0.0001953125,2445.0001953125,0.9264716871291175,48.48303946954265,2445.0,2,35,0,False,1.0,True,work/cases/case_1101/duration_0p0001953125.checkpoint.npz,fac4f17f6020884a9fff53e1a1e5c7b4d1462a3c7a5a85fadfc5fcc0adba461c
1102,goryachev,15.0,201,3.0,fixed_20pct,physical,15.0,0.2,1.0,0.1,polarized,0.9264716871291249,0.0001953125,2315.0001953125,0.9264716871291181,48.483039469321525,2315.0,2,35,0,False,1.0,True,work/cases/case_1102/duration_0p0001953125.checkpoint.npz,9983244cd48213bee44ea836ead3253ed8a402392a9be6462265cff96c25196a
1103,goryachev,15.0,201,3.0,fixed_20pct,physical,15.0,0.2,2.0,0.2,polarized,0.9264716871291272,0.0001953125,2185.0001953125,0.9264716871291173,48.48303946977318,2185.0,2,38,0,False,1.0,True,work/cases/case_1103/duration_0p0001953125.checkpoint.npz,96d354b1300e93f2f5550d2eeb31b116fa1fe00cd47febd6797259ee4d0f03dd
1104,goryachev,15.0,201,3.0,fixed_20pct,physical,15.0,0.2,4.0,0.4,polarized,0.926471687129119,0.0001953125,2050.0001953125,0.9264716871291174,48.483039469687284,2050.0,2,37,0,False,1.0,True,work/cases/case_1104/duration_0p0001953125.checkpoint.npz,5f9cf53154bdacc03f47908735e4e6566fde26eab956be76d3696d90cb4664e3
1105,goryachev,15.0,201,3.0,fixed_20pct,physical,15.0,0.2,10.0,1.0,polarized,0.9264716871291242,0.0001953125,1875.0001953125,0.9264716871291175,48.48303946950783,1875.0,2,33,0,False,1.0,True,work/cases/case_1105/duration_0p0001953125.checkpoint.npz,127af1d6d631b932e670e6cf478746557e1ae4b270d56aa9b5eaf5c18d4b750e
1106,goryachev,15.0,201,3.0,relative_20pct,relative,15.0,0.2,0.1,0.010000000000000002,polarized,0.9264716871291224,0.0001953125,2745.0001953125,0.9264716871291184,48.48303946934622,2745.0,2,36,0,False,1.0,True,work/cases/case_1106/duration_0p0001953125.checkpoint.npz,bfe637d2dee9c6e8d005f755833fc73e83f599abea1c3cd163bbad886c6b744e
1107,goryachev,15.0,201,3.0,relative_20pct,relative,15.0,0.2,0.25,0.025,polarized,0.9264716871291185,0.0001953125,2575.0001953125,0.9264716871291169,48.48303946982819,2575.0,2,37,0,False,1.0,True,work/cases/case_1107/duration_0p0001953125.checkpoint.npz,30e749f85c570036b8eb09ea2aaebecc1635c629ce065e572a9bfa44c5d6f0fc
1108,goryachev,15.0,201,3.0,relative_20pct,relative,15.0,0.2,0.5,0.05,polarized,0.9264716871291189,0.0001953125,2445.0001953125,0.9264716871291175,48.48303946954265,2445.0,2,35,0,False,1.0,True,work/cases/case_1108/duration_0p0001953125.checkpoint.npz,fac4f17f6020884a9fff53e1a1e5c7b4d1462a3c7a5a85fadfc5fcc0adba461c
1109,goryachev,15.0,201,3.0,relative_20pct,relative,15.0,0.2,1.0,0.1,polarized,0.9264716871291249,0.0001953125,2315.0001953125,0.9264716871291181,48.483039469321525,2315.0,2,35,0,False,1.0,True,work/cases/case_1109/duration_0p0001953125.checkpoint.npz,9983244cd48213bee44ea836ead3253ed8a402392a9be6462265cff96c25196a
1110,goryachev,15.0,201,3.0,relative_20pct,relative,15.0,0.2,2.0,0.2,polarized,0.9264716871291272,0.0001953125,2185.0001953125,0.9264716871291173,48.48303946977318,2185.0,2,38,0,False,1.0,True,work/cases/case_1110/duration_0p0001953125.checkpoint.npz,96d354b1300e93f2f5550d2eeb31b116fa1fe00cd47febd6797259ee4d0f03dd
1111,goryachev,15.0,201,3.0,relative_20pct,relative,15.0,0.2,4.0,0.4,polarized,0.926471687129119,0.0001953125,2050.0001953125,0.9264716871291174,48.483039469687284,2050.0,2,37,0,False,1.0,True,work/cases/case_1111/duration_0p0001953125.checkpoint.npz,5f9cf53154bdacc03f47908735e4e6566fde26eab956be76d3696d90cb4664e3
1112,goryachev,15.0,201,3.0,relative_20pct,relative,15.0,0.2,10.0,1.0,polarized,0.9264716871291242,0.0001953125,1875.0001953125,0.9264716871291175,48.48303946950783,1875.0,2,33,0,False,1.0,True,work/cases/case_1112/duration_0p0001953125.checkpoint.npz,127af1d6d631b932e670e6cf478746557e1ae4b270d56aa9b5eaf5c18d4b750e
1113,goryachev,17.0,201,1.5,fixed_10pct,physical,15.0,0.1,0.1,0.010000000000000002,polarized,0.9350691921930252,0.0001953125,2860.0001953125,0.9350691921930037,55.14986779670797,2860.0,2,35,0,False,1.0,True,work/cases/case_1113/duration_0p0001953125.checkpoint.npz,69ec474f3ad57f1dc2b2d0faf417d15f10632e895ed467ee913121e445fd1826
1114,goryachev,17.0,201,1.5,fixed_10pct,physical,15.0,0.1,0.25,0.025,polarized,0.9350691921930177,0.0001953125,2690.0001953125,0.9350691921930012,55.14986779687984,2690.0,2,36,0,False,1.0,True,work/cases/case_1114/duration_0p0001953125.checkpoint.npz,054f259efe1ce68b0332aeef9ad2a3cf97570c93d6503636a1f3ca55c9a80c10
1115,goryachev,17.0,201,1.5,fixed_10pct,physical,15.0,0.1,0.5,0.05,polarized,0.9350691921930091,0.0001953125,2560.0001953125,0.9350691921930038,55.14986779668557,2560.0,2,38,0,False,1.0,True,work/cases/case_1115/duration_0p0001953125.checkpoint.npz,5b053fa7871bac6bc7907307d5da8204fbbe7822bff3ce1bfefa57fed190188e
1116,goryachev,17.0,201,1.5,fixed_10pct,physical,15.0,0.1,1.0,0.1,polarized,0.9350691921930108,0.0001953125,2430.0001953125,0.9350691921930028,55.14986779677435,2430.0,2,37,0,False,1.0,True,work/cases/case_1116/duration_0p0001953125.checkpoint.npz,e95c52173da5727d94dfdc1a4ce773b8ddf0800a56bb12d73dda07e74fce08ab
1117,goryachev,17.0,201,1.5,fixed_10pct,physical,15.0,0.1,2.0,0.2,polarized,0.935069192193012,0.0001953125,2300.0001953125,0.9350691921930085,55.1498677964357,2300.0,2,38,0,False,1.0,True,work/cases/case_1117/duration_0p0001953125.checkpoint.npz,5d9e8b6fe39535e594b5928d5e948257efc9f80d30bd20f27f107e1948354846
1118,goryachev,17.0,201,1.5,fixed_10pct,physical,15.0,0.1,4.0,0.4,polarized,0.9350691921930315,0.0001953125,2165.0001953125,0.9350691921930007,55.14986779690213,2165.0,2,36,0,False,1.0,True,work/cases/case_1118/duration_0p0001953125.checkpoint.npz,643a97070305d92931c7f86f4dbef373a1f242a9d95f2cc7f6c6d38994c00870
1119,goryachev,17.0,201,1.5,fixed_10pct,physical,15.0,0.1,10.0,1.0,polarized,0.9350691921930765,0.0001953125,1990.0001953125,0.9350691921930048,55.14986779662934,1990.0,2,35,0,False,1.0,True,work/cases/case_1119/duration_0p0001953125.checkpoint.npz,0287c181b5990d5f969d98e43ac4945ff0bca3578eee3a9c780c4fd3d05ba267
1120,goryachev,17.0,201,3.0,fixed_20pct,physical,15.0,0.2,0.1,0.010000000000000002,polarized,0.9350691921930078,0.0001953125,2740.0001953125,0.9350691921930052,55.14986779663582,2740.0,2,34,0,False,1.0,True,work/cases/case_1120/duration_0p0001953125.checkpoint.npz,894e4611f63f427a30d0ccdff3fb389653aeb35dc74280f0de5ee0eb069b815d
1121,goryachev,17.0,201,3.0,fixed_20pct,physical,15.0,0.2,0.25,0.025,polarized,0.9350691921930109,0.0001953125,2570.0001953125,0.9350691921930055,55.14986779663447,2570.0,2,35,0,False,1.0,True,work/cases/case_1121/duration_0p0001953125.checkpoint.npz,c720d610e46484e9db182f28e9248d4fa941974a48b1bd4099c16b394d046485
1122,goryachev,17.0,201,3.0,fixed_20pct,physical,15.0,0.2,0.5,0.05,polarized,0.9350691921930117,0.0001953125,2440.0001953125,0.9350691921930089,55.149867796382324,2440.0,2,37,0,False,1.0,True,work/cases/case_1122/duration_0p0001953125.checkpoint.npz,2ec024d28559dbd033c55d78522a622d1f036c82a11459dfaff1ec2aa16f8a5b
1123,goryachev,17.0,201,3.0,fixed_20pct,physical,15.0,0.2,1.0,0.1,polarized,0.935069192193032,0.0001953125,2310.0001953125,0.9350691921930026,55.149867796838386,2310.0,2,37,0,False,1.0,True,work/cases/case_1123/duration_0p0001953125.checkpoint.npz,ded878d736eb368410ed30876a16871f340b21c6d2c80916141c51b33bd78fe7
1124,goryachev,17.0,201,3.0,fixed_20pct,physical,15.0,0.2,2.0,0.2,polarized,0.9350691921930154,0.0001953125,2180.0001953125,0.9350691921930036,55.149867796751295,2180.0,2,37,0,False,1.0,True,work/cases/case_1124/duration_0p0001953125.checkpoint.npz,06eb6cd7daffaa136cb5200354a821d83a3a72c44a519c810563a296dda0a32c
1125,goryachev,17.0,201,3.0,fixed_20pct,physical,15.0,0.2,4.0,0.4,polarized,0.9350691921930427,0.0001953125,2045.0001953125,0.9350691921930026,55.14986779676286,2045.0,2,38,0,False,1.0,True,work/cases/case_1125/duration_0p0001953125.checkpoint.npz,7059345fa523986297cda1468b7130c28e496483e16a67ce9910027eb92b85ea
1126,goryachev,17.0,201,3.0,fixed_20pct,physical,15.0,0.2,10.0,1.0,polarized,0.9350691921930102,0.0001953125,1870.0001953125,0.9350691921930081,55.14986779646068,1870.0,2,35,0,False,1.0,True,work/cases/case_1126/duration_0p0001953125.checkpoint.npz,97eea45a86d04a388ec476eaa5a1a92432eb7b63719b19e9b2f00a7e3f711cc3
1127,goryachev,17.0,201,3.4000000000000004,relative_20pct,relative,15.0,0.2,0.1,0.010000000000000002,polarized,0.9350691921930105,0.0001953125,2720.0001953125,0.9350691921930054,55.14986779665282,2720.0,2,38,0,False,1.0,True,work/cases/case_1127/duration_0p0001953125.checkpoint.npz,4f00b9d6753829d4be213a21b365068c089b382da5a4205ce880fcadeb0bb423
1128,goryachev,17.0,201,3.4000000000000004,relative_20pct,relative,15.0,0.2,0.25,0.025,polarized,0.9350691921930089,0.0001953125,2550.0001953125,0.9350691921930017,55.14986779681731,2550.0,2,36,0,False,1.0,True,work/cases/case_1128/duration_0p0001953125.checkpoint.npz,3efd1b1df72452f77ac988cae3912d67a988471c6f9734db736a3345a89dac2b
1129,goryachev,17.0,201,3.4000000000000004,relative_20pct,relative,15.0,0.2,0.5,0.05,polarized,0.9350691921930141,0.0001953125,2420.0001953125,0.9350691921930063,55.14986779656095,2420.0,2,35,0,False,1.0,True,work/cases/case_1129/duration_0p0001953125.checkpoint.npz,832480ee099b084dccceea590a019968e11ae10744a7ad3b2e3e94c3f5def202
1130,goryachev,17.0,201,3.4000000000000004,relative_20pct,relative,15.0,0.2,1.0,0.1,polarized,0.9350691921930426,0.0001953125,2295.0001953125,0.9350691921930032,55.149867796744594,2295.0,2,35,0,False,1.0,True,work/cases/case_1130/duration_0p0001953125.checkpoint.npz,852655236ce9238cf8e0feafff877e85a2fcc3eaa50ab747263bcba58265e644
1131,goryachev,17.0,201,3.4000000000000004,relative_20pct,relative,15.0,0.2,2.0,0.2,polarized,0.9350691921930093,0.0001953125,2160.0001953125,0.9350691921930036,55.149867796682194,2160.0,2,38,0,False,1.0,True,work/cases/case_1131/duration_0p0001953125.checkpoint.npz,d670dc4a2b4b566a57b92a3f89d460cbed3698e22d428a0d8df8ce8efb5f6f27
1132,goryachev,17.0,201,3.4000000000000004,relative_20pct,relative,15.0,0.2,4.0,0.4,polarized,0.9350691921930118,0.0001953125,2030.0001953125,0.9350691921930046,55.14986779667554,2030.0,2,37,0,False,1.0,True,work/cases/case_1132/duration_0p0001953125.checkpoint.npz,d7e9eeadf93a833d30cc61d54ecd01971b0e6edea7b397bfbe1519b570cd45a5
1133,goryachev,17.0,201,3.4000000000000004,relative_20pct,relative,15.0,0.2,10.0,1.0,polarized,0.9350691921930122,0.0001953125,1855.0001953125,0.935069192193005,55.14986779665981,1855.0,2,34,0,False,1.0,True,work/cases/case_1133/duration_0p0001953125.checkpoint.npz,d9870f3e26dd41e1b18535f50ca06555704d6ca51c94a56d1bfac5b19699c4ca
1134,goryachev,18.0,201,1.5,fixed_10pct,physical,15.0,0.1,0.1,0.010000000000000002,polarized,0.9386200732864377,0.0001953125,2860.0001953125,0.9386200732864325,58.431380499660875,2860.0,2,37,0,False,1.0,True,work/cases/case_1134/duration_0p0001953125.checkpoint.npz,b4169a89a6c41ad3e660d892c814a85b3edf751732ac3d206e4221eca04cc0c5
1135,goryachev,18.0,201,1.5,fixed_10pct,physical,15.0,0.1,0.25,0.025,polarized,0.9386200732864338,0.0001953125,2685.0001953125,0.9386200732864313,58.431380499647844,2685.0,2,36,0,False,1.0,True,work/cases/case_1135/duration_0p0001953125.checkpoint.npz,0a6a559baf3333e58af1fe2ec8fcb6f84af29c2541f320637118dc2ab1f6e62b
1136,goryachev,18.0,201,1.5,fixed_10pct,physical,15.0,0.1,0.5,0.05,polarized,0.9386200732864387,0.0001953125,2560.0001953125,0.9386200732864319,58.431380499655916,2560.0,2,35,0,False,1.0,True,work/cases/case_1136/duration_0p0001953125.checkpoint.npz,aebaa8eb31207c4ae73d5081b8123860b1bf516944024e81b3a372dc8d14c9b6
1137,goryachev,18.0,201,1.5,fixed_10pct,physical,15.0,0.1,1.0,0.1,polarized,0.9386200732864372,0.0001953125,2430.0001953125,0.9386200732864312,58.431380499650786,2430.0,2,36,0,False,1.0,True,work/cases/case_1137/duration_0p0001953125.checkpoint.npz,cc01c56d54c6f65798fa5593912586e3fce6246b146e137177f0c65bd1666b69
1138,goryachev,18.0,201,1.5,fixed_10pct,physical,15.0,0.1,2.0,0.2,polarized,0.9386200732864338,0.0001953125,2300.0001953125,0.9386200732864293,58.43138049975283,2300.0,2,38,0,False,1.0,True,work/cases/case_1138/duration_0p0001953125.checkpoint.npz,0615750acda3ce9b6139702066426911795fae8c41ce8e2b4f3d01582d149920
1139,goryachev,18.0,201,1.5,fixed_10pct,physical,15.0,0.1,4.0,0.4,polarized,0.9386200732864617,0.0001953125,2165.0001953125,0.9386200732864348,58.43138049952634,2165.0,2,34,0,False,1.0,True,work/cases/case_1139/duration_0p0001953125.checkpoint.npz,66191801c06f2c946af55e27ccc0d5a4991457278196910ef190dae6c175f03c
1140,goryachev,18.0,201,1.5,fixed_10pct,physical,15.0,0.1,10.0,1.0,polarized,0.9386200732865159,0.0001953125,1990.0001953125,0.9386200732864307,58.43138049970139,1990.0,2,35,0,False,1.0,True,work/cases/case_1140/duration_0p0001953125.checkpoint.npz,33d98d9c791e546ad15cd67132174cb6c14780cea9f6a62431a67e88477e1f59
1141,goryachev,18.0,201,3.0,fixed_20pct,physical,15.0,0.2,0.1,0.010000000000000002,polarized,0.9386200732864363,0.0001953125,2740.0001953125,0.9386200732864324,58.43138049962683,2740.0,2,35,0,False,1.0,True,work/cases/case_1141/duration_0p0001953125.checkpoint.npz,5b66f6aa9f9e8f1d91eb58eea85d3179eca5d3003c3ce924645cadf18f44d971
1142,goryachev,18.0,201,3.0,fixed_20pct,physical,15.0,0.2,0.25,0.025,polarized,0.9386200732864337,0.0001953125,2570.0001953125,0.9386200732864337,58.43138049956827,2570.0,2,37,0,False,1.0,True,work/cases/case_1142/duration_0p0001953125.checkpoint.npz,d08afa483f0210fe7c40f11fce90b82f8afeadcc4d9d8de9ba96db3048351d80
1143,goryachev,18.0,201,3.0,fixed_20pct,physical,15.0,0.2,0.5,0.05,polarized,0.9386200732864344,0.0001953125,2440.0001953125,0.9386200732864322,58.43138049966075,2440.0,2,35,0,False,1.0,True,work/cases/case_1143/duration_0p0001953125.checkpoint.npz,5194066a8f5bb49830f2f618cef1bb95cdfed7c392419ebd407e2f882954d468
1144,goryachev,18.0,201,3.0,fixed_20pct,physical,15.0,0.2,1.0,0.1,polarized,0.9386200732864339,0.0001953125,2310.0001953125,0.9386200732864327,58.43138049966222,2310.0,2,38,0,False,1.0,True,work/cases/case_1144/duration_0p0001953125.checkpoint.npz,34acb805fe5f7dfa84ae0493cdca194b7aa6144712e2b09adcb59cbc043e2bf4
1145,goryachev,18.0,201,3.0,fixed_20pct,physical,15.0,0.2,2.0,0.2,polarized,0.9386200732864353,0.0001953125,2180.0001953125,0.938620073286433,58.4313804996027,2180.0,2,37,0,False,1.0,True,work/cases/case_1145/duration_0p0001953125.checkpoint.npz,89ab85ab0aef8019f5609d9550137d8a6ca64394462b26c12f23d59528a4a94a
1146,goryachev,18.0,201,3.0,fixed_20pct,physical,15.0,0.2,4.0,0.4,polarized,0.9386200732864385,0.0001953125,2045.0001953125,0.9386200732864334,58.431380499598966,2045.0,2,36,0,False,1.0,True,work/cases/case_1146/duration_0p0001953125.checkpoint.npz,205cad9b15c454519dd9d57ea745e8c30141140f36681fba414f6c6c0ba24c7d
1147,goryachev,18.0,201,3.0,fixed_20pct,physical,15.0,0.2,10.0,1.0,polarized,0.9386200732864352,0.0001953125,1870.0001953125,0.9386200732864323,58.43138049959563,1870.0,2,37,0,False,1.0,True,work/cases/case_1147/duration_0p0001953125.checkpoint.npz,d4f46bcefc85d849dcf51b10a54f44cfa2cf82954354a5b247c9f8b5954c2fc4
1148,goryachev,18.0,201,3.6,relative_20pct,relative,15.0,0.2,0.1,0.010000000000000002,polarized,0.9386200732864396,0.0001953125,2710.0001953125,0.9386200732864334,58.43138049959986,2710.0,2,36,0,False,1.0,True,work/cases/case_1148/duration_0p0001953125.checkpoint.npz,6c01cd14c2ae58ad0a0bf3ed5c16fddbb392c3e94fc9416e5fb127a5717064ee
1149,goryachev,18.0,201,3.6,relative_20pct,relative,15.0,0.2,0.25,0.025,polarized,0.9386200732864377,0.0001953125,2540.0001953125,0.9386200732864306,58.431380499723815,2540.0,2,37,0,False,1.0,True,work/cases/case_1149/duration_0p0001953125.checkpoint.npz,22e11f1e557d8a49d647f33f92f850859fb19d5571ecaad2cdfb2e60bf312774
1150,goryachev,18.0,201,3.6,relative_20pct,relative,15.0,0.2,0.5,0.05,polarized,0.9386200732864338,0.0001953125,2415.0001953125,0.9386200732864322,58.431380499634734,2415.0,2,37,0,False,1.0,True,work/cases/case_1150/duration_0p0001953125.checkpoint.npz,3970d13d14d8036b1acdc443bf0ac95c07e973dabe1d7f8224ff9a6e31689005
1151,goryachev,18.0,201,3.6,relative_20pct,relative,15.0,0.2,1.0,0.1,polarized,0.9386200732864354,0.0001953125,2285.0001953125,0.9386200732864317,58.431380499649,2285.0,2,36,0,False,1.0,True,work/cases/case_1151/duration_0p0001953125.checkpoint.npz,9b001a7e8fab4acb9368cff6d40f36e1f3877d5f50a06de0e70424d2648220bd
1152,goryachev,18.0,201,3.6,relative_20pct,relative,15.0,0.2,2.0,0.2,polarized,0.9386200732864375,0.0001953125,2150.0001953125,0.9386200732864326,58.43138049964488,2150.0,2,36,0,False,1.0,True,work/cases/case_1152/duration_0p0001953125.checkpoint.npz,2d2514abbfd1fa7048a91b84c2e319e4ada33c8373a8090296843a0fe53a1478
1153,goryachev,18.0,201,3.6,relative_20pct,relative,15.0,0.2,4.0,0.4,polarized,0.9386200732864386,0.0001953125,2020.0001953125,0.9386200732864345,58.43138049957403,2020.0,2,37,0,False,1.0,True,work/cases/case_1153/duration_0p0001953125.checkpoint.npz,ba544610dcf7ebd780d0e1fa4718d76da2b7245d946507a6d625d1a8012ab25e
1154,goryachev,18.0,201,3.6,relative_20pct,relative,15.0,0.2,10.0,1.0,polarized,0.9386200732864468,0.0001953125,1845.0001953125,0.9386200732864319,58.43138049964941,1845.0,2,37,0,False,1.0,True,work/cases/case_1154/duration_0p0001953125.checkpoint.npz,0d8fa528ed0502cc40e02782084dc529fc6f0c87468d2c44a3db85359a7233f2
1155,goryachev,19.0,201,1.5,fixed_10pct,physical,15.0,0.1,0.1,0.010000000000000002,polarized,0.9417801391281204,0.0001953125,2860.0001953125,0.9417801391281162,61.67641806225092,2860.0,2,36,0,False,1.0,True,work/cases/case_1155/duration_0p0001953125.checkpoint.npz,cd381140bb647ceb9b412d002cea1c26dc0a03e5e413834c0d92a9dbae9b86b2
1156,goryachev,19.0,201,1.5,fixed_10pct,physical,15.0,0.1,0.25,0.025,polarized,0.9417801391281203,0.0001953125,2690.0001953125,0.9417801391281149,61.67641806229649,2690.0,2,36,0,False,1.0,True,work/cases/case_1156/duration_0p0001953125.checkpoint.npz,4000766abc42db7fc0e438a483339c21a9cbcd399419f927f16fbca18f1d51b7
1157,goryachev,19.0,201,1.5,fixed_10pct,physical,15.0,0.1,0.5,0.05,polarized,0.941780139128119,0.0001953125,2560.0001953125,0.9417801391281133,61.67641806233087,2560.0,2,38,0,False,1.0,True,work/cases/case_1157/duration_0p0001953125.checkpoint.npz,d7816ff36b149d6b5bc69a39ddfd2971638362d39853231cb50192503c250710
1158,goryachev,19.0,201,1.5,fixed_10pct,physical,15.0,0.1,1.0,0.1,polarized,0.9417801391281214,0.0001953125,2430.0001953125,0.9417801391281145,61.67641806229891,2430.0,2,37,0,False,1.0,True,work/cases/case_1158/duration_0p0001953125.checkpoint.npz,149deb19c1267ded9c8c38d304dac8da0e235a61a9a5b443802f96242a7b4009
1159,goryachev,19.0,201,1.5,fixed_10pct,physical,15.0,0.1,2.0,0.2,polarized,0.941780139128117,0.0001953125,2300.0001953125,0.9417801391281141,61.67641806235235,2300.0,2,37,0,False,1.0,True,work/cases/case_1159/duration_0p0001953125.checkpoint.npz,0b16d2f792f9c68b0001d2ec015410c60bb24e7d4d27e08a3b02026eefcd01f2
1160,goryachev,19.0,201,1.5,fixed_10pct,physical,15.0,0.1,4.0,0.4,polarized,0.9417801391281189,0.0001953125,2165.0001953125,0.9417801391281149,61.676418062317104,2165.0,2,35,0,False,1.0,True,work/cases/case_1160/duration_0p0001953125.checkpoint.npz,22764afdfd21278524203a7e6d1114a40f705ea0f9cc0a208a6120db4a72b38f
1161,goryachev,19.0,201,1.5,fixed_10pct,physical,15.0,0.1,10.0,1.0,polarized,0.941780139128119,0.0001953125,1990.0001953125,0.9417801391281166,61.6764180622459,1990.0,2,34,0,False,1.0,True,work/cases/case_1161/duration_0p0001953125.checkpoint.npz,73d584caaa5e4e0c410789a4d89130b9d5ef514f84ff5d0f7ae09321ce3b1758
1162,goryachev,19.0,201,3.0,fixed_20pct,physical,15.0,0.2,0.1,0.010000000000000002,polarized,0.9417801391281185,0.0001953125,2740.0001953125,0.941780139128118,61.676418062181654,2740.0,2,37,0,False,1.0,True,work/cases/case_1162/duration_0p0001953125.checkpoint.npz,f02cbdfb2297224403e647993d96d9dd42c33b1677571eca92b091cc0e4adaeb
1163,goryachev,19.0,201,3.0,fixed_20pct,physical,15.0,0.2,0.25,0.025,polarized,0.9417801391281219,0.0001953125,2570.0001953125,0.941780139128112,61.67641806244281,2570.0,2,36,0,False,1.0,True,work/cases/case_1163/duration_0p0001953125.checkpoint.npz,39675b5db3426ab1d7d9fb463504d0402d2c32ad39506a3ea8258f2064713a93
1164,goryachev,19.0,201,3.0,fixed_20pct,physical,15.0,0.2,0.5,0.05,polarized,0.9417801391281191,0.0001953125,2440.0001953125,0.9417801391281173,61.676418062237225,2440.0,2,36,0,False,1.0,True,work/cases/case_1164/duration_0p0001953125.checkpoint.npz,0149c92af1c1e7bd8f194de6c955fe2bb7a33134b78a62ba2f6c6e01e27d6ac4
1165,goryachev,19.0,201,3.0,fixed_20pct,physical,15.0,0.2,1.0,0.1,polarized,0.9417801391281212,0.0001953125,2310.0001953125,0.9417801391281134,61.67641806234962,2310.0,2,34,0,False,1.0,True,work/cases/case_1165/duration_0p0001953125.checkpoint.npz,026f3e6d704ab707864ffd0dee4bb0cc4209f94cc17b1c2b47e8ba72d9bca713
1166,goryachev,19.0,201,3.0,fixed_20pct,physical,15.0,0.2,2.0,0.2,polarized,0.9417801391281173,0.0001953125,2180.0001953125,0.9417801391281145,61.67641806232013,2180.0,2,37,0,False,1.0,True,work/cases/case_1166/duration_0p0001953125.checkpoint.npz,d014efcf7af8772e0b5c71b6bb0f079d931e9d04b7626c8ae423b2bfb38d1a30
1167,goryachev,19.0,201,3.0,fixed_20pct,physical,15.0,0.2,4.0,0.4,polarized,0.9417801391281443,0.0001953125,2045.0001953125,0.9417801391281148,61.676418062299355,2045.0,2,35,0,False,1.0,True,work/cases/case_1167/duration_0p0001953125.checkpoint.npz,da886978b480867919799c3f9ee42ec736da85d43febaaed795c52b8af49983a
1168,goryachev,19.0,201,3.0,fixed_20pct,physical,15.0,0.2,10.0,1.0,polarized,0.9417801391281186,0.0001953125,1870.0001953125,0.9417801391281141,61.67641806234379,1870.0,2,35,0,False,1.0,True,work/cases/case_1168/duration_0p0001953125.checkpoint.npz,f0f717a9a5bdbcf9f69b02b28341460ccfbb014c04685ef4da146ecbbfe52e67
1169,goryachev,19.0,201,3.8000000000000003,relative_20pct,relative,15.0,0.2,0.1,0.010000000000000002,polarized,0.9417801391281215,0.0001953125,2705.0001953125,0.9417801391281164,61.676418062251045,2705.0,2,38,0,False,1.0,True,work/cases/case_1169/duration_0p0001953125.checkpoint.npz,f5e74218785ddaf061778104a804d581399ce31de44218c107498ef2daf077e0
1170,goryachev,19.0,201,3.8000000000000003,relative_20pct,relative,15.0,0.2,0.25,0.025,polarized,0.9417801391281188,0.0001953125,2535.0001953125,0.941780139128113,61.67641806237087,2535.0,2,36,0,False,1.0,True,work/cases/case_1170/duration_0p0001953125.checkpoint.npz,ba2c9940733e2fd0f07dd7a7e200216e38438da134c3cf0b320511f82192b1ec
1171,goryachev,19.0,201,3.8000000000000003,relative_20pct,relative,15.0,0.2,0.5,0.05,polarized,0.9417801391281344,0.0001953125,2405.0001953125,0.9417801391281153,61.67641806228815,2405.0,2,38,0,False,1.0,True,work/cases/case_1171/duration_0p0001953125.checkpoint.npz,59f15cbaa28e15392d4b8059b93700b1d7514d868cc158f55d5fbd1e8647a51f
1172,goryachev,19.0,201,3.8000000000000003,relative_20pct,relative,15.0,0.2,1.0,0.1,polarized,0.9417801391281353,0.0001953125,2275.0001953125,0.9417801391281135,61.67641806233078,2275.0,2,36,0,False,1.0,True,work/cases/case_1172/duration_0p0001953125.checkpoint.npz,be7ae90a293dd8e6ee4b68e0b77b37670d80d39216df7f56c64fa86e55bcb32c
1173,goryachev,19.0,201,3.8000000000000003,relative_20pct,relative,15.0,0.2,2.0,0.2,polarized,0.9417801391281186,0.0001953125,2145.0001953125,0.9417801391281141,61.67641806233545,2145.0,2,38,0,False,1.0,True,work/cases/case_1173/duration_0p0001953125.checkpoint.npz,0041bb18bd8847ddebce508b642f7c96baadc19b7f4afb2793a646939df9ab0c
1174,goryachev,19.0,201,3.8000000000000003,relative_20pct,relative,15.0,0.2,4.0,0.4,polarized,0.9417801391281205,0.0001953125,2015.0001953125,0.9417801391281168,61.67641806221624,2015.0,2,36,0,False,1.0,True,work/cases/case_1174/duration_0p0001953125.checkpoint.npz,4319e89bafc01a6d4fc400c700024360a35a2c7bbacf2597848ca5ae2f5fb498
1175,goryachev,19.0,201,3.8000000000000003,relative_20pct,relative,15.0,0.2,10.0,1.0,polarized,0.9417801391281182,0.0001953125,1840.0001953125,0.9417801391281144,61.67641806229869,1840.0,2,35,0,False,1.0,True,work/cases/case_1175/duration_0p0001953125.checkpoint.npz,ef6c2d072bb5b779f023ff5cd107de31d6784d68ec51418f2aa35629eaecfe8e
1176,goryachev,21.0,201,1.5,fixed_10pct,physical,15.0,0.1,0.1,0.010000000000000002,polarized,0.9471565063995928,0.0001953125,2860.0001953125,0.9471565063995703,68.05179996392627,2860.0,2,38,0,False,1.0,True,work/cases/case_1176/duration_0p0001953125.checkpoint.npz,9fa468e912640a146ee7283b98c68a2571b8d598ab58868ac2421e2f27312377
1177,goryachev,21.0,201,1.5,fixed_10pct,physical,15.0,0.1,0.25,0.025,polarized,0.9471565063995898,0.0001953125,2690.0001953125,0.9471565063995843,68.05179996347039,2690.0,2,37,0,False,1.0,True,work/cases/case_1177/duration_0p0001953125.checkpoint.npz,eab6015e2ca0762b9135f159e70652dd4cfb2c58873741890f3f3495f7ca11e6
1178,goryachev,21.0,201,1.5,fixed_10pct,physical,15.0,0.1,0.5,0.05,polarized,0.947156506399609,0.0001953125,2565.0001953125,0.9471565063995758,68.05179996375917,2565.0,2,35,0,False,1.0,True,work/cases/case_1178/duration_0p0001953125.checkpoint.npz,6625315bb43f6f5f8f5bf484aec5f74e19715653bb9b21d39f5ea443961cbbe4
1179,goryachev,21.0,201,1.5,fixed_10pct,physical,15.0,0.1,1.0,0.1,polarized,0.9471565063996042,0.0001953125,2430.0001953125,0.9471565063995769,68.05179996371703,2430.0,2,36,0,False,1.0,True,work/cases/case_1179/duration_0p0001953125.checkpoint.npz,bae0be09b82cedc63e6d25e51ec47204cef728a5a508d37527b76c7b4d6dd427
1180,goryachev,21.0,201,1.5,fixed_10pct,physical,15.0,0.1,2.0,0.2,polarized,0.9471565063995938,0.0001953125,2300.0001953125,0.9471565063995759,68.05179996373674,2300.0,2,35,0,False,1.0,True,work/cases/case_1180/duration_0p0001953125.checkpoint.npz,a5e911f6dd862f66d4c6f4ef2e9851061bc9b528ed3ab736b5b0783aa7bfdec3
1181,goryachev,21.0,201,1.5,fixed_10pct,physical,15.0,0.1,4.0,0.4,polarized,0.9471565063995948,0.0001953125,2170.0001953125,0.9471565063995806,68.05179996360698,2170.0,2,37,0,False,1.0,True,work/cases/case_1181/duration_0p0001953125.checkpoint.npz,f4600c6b6a851887d611628b103cd3ed1765404339891401cfd87d637ab8e5ed
1182,goryachev,21.0,201,1.5,fixed_10pct,physical,15.0,0.1,10.0,1.0,polarized,0.9471565063996003,0.0001953125,1990.0001953125,0.9471565063995773,68.05179996370948,1990.0,2,35,0,False,1.0,True,work/cases/case_1182/duration_0p0001953125.checkpoint.npz,d26f68ed7af1e3bc29ee593d715fca8b5c46b8a3268e48de81d2084582403ee1
1183,goryachev,21.0,201,3.0,fixed_20pct,physical,15.0,0.2,0.1,0.010000000000000002,polarized,0.9471565063995966,0.0001953125,2740.0001953125,0.9471565063995763,68.05179996374062,2740.0,2,35,0,False,1.0,True,work/cases/case_1183/duration_0p0001953125.checkpoint.npz,318967b7ad9f3a138c2128bef221d3072461a672adb16a4eea20c0a9e4596689
1184,goryachev,21.0,201,3.0,fixed_20pct,physical,15.0,0.2,0.25,0.025,polarized,0.947156506399606,0.0001953125,2570.0001953125,0.9471565063995854,68.05179996345575,2570.0,2,37,0,False,1.0,True,work/cases/case_1184/duration_0p0001953125.checkpoint.npz,ba264f3c7880be6e5195f9c818b39da74dc8bfe084539e33f8232cb34dd93149
1185,goryachev,21.0,201,3.0,fixed_20pct,physical,15.0,0.2,0.5,0.05,polarized,0.9471565063995894,0.0001953125,2445.0001953125,0.9471565063995818,68.05179996357684,2445.0,2,34,0,False,1.0,True,work/cases/case_1185/duration_0p0001953125.checkpoint.npz,d7f1e1aff1ac3cea4455a9ae774b314928f385505f7bcdd8c37b7c8c24755155
1186,goryachev,21.0,201,3.0,fixed_20pct,physical,15.0,0.2,1.0,0.1,polarized,0.9471565063996511,0.0001953125,2310.0001953125,0.9471565063995844,68.05179996348744,2310.0,2,36,0,False,1.0,True,work/cases/case_1186/duration_0p0001953125.checkpoint.npz,9b1741c23d3003fc2a32aae26dd8b43d6967d5d07690a4e4ed4c10a785eb4dd1
1187,goryachev,21.0,201,3.0,fixed_20pct,physical,15.0,0.2,2.0,0.2,polarized,0.9471565063996044,0.0001953125,2180.0001953125,0.9471565063995806,68.05179996361139,2180.0,2,36,0,False,1.0,True,work/cases/case_1187/duration_0p0001953125.checkpoint.npz,1ac9cd9cb7c12be9a46e5f7204bc258389d142ddad18271afef2df517086d8ab
1188,goryachev,21.0,201,3.0,fixed_20pct,physical,15.0,0.2,4.0,0.4,polarized,0.9471565063995916,0.0001953125,2050.0001953125,0.9471565063995797,68.05179996365074,2050.0,2,35,0,False,1.0,True,work/cases/case_1188/duration_0p0001953125.checkpoint.npz,4e24c50f925da5f7bbcdaa10a371444d91c04a2955328a09bc879942f5e971ba
1189,goryachev,21.0,201,3.0,fixed_20pct,physical,15.0,0.2,10.0,1.0,polarized,0.947156506399594,0.0001953125,1875.0001953125,0.9471565063995767,68.05179996373025,1875.0,2,35,0,False,1.0,True,work/cases/case_1189/duration_0p0001953125.checkpoint.npz,db5d935ea5eada0b99d37d9db5857d09f088dcd3904e2d1520a254b8dcd80e34
1190,goryachev,21.0,201,4.2,relative_20pct,relative,15.0,0.2,0.1,0.010000000000000002,polarized,0.9471565063995974,0.0001953125,2695.0001953125,0.9471565063995889,68.05179996333979,2695.0,2,37,0,False,1.0,True,work/cases/case_1190/duration_0p0001953125.checkpoint.npz,a1e861a2d98952c74c67377da370fc3ea3499a175342f06dbb3b455445bedd52
1191,goryachev,21.0,201,4.2,relative_20pct,relative,15.0,0.2,0.25,0.025,polarized,0.9471565063995929,0.0001953125,2525.0001953125,0.9471565063995842,68.05179996349065,2525.0,2,37,0,False,1.0,True,work/cases/case_1191/duration_0p0001953125.checkpoint.npz,ed25dcb1b178c12160d8a2222a6bbf9e22e41d90fc3e0a00dd515d044ffe94a0
1192,goryachev,21.0,201,4.2,relative_20pct,relative,15.0,0.2,0.5,0.05,polarized,0.9471565063995976,0.0001953125,2395.0001953125,0.9471565063995716,68.05179996387174,2395.0,2,35,0,False,1.0,True,work/cases/case_1192/duration_0p0001953125.checkpoint.npz,2162014afa8438114f5cce989501aff4b3945badf19b9d1f76de112b035079e5
1193,goryachev,21.0,201,4.2,relative_20pct,relative,15.0,0.2,1.0,0.1,polarized,0.9471565063996011,0.0001953125,2265.0001953125,0.9471565063995813,68.05179996358684,2265.0,2,34,0,False,1.0,True,work/cases/case_1193/duration_0p0001953125.checkpoint.npz,2d4676b1fcf1ca97ac86989981d0cf2254b40c29dfc90c454ec54a79f9fe6fcb
1194,goryachev,21.0,201,4.2,relative_20pct,relative,15.0,0.2,2.0,0.2,polarized,0.947156506399594,0.0001953125,2135.0001953125,0.9471565063995813,68.05179996358521,2135.0,2,35,0,False,1.0,True,work/cases/case_1194/duration_0p0001953125.checkpoint.npz,e9d97b74e5aeec56125f51ec39b2fe6cf40ebbe46c9691b14f185ed2d519121f
1195,goryachev,21.0,201,4.2,relative_20pct,relative,15.0,0.2,4.0,0.4,polarized,0.947156506399601,0.0001953125,2000.0001953125,0.9471565063995806,68.05179996359136,2000.0,2,36,0,False,1.0,True,work/cases/case_1195/duration_0p0001953125.checkpoint.npz,b8b58d6fb4d01cb75189acdeac74dd9f71b7d4068050c6464c3beac327ef4c0c
1196,goryachev,21.0,201,4.2,relative_20pct,relative,15.0,0.2,10.0,1.0,polarized,0.9471565063996072,0.0001953125,1825.0001953125,0.9471565063996005,68.05179996298325,1825.0,2,37,0,False,1.0,True,work/cases/case_1196/duration_0p0001953125.checkpoint.npz,2af5456d768235a90e4cf401306ac534c97b22dfa3e28c085acbf5fb724cdc9a
1197,goryachev,23.0,201,1.5,fixed_10pct,physical,15.0,0.1,0.1,0.010000000000000002,polarized,0.9515540663943437,0.0001953125,2865.0001953125,0.9515540663943289,74.26614473061483,2865.0,2,34,0,False,1.0,True,work/cases/case_1197/duration_0p0001953125.checkpoint.npz,75aa20499d67267e7e4f9f4d814a718c0a7452ceccc866bf3982346f0285e138
1198,goryachev,23.0,201,1.5,fixed_10pct,physical,15.0,0.1,0.25,0.025,polarized,0.9515540663943353,0.0001953125,2695.0001953125,0.9515540663943247,74.26614473074427,2695.0,2,38,0,False,1.0,True,work/cases/case_1198/duration_0p0001953125.checkpoint.npz,aa50740d9b926765a933046d796c2e9b5f07dedf452318e7a558e41ea320a2e4
1199,goryachev,23.0,201,1.5,fixed_10pct,physical,15.0,0.1,0.5,0.05,polarized,0.9515540663943641,0.0001953125,2565.0001953125,0.9515540663943268,74.26614473067316,2565.0,2,36,0,False,1.0,True,work/cases/case_1199/duration_0p0001953125.checkpoint.npz,d7c807f19bd5c8395d305889eba7b00d9e40913c538e18479c54596ef4c24166
1200,goryachev,23.0,201,1.5,fixed_10pct,physical,15.0,0.1,1.0,0.1,polarized,0.9515540663943372,0.0001953125,2435.0001953125,0.9515540663943275,74.26614473064429,2435.0,2,35,0,False,1.0,True,work/cases/case_1200/duration_0p0001953125.checkpoint.npz,f1d27a8bf1fd92d376bba138aa8fd1ec8d6d46408d713580af509ef1459211e8
1201,goryachev,23.0,201,1.5,fixed_10pct,physical,15.0,0.1,2.0,0.2,polarized,0.9515540663943811,0.0001953125,2305.0001953125,0.951554066394327,74.26614473068572,2305.0,2,35,0,False,1.0,True,work/cases/case_1201/duration_0p0001953125.checkpoint.npz,53d948f795012ea696c982a0b5a2bf679f1aea6dcbe53b7aef98fab60b54d177
1202,goryachev,23.0,201,1.5,fixed_10pct,physical,15.0,0.1,4.0,0.4,polarized,0.9515540663943357,0.0001953125,2170.0001953125,0.9515540663943275,74.26614473064976,2170.0,2,36,0,False,1.0,True,work/cases/case_1202/duration_0p0001953125.checkpoint.npz,aeae0ff643312685fbe84be7c6927af65bfef9700adf06bb4ac2d5592e2bd826
1203,goryachev,23.0,201,1.5,fixed_10pct,physical,15.0,0.1,10.0,1.0,polarized,0.9515540663943636,0.0001953125,1995.0001953125,0.9515540663942973,74.26614473146509,1995.0,2,36,0,False,1.0,True,work/cases/case_1203/duration_0p0001953125.checkpoint.npz,03708b59e3039eb78f0d456af68641b99b4589917c23a7257d03e8e5ad62f51e
1204,goryachev,23.0,201,3.0,fixed_20pct,physical,15.0,0.2,0.1,0.010000000000000002,polarized,0.9515540663943536,0.0001953125,2745.0001953125,0.9515540663943277,74.2661447306458,2745.0,2,38,0,False,1.0,True,work/cases/case_1204/duration_0p0001953125.checkpoint.npz,160147730cc7e0f8f0de78806b37b365ebce24b0f8fef5bc716ed4191b87b5ec
1205,goryachev,23.0,201,3.0,fixed_20pct,physical,15.0,0.2,0.25,0.025,polarized,0.9515540663943391,0.0001953125,2575.0001953125,0.9515540663943288,74.26614473060768,2575.0,2,38,0,False,1.0,True,work/cases/case_1205/duration_0p0001953125.checkpoint.npz,f98156e4581641f08d8803828a67baaa2cdc7eb862b08c399384a703d34b2a62
1206,goryachev,23.0,201,3.0,fixed_20pct,physical,15.0,0.2,0.5,0.05,polarized,0.9515540663943496,0.0001953125,2445.0001953125,0.9515540663943374,74.26614473040595,2445.0,2,37,0,False,1.0,True,work/cases/case_1206/duration_0p0001953125.checkpoint.npz,cf23c3b9306f0945d58328040659e77e28f8fc37b82638ede716d248109d9661
1207,goryachev,23.0,201,3.0,fixed_20pct,physical,15.0,0.2,1.0,0.1,polarized,0.9515540663943504,0.0001953125,2315.0001953125,0.9515540663943246,74.26614473073484,2315.0,2,36,0,False,1.0,True,work/cases/case_1207/duration_0p0001953125.checkpoint.npz,9c6358edc2b41bb68d1e25e1d6115f42fdabf2f2d995900039dcc5554eea4a1e
1208,goryachev,23.0,201,3.0,fixed_20pct,physical,15.0,0.2,2.0,0.2,polarized,0.951554066394347,0.0001953125,2185.0001953125,0.9515540663943284,74.26614473062821,2185.0,2,37,0,False,1.0,True,work/cases/case_1208/duration_0p0001953125.checkpoint.npz,09c4a305c17a2a1bd7786b023f4080d7f75d3f4565e4b8426b1eab3a30d87ef1
1209,goryachev,23.0,201,3.0,fixed_20pct,physical,15.0,0.2,4.0,0.4,polarized,0.9515540663943608,0.0001953125,2050.0001953125,0.9515540663943308,74.26614473055498,2050.0,2,36,0,False,1.0,True,work/cases/case_1209/duration_0p0001953125.checkpoint.npz,8fc283f8c1c56e3eb01f618ec502d861432900bc8eddeeecc1aa764c0656e064
1210,goryachev,23.0,201,3.0,fixed_20pct,physical,15.0,0.2,10.0,1.0,polarized,0.9515540663943644,0.0001953125,1875.0001953125,0.9515540663943278,74.26614473064863,1875.0,2,35,0,False,1.0,True,work/cases/case_1210/duration_0p0001953125.checkpoint.npz,314e6aa0e0b49726290714d3da15fedf4d9111c8f64238696f2411bff8516ed7
1211,goryachev,23.0,201,4.6000000000000005,relative_20pct,relative,15.0,0.2,0.1,0.010000000000000002,polarized,0.9515540663943497,0.0001953125,2685.0001953125,0.9515540663943257,74.26614473069509,2685.0,2,37,0,False,1.0,True,work/cases/case_1211/duration_0p0001953125.checkpoint.npz,a7e690bc384438dd58890e0280c1b8320dddd2a1b17e8756becdd300d28e7edb
1212,goryachev,23.0,201,4.6000000000000005,relative_20pct,relative,15.0,0.2,0.25,0.025,polarized,0.9515540663943431,0.0001953125,2515.0001953125,0.951554066394328,74.26614473063843,2515.0,2,36,0,False,1.0,True,work/cases/case_1212/duration_0p0001953125.checkpoint.npz,ef2526ca05850fb9c37a0d1924ba0a77f26d140c96037d7507f23b9a672d8f09
1213,goryachev,23.0,201,4.6000000000000005,relative_20pct,relative,15.0,0.2,0.5,0.05,polarized,0.9515540663943419,0.0001953125,2385.0001953125,0.9515540663943266,74.26614473067762,2385.0,2,36,0,False,1.0,True,work/cases/case_1213/duration_0p0001953125.checkpoint.npz,e4eae3cff5af03718df3970b008e771bc2294ea9ce27807cbd9acb61284e7726
1214,goryachev,23.0,201,4.6000000000000005,relative_20pct,relative,15.0,0.2,1.0,0.1,polarized,0.951554066394359,0.0001953125,2255.0001953125,0.9515540663943168,74.26614473092121,2255.0,2,36,0,False,1.0,True,work/cases/case_1214/duration_0p0001953125.checkpoint.npz,5480a7547a3b7284832e4ca16957456b6f4895ceb7683207dbad68f66e2bb35d
1215,goryachev,23.0,201,4.6000000000000005,relative_20pct,relative,15.0,0.2,2.0,0.2,polarized,0.951554066394338,0.0001953125,2125.0001953125,0.9515540663943269,74.26614473066059,2125.0,2,37,0,False,1.0,True,work/cases/case_1215/duration_0p0001953125.checkpoint.npz,3972a23b87e1c034a4ba548f08b1e88fecd30f6d8a699cfe8b27cb5e2a64a383
1216,goryachev,23.0,201,4.6000000000000005,relative_20pct,relative,15.0,0.2,4.0,0.4,polarized,0.9515540663943476,0.0001953125,1995.0001953125,0.9515540663943276,74.26614473065052,1995.0,2,36,0,False,1.0,True,work/cases/case_1216/duration_0p0001953125.checkpoint.npz,be18065925a5704086c3d7d72071db002b10c1fa104c2021022de102d0cb3768
1217,goryachev,23.0,201,4.6000000000000005,relative_20pct,relative,15.0,0.2,10.0,1.0,polarized,0.9515540663943433,0.0001953125,1820.0001953125,0.951554066394312,74.26614473106557,1820.0,2,37,0,False,1.0,True,work/cases/case_1217/duration_0p0001953125.checkpoint.npz,a06ef5b9bba2bf6b1b379a13ef721145b3e8ef38c31571130ee4e31d13dd570d
1218,goryachev,25.0,201,1.5,fixed_10pct,physical,15.0,0.1,0.1,0.010000000000000002,polarized,0.955212498075838,0.0001953125,2870.0001953125,0.9552124980758295,80.31071792031095,2870.0,2,36,0,False,1.0,True,work/cases/case_1218/duration_0p0001953125.checkpoint.npz,ee2b365a7c851c8b704d75351cdcedc9a9c49506efff28074b5379cebd2f810e
1219,goryachev,25.0,201,1.5,fixed_10pct,physical,15.0,0.1,0.25,0.025,polarized,0.95521249807584,0.0001953125,2700.0001953125,0.9552124980758259,80.31071792039461,2700.0,2,36,0,False,1.0,True,work/cases/case_1219/duration_0p0001953125.checkpoint.npz,86fb11082dbc8491614ea8fdd060c1aa512149548c28ca25240d68e93681ec79
1220,goryachev,25.0,201,1.5,fixed_10pct,physical,15.0,0.1,0.5,0.05,polarized,0.9552124980758506,0.0001953125,2570.0001953125,0.9552124980758264,80.3107179203908,2570.0,2,37,0,False,1.0,True,work/cases/case_1220/duration_0p0001953125.checkpoint.npz,6056fad635e49440f3c671e6b00a2b87aa2d59ed6e0da750d9ac7da5d33ccb27
1221,goryachev,25.0,201,1.5,fixed_10pct,physical,15.0,0.1,1.0,0.1,polarized,0.9552124980758633,0.0001953125,2440.0001953125,0.9552124980758191,80.31071792056294,2440.0,2,38,0,False,1.0,True,work/cases/case_1221/duration_0p0001953125.checkpoint.npz,cfb006109a4d6b67469c46923a64aba52963b1c6fe300a02715c1671e726d926
1222,goryachev,25.0,201,1.5,fixed_10pct,physical,15.0,0.1,2.0,0.2,polarized,0.9552124980758372,0.0001953125,2310.0001953125,0.9552124980758214,80.31071792050027,2310.0,2,37,0,False,1.0,True,work/cases/case_1222/duration_0p0001953125.checkpoint.npz,1ccf221083a4a977dbabe634a926609596be393ca8c9b6f7906269f6c1e245e8
1223,goryachev,25.0,201,1.5,fixed_10pct,physical,15.0,0.1,4.0,0.4,polarized,0.9552124980758403,0.0001953125,2175.0001953125,0.9552124980758264,80.31071792039093,2175.0,2,37,0,False,1.0,True,work/cases/case_1223/duration_0p0001953125.checkpoint.npz,5f4e19935dd5c06c9d6e76c2df430cf3de80249ab6f82ccba3f451e8e2b2cefc
1224,goryachev,25.0,201,1.5,fixed_10pct,physical,15.0,0.1,10.0,1.0,polarized,0.9552124980758567,0.0001953125,2000.0001953125,0.9552124980758567,80.31071791962306,2000.0,2,38,0,False,1.0,True,work/cases/case_1224/duration_0p0001953125.checkpoint.npz,9f09d58c06657c8669a54318ba1d19f584057e900095738297301af97e984db6
1225,goryachev,25.0,201,3.0,fixed_20pct,physical,15.0,0.2,0.1,0.010000000000000002,polarized,0.9552124980758396,0.0001953125,2750.0001953125,0.9552124980758269,80.31071792037771,2750.0,2,38,0,False,1.0,True,work/cases/case_1225/duration_0p0001953125.checkpoint.npz,c25668c3affd432613cc8f7bad494f9ff62d5f03c7e623562d006a60aae6b499
1226,goryachev,25.0,201,3.0,fixed_20pct,physical,15.0,0.2,0.25,0.025,polarized,0.9552124980758661,0.0001953125,2580.0001953125,0.9552124980758113,80.31071792075771,2580.0,2,35,0,False,1.0,True,work/cases/case_1226/duration_0p0001953125.checkpoint.npz,fe0f82c2c6ad91e16683ccf456f9f61810b3575c0a11891f5460f6cc8cc9273a
1227,goryachev,25.0,201,3.0,fixed_20pct,physical,15.0,0.2,0.5,0.05,polarized,0.955212498075853,0.0001953125,2450.0001953125,0.955212498075832,80.31071792025669,2450.0,2,36,0,False,1.0,True,work/cases/case_1227/duration_0p0001953125.checkpoint.npz,076535c90864ce36f6936049cc6b3ec5eca013ecba324fc18ba8297b3bb9a963
1228,goryachev,25.0,201,3.0,fixed_20pct,physical,15.0,0.2,1.0,0.1,polarized,0.9552124980758557,0.0001953125,2320.0001953125,0.9552124980758265,80.31071792038627,2320.0,2,34,0,False,1.0,True,work/cases/case_1228/duration_0p0001953125.checkpoint.npz,919c0d66876b00f4e71e855aa7fe75d5ef2a1128fbe06fff7f33c28e19175db6
1229,goryachev,25.0,201,3.0,fixed_20pct,physical,15.0,0.2,2.0,0.2,polarized,0.9552124980758459,0.0001953125,2190.0001953125,0.95521249807581,80.31071792080826,2190.0,2,36,0,False,1.0,True,work/cases/case_1229/duration_0p0001953125.checkpoint.npz,c6e943ce1c951abff66197894fe9d2d63b4385fcfaef991783441d8a62ae814b
1230,goryachev,25.0,201,3.0,fixed_20pct,physical,15.0,0.2,4.0,0.4,polarized,0.9552124980758392,0.0001953125,2055.0001953125,0.9552124980758281,80.31071792034811,2055.0,2,37,0,False,1.0,True,work/cases/case_1230/duration_0p0001953125.checkpoint.npz,41f7456eb03302cddb4a6aed204e127d891d28113f1a593855dec1cf947d2063
1231,goryachev,25.0,201,3.0,fixed_20pct,physical,15.0,0.2,10.0,1.0,polarized,0.9552124980758471,0.0001953125,1880.0001953125,0.9552124980758288,80.31071792033026,1880.0,2,37,0,False,1.0,True,work/cases/case_1231/duration_0p0001953125.checkpoint.npz,bf18739bb5234dce85bb5b414ec99688bb17a1e2b347fdb6debb98c41e261b6a
1232,goryachev,25.0,201,5.0,relative_20pct,relative,15.0,0.2,0.1,0.010000000000000002,polarized,0.9552124980758484,0.0001953125,2680.0001953125,0.9552124980758288,80.31071792032782,2680.0,2,37,0,False,1.0,True,work/cases/case_1232/duration_0p0001953125.checkpoint.npz,f35690b84251bf5e1fce0463ab4cece60afb0c2a65dc9a556215cae1c7058646
1233,goryachev,25.0,201,5.0,relative_20pct,relative,15.0,0.2,0.25,0.025,polarized,0.9552124980758315,0.0001953125,2510.0001953125,0.9552124980758231,80.31071792045717,2510.0,2,38,0,False,1.0,True,work/cases/case_1233/duration_0p0001953125.checkpoint.npz,662e60572c260497cae437cd9ed34cf00681b537de7bda0e215333866d15c186
1234,goryachev,25.0,201,5.0,relative_20pct,relative,15.0,0.2,0.5,0.05,polarized,0.9552124980758523,0.0001953125,2380.0001953125,0.955212498075822,80.31071792049197,2380.0,2,37,0,False,1.0,True,work/cases/case_1234/duration_0p0001953125.checkpoint.npz,b8a3a6ecae06d9138075da3af22994bcd82ca647ca351f67ce90430f356748cc
1235,goryachev,25.0,201,5.0,relative_20pct,relative,15.0,0.2,1.0,0.1,polarized,0.9552124980758434,0.0001953125,2250.0001953125,0.9552124980758004,80.3107179210166,2250.0,2,36,0,False,1.0,True,work/cases/case_1235/duration_0p0001953125.checkpoint.npz,e27a21bb8a5a3a1ace036832defb9a603fc18317d5e7f9bb95fdb6f5ab36e1b1
1236,goryachev,25.0,201,5.0,relative_20pct,relative,15.0,0.2,2.0,0.2,polarized,0.9552124980758371,0.0001953125,2120.0001953125,0.9552124980758265,80.31071792037787,2120.0,2,34,0,False,1.0,True,work/cases/case_1236/duration_0p0001953125.checkpoint.npz,9e6d667f6c87d22b7a22f3b3ffd5dce5e17d71349c3f1cad43bc0b90b1238f37
1237,goryachev,25.0,201,5.0,relative_20pct,relative,15.0,0.2,4.0,0.4,polarized,0.9552124980758501,0.0001953125,1990.0001953125,0.9552124980758282,80.31071792034354,1990.0,2,35,0,False,1.0,True,work/cases/case_1237/duration_0p0001953125.checkpoint.npz,088794fbf60e4685c8206e271a801e4a7486520f15c9dd3eac80079c592a4cbd
1238,goryachev,25.0,201,5.0,relative_20pct,relative,15.0,0.2,10.0,1.0,polarized,0.9552124980758383,0.0001953125,1815.0001953125,0.9552124980758323,80.31071792023552,1815.0,2,38,0,False,1.0,True,work/cases/case_1238/duration_0p0001953125.checkpoint.npz,6232e055db5f57dc8d505473e27b22d6b032fc2675a18b6000ffdffc1d2e169f
1239,goryachev,27.0,201,1.5,fixed_10pct,physical,15.0,0.1,0.1,0.010000000000000002,polarized,0.9582991948848453,0.0001953125,2880.0001953125,0.9582991948848225,86.17798341579858,2880.0,2,36,0,False,1.0,True,work/cases/case_1239/duration_0p0001953125.checkpoint.npz,dca77261ef55f67afef015b8d876685738d8fd969a4025bf7441e99a0e085a3b
1240,goryachev,27.0,201,1.5,fixed_10pct,physical,15.0,0.1,0.25,0.025,polarized,0.9582991948848356,0.0001953125,2705.0001953125,0.9582991948848244,86.17798341577226,2705.0,2,38,0,False,1.0,True,work/cases/case_1240/duration_0p0001953125.checkpoint.npz,ee03bd619d4da1b8ba4b85ff00b49bc6832ddcd01967618f2a9f9e2c619e494f
1241,goryachev,27.0,201,1.5,fixed_10pct,physical,15.0,0.1,0.5,0.05,polarized,0.958299194884832,0.0001953125,2575.0001953125,0.9582991948847756,86.17798341687771,2575.0,2,34,0,False,1.0,True,work/cases/case_1241/duration_0p0001953125.checkpoint.npz,5fc58886facf9056120885fa8c1a6015ec35104ff968e3226310d43a910bad4b
1242,goryachev,27.0,201,1.5,fixed_10pct,physical,15.0,0.1,1.0,0.1,polarized,0.9582991948848262,0.0001953125,2445.0001953125,0.9582991948848171,86.17798341592847,2445.0,2,38,0,False,1.0,True,work/cases/case_1242/duration_0p0001953125.checkpoint.npz,2a70352e61ed09b6650faaf7fe8516ef34f5926723378a30de4eb3849fc31075
1243,goryachev,27.0,201,1.5,fixed_10pct,physical,15.0,0.1,2.0,0.2,polarized,0.9582991948848323,0.0001953125,2315.0001953125,0.9582991948848154,86.17798341596585,2315.0,2,37,0,False,1.0,True,work/cases/case_1243/duration_0p0001953125.checkpoint.npz,9a9efa13774b60fd4af01debc38fdd05f5876d132e9f133480be8b6565ad435f
1244,goryachev,27.0,201,1.5,fixed_10pct,physical,15.0,0.1,4.0,0.4,polarized,0.9582991948848254,0.0001953125,2185.0001953125,0.9582991948848166,86.1779834159454,2185.0,2,38,0,False,1.0,True,work/cases/case_1244/duration_0p0001953125.checkpoint.npz,fabecac81a9d4f7f913d007d13914c475cbc791859dc60bd362cfab6e0aac6a2
1245,goryachev,27.0,201,1.5,fixed_10pct,physical,15.0,0.1,10.0,1.0,polarized,0.9582991948848271,0.0001953125,2005.0001953125,0.9582991948848177,86.17798341591651,2005.0,2,35,0,False,1.0,True,work/cases/case_1245/duration_0p0001953125.checkpoint.npz,749b81a7f4117c673ec826ea2dfba6f2a632f75da6d9d67a1b7afe20ccf1667c
1246,goryachev,27.0,201,3.0,fixed_20pct,physical,15.0,0.2,0.1,0.010000000000000002,polarized,0.9582991948848468,0.0001953125,2760.0001953125,0.958299194884825,86.1779834157545,2760.0,2,38,0,False,1.0,True,work/cases/case_1246/duration_0p0001953125.checkpoint.npz,f6c3097cab8e2dafd75ba07f3fad4a51f4d74e4f5752b9f01b46f20d5d203556
1247,goryachev,27.0,201,3.0,fixed_20pct,physical,15.0,0.2,0.25,0.025,polarized,0.958299194884859,0.0001953125,2590.0001953125,0.9582991948848165,86.17798341593563,2590.0,2,36,0,False,1.0,True,work/cases/case_1247/duration_0p0001953125.checkpoint.npz,c38020fb62fc357575e3d94728526b9ca5a17cfcf55f9468349926a78a1a988a
1248,goryachev,27.0,201,3.0,fixed_20pct,physical,15.0,0.2,0.5,0.05,polarized,0.958299194884848,0.0001953125,2455.0001953125,0.9582991948848065,86.17798341617939,2455.0,2,38,0,False,1.0,True,work/cases/case_1248/duration_0p0001953125.checkpoint.npz,25b278eddb4225519b29f311f9868e63c381ebd2fae8b943c3e91da5b978589b
1249,goryachev,27.0,201,3.0,fixed_20pct,physical,15.0,0.2,1.0,0.1,polarized,0.9582991948848323,0.0001953125,2325.0001953125,0.9582991948848167,86.17798341593475,2325.0,2,37,0,False,1.0,True,work/cases/case_1249/duration_0p0001953125.checkpoint.npz,f971fd8e30d48a401bbb283382b2f2cd1d1c4cf8aad3e1ac6e319693be23e6d2
1250,goryachev,27.0,201,3.0,fixed_20pct,physical,15.0,0.2,2.0,0.2,polarized,0.9582991948848437,0.0001953125,2195.0001953125,0.9582991948848164,86.17798341594113,2195.0,2,38,0,False,1.0,True,work/cases/case_1250/duration_0p0001953125.checkpoint.npz,f1bb9d820c7635ce325207a3b47f7951a1f1c861885b731eea64cb3ef7f02cf0
1251,goryachev,27.0,201,3.0,fixed_20pct,physical,15.0,0.2,4.0,0.4,polarized,0.958299194884859,0.0001953125,2065.0001953125,0.9582991948848127,86.17798341602739,2065.0,2,37,0,False,1.0,True,work/cases/case_1251/duration_0p0001953125.checkpoint.npz,8957b34347a550e9ccd21e9753c9e3f00b19414ff9535c4738eeb5fe5aaff45f
1252,goryachev,27.0,201,3.0,fixed_20pct,physical,15.0,0.2,10.0,1.0,polarized,0.9582991948848393,0.0001953125,1890.0001953125,0.9582991948848154,86.1779834159623,1890.0,2,37,0,False,1.0,True,work/cases/case_1252/duration_0p0001953125.checkpoint.npz,2eee0a5403ea96f9da2c14590118ac6b7dc40f2373b92e85fe61242a1b7028cb
1253,goryachev,27.0,201,5.4,relative_20pct,relative,15.0,0.2,0.1,0.010000000000000002,polarized,0.9582991948848351,0.0001953125,2680.0001953125,0.9582991948848273,86.17798341569127,2680.0,2,35,0,False,1.0,True,work/cases/case_1253/duration_0p0001953125.checkpoint.npz,02a0951f08eb732adc62bf3059b08b91ea11e141a2eec0592d3097fe2b2d7915
1254,goryachev,27.0,201,5.4,relative_20pct,relative,15.0,0.2,0.25,0.025,polarized,0.9582991948848282,0.0001953125,2510.0001953125,0.9582991948848156,86.17798341595402,2510.0,2,35,0,False,1.0,True,work/cases/case_1254/duration_0p0001953125.checkpoint.npz,e796700844e492bfbfc5e704623cfd57f78a788608c7abd0cc48f493690b93d3
1255,goryachev,27.0,201,5.4,relative_20pct,relative,15.0,0.2,0.5,0.05,polarized,0.9582991948848402,0.0001953125,2380.0001953125,0.9582991948847994,86.17798341632151,2380.0,2,38,0,False,1.0,True,work/cases/case_1255/duration_0p0001953125.checkpoint.npz,91337a08629a595b488432b6798cbe51be5121c82873d99c43afe1c53e2f48dc
1256,goryachev,27.0,201,5.4,relative_20pct,relative,15.0,0.2,1.0,0.1,polarized,0.9582991948848281,0.0001953125,2250.0001953125,0.9582991948848176,86.17798341592314,2250.0,2,38,0,False,1.0,True,work/cases/case_1256/duration_0p0001953125.checkpoint.npz,61506bdac0598e47582b31e43191544cb72393d0e72d36cafff24811f32111ee
1257,goryachev,27.0,201,5.4,relative_20pct,relative,15.0,0.2,2.0,0.2,polarized,0.9582991948848275,0.0001953125,2120.0001953125,0.9582991948848155,86.17798341595746,2120.0,2,35,0,False,1.0,True,work/cases/case_1257/duration_0p0001953125.checkpoint.npz,70e666ad9607da056d573c5118200bffbd8588ea67983e3e9a6ae8f4e4a7f517
1258,goryachev,27.0,201,5.4,relative_20pct,relative,15.0,0.2,4.0,0.4,polarized,0.9582991948848285,0.0001953125,1990.0001953125,0.958299194884814,86.1779834160061,1990.0,2,36,0,False,1.0,True,work/cases/case_1258/duration_0p0001953125.checkpoint.npz,8b3ab3cb70f34cd149827b3b2fc3e0527ce70c748e2c63be831573bcb981aa12
1259,goryachev,27.0,201,5.4,relative_20pct,relative,15.0,0.2,10.0,1.0,polarized,0.9582991948848248,0.0001953125,1815.0001953125,0.9582991948848109,86.17798341606796,1815.0,2,36,0,False,1.0,True,work/cases/case_1259/duration_0p0001953125.checkpoint.npz,22777f456ae6a74b7a70fdda29b7465fecff1aaf5998db14508240a1b103b130
1260,goryachev,29.0,201,1.5,fixed_10pct,physical,15.0,0.1,0.1,0.010000000000000002,polarized,0.960934620959712,0.0001953125,2885.0001953125,0.9609346209596882,91.86163499262291,2885.0,2,37,0,False,1.0,True,work/cases/case_1260/duration_0p0001953125.checkpoint.npz,60c98f685f201a0071438623090bb9195ce414ee0db8e5fac02b8f99324a3d22
1261,goryachev,29.0,201,1.5,fixed_10pct,physical,15.0,0.1,0.25,0.025,polarized,0.9609346209597168,0.0001953125,2715.0001953125,0.9609346209597003,91.86163499235776,2715.0,2,37,0,False,1.0,True,work/cases/case_1261/duration_0p0001953125.checkpoint.npz,04e10be52eafcfbd3d2b41ce26554f57ea6883794ce3f4413c4386ae9e42ef3b
1262,goryachev,29.0,201,1.5,fixed_10pct,physical,15.0,0.1,0.5,0.05,polarized,0.9609346209597084,0.0001953125,2585.0001953125,0.9609346209596914,91.86163499256006,2585.0,2,37,0,False,1.0,True,work/cases/case_1262/duration_0p0001953125.checkpoint.npz,786e02e3f8b6cde94d3c5548431864db8ce78f34c9822978a7ea3e0e1944ed1a
1263,goryachev,29.0,201,1.5,fixed_10pct,physical,15.0,0.1,1.0,0.1,polarized,0.9609346209597117,0.0001953125,2455.0001953125,0.9609346209596924,91.86163499251843,2455.0,2,35,0,False,1.0,True,work/cases/case_1263/duration_0p0001953125.checkpoint.npz,54ef9c4500639334ebdeacbe2bb22ad4456ecd7b0b19659cc2e74fe53f0709a5
1264,goryachev,29.0,201,1.5,fixed_10pct,physical,15.0,0.1,2.0,0.2,polarized,0.9609346209597296,0.0001953125,2325.0001953125,0.9609346209596953,91.86163499248326,2325.0,2,36,0,False,1.0,True,work/cases/case_1264/duration_0p0001953125.checkpoint.npz,a0d939b5b5c697365aedba918f7c2ecbc4be003a7b851f407b01b14dbed171c0
1265,goryachev,29.0,201,1.5,fixed_10pct,physical,15.0,0.1,4.0,0.4,polarized,0.9609346209597136,0.0001953125,2190.0001953125,0.9609346209596984,91.8616349924161,2190.0,2,37,0,False,1.0,True,work/cases/case_1265/duration_0p0001953125.checkpoint.npz,c95910bf20fec8477bbb0c24b9c1f365bf1402609d4c0a120bbc0c98d813786b
1266,goryachev,29.0,201,1.5,fixed_10pct,physical,15.0,0.1,10.0,1.0,polarized,0.9609346209597235,0.0001953125,2015.0001953125,0.9609346209597026,91.86163499232146,2015.0,2,37,0,False,1.0,True,work/cases/case_1266/duration_0p0001953125.checkpoint.npz,a3328cd60913d7496db14c3bed1f1a1ee91976aac31ef3c4c2b3d65f37eebb29
1267,goryachev,29.0,201,3.0,fixed_20pct,physical,15.0,0.2,0.1,0.010000000000000002,polarized,0.9609346209597053,0.0001953125,2765.0001953125,0.9609346209596985,91.86163499240416,2765.0,2,35,0,False,1.0,True,work/cases/case_1267/duration_0p0001953125.checkpoint.npz,945e8fa36ac69f1bcec28b090df996935f5455e990820bdcf5b4edd0d7951734
1268,goryachev,29.0,201,3.0,fixed_20pct,physical,15.0,0.2,0.25,0.025,polarized,0.9609346209597112,0.0001953125,2595.0001953125,0.9609346209596986,91.86163499241407,2595.0,2,37,0,False,1.0,True,work/cases/case_1268/duration_0p0001953125.checkpoint.npz,f4a88450056d21342962ed49dc193cc85d5f9a5da0dfc71979f649f710b0a9b2
1269,goryachev,29.0,201,3.0,fixed_20pct,physical,15.0,0.2,0.5,0.05,polarized,0.9609346209597053,0.0001953125,2465.0001953125,0.9609346209597053,91.86163499225867,2465.0,2,36,0,False,1.0,True,work/cases/case_1269/duration_0p0001953125.checkpoint.npz,a8074ebb1f02640a575173ef3e6a89cb747155e2e90cfc9553e865d457808ce8
1270,goryachev,29.0,201,3.0,fixed_20pct,physical,15.0,0.2,1.0,0.1,polarized,0.9609346209597216,0.0001953125,2335.0001953125,0.960934620959692,91.8616349925425,2335.0,2,35,0,False,1.0,True,work/cases/case_1270/duration_0p0001953125.checkpoint.npz,e9af54bc835b3ce500a8b35e4ac12ba62c1eb4fa2aa2a64d9d9aac8963b7fa2e
1271,goryachev,29.0,201,3.0,fixed_20pct,physical,15.0,0.2,2.0,0.2,polarized,0.96093462095972,0.0001953125,2205.0001953125,0.9609346209596945,91.8616349924901,2205.0,2,36,0,False,1.0,True,work/cases/case_1271/duration_0p0001953125.checkpoint.npz,d0ca1dd85001e8f81e4b4644d5f0b952bc53dfb180aa7bc6508683f37c427036
1272,goryachev,29.0,201,3.0,fixed_20pct,physical,15.0,0.2,4.0,0.4,polarized,0.9609346209597047,0.0001953125,2070.0001953125,0.9609346209596943,91.86163499249184,2070.0,2,35,0,False,1.0,True,work/cases/case_1272/duration_0p0001953125.checkpoint.npz,0fd8a1895e63fb795f344dc060abfc1c7781a77b170f8790d87053fe6624ecd6
1273,goryachev,29.0,201,3.0,fixed_20pct,physical,15.0,0.2,10.0,1.0,polarized,0.9609346209597412,0.0001953125,1895.0001953125,0.9609346209596963,91.8616349924517,1895.0,2,36,0,False,1.0,True,work/cases/case_1273/duration_0p0001953125.checkpoint.npz,f5070c7a6019104876ef4625b33a2905f07565e6f41c5adfb4eb144d7566e861
1274,goryachev,29.0,201,5.800000000000001,relative_20pct,relative,15.0,0.2,0.1,0.010000000000000002,polarized,0.960934620959719,0.0001953125,2680.0001953125,0.9609346209596559,91.86163499332594,2680.0,2,35,0,False,1.0,True,work/cases/case_1274/duration_0p0001953125.checkpoint.npz,60f4b7eaadcde94c0234df8c868908da07046b00cd359e77584709cc64e07bec
1275,goryachev,29.0,201,5.800000000000001,relative_20pct,relative,15.0,0.2,0.25,0.025,polarized,0.960934620959724,0.0001953125,2510.0001953125,0.9609346209596797,91.86163499282536,2510.0,2,36,0,False,1.0,True,work/cases/case_1275/duration_0p0001953125.checkpoint.npz,427d0e89246ba855021fa2aaefc91d4a1b9acdc806899c30d9639fc6f3cea421
1276,goryachev,29.0,201,5.800000000000001,relative_20pct,relative,15.0,0.2,0.5,0.05,polarized,0.9609346209597093,0.0001953125,2380.0001953125,0.9609346209596951,91.86163499248347,2380.0,2,35,0,False,1.0,True,work/cases/case_1276/duration_0p0001953125.checkpoint.npz,a16efa5bb5e4c23386bd9e46e1c8ea5ca675d29034f0d821684a1a87c42a85cb
1277,goryachev,29.0,201,5.800000000000001,relative_20pct,relative,15.0,0.2,1.0,0.1,polarized,0.9609346209597013,0.0001953125,2250.0001953125,0.9609346209596921,91.86163499254423,2250.0,2,36,0,False,1.0,True,work/cases/case_1277/duration_0p0001953125.checkpoint.npz,8c168bcc89e2fd97f6b70180ff79777b0ed4c51f2328683e5c2c72d644668e8f
1278,goryachev,29.0,201,5.800000000000001,relative_20pct,relative,15.0,0.2,2.0,0.2,polarized,0.9609346209597284,0.0001953125,2120.0001953125,0.9609346209596921,91.86163499251789,2120.0,2,37,0,False,1.0,True,work/cases/case_1278/duration_0p0001953125.checkpoint.npz,a5b64d4a6b53eab408059b22235162f83cbef5ebd93224c84f6930d72e9165ee
1279,goryachev,29.0,201,5.800000000000001,relative_20pct,relative,15.0,0.2,4.0,0.4,polarized,0.960934620959711,0.0001953125,1990.0001953125,0.9609346209596862,91.86163499267118,1990.0,2,37,0,False,1.0,True,work/cases/case_1279/duration_0p0001953125.checkpoint.npz,ecd40d5b55b0eb0c6f3e1452cac87b170725f7143dc05be9b94fa34cfcbca347
1280,goryachev,29.0,201,5.800000000000001,relative_20pct,relative,15.0,0.2,10.0,1.0,polarized,0.9609346209597147,0.0001953125,1815.0001953125,0.960934620959695,91.86163499247695,1815.0,2,38,0,False,1.0,True,work/cases/case_1280/duration_0p0001953125.checkpoint.npz,26be510db2365f35ecac727e0c37e0130b7108952ef9623d7890449af826619c
1281,goryachev,31.0,201,1.5,fixed_10pct,physical,15.0,0.1,0.1,0.010000000000000002,polarized,0.9632076906164463,0.0001953125,2895.0001953125,0.9632076906164281,97.35660328252983,2895.0,2,36,0,False,1.0,True,work/cases/case_1281/duration_0p0001953125.checkpoint.npz,2fd59b52ae82ba78a0ea384ed1d0febfd6e8dd6ad4830eb1a10742c54d24b0aa
1282,goryachev,31.0,201,1.5,fixed_10pct,physical,15.0,0.1,0.25,0.025,polarized,0.9632076906164503,0.0001953125,2720.0001953125,0.9632076906164161,97.35660328276204,2720.0,2,34,0,False,1.0,True,work/cases/case_1282/duration_0p0001953125.checkpoint.npz,c68908b521e6a06cdf29bcff2fd2bada7a5a28fd15dc74fdccb503c73e3a0ae7
1283,goryachev,31.0,201,1.5,fixed_10pct,physical,15.0,0.1,0.5,0.05,polarized,0.9632076906164394,0.0001953125,2590.0001953125,0.9632076906164252,97.35660328258979,2590.0,2,37,0,False,1.0,True,work/cases/case_1283/duration_0p0001953125.checkpoint.npz,644ac14613228a655b4accfb205cc528ee6beb8207a6238b49e7564a6c9cc58c
1284,goryachev,31.0,201,1.5,fixed_10pct,physical,15.0,0.1,1.0,0.1,polarized,0.9632076906164486,0.0001953125,2460.0001953125,0.9632076906164262,97.35660328255764,2460.0,2,37,0,False,1.0,True,work/cases/case_1284/duration_0p0001953125.checkpoint.npz,037ff1056925d1b47adbde145c0256846f822e73729f4daff4fb0b8ae509b3c9
1285,goryachev,31.0,201,1.5,fixed_10pct,physical,15.0,0.1,2.0,0.2,polarized,0.9632076906164453,0.0001953125,2330.0001953125,0.9632076906164212,97.35660328266567,2330.0,2,35,0,False,1.0,True,work/cases/case_1285/duration_0p0001953125.checkpoint.npz,c649ae18f5b9664346925db4fe5b1213e4b1247080232f68814ca4ba8759efc4
1286,goryachev,31.0,201,1.5,fixed_10pct,physical,15.0,0.1,4.0,0.4,polarized,0.963207690616452,0.0001953125,2200.0001953125,0.9632076906164273,97.35660328254902,2200.0,2,37,0,False,1.0,True,work/cases/case_1286/duration_0p0001953125.checkpoint.npz,ab0d0ce6bbb0deac4ce655d4e20a627bb63ef8106781a6cf043c96c3b56af588
1287,goryachev,31.0,201,1.5,fixed_10pct,physical,15.0,0.1,10.0,1.0,polarized,0.9632076906164428,0.0001953125,2020.0001953125,0.9632076906164172,97.35660328273013,2020.0,2,35,0,False,1.0,True,work/cases/case_1287/duration_0p0001953125.checkpoint.npz,8b32fd0ee52663f0e3f1b2bc848a8f67b95395b8a8b439d1c038c5862b809c06
1288,goryachev,31.0,201,3.0,fixed_20pct,physical,15.0,0.2,0.1,0.010000000000000002,polarized,0.9632076906164411,0.0001953125,2775.0001953125,0.9632076906164257,97.35660328256178,2775.0,2,37,0,False,1.0,True,work/cases/case_1288/duration_0p0001953125.checkpoint.npz,609ecc8c7702005dd3c7f559ed3263f54ff2422a9a2151fc1643042b7ae8e6a5
1289,goryachev,31.0,201,3.0,fixed_20pct,physical,15.0,0.2,0.25,0.025,polarized,0.9632076906164446,0.0001953125,2605.0001953125,0.9632076906164408,97.35660328227175,2605.0,2,37,0,False,1.0,True,work/cases/case_1289/duration_0p0001953125.checkpoint.npz,06e84e54afa1162d2389f23eb421f01dfc96e74ce9de75fb592ed123dc885982
1290,goryachev,31.0,201,3.0,fixed_20pct,physical,15.0,0.2,0.5,0.05,polarized,0.9632076906164445,0.0001953125,2470.0001953125,0.9632076906164254,97.35660328256441,2470.0,2,38,0,False,1.0,True,work/cases/case_1290/duration_0p0001953125.checkpoint.npz,f8cff29918b36f591f443b367c0816393b217427edcd9077ffcf5064463697d1
1291,goryachev,31.0,201,3.0,fixed_20pct,physical,15.0,0.2,1.0,0.1,polarized,0.9632076906164506,0.0001953125,2340.0001953125,0.9632076906164259,97.35660328256971,2340.0,2,35,0,False,1.0,True,work/cases/case_1291/duration_0p0001953125.checkpoint.npz,ce2d1db56e506d3c621e6a31a100a763c106aa3067b1c10241efcfa0181175a6
1292,goryachev,31.0,201,3.0,fixed_20pct,physical,15.0,0.2,2.0,0.2,polarized,0.9632076906164474,0.0001953125,2210.0001953125,0.9632076906164274,97.35660328254934,2210.0,2,37,0,False,1.0,True,work/cases/case_1292/duration_0p0001953125.checkpoint.npz,78b58d8869eb88eefa76f3264d6d1761409e206da528d4ddbb788f94afeb25ff
1293,goryachev,31.0,201,3.0,fixed_20pct,physical,15.0,0.2,4.0,0.4,polarized,0.9632076906164309,0.0001953125,2080.0001953125,0.9632076906164275,97.35660328254521,2080.0,2,37,0,False,1.0,True,work/cases/case_1293/duration_0p0001953125.checkpoint.npz,ae107ff052d4a6e22f004a335be55674ad2559515060420d9f5726f00b55a4e9
1294,goryachev,31.0,201,3.0,fixed_20pct,physical,15.0,0.2,10.0,1.0,polarized,0.9632076906164424,0.0001953125,1900.0001953125,0.9632076906164327,97.35660328242385,1900.0,2,37,0,False,1.0,True,work/cases/case_1294/duration_0p0001953125.checkpoint.npz,00d2dcd87ecd5ab6cdca02448f2c1b783534816d3a8b022146f53179e5668899
1295,goryachev,31.0,201,6.2,relative_20pct,relative,15.0,0.2,0.1,0.010000000000000002,polarized,0.9632076906164345,0.0001953125,2680.0001953125,0.9632076906164259,97.35660328256262,2680.0,2,36,0,False,1.0,True,work/cases/case_1295/duration_0p0001953125.checkpoint.npz,3b12358556bc2b11cc93517791be779ae5697bed550c480c5a5c9104c175899a
1296,goryachev,31.0,201,6.2,relative_20pct,relative,15.0,0.2,0.25,0.025,polarized,0.9632076906164446,0.0001953125,2510.0001953125,0.9632076906164313,97.35660328246892,2510.0,2,38,0,False,1.0,True,work/cases/case_1296/duration_0p0001953125.checkpoint.npz,784792ca96ba0b8d7380bff2a347a4f2b5daa706bb011482a3000eb3f3a2eaa7
1297,goryachev,31.0,201,6.2,relative_20pct,relative,15.0,0.2,0.5,0.05,polarized,0.9632076906164367,0.0001953125,2380.0001953125,0.9632076906164341,97.35660328239835,2380.0,2,35,0,False,1.0,True,work/cases/case_1297/duration_0p0001953125.checkpoint.npz,477c68f184e4cda0c70e004126bc03a555ad7f8651c36c5c4c78fadf3d622cab
1298,goryachev,31.0,201,6.2,relative_20pct,relative,15.0,0.2,1.0,0.1,polarized,0.9632076906164365,0.0001953125,2255.0001953125,0.96320769061643,97.35660328249264,2255.0,2,38,0,False,1.0,True,work/cases/case_1298/duration_0p0001953125.checkpoint.npz,fcd5c3351c92be725c248d1c3b814c50ce94319568dd8edf866fed1c8898f407
1299,goryachev,31.0,201,6.2,relative_20pct,relative,15.0,0.2,2.0,0.2,polarized,0.963207690616441,0.0001953125,2120.0001953125,0.9632076906164257,97.35660328256284,2120.0,2,38,0,False,1.0,True,work/cases/case_1299/duration_0p0001953125.checkpoint.npz,79284f66aeacebcd177e28cb063a26a422781f580596e5a0aebad356698dd8ff
1300,goryachev,31.0,201,6.2,relative_20pct,relative,15.0,0.2,4.0,0.4,polarized,0.9632076906164437,0.0001953125,1990.0001953125,0.9632076906164274,97.35660328255167,1990.0,2,38,0,False,1.0,True,work/cases/case_1300/duration_0p0001953125.checkpoint.npz,47081b6e13a2223023cb6d02c75e8945a979f767b589eb8f9bd9e071d0d90cb2
1301,goryachev,31.0,201,6.2,relative_20pct,relative,15.0,0.2,10.0,1.0,polarized,0.9632076906164406,0.0001953125,1820.0001953125,0.963207690616427,97.35660328255649,1820.0,2,36,0,False,1.0,True,work/cases/case_1301/duration_0p0001953125.checkpoint.npz,592b19e95326c6857a0311b2a6b5bc70c8f3e7c158a52eadfa0fbe7f94f6b859
1302,goryachev,33.0,201,1.5,fixed_10pct,physical,15.0,0.1,0.1,0.010000000000000002,polarized,0.965185470062617,0.0001953125,2900.0001953125,0.9651854700626066,102.65904244870791,2900.0,2,38,0,False,1.0,True,work/cases/case_1302/duration_0p0001953125.checkpoint.npz,48ce9ab47012aeb5b000302a7a2865d51c60d2301c0adf2a99b30e5a0e1d4f24
1303,goryachev,33.0,201,1.5,fixed_10pct,physical,15.0,0.1,0.25,0.025,polarized,0.9651854700626191,0.0001953125,2730.0001953125,0.9651854700625928,102.65904244897649,2730.0,2,37,0,False,1.0,True,work/cases/case_1303/duration_0p0001953125.checkpoint.npz,fa277b0f3c484640d75ff26d86726d00ce1b13335731c66e17915c2c245fd713
1304,goryachev,33.0,201,1.5,fixed_10pct,physical,15.0,0.1,0.5,0.05,polarized,0.9651854700626048,0.0001953125,2600.0001953125,0.9651854700625971,102.65904244888848,2600.0,2,38,0,False,1.0,True,work/cases/case_1304/duration_0p0001953125.checkpoint.npz,2b4b9e09bb4b0448f2d121d11b100af315f6a2601e6de13d22972a9a020bfae7
1305,goryachev,33.0,201,1.5,fixed_10pct,physical,15.0,0.1,1.0,0.1,polarized,0.9651854700626081,0.0001953125,2470.0001953125,0.9651854700625981,102.65904244886723,2470.0,2,38,0,False,1.0,True,work/cases/case_1305/duration_0p0001953125.checkpoint.npz,290b46c2e053d4fbd11edc4088e19633765f9de4a5baca2c74f0c554254e93f3
1306,goryachev,33.0,201,1.5,fixed_10pct,physical,15.0,0.1,2.0,0.2,polarized,0.9651854700626055,0.0001953125,2340.0001953125,0.965185470062602,102.65904244879962,2340.0,2,36,0,False,1.0,True,work/cases/case_1306/duration_0p0001953125.checkpoint.npz,1af1f719c631fe559305b09ec9574fae066175d5fc3d361977ca002e9ed2b731
1307,goryachev,33.0,201,1.5,fixed_10pct,physical,15.0,0.1,4.0,0.4,polarized,0.9651854700626146,0.0001953125,2205.0001953125,0.9651854700626146,102.65904244855876,2205.0,2,36,0,False,1.0,True,work/cases/case_1307/duration_0p0001953125.checkpoint.npz,4c5debd976334ea65c0af2271a15eb4db33e5cdf758aae7bf37244631dff435e
1308,goryachev,33.0,201,1.5,fixed_10pct,physical,15.0,0.1,10.0,1.0,polarized,0.9651854700626079,0.0001953125,2030.0001953125,0.9651854700626046,102.6590424487535,2030.0,2,37,0,False,1.0,True,work/cases/case_1308/duration_0p0001953125.checkpoint.npz,c21f344bf3af711fe59884cfa26142fb2c59e7679b1bb4d0d5808701cf1f4141
1309,goryachev,33.0,201,3.0,fixed_20pct,physical,15.0,0.2,0.1,0.010000000000000002,polarized,0.9651854700626018,0.0001953125,2780.0001953125,0.9651854700625986,102.65904244886728,2780.0,2,37,0,False,1.0,True,work/cases/case_1309/duration_0p0001953125.checkpoint.npz,2b393fc27cf2cc4abdc17560ec16b01d12565f17628f63834171f9923b4d421f
1310,goryachev,33.0,201,3.0,fixed_20pct,physical,15.0,0.2,0.25,0.025,polarized,0.9651854700626257,0.0001953125,2610.0001953125,0.9651854700625971,102.65904244888664,2610.0,2,36,0,False,1.0,True,work/cases/case_1310/duration_0p0001953125.checkpoint.npz,c8c2874da455cd2704b1ce8c77b9a73e088155abb4116882ef25b870259d9b3a
1311,goryachev,33.0,201,3.0,fixed_20pct,physical,15.0,0.2,0.5,0.05,polarized,0.9651854700626166,0.0001953125,2480.0001953125,0.9651854700625987,102.65904244887474,2480.0,2,36,0,False,1.0,True,work/cases/case_1311/duration_0p0001953125.checkpoint.npz,150bd99570661d078d357c6ef47593c07e4422fb0b128693b20fd10cc35313cd
1312,goryachev,33.0,201,3.0,fixed_20pct,physical,15.0,0.2,1.0,0.1,polarized,0.9651854700626227,0.0001953125,2350.0001953125,0.9651854700625995,102.65904244885438,2350.0,2,36,0,False,1.0,True,work/cases/case_1312/duration_0p0001953125.checkpoint.npz,84640382c51bd2655096a9794d7ef747960d6bd3f5c824f044eb1b424cb37a84
1313,goryachev,33.0,201,3.0,fixed_20pct,physical,15.0,0.2,2.0,0.2,polarized,0.9651854700626102,0.0001953125,2220.0001953125,0.9651854700625995,102.65904244884881,2220.0,2,37,0,False,1.0,True,work/cases/case_1313/duration_0p0001953125.checkpoint.npz,4827a2af73c693fcff22b937d26049bafcb4227d36b36666ac46af7d1492101b
1314,goryachev,33.0,201,3.0,fixed_20pct,physical,15.0,0.2,4.0,0.4,polarized,0.9651854700626201,0.0001953125,2085.0001953125,0.9651854700625988,102.65904244886113,2085.0,2,37,0,False,1.0,True,work/cases/case_1314/duration_0p0001953125.checkpoint.npz,58584a691d4ec50f818b106d1651266dbcad46b6bf71bc27bc1e8e719396d868
1315,goryachev,33.0,201,3.0,fixed_20pct,physical,15.0,0.2,10.0,1.0,polarized,0.9651854700626152,0.0001953125,1910.0001953125,0.9651854700626005,102.65904244883355,1910.0,2,37,0,False,1.0,True,work/cases/case_1315/duration_0p0001953125.checkpoint.npz,25242fce6a87b7b7d9fac432acf9a18ffbdee61b54456c528bb65ad608ea5b94
1316,goryachev,33.0,201,6.6000000000000005,relative_20pct,relative,15.0,0.2,0.1,0.010000000000000002,polarized,0.965185470062623,0.0001953125,2685.0001953125,0.9651854700625911,102.65904244901274,2685.0,2,35,0,False,1.0,True,work/cases/case_1316/duration_0p0001953125.checkpoint.npz,d36e13ce1746c6c4246b5c83e3230cc9ba8e8edd1a18c946afb4e53a171dbba6
1317,goryachev,33.0,201,6.6000000000000005,relative_20pct,relative,15.0,0.2,0.25,0.025,polarized,0.9651854700626118,0.0001953125,2515.0001953125,0.9651854700625975,102.65904244888675,2515.0,2,36,0,False,1.0,True,work/cases/case_1317/duration_0p0001953125.checkpoint.npz,8c4bb226afce631fc540004350346551b349921cf07fb4e4d5c6a2be9d68475c
1318,goryachev,33.0,201,6.6000000000000005,relative_20pct,relative,15.0,0.2,0.5,0.05,polarized,0.9651854700626235,0.0001953125,2385.0001953125,0.9651854700625985,102.6590424488675,2385.0,2,35,0,False,1.0,True,work/cases/case_1318/duration_0p0001953125.checkpoint.npz,78cbc38458eca0447e2fc442b85f7658d6bf2d1476338eec25f833fc5c3aac93
1319,goryachev,33.0,201,6.6000000000000005,relative_20pct,relative,15.0,0.2,1.0,0.1,polarized,0.9651854700626107,0.0001953125,2255.0001953125,0.9651854700626026,102.65904244879766,2255.0,2,37,0,False,1.0,True,work/cases/case_1319/duration_0p0001953125.checkpoint.npz,f440f5f5dcd72a0bb2ab71747a02a05cd445fc50fd8f61ede7a618f19ef47537
1320,goryachev,33.0,201,6.6000000000000005,relative_20pct,relative,15.0,0.2,2.0,0.2,polarized,0.9651854700626173,0.0001953125,2125.0001953125,0.9651854700625989,102.65904244886349,2125.0,2,36,0,False,1.0,True,work/cases/case_1320/duration_0p0001953125.checkpoint.npz,240e11bd6e58f4a49fb96ffc5a84d857dbf1ce67376c83e7a5301d2f056de0b0
1321,goryachev,33.0,201,6.6000000000000005,relative_20pct,relative,15.0,0.2,4.0,0.4,polarized,0.9651854700626116,0.0001953125,1995.0001953125,0.9651854700625994,102.65904244885363,1995.0,2,37,0,False,1.0,True,work/cases/case_1321/duration_0p0001953125.checkpoint.npz,992f4345b03ab29dd52feeed6d2ad82aaa2073e7124a44d7171bf1e33f01efed
1322,goryachev,33.0,201,6.6000000000000005,relative_20pct,relative,15.0,0.2,10.0,1.0,polarized,0.9651854700626061,0.0001953125,1820.0001953125,0.9651854700625975,102.65904244888644,1820.0,2,34,0,False,1.0,True,work/cases/case_1322/duration_0p0001953125.checkpoint.npz,d17807f927d7c90c13f24f8762e3884cc5536f53990c1db74598938340fe6c51
1323,goryachev,35.0,201,1.5,fixed_10pct,physical,15.0,0.1,0.1,0.010000000000000002,polarized,0.9669195055109022,0.0001953125,2910.0001953125,0.9669195055108915,107.76629940188842,2910.0,2,35,0,False,1.0,True,work/cases/case_1323/duration_0p0001953125.checkpoint.npz,fefa58c18937d719009c0916a4101e968acc98f8bc0fce334c5cdc990bf678ea
1324,goryachev,35.0,201,1.5,fixed_10pct,physical,15.0,0.1,0.25,0.025,polarized,0.9669195055109077,0.0001953125,2740.0001953125,0.9669195055108982,107.7662994017808,2740.0,2,37,0,False,1.0,True,work/cases/case_1324/duration_0p0001953125.checkpoint.npz,4638e4bd34e35afdbb36551f3287a700f5b6bfbc04e8c1e6366e8d8f3adb39d4
1325,goryachev,35.0,201,1.5,fixed_10pct,physical,15.0,0.1,0.5,0.05,polarized,0.9669195055109068,0.0001953125,2610.0001953125,0.966919505510886,107.76629940200586,2610.0,2,38,0,False,1.0,True,work/cases/case_1325/duration_0p0001953125.checkpoint.npz,4c52081d444f045088bad7e3b982ed107e34ea69d0bdb3b38acbf67c152f6ba5
1326,goryachev,35.0,201,1.5,fixed_10pct,physical,15.0,0.1,1.0,0.1,polarized,0.9669195055109007,0.0001953125,2480.0001953125,0.9669195055108941,107.76629940185077,2480.0,2,35,0,False,1.0,True,work/cases/case_1326/duration_0p0001953125.checkpoint.npz,85eee47f7ca4ad1ba20b88f96c68254e5f9a79d8508e0c22219993fb3f8527bf
1327,goryachev,35.0,201,1.5,fixed_10pct,physical,15.0,0.1,2.0,0.2,polarized,0.9669195055108998,0.0001953125,2345.0001953125,0.9669195055108953,107.76629940183474,2345.0,2,35,0,False,1.0,True,work/cases/case_1327/duration_0p0001953125.checkpoint.npz,2de25909f6368f100272c726d2124fd7d0ceae24501d2106effbe7165f880f7c
1328,goryachev,35.0,201,1.5,fixed_10pct,physical,15.0,0.1,4.0,0.4,polarized,0.9669195055109114,0.0001953125,2215.0001953125,0.9669195055108952,107.76629940184091,2215.0,2,35,0,False,1.0,True,work/cases/case_1328/duration_0p0001953125.checkpoint.npz,9e151d976141a0d70d08de1eea9e79bb5ba6e7e3e2a983cde13b807be3290a1f
1329,goryachev,35.0,201,1.5,fixed_10pct,physical,15.0,0.1,10.0,1.0,polarized,0.96691950551091,0.0001953125,2040.0001953125,0.9669195055108909,107.76629940191371,2040.0,2,38,0,False,1.0,True,work/cases/case_1329/duration_0p0001953125.checkpoint.npz,49e2aafc36c65705c98e6d80d45412d8be8f706efb7979bce2dffb3cb6adcbc6
1330,goryachev,35.0,201,3.0,fixed_20pct,physical,15.0,0.2,0.1,0.010000000000000002,polarized,0.9669195055109013,0.0001953125,2790.0001953125,0.9669195055108947,107.76629940184351,2790.0,2,33,0,False,1.0,True,work/cases/case_1330/duration_0p0001953125.checkpoint.npz,8ea53471b9e4f564a7a20c11af9b648ec76025378c6084385e68f5121b84b633
1331,goryachev,35.0,201,3.0,fixed_20pct,physical,15.0,0.2,0.25,0.025,polarized,0.9669195055109049,0.0001953125,2620.0001953125,0.9669195055108927,107.76629940188066,2620.0,2,34,0,False,1.0,True,work/cases/case_1331/duration_0p0001953125.checkpoint.npz,d9768767ed8775688b459f1866cca1b80038e820851b5b002087a27b4416e0dd
1332,goryachev,35.0,201,3.0,fixed_20pct,physical,15.0,0.2,0.5,0.05,polarized,0.9669195055109049,0.0001953125,2490.0001953125,0.9669195055109049,107.76629940165789,2490.0,2,36,0,False,1.0,True,work/cases/case_1332/duration_0p0001953125.checkpoint.npz,7ce33019df3842e9a47bbc588132a24e845a1726671cb1a6bfd4b45a55df40fb
1333,goryachev,35.0,201,3.0,fixed_20pct,physical,15.0,0.2,1.0,0.1,polarized,0.9669195055109002,0.0001953125,2360.0001953125,0.9669195055108926,107.76629940186963,2360.0,2,37,0,False,1.0,True,work/cases/case_1333/duration_0p0001953125.checkpoint.npz,82b27fede2dae61b89ba8cab8d226b371cd4495d2df977bb0f288c5e1c7ef135
1334,goryachev,35.0,201,3.0,fixed_20pct,physical,15.0,0.2,2.0,0.2,polarized,0.966919505510906,0.0001953125,2225.0001953125,0.966919505510894,107.76629940185073,2225.0,2,37,0,False,1.0,True,work/cases/case_1334/duration_0p0001953125.checkpoint.npz,046cab9e910a8efb9690ab8fa6d264ff7c67d2c5276d609837a3579e86b27ce2
1335,goryachev,35.0,201,3.0,fixed_20pct,physical,15.0,0.2,4.0,0.4,polarized,0.9669195055109042,0.0001953125,2095.0001953125,0.9669195055108949,107.76629940184507,2095.0,2,36,0,False,1.0,True,work/cases/case_1335/duration_0p0001953125.checkpoint.npz,7400c3ed7073112c0f92f366fb8252fe63f05dfc67cdbc598a54cacdac2acaa7
1336,goryachev,35.0,201,3.0,fixed_20pct,physical,15.0,0.2,10.0,1.0,polarized,0.966919505510904,0.0001953125,1920.0001953125,0.9669195055108942,107.76629940185217,1920.0,2,37,0,False,1.0,True,work/cases/case_1336/duration_0p0001953125.checkpoint.npz,b43446944ffc9c169a206eeebcdb185f81995fa00dcdf64647af00ede9eff870
1337,goryachev,35.0,201,7.0,relative_20pct,relative,15.0,0.2,0.1,0.010000000000000002,polarized,0.9669195055109128,0.0001953125,2690.0001953125,0.9669195055109004,107.76629940173983,2690.0,2,38,0,False,1.0,True,work/cases/case_1337/duration_0p0001953125.checkpoint.npz,b7f06d9764bd572d263512c7200fd669c35317ede07e8143f9908f79ff5c01c7
1338,goryachev,35.0,201,7.0,relative_20pct,relative,15.0,0.2,0.25,0.025,polarized,0.9669195055109113,0.0001953125,2520.0001953125,0.9669195055108943,107.76629940184141,2520.0,2,34,0,False,1.0,True,work/cases/case_1338/duration_0p0001953125.checkpoint.npz,fe8408a9c34de436061a80e25404bf3ed2b0088f7975b8959ec441bd4894efc7
1339,goryachev,35.0,201,7.0,relative_20pct,relative,15.0,0.2,0.5,0.05,polarized,0.9669195055109078,0.0001953125,2390.0001953125,0.9669195055108942,107.76629940184777,2390.0,2,34,0,False,1.0,True,work/cases/case_1339/duration_0p0001953125.checkpoint.npz,edbcce8fe13f014813124bde0bfd455cebbde00032e7ade77eb34e9b2c40c636
1340,goryachev,35.0,201,7.0,relative_20pct,relative,15.0,0.2,1.0,0.1,polarized,0.9669195055109183,0.0001953125,2260.0001953125,0.9669195055108917,107.76629940189409,2260.0,2,36,0,False,1.0,True,work/cases/case_1340/duration_0p0001953125.checkpoint.npz,b3c1585daf666527e17b0103e49eb6991203979050d529cb28ec92a10ba2c3be
1341,goryachev,35.0,201,7.0,relative_20pct,relative,15.0,0.2,2.0,0.2,polarized,0.966919505510924,0.0001953125,2130.0001953125,0.966919505510894,107.7662994018534,2130.0,2,37,0,False,1.0,True,work/cases/case_1341/duration_0p0001953125.checkpoint.npz,17d224de1760310f0bb89f87634e2b1b162cbb8f69e988d2b66379425ac3c8da
1342,goryachev,35.0,201,7.0,relative_20pct,relative,15.0,0.2,4.0,0.4,polarized,0.9669195055109197,0.0001953125,2000.0001953125,0.966919505510899,107.76629940176338,2000.0,2,38,0,False,1.0,True,work/cases/case_1342/duration_0p0001953125.checkpoint.npz,e8b1ba7dfa97699b9cab44853b6eed4356399219d7bbf1a2e7f0dcaf2c73883c
1343,goryachev,35.0,201,7.0,relative_20pct,relative,15.0,0.2,10.0,1.0,polarized,0.96691950551092,0.0001953125,1830.0001953125,0.9669195055108942,107.7662994018462,1830.0,2,38,0,False,1.0,True,work/cases/case_1343/duration_0p0001953125.checkpoint.npz,4090caaa66bddf4caf17ca3b2cf5585120460f775aa33340037b0949140be5e9
1344,goryachev,37.0,201,1.5,fixed_10pct,physical,15.0,0.1,0.1,0.010000000000000002,polarized,0.9684500715265882,0.0001953125,2920.0001953125,0.9684500715265726,112.67686782874988,2920.0,2,35,0,False,1.0,True,work/cases/case_1344/duration_0p0001953125.checkpoint.npz,ed1723637a60140c9f72de6a79e342c9e10f87a7e6bab0da3c27062be66cdc9b
1345,goryachev,37.0,201,1.5,fixed_10pct,physical,15.0,0.1,0.25,0.025,polarized,0.9684500715265834,0.0001953125,2745.0001953125,0.9684500715265735,112.67686782872808,2745.0,2,34,0,False,1.0,True,work/cases/case_1345/duration_0p0001953125.checkpoint.npz,b06c6a376fc02350749c6d5deaa0f14b289ebf40298fc5a0f63feda9beb145b1
1346,goryachev,37.0,201,1.5,fixed_10pct,physical,15.0,0.1,0.5,0.05,polarized,0.9684500715265867,0.0001953125,2615.0001953125,0.9684500715265745,112.6768678287126,2615.0,2,35,0,False,1.0,True,work/cases/case_1346/duration_0p0001953125.checkpoint.npz,57c155c539d488167992768fb45da292b39f9337a5fd68bcae176d97ed215086
1347,goryachev,37.0,201,1.5,fixed_10pct,physical,15.0,0.1,1.0,0.1,polarized,0.9684500715265844,0.0001953125,2485.0001953125,0.9684500715265737,112.6768678287375,2485.0,2,36,0,False,1.0,True,work/cases/case_1347/duration_0p0001953125.checkpoint.npz,e6a18b94ae90f52b2393af9e4944b486ecf2293bef3e4fb87758277d8e17fa56
1348,goryachev,37.0,201,1.5,fixed_10pct,physical,15.0,0.1,2.0,0.2,polarized,0.9684500715265948,0.0001953125,2355.0001953125,0.9684500715265731,112.67686782872357,2355.0,2,37,0,False,1.0,True,work/cases/case_1348/duration_0p0001953125.checkpoint.npz,2bd5fa704681e931a7545fc9f7f56e1b5a0b4d7fae0620192af98ab55452521e
1349,goryachev,37.0,201,1.5,fixed_10pct,physical,15.0,0.1,4.0,0.4,polarized,0.9684500715265819,0.0001953125,2225.0001953125,0.9684500715265758,112.67686782869953,2225.0,2,36,0,False,1.0,True,work/cases/case_1349/duration_0p0001953125.checkpoint.npz,96be825a1cbbd206a0f13979d33ad61247cce617e1a27ad6ad8c08bf1d769f0c
1350,goryachev,37.0,201,1.5,fixed_10pct,physical,15.0,0.1,10.0,1.0,polarized,0.9684500715265939,0.0001953125,2045.0001953125,0.9684500715265689,112.67686782880995,2045.0,2,37,0,False,1.0,True,work/cases/case_1350/duration_0p0001953125.checkpoint.npz,e47a5b6b8ffbee87b5762f5931a434af6f9a37db9352bc76b5a0b2e03b7e7156
1351,goryachev,37.0,201,3.0,fixed_20pct,physical,15.0,0.2,0.1,0.010000000000000002,polarized,0.968450071526597,0.0001953125,2800.0001953125,0.9684500715265736,112.67686782873653,2800.0,2,35,0,False,1.0,True,work/cases/case_1351/duration_0p0001953125.checkpoint.npz,86962e50077232afd4c48eed2a4fb0944d70e7e67dd6bfd9a005f7d31c6df918
1352,goryachev,37.0,201,3.0,fixed_20pct,physical,15.0,0.2,0.25,0.025,polarized,0.9684500715265831,0.0001953125,2630.0001953125,0.9684500715265743,112.67686782871885,2630.0,2,37,0,False,1.0,True,work/cases/case_1352/duration_0p0001953125.checkpoint.npz,6a48dacdf0e7c9b426e6b60164089a4b8bf75adf43fe5c4106f4e60eaaf3375c
1353,goryachev,37.0,201,3.0,fixed_20pct,physical,15.0,0.2,0.5,0.05,polarized,0.968450071526588,0.0001953125,2500.0001953125,0.9684500715265741,112.67686782872117,2500.0,2,37,0,False,1.0,True,work/cases/case_1353/duration_0p0001953125.checkpoint.npz,5d401914eda7b4d802208f06cfa29f2f9fa17a057c6b901e25858a2ef628fa6c
1354,goryachev,37.0,201,3.0,fixed_20pct,physical,15.0,0.2,1.0,0.1,polarized,0.9684500715265828,0.0001953125,2370.0001953125,0.9684500715265725,112.67686782875307,2370.0,2,37,0,False,1.0,True,work/cases/case_1354/duration_0p0001953125.checkpoint.npz,59072f1b612921abed2ca470889b01d0ef7195ebf42f14f8b55870107ec586ee
1355,goryachev,37.0,201,3.0,fixed_20pct,physical,15.0,0.2,2.0,0.2,polarized,0.9684500715265867,0.0001953125,2235.0001953125,0.9684500715265784,112.6768678286455,2235.0,2,35,0,False,1.0,True,work/cases/case_1355/duration_0p0001953125.checkpoint.npz,3fd2a410ca5ea5da5e9d7105f299631862c836dedfef3bb9c1d5ce2d5b3bfb12
1356,goryachev,37.0,201,3.0,fixed_20pct,physical,15.0,0.2,4.0,0.4,polarized,0.9684500715265993,0.0001953125,2105.0001953125,0.9684500715265736,112.67686782873737,2105.0,2,37,0,False,1.0,True,work/cases/case_1356/duration_0p0001953125.checkpoint.npz,2857c6454fdc6cab49fd56841a2981245ced890cc97123d34b7a5266dcc2cdb0
1357,goryachev,37.0,201,3.0,fixed_20pct,physical,15.0,0.2,10.0,1.0,polarized,0.9684500715265836,0.0001953125,1925.0001953125,0.9684500715265737,112.67686782873581,1925.0,2,35,0,False,1.0,True,work/cases/case_1357/duration_0p0001953125.checkpoint.npz,304e0a87988ede5b4129affb4308bf27b15a4d1ec8d11d44c6e7d01dfa308480
1358,goryachev,37.0,201,7.4,relative_20pct,relative,15.0,0.2,0.1,0.010000000000000002,polarized,0.9684500715265985,0.0001953125,2695.0001953125,0.968450071526574,112.67686782872246,2695.0,2,37,0,False,1.0,True,work/cases/case_1358/duration_0p0001953125.checkpoint.npz,cfbd52215600b0ea12c179f5c45e5831f5e4743e003f2eb21e58a2bb73951431
1359,goryachev,37.0,201,7.4,relative_20pct,relative,15.0,0.2,0.25,0.025,polarized,0.9684500715265828,0.0001953125,2525.0001953125,0.9684500715265713,112.67686782877105,2525.0,2,37,0,False,1.0,True,work/cases/case_1359/duration_0p0001953125.checkpoint.npz,ad8a1cf883ad8326e1acc75ddf56bddcdf7fd197c52364ff9dbc62456a57de3f
1360,goryachev,37.0,201,7.4,relative_20pct,relative,15.0,0.2,0.5,0.05,polarized,0.9684500715265795,0.0001953125,2395.0001953125,0.9684500715265733,112.67686782874769,2395.0,2,36,0,False,1.0,True,work/cases/case_1360/duration_0p0001953125.checkpoint.npz,459c321344ec40e5f120af8ffdd819f6b3cc34a533bd544570b0174c9caf6d3d
1361,goryachev,37.0,201,7.4,relative_20pct,relative,15.0,0.2,1.0,0.1,polarized,0.9684500715265855,0.0001953125,2270.0001953125,0.9684500715265735,112.67686782873888,2270.0,2,37,0,False,1.0,True,work/cases/case_1361/duration_0p0001953125.checkpoint.npz,21f2256f690319b1676ef7ffd1798282f04cdac700db5ba17a176d8a51f506ac
1362,goryachev,37.0,201,7.4,relative_20pct,relative,15.0,0.2,2.0,0.2,polarized,0.9684500715265862,0.0001953125,2140.0001953125,0.9684500715265734,112.67686782872902,2140.0,2,38,0,False,1.0,True,work/cases/case_1362/duration_0p0001953125.checkpoint.npz,c63651f263a2134e5b878bd368d01962ab013e37b52490b99388e6dc1dcf6f06
1363,goryachev,37.0,201,7.4,relative_20pct,relative,15.0,0.2,4.0,0.4,polarized,0.9684500715265835,0.0001953125,2005.0001953125,0.9684500715265733,112.67686782873206,2005.0,2,37,0,False,1.0,True,work/cases/case_1363/duration_0p0001953125.checkpoint.npz,510e82c8528f7d3ee706e91fda58218575eb65d4e0f62169f7f2e1eb400465dd
1364,goryachev,37.0,201,7.4,relative_20pct,relative,15.0,0.2,10.0,1.0,polarized,0.968450071526583,0.0001953125,1835.0001953125,0.9684500715265748,112.67686782870634,1835.0,2,36,0,False,1.0,True,work/cases/case_1364/duration_0p0001953125.checkpoint.npz,6c3e53e6663d5539beb45c972780d4fb5cc81b6dd3ad132f2278383cb9b4687f
1365,goryachev,39.0,201,1.5,fixed_10pct,physical,15.0,0.1,0.1,0.010000000000000002,polarized,0.969809095703287,0.0001953125,2930.0001953125,0.9698090957032796,117.39032913778836,2930.0,2,35,0,False,1.0,True,work/cases/case_1365/duration_0p0001953125.checkpoint.npz,1ab44de3422ae563b6a619c8e572a8ec351b8cf1bcf20c78020dea93314de5e8
1366,goryachev,39.0,201,1.5,fixed_10pct,physical,15.0,0.1,0.25,0.025,polarized,0.96980909570328,0.0001953125,2760.0001953125,0.9698090957032713,117.39032913792812,2760.0,2,34,0,False,1.0,True,work/cases/case_1366/duration_0p0001953125.checkpoint.npz,6a155a4b1ce5962f5d42bed225d5e73a4dbc50101a0b1a369017ace910cf5864
1367,goryachev,39.0,201,1.5,fixed_10pct,physical,15.0,0.1,0.5,0.05,polarized,0.969809095703301,0.0001953125,2625.0001953125,0.969809095703288,117.3903291376484,2625.0,2,38,0,False,1.0,True,work/cases/case_1367/duration_0p0001953125.checkpoint.npz,1eb7ac26cb6b8e05bfa053739a9d4c583eccb7373afa52803caee32d08cea59a
1368,goryachev,39.0,201,1.5,fixed_10pct,physical,15.0,0.1,1.0,0.1,polarized,0.9698090957032831,0.0001953125,2495.0001953125,0.9698090957032598,117.3903291381204,2495.0,2,35,0,False,1.0,True,work/cases/case_1368/duration_0p0001953125.checkpoint.npz,41a4667dcc7813b84b391404feafcbaabfb198923d2a5b6bbe425e1a8d9fa2cb
1369,goryachev,39.0,201,1.5,fixed_10pct,physical,15.0,0.1,2.0,0.2,polarized,0.9698090957032782,0.0001953125,2365.0001953125,0.9698090957032515,117.39032913827427,2365.0,2,38,0,False,1.0,True,work/cases/case_1369/duration_0p0001953125.checkpoint.npz,87825ac5aa68b512e622ca4e05fa57564b2fcd1ea19ae012280fb83573901d44
1370,goryachev,39.0,201,1.5,fixed_10pct,physical,15.0,0.1,4.0,0.4,polarized,0.9698090957032832,0.0001953125,2230.0001953125,0.9698090957032725,117.39032913790298,2230.0,2,37,0,False,1.0,True,work/cases/case_1370/duration_0p0001953125.checkpoint.npz,b827e6a1869d4e71701c125a0459efc7063bb1c7b2032f83a221f5ac7b8131fc
1371,goryachev,39.0,201,1.5,fixed_10pct,physical,15.0,0.1,10.0,1.0,polarized,0.9698090957032807,0.0001953125,2055.0001953125,0.9698090957032716,117.3903291379273,2055.0,2,37,0,False,1.0,True,work/cases/case_1371/duration_0p0001953125.checkpoint.npz,32ba2cbd38837fc3a5d0bbb32ec8398e0b6621990a69b844c51c0270b338b4d0
1372,goryachev,39.0,201,3.0,fixed_20pct,physical,15.0,0.2,0.1,0.010000000000000002,polarized,0.9698090957032831,0.0001953125,2810.0001953125,0.9698090957032721,117.39032913791347,2810.0,2,37,0,False,1.0,True,work/cases/case_1372/duration_0p0001953125.checkpoint.npz,ffccda281fe351dfe40622ce8e05513bac283ac7c654ee93a7b61af107e6b3fd
1373,goryachev,39.0,201,3.0,fixed_20pct,physical,15.0,0.2,0.25,0.025,polarized,0.9698090957032794,0.0001953125,2640.0001953125,0.9698090957032718,117.39032913792238,2640.0,2,37,0,False,1.0,True,work/cases/case_1373/duration_0p0001953125.checkpoint.npz,2992e29e25d1d318043c8d20f9acd9b261249df520dd6bbc8bfbf4280ce647b3
1374,goryachev,39.0,201,3.0,fixed_20pct,physical,15.0,0.2,0.5,0.05,polarized,0.9698090957032811,0.0001953125,2505.0001953125,0.969809095703272,117.39032913792062,2505.0,2,38,0,False,1.0,True,work/cases/case_1374/duration_0p0001953125.checkpoint.npz,a2e46f1a5c4c8fab75d7d662121b344d7760eac2474f216304128ec21d23a0d5
1375,goryachev,39.0,201,3.0,fixed_20pct,physical,15.0,0.2,1.0,0.1,polarized,0.9698090957032766,0.0001953125,2375.0001953125,0.9698090957032681,117.3903291379756,2375.0,2,36,0,False,1.0,True,work/cases/case_1375/duration_0p0001953125.checkpoint.npz,a2b99873704c8175a7b2c3a6c79ea2c8d31aaeb000846839147f2d0fbc230f14
1376,goryachev,39.0,201,3.0,fixed_20pct,physical,15.0,0.2,2.0,0.2,polarized,0.9698090957032813,0.0001953125,2245.0001953125,0.9698090957032739,117.39032913787722,2245.0,2,36,0,False,1.0,True,work/cases/case_1376/duration_0p0001953125.checkpoint.npz,61ea7d96b79398fce9339105951cd6e4f08e6ddcd77969103b4ff1109aa877ad
1377,goryachev,39.0,201,3.0,fixed_20pct,physical,15.0,0.2,4.0,0.4,polarized,0.9698090957032813,0.0001953125,2110.0001953125,0.9698090957032716,117.39032913792727,2110.0,2,35,0,False,1.0,True,work/cases/case_1377/duration_0p0001953125.checkpoint.npz,debe64a07a6da38b9ab098eb6cb08c3e32b542d690a9d0baf17c29edad943838
1378,goryachev,39.0,201,3.0,fixed_20pct,physical,15.0,0.2,10.0,1.0,polarized,0.9698090957032883,0.0001953125,1935.0001953125,0.9698090957032883,117.39032913764493,1935.0,2,38,0,False,1.0,True,work/cases/case_1378/duration_0p0001953125.checkpoint.npz,de079008091057bba7c5b73378a8af4c9f8ea76dd336b0db8c29bb0831ba55fc
1379,goryachev,39.0,201,7.800000000000001,relative_20pct,relative,15.0,0.2,0.1,0.010000000000000002,polarized,0.9698090957032832,0.0001953125,2700.0001953125,0.9698090957032756,117.39032913785891,2700.0,2,36,0,False,1.0,True,work/cases/case_1379/duration_0p0001953125.checkpoint.npz,2842ee756b6c9a608908d390f0345e11f8335e03aa120fc3f0c253e9f3505ba9
1380,goryachev,39.0,201,7.800000000000001,relative_20pct,relative,15.0,0.2,0.25,0.025,polarized,0.9698090957032977,0.0001953125,2535.0001953125,0.9698090957032668,117.3903291380077,2535.0,2,36,0,False,1.0,True,work/cases/case_1380/duration_0p0001953125.checkpoint.npz,804a0f9729b0e18bb906f22a625dfdade9fa364959b1258b594150a3d5651b0c
1381,goryachev,39.0,201,7.800000000000001,relative_20pct,relative,15.0,0.2,0.5,0.05,polarized,0.9698090957032791,0.0001953125,2405.0001953125,0.9698090957032685,117.39032913797932,2405.0,2,37,0,False,1.0,True,work/cases/case_1381/duration_0p0001953125.checkpoint.npz,92de7d8aa706dce1a6513d915381299bded429b8b5aa54ed15031caa2f3d5ba9
1382,goryachev,39.0,201,7.800000000000001,relative_20pct,relative,15.0,0.2,1.0,0.1,polarized,0.9698090957032837,0.0001953125,2275.0001953125,0.9698090957032707,117.39032913793658,2275.0,2,37,0,False,1.0,True,work/cases/case_1382/duration_0p0001953125.checkpoint.npz,6fab938cf66f4bc960bc64362b96e7e30009f49ad84103438ab31725c19e0297
1383,goryachev,39.0,201,7.800000000000001,relative_20pct,relative,15.0,0.2,2.0,0.2,polarized,0.969809095703279,0.0001953125,2145.0001953125,0.969809095703271,117.39032913793285,2145.0,2,38,0,False,1.0,True,work/cases/case_1383/duration_0p0001953125.checkpoint.npz,7688c56670737728356217b48a2493d509c72c6bfc9a306f69d780d836c67864
1384,goryachev,39.0,201,7.800000000000001,relative_20pct,relative,15.0,0.2,4.0,0.4,polarized,0.9698090957032834,0.0001953125,2015.0001953125,0.9698090957032707,117.39032913793685,2015.0,2,35,0,False,1.0,True,work/cases/case_1384/duration_0p0001953125.checkpoint.npz,bb37dfafeb4e15ba4c20a8e2df6c5cf50a721929c0c8d380e57811f5c503a226
1385,goryachev,39.0,201,7.800000000000001,relative_20pct,relative,15.0,0.2,10.0,1.0,polarized,0.9698090957032832,0.0001953125,1845.0001953125,0.969809095703272,117.39032913792363,1845.0,2,37,0,False,1.0,True,work/cases/case_1385/duration_0p0001953125.checkpoint.npz,8ee80b6825cccdb591ab74aa160eb40f8942d94e45146f3c51b0089060acf341
1386,legi,1.0,201,1.5,fixed_10pct,physical,15.0,0.1,0.1,0.010000000000000002,unpolarized,0.0,,,0.0,,,1,18,0,False,,False,,
1387,legi,1.0,201,1.5,fixed_10pct,physical,15.0,0.1,0.25,0.025,unpolarized,0.0,,,0.0,,,1,18,0,False,,False,,
1388,legi,1.0,201,1.5,fixed_10pct,physical,15.0,0.1,0.5,0.05,unpolarized,0.0,,,0.0,,,1,18,0,False,,False,,
1389,legi,1.0,201,1.5,fixed_10pct,physical,15.0,0.1,1.0,0.1,unpolarized,0.0,,,0.0,,,1,18,0,False,,False,,
1390,legi,1.0,201,1.5,fixed_10pct,physical,15.0,0.1,2.0,0.2,unpolarized,0.0,,,0.0,,,1,18,0,False,,False,,
1391,legi,1.0,201,1.5,fixed_10pct,physical,15.0,0.1,4.0,0.4,unpolarized,0.0,,,0.0,,,1,18,0,False,,False,,
1392,legi,1.0,201,1.5,fixed_10pct,physical,15.0,0.1,10.0,1.0,unpolarized,0.0,,,0.0,,,1,18,0,False,,False,,
1393,legi,1.0,201,3.0,fixed_20pct,physical,15.0,0.2,0.1,0.010000000000000002,unpolarized,0.0,,,0.0,,,1,18,0,False,,False,,
1394,legi,1.0,201,3.0,fixed_20pct,physical,15.0,0.2,0.25,0.025,unpolarized,0.0,,,0.0,,,1,18,0,False,,False,,
1395,legi,1.0,201,3.0,fixed_20pct,physical,15.0,0.2,0.5,0.05,unpolarized,0.0,,,0.0,,,1,18,0,False,,False,,
1396,legi,1.0,201,3.0,fixed_20pct,physical,15.0,0.2,1.0,0.1,unpolarized,0.0,,,0.0,,,1,18,0,False,,False,,
1397,legi,1.0,201,3.0,fixed_20pct,physical,15.0,0.2,2.0,0.2,unpolarized,0.0,,,0.0,,,1,18,0,False,,False,,
1398,legi,1.0,201,3.0,fixed_20pct,physical,15.0,0.2,4.0,0.4,unpolarized,0.0,,,0.0,,,1,18,0,False,,False,,
1399,legi,1.0,201,3.0,fixed_20pct,physical,15.0,0.2,10.0,1.0,unpolarized,0.0,,,0.0,,,1,18,0,False,,False,,
1400,legi,1.0,201,0.2,relative_20pct,relative,15.0,0.2,0.1,0.010000000000000002,unpolarized,0.0,,,0.0,,,1,18,0,False,,False,,
1401,legi,1.0,201,0.2,relative_20pct,relative,15.0,0.2,0.25,0.025,unpolarized,0.0,,,0.0,,,1,18,0,False,,False,,
1402,legi,1.0,201,0.2,relative_20pct,relative,15.0,0.2,0.5,0.05,unpolarized,0.0,,,0.0,,,1,18,0,False,,False,,
1403,legi,1.0,201,0.2,relative_20pct,relative,15.0,0.2,1.0,0.1,unpolarized,0.0,,,0.0,,,1,18,0,False,,False,,
1404,legi,1.0,201,0.2,relative_20pct,relative,15.0,0.2,2.0,0.2,unpolarized,0.0,,,0.0,,,1,18,0,False,,False,,
1405,legi,1.0,201,0.2,relative_20pct,relative,15.0,0.2,4.0,0.4,unpolarized,0.0,,,0.0,,,1,18,0,False,,False,,
1406,legi,1.0,201,0.2,relative_20pct,relative,15.0,0.2,10.0,1.0,unpolarized,0.0,,,0.0,,,1,18,0,False,,False,,
1407,legi,3.0,201,1.5,fixed_10pct,physical,15.0,0.1,0.1,0.010000000000000002,unpolarized,0.0,,,0.0,,,1,18,0,False,,False,,
1408,legi,3.0,201,1.5,fixed_10pct,physical,15.0,0.1,0.25,0.025,unpolarized,0.0,,,0.0,,,1,18,0,False,,False,,
1409,legi,3.0,201,1.5,fixed_10pct,physical,15.0,0.1,0.5,0.05,unpolarized,0.0,,,0.0,,,1,18,0,False,,False,,
1410,legi,3.0,201,1.5,fixed_10pct,physical,15.0,0.1,1.0,0.1,unpolarized,0.0,,,0.0,,,1,18,0,False,,False,,
1411,legi,3.0,201,1.5,fixed_10pct,physical,15.0,0.1,2.0,0.2,unpolarized,0.0,,,0.0,,,1,18,0,False,,False,,
1412,legi,3.0,201,1.5,fixed_10pct,physical,15.0,0.1,4.0,0.4,unpolarized,0.0,,,0.0,,,1,18,0,False,,False,,
1413,legi,3.0,201,1.5,fixed_10pct,physical,15.0,0.1,10.0,1.0,unpolarized,0.0,,,0.0,,,1,18,0,False,,False,,
1414,legi,3.0,201,3.0,fixed_20pct,physical,15.0,0.2,0.1,0.010000000000000002,unpolarized,0.0,,,0.0,,,1,18,0,False,,False,,
1415,legi,3.0,201,3.0,fixed_20pct,physical,15.0,0.2,0.25,0.025,unpolarized,0.0,,,0.0,,,1,18,0,False,,False,,
1416,legi,3.0,201,3.0,fixed_20pct,physical,15.0,0.2,0.5,0.05,unpolarized,0.0,,,0.0,,,1,18,0,False,,False,,
1417,legi,3.0,201,3.0,fixed_20pct,physical,15.0,0.2,1.0,0.1,unpolarized,0.0,,,0.0,,,1,18,0,False,,False,,
1418,legi,3.0,201,3.0,fixed_20pct,physical,15.0,0.2,2.0,0.2,unpolarized,0.0,,,0.0,,,1,18,0,False,,False,,
1419,legi,3.0,201,3.0,fixed_20pct,physical,15.0,0.2,4.0,0.4,unpolarized,0.0,,,0.0,,,1,18,0,False,,False,,
1420,legi,3.0,201,3.0,fixed_20pct,physical,15.0,0.2,10.0,1.0,unpolarized,0.0,,,0.0,,,1,18,0,False,,False,,
1421,legi,3.0,201,0.6000000000000001,relative_20pct,relative,15.0,0.2,0.1,0.010000000000000002,unpolarized,0.0,,,0.0,,,1,18,0,False,,False,,
1422,legi,3.0,201,0.6000000000000001,relative_20pct,relative,15.0,0.2,0.25,0.025,unpolarized,0.0,,,0.0,,,1,18,0,False,,False,,
1423,legi,3.0,201,0.6000000000000001,relative_20pct,relative,15.0,0.2,0.5,0.05,unpolarized,0.0,,,0.0,,,1,18,0,False,,False,,
1424,legi,3.0,201,0.6000000000000001,relative_20pct,relative,15.0,0.2,1.0,0.1,unpolarized,0.0,,,0.0,,,1,18,0,False,,False,,
1425,legi,3.0,201,0.6000000000000001,relative_20pct,relative,15.0,0.2,2.0,0.2,unpolarized,0.0,,,0.0,,,1,18,0,False,,False,,
1426,legi,3.0,201,0.6000000000000001,relative_20pct,relative,15.0,0.2,4.0,0.4,unpolarized,0.0,,,0.0,,,1,18,0,False,,False,,
1427,legi,3.0,201,0.6000000000000001,relative_20pct,relative,15.0,0.2,10.0,1.0,unpolarized,0.0,,,0.0,,,1,18,0,False,,False,,
1428,legi,5.0,201,1.5,fixed_10pct,physical,15.0,0.1,0.1,0.010000000000000002,unpolarized,1.2814514513086385e-16,,,1.2814514513086385e-16,,,1,18,0,False,,False,,
1429,legi,5.0,201,1.5,fixed_10pct,physical,15.0,0.1,0.25,0.025,unpolarized,1.2814514513086385e-16,,,1.2814514513086385e-16,,,1,18,0,False,,False,,
1430,legi,5.0,201,1.5,fixed_10pct,physical,15.0,0.1,0.5,0.05,unpolarized,1.2814514513086385e-16,,,1.2814514513086385e-16,,,1,18,0,False,,False,,
1431,legi,5.0,201,1.5,fixed_10pct,physical,15.0,0.1,1.0,0.1,unpolarized,1.2814514513086385e-16,,,1.2814514513086385e-16,,,1,18,0,False,,False,,
1432,legi,5.0,201,1.5,fixed_10pct,physical,15.0,0.1,2.0,0.2,unpolarized,1.2814514513086385e-16,,,1.2814514513086385e-16,,,1,18,0,False,,False,,
1433,legi,5.0,201,1.5,fixed_10pct,physical,15.0,0.1,4.0,0.4,unpolarized,1.2814514513086385e-16,,,1.2814514513086385e-16,,,1,18,0,False,,False,,
1434,legi,5.0,201,1.5,fixed_10pct,physical,15.0,0.1,10.0,1.0,unpolarized,1.2814514513086385e-16,,,1.2814514513086385e-16,,,1,18,0,False,,False,,
1435,legi,5.0,201,3.0,fixed_20pct,physical,15.0,0.2,0.1,0.010000000000000002,unpolarized,1.2814514513086385e-16,,,1.2814514513086385e-16,,,1,18,0,False,,False,,
1436,legi,5.0,201,3.0,fixed_20pct,physical,15.0,0.2,0.25,0.025,unpolarized,1.2814514513086385e-16,,,1.2814514513086385e-16,,,1,18,0,False,,False,,
1437,legi,5.0,201,3.0,fixed_20pct,physical,15.0,0.2,0.5,0.05,unpolarized,1.2814514513086385e-16,,,1.2814514513086385e-16,,,1,18,0,False,,False,,
1438,legi,5.0,201,3.0,fixed_20pct,physical,15.0,0.2,1.0,0.1,unpolarized,1.2814514513086385e-16,,,1.2814514513086385e-16,,,1,18,0,False,,False,,
1439,legi,5.0,201,3.0,fixed_20pct,physical,15.0,0.2,2.0,0.2,unpolarized,1.2814514513086385e-16,,,1.2814514513086385e-16,,,1,18,0,False,,False,,
1440,legi,5.0,201,3.0,fixed_20pct,physical,15.0,0.2,4.0,0.4,unpolarized,1.2814514513086385e-16,,,1.2814514513086385e-16,,,1,18,0,False,,False,,
1441,legi,5.0,201,3.0,fixed_20pct,physical,15.0,0.2,10.0,1.0,unpolarized,1.2814514513086385e-16,,,1.2814514513086385e-16,,,1,18,0,False,,False,,
1442,legi,5.0,201,1.0,relative_20pct,relative,15.0,0.2,0.1,0.010000000000000002,unpolarized,1.2814514513086385e-16,,,1.2814514513086385e-16,,,1,18,0,False,,False,,
1443,legi,5.0,201,1.0,relative_20pct,relative,15.0,0.2,0.25,0.025,unpolarized,1.2814514513086385e-16,,,1.2814514513086385e-16,,,1,18,0,False,,False,,
1444,legi,5.0,201,1.0,relative_20pct,relative,15.0,0.2,0.5,0.05,unpolarized,1.2814514513086385e-16,,,1.2814514513086385e-16,,,1,18,0,False,,False,,
1445,legi,5.0,201,1.0,relative_20pct,relative,15.0,0.2,1.0,0.1,unpolarized,1.2814514513086385e-16,,,1.2814514513086385e-16,,,1,18,0,False,,False,,
1446,legi,5.0,201,1.0,relative_20pct,relative,15.0,0.2,2.0,0.2,unpolarized,1.2814514513086385e-16,,,1.2814514513086385e-16,,,1,18,0,False,,False,,
1447,legi,5.0,201,1.0,relative_20pct,relative,15.0,0.2,4.0,0.4,unpolarized,1.2814514513086385e-16,,,1.2814514513086385e-16,,,1,18,0,False,,False,,
1448,legi,5.0,201,1.0,relative_20pct,relative,15.0,0.2,10.0,1.0,unpolarized,1.2814514513086385e-16,,,1.2814514513086385e-16,,,1,18,0,False,,False,,
1449,legi,7.0,201,1.5,fixed_10pct,physical,15.0,0.1,0.1,0.010000000000000002,unpolarized,1.1378405127999117e-16,,,1.1378405127999117e-16,,,1,18,0,False,,False,,
1450,legi,7.0,201,1.5,fixed_10pct,physical,15.0,0.1,0.25,0.025,unpolarized,1.1378405127999117e-16,,,1.1378405127999117e-16,,,1,18,0,False,,False,,
1451,legi,7.0,201,1.5,fixed_10pct,physical,15.0,0.1,0.5,0.05,unpolarized,1.1378405127999117e-16,,,1.1378405127999117e-16,,,1,18,0,False,,False,,
1452,legi,7.0,201,1.5,fixed_10pct,physical,15.0,0.1,1.0,0.1,unpolarized,1.1378405127999117e-16,,,1.1378405127999117e-16,,,1,18,0,False,,False,,
1453,legi,7.0,201,1.5,fixed_10pct,physical,15.0,0.1,2.0,0.2,unpolarized,1.1378405127999117e-16,,,1.1378405127999117e-16,,,1,18,0,False,,False,,
1454,legi,7.0,201,1.5,fixed_10pct,physical,15.0,0.1,4.0,0.4,unpolarized,1.1378405127999117e-16,,,1.1378405127999117e-16,,,1,18,0,False,,False,,
1455,legi,7.0,201,1.5,fixed_10pct,physical,15.0,0.1,10.0,1.0,unpolarized,1.1378405127999117e-16,,,1.1378405127999117e-16,,,1,18,0,False,,False,,
1456,legi,7.0,201,3.0,fixed_20pct,physical,15.0,0.2,0.1,0.010000000000000002,unpolarized,1.1378405127999117e-16,,,1.1378405127999117e-16,,,1,18,0,False,,False,,
1457,legi,7.0,201,3.0,fixed_20pct,physical,15.0,0.2,0.25,0.025,unpolarized,1.1378405127999117e-16,,,1.1378405127999117e-16,,,1,18,0,False,,False,,
1458,legi,7.0,201,3.0,fixed_20pct,physical,15.0,0.2,0.5,0.05,unpolarized,1.1378405127999117e-16,,,1.1378405127999117e-16,,,1,18,0,False,,False,,
1459,legi,7.0,201,3.0,fixed_20pct,physical,15.0,0.2,1.0,0.1,unpolarized,1.1378405127999117e-16,,,1.1378405127999117e-16,,,1,18,0,False,,False,,
1460,legi,7.0,201,3.0,fixed_20pct,physical,15.0,0.2,2.0,0.2,unpolarized,1.1378405127999117e-16,,,1.1378405127999117e-16,,,1,18,0,False,,False,,
1461,legi,7.0,201,3.0,fixed_20pct,physical,15.0,0.2,4.0,0.4,unpolarized,1.1378405127999117e-16,,,1.1378405127999117e-16,,,1,18,0,False,,False,,
1462,legi,7.0,201,3.0,fixed_20pct,physical,15.0,0.2,10.0,1.0,unpolarized,1.1378405127999117e-16,,,1.1378405127999117e-16,,,1,18,0,False,,False,,
1463,legi,7.0,201,1.4000000000000001,relative_20pct,relative,15.0,0.2,0.1,0.010000000000000002,unpolarized,1.1378405127999117e-16,,,1.1378405127999117e-16,,,1,18,0,False,,False,,
1464,legi,7.0,201,1.4000000000000001,relative_20pct,relative,15.0,0.2,0.25,0.025,unpolarized,1.1378405127999117e-16,,,1.1378405127999117e-16,,,1,18,0,False,,False,,
1465,legi,7.0,201,1.4000000000000001,relative_20pct,relative,15.0,0.2,0.5,0.05,unpolarized,1.1378405127999117e-16,,,1.1378405127999117e-16,,,1,18,0,False,,False,,
1466,legi,7.0,201,1.4000000000000001,relative_20pct,relative,15.0,0.2,1.0,0.1,unpolarized,1.1378405127999117e-16,,,1.1378405127999117e-16,,,1,18,0,False,,False,,
1467,legi,7.0,201,1.4000000000000001,relative_20pct,relative,15.0,0.2,2.0,0.2,unpolarized,1.1378405127999117e-16,,,1.1378405127999117e-16,,,1,18,0,False,,False,,
1468,legi,7.0,201,1.4000000000000001,relative_20pct,relative,15.0,0.2,4.0,0.4,unpolarized,1.1378405127999117e-16,,,1.1378405127999117e-16,,,1,18,0,False,,False,,
1469,legi,7.0,201,1.4000000000000001,relative_20pct,relative,15.0,0.2,10.0,1.0,unpolarized,1.1378405127999117e-16,,,1.1378405127999117e-16,,,1,18,0,False,,False,,
1470,legi,9.0,201,1.5,fixed_10pct,physical,15.0,0.1,0.1,0.010000000000000002,unpolarized,4.418798107960822e-18,,,4.418798107960822e-18,,,1,18,0,False,,False,,
1471,legi,9.0,201,1.5,fixed_10pct,physical,15.0,0.1,0.25,0.025,unpolarized,4.418798107960822e-18,,,4.418798107960822e-18,,,1,18,0,False,,False,,
1472,legi,9.0,201,1.5,fixed_10pct,physical,15.0,0.1,0.5,0.05,unpolarized,4.418798107960822e-18,,,4.418798107960822e-18,,,1,18,0,False,,False,,
1473,legi,9.0,201,1.5,fixed_10pct,physical,15.0,0.1,1.0,0.1,unpolarized,4.418798107960822e-18,,,4.418798107960822e-18,,,1,18,0,False,,False,,
1474,legi,9.0,201,1.5,fixed_10pct,physical,15.0,0.1,2.0,0.2,unpolarized,4.418798107960822e-18,,,4.418798107960822e-18,,,1,18,0,False,,False,,
1475,legi,9.0,201,1.5,fixed_10pct,physical,15.0,0.1,4.0,0.4,unpolarized,4.418798107960822e-18,,,4.418798107960822e-18,,,1,18,0,False,,False,,
1476,legi,9.0,201,1.5,fixed_10pct,physical,15.0,0.1,10.0,1.0,unpolarized,4.418798107960822e-18,,,4.418798107960822e-18,,,1,18,0,False,,False,,
1477,legi,9.0,201,3.0,fixed_20pct,physical,15.0,0.2,0.1,0.010000000000000002,unpolarized,4.418798107960822e-18,,,4.418798107960822e-18,,,1,18,0,False,,False,,
1478,legi,9.0,201,3.0,fixed_20pct,physical,15.0,0.2,0.25,0.025,unpolarized,4.418798107960822e-18,,,4.418798107960822e-18,,,1,18,0,False,,False,,
1479,legi,9.0,201,3.0,fixed_20pct,physical,15.0,0.2,0.5,0.05,unpolarized,4.418798107960822e-18,,,4.418798107960822e-18,,,1,18,0,False,,False,,
1480,legi,9.0,201,3.0,fixed_20pct,physical,15.0,0.2,1.0,0.1,unpolarized,4.418798107960822e-18,,,4.418798107960822e-18,,,1,18,0,False,,False,,
1481,legi,9.0,201,3.0,fixed_20pct,physical,15.0,0.2,2.0,0.2,unpolarized,4.418798107960822e-18,,,4.418798107960822e-18,,,1,18,0,False,,False,,
1482,legi,9.0,201,3.0,fixed_20pct,physical,15.0,0.2,4.0,0.4,unpolarized,4.418798107960822e-18,,,4.418798107960822e-18,,,1,18,0,False,,False,,
1483,legi,9.0,201,3.0,fixed_20pct,physical,15.0,0.2,10.0,1.0,unpolarized,4.418798107960822e-18,,,4.418798107960822e-18,,,1,18,0,False,,False,,
1484,legi,9.0,201,1.8,relative_20pct,relative,15.0,0.2,0.1,0.010000000000000002,unpolarized,4.418798107960822e-18,,,4.418798107960822e-18,,,1,18,0,False,,False,,
1485,legi,9.0,201,1.8,relative_20pct,relative,15.0,0.2,0.25,0.025,unpolarized,4.418798107960822e-18,,,4.418798107960822e-18,,,1,18,0,False,,False,,
1486,legi,9.0,201,1.8,relative_20pct,relative,15.0,0.2,0.5,0.05,unpolarized,4.418798107960822e-18,,,4.418798107960822e-18,,,1,18,0,False,,False,,
1487,legi,9.0,201,1.8,relative_20pct,relative,15.0,0.2,1.0,0.1,unpolarized,4.418798107960822e-18,,,4.418798107960822e-18,,,1,18,0,False,,False,,
1488,legi,9.0,201,1.8,relative_20pct,relative,15.0,0.2,2.0,0.2,unpolarized,4.418798107960822e-18,,,4.418798107960822e-18,,,1,18,0,False,,False,,
1489,legi,9.0,201,1.8,relative_20pct,relative,15.0,0.2,4.0,0.4,unpolarized,4.418798107960822e-18,,,4.418798107960822e-18,,,1,18,0,False,,False,,
1490,legi,9.0,201,1.8,relative_20pct,relative,15.0,0.2,10.0,1.0,unpolarized,4.418798107960822e-18,,,4.418798107960822e-18,,,1,18,0,False,,False,,
1491,legi,11.0,201,1.5,fixed_10pct,physical,15.0,0.1,0.1,0.010000000000000002,unpolarized,0.0,,,0.0,,,1,18,0,False,,False,,
1492,legi,11.0,201,1.5,fixed_10pct,physical,15.0,0.1,0.25,0.025,unpolarized,0.0,,,0.0,,,1,18,0,False,,False,,
1493,legi,11.0,201,1.5,fixed_10pct,physical,15.0,0.1,0.5,0.05,unpolarized,0.0,,,0.0,,,1,18,0,False,,False,,
1494,legi,11.0,201,1.5,fixed_10pct,physical,15.0,0.1,1.0,0.1,unpolarized,0.0,,,0.0,,,1,18,0,False,,False,,
1495,legi,11.0,201,1.5,fixed_10pct,physical,15.0,0.1,2.0,0.2,unpolarized,0.0,,,0.0,,,1,18,0,False,,False,,
1496,legi,11.0,201,1.5,fixed_10pct,physical,15.0,0.1,4.0,0.4,unpolarized,0.0,,,0.0,,,1,18,0,False,,False,,
1497,legi,11.0,201,1.5,fixed_10pct,physical,15.0,0.1,10.0,1.0,unpolarized,0.0,,,0.0,,,1,18,0,False,,False,,
1498,legi,11.0,201,3.0,fixed_20pct,physical,15.0,0.2,0.1,0.010000000000000002,unpolarized,0.0,,,0.0,,,1,18,0,False,,False,,
1499,legi,11.0,201,3.0,fixed_20pct,physical,15.0,0.2,0.25,0.025,unpolarized,0.0,,,0.0,,,1,18,0,False,,False,,
1500,legi,11.0,201,3.0,fixed_20pct,physical,15.0,0.2,0.5,0.05,unpolarized,0.0,,,0.0,,,1,18,0,False,,False,,
1501,legi,11.0,201,3.0,fixed_20pct,physical,15.0,0.2,1.0,0.1,unpolarized,0.0,,,0.0,,,1,18,0,False,,False,,
1502,legi,11.0,201,3.0,fixed_20pct,physical,15.0,0.2,2.0,0.2,unpolarized,0.0,,,0.0,,,1,18,0,False,,False,,
1503,legi,11.0,201,3.0,fixed_20pct,physical,15.0,0.2,4.0,0.4,unpolarized,0.0,,,0.0,,,1,18,0,False,,False,,
1504,legi,11.0,201,3.0,fixed_20pct,physical,15.0,0.2,10.0,1.0,unpolarized,0.0,,,0.0,,,1,18,0,False,,False,,
1505,legi,11.0,201,2.2,relative_20pct,relative,15.0,0.2,0.1,0.010000000000000002,unpolarized,0.0,,,0.0,,,1,18,0,False,,False,,
1506,legi,11.0,201,2.2,relative_20pct,relative,15.0,0.2,0.25,0.025,unpolarized,0.0,,,0.0,,,1,18,0,False,,False,,
1507,legi,11.0,201,2.2,relative_20pct,relative,15.0,0.2,0.5,0.05,unpolarized,0.0,,,0.0,,,1,18,0,False,,False,,
1508,legi,11.0,201,2.2,relative_20pct,relative,15.0,0.2,1.0,0.1,unpolarized,0.0,,,0.0,,,1,18,0,False,,False,,
1509,legi,11.0,201,2.2,relative_20pct,relative,15.0,0.2,2.0,0.2,unpolarized,0.0,,,0.0,,,1,18,0,False,,False,,
1510,legi,11.0,201,2.2,relative_20pct,relative,15.0,0.2,4.0,0.4,unpolarized,0.0,,,0.0,,,1,18,0,False,,False,,
1511,legi,11.0,201,2.2,relative_20pct,relative,15.0,0.2,10.0,1.0,unpolarized,0.0,,,0.0,,,1,18,0,False,,False,,
1512,legi,12.0,201,1.5,fixed_10pct,physical,15.0,0.1,0.1,0.010000000000000002,unpolarized,0.0,,,0.0,,,1,18,0,False,,False,,
1513,legi,12.0,201,1.5,fixed_10pct,physical,15.0,0.1,0.25,0.025,unpolarized,0.0,,,0.0,,,1,18,0,False,,False,,
1514,legi,12.0,201,1.5,fixed_10pct,physical,15.0,0.1,0.5,0.05,unpolarized,0.0,,,0.0,,,1,18,0,False,,False,,
1515,legi,12.0,201,1.5,fixed_10pct,physical,15.0,0.1,1.0,0.1,unpolarized,0.0,,,0.0,,,1,18,0,False,,False,,
1516,legi,12.0,201,1.5,fixed_10pct,physical,15.0,0.1,2.0,0.2,unpolarized,0.0,,,0.0,,,1,18,0,False,,False,,
1517,legi,12.0,201,1.5,fixed_10pct,physical,15.0,0.1,4.0,0.4,unpolarized,0.0,,,0.0,,,1,18,0,False,,False,,
1518,legi,12.0,201,1.5,fixed_10pct,physical,15.0,0.1,10.0,1.0,unpolarized,0.0,,,0.0,,,1,18,0,False,,False,,
1519,legi,12.0,201,3.0,fixed_20pct,physical,15.0,0.2,0.1,0.010000000000000002,unpolarized,0.0,,,0.0,,,1,18,0,False,,False,,
1520,legi,12.0,201,3.0,fixed_20pct,physical,15.0,0.2,0.25,0.025,unpolarized,0.0,,,0.0,,,1,18,0,False,,False,,
1521,legi,12.0,201,3.0,fixed_20pct,physical,15.0,0.2,0.5,0.05,unpolarized,0.0,,,0.0,,,1,18,0,False,,False,,
1522,legi,12.0,201,3.0,fixed_20pct,physical,15.0,0.2,1.0,0.1,unpolarized,0.0,,,0.0,,,1,18,0,False,,False,,
1523,legi,12.0,201,3.0,fixed_20pct,physical,15.0,0.2,2.0,0.2,unpolarized,0.0,,,0.0,,,1,18,0,False,,False,,
1524,legi,12.0,201,3.0,fixed_20pct,physical,15.0,0.2,4.0,0.4,unpolarized,0.0,,,0.0,,,1,18,0,False,,False,,
1525,legi,12.0,201,3.0,fixed_20pct,physical,15.0,0.2,10.0,1.0,unpolarized,0.0,,,0.0,,,1,18,0,False,,False,,
1526,legi,12.0,201,2.4000000000000004,relative_20pct,relative,15.0,0.2,0.1,0.010000000000000002,unpolarized,0.0,,,0.0,,,1,18,0,False,,False,,
1527,legi,12.0,201,2.4000000000000004,relative_20pct,relative,15.0,0.2,0.25,0.025,unpolarized,0.0,,,0.0,,,1,18,0,False,,False,,
1528,legi,12.0,201,2.4000000000000004,relative_20pct,relative,15.0,0.2,0.5,0.05,unpolarized,0.0,,,0.0,,,1,18,0,False,,False,,
1529,legi,12.0,201,2.4000000000000004,relative_20pct,relative,15.0,0.2,1.0,0.1,unpolarized,0.0,,,0.0,,,1,18,0,False,,False,,
1530,legi,12.0,201,2.4000000000000004,relative_20pct,relative,15.0,0.2,2.0,0.2,unpolarized,0.0,,,0.0,,,1,18,0,False,,False,,
1531,legi,12.0,201,2.4000000000000004,relative_20pct,relative,15.0,0.2,4.0,0.4,unpolarized,0.0,,,0.0,,,1,18,0,False,,False,,
1532,legi,12.0,201,2.4000000000000004,relative_20pct,relative,15.0,0.2,10.0,1.0,unpolarized,0.0,,,0.0,,,1,18,0,False,,False,,
1533,legi,13.0,201,1.5,fixed_10pct,physical,15.0,0.1,0.1,0.010000000000000002,unpolarized,0.0,,,0.0,,,1,18,0,False,,False,,
1534,legi,13.0,201,1.5,fixed_10pct,physical,15.0,0.1,0.25,0.025,unpolarized,0.0,,,0.0,,,1,18,0,False,,False,,
1535,legi,13.0,201,1.5,fixed_10pct,physical,15.0,0.1,0.5,0.05,unpolarized,0.0,,,0.0,,,1,18,0,False,,False,,
1536,legi,13.0,201,1.5,fixed_10pct,physical,15.0,0.1,1.0,0.1,unpolarized,0.0,,,0.0,,,1,18,0,False,,False,,
1537,legi,13.0,201,1.5,fixed_10pct,physical,15.0,0.1,2.0,0.2,unpolarized,0.0,,,0.0,,,1,18,0,False,,False,,
1538,legi,13.0,201,1.5,fixed_10pct,physical,15.0,0.1,4.0,0.4,unpolarized,0.0,,,0.0,,,1,18,0,False,,False,,
1539,legi,13.0,201,1.5,fixed_10pct,physical,15.0,0.1,10.0,1.0,unpolarized,0.0,,,0.0,,,1,18,0,False,,False,,
1540,legi,13.0,201,3.0,fixed_20pct,physical,15.0,0.2,0.1,0.010000000000000002,unpolarized,0.0,,,0.0,,,1,18,0,False,,False,,
1541,legi,13.0,201,3.0,fixed_20pct,physical,15.0,0.2,0.25,0.025,unpolarized,0.0,,,0.0,,,1,18,0,False,,False,,
1542,legi,13.0,201,3.0,fixed_20pct,physical,15.0,0.2,0.5,0.05,unpolarized,0.0,,,0.0,,,1,18,0,False,,False,,
1543,legi,13.0,201,3.0,fixed_20pct,physical,15.0,0.2,1.0,0.1,unpolarized,0.0,,,0.0,,,1,18,0,False,,False,,
1544,legi,13.0,201,3.0,fixed_20pct,physical,15.0,0.2,2.0,0.2,unpolarized,0.0,,,0.0,,,1,18,0,False,,False,,
1545,legi,13.0,201,3.0,fixed_20pct,physical,15.0,0.2,4.0,0.4,unpolarized,0.0,,,0.0,,,1,18,0,False,,False,,
1546,legi,13.0,201,3.0,fixed_20pct,physical,15.0,0.2,10.0,1.0,unpolarized,0.0,,,0.0,,,1,18,0,False,,False,,
1547,legi,13.0,201,2.6,relative_20pct,relative,15.0,0.2,0.1,0.010000000000000002,unpolarized,0.0,,,0.0,,,1,18,0,False,,False,,
1548,legi,13.0,201,2.6,relative_20pct,relative,15.0,0.2,0.25,0.025,unpolarized,0.0,,,0.0,,,1,18,0,False,,False,,
1549,legi,13.0,201,2.6,relative_20pct,relative,15.0,0.2,0.5,0.05,unpolarized,0.0,,,0.0,,,1,18,0,False,,False,,
1550,legi,13.0,201,2.6,relative_20pct,relative,15.0,0.2,1.0,0.1,unpolarized,0.0,,,0.0,,,1,18,0,False,,False,,
1551,legi,13.0,201,2.6,relative_20pct,relative,15.0,0.2,2.0,0.2,unpolarized,0.0,,,0.0,,,1,18,0,False,,False,,
1552,legi,13.0,201,2.6,relative_20pct,relative,15.0,0.2,4.0,0.4,unpolarized,0.0,,,0.0,,,1,18,0,False,,False,,
1553,legi,13.0,201,2.6,relative_20pct,relative,15.0,0.2,10.0,1.0,unpolarized,0.0,,,0.0,,,1,18,0,False,,False,,
1554,legi,15.0,201,1.5,fixed_10pct,physical,15.0,0.1,0.1,0.010000000000000002,unpolarized,9.389945979416747e-17,,,9.389945979416747e-17,,,1,18,0,False,,False,,
1555,legi,15.0,201,1.5,fixed_10pct,physical,15.0,0.1,0.25,0.025,unpolarized,9.389945979416747e-17,,,9.389945979416747e-17,,,1,18,0,False,,False,,
1556,legi,15.0,201,1.5,fixed_10pct,physical,15.0,0.1,0.5,0.05,unpolarized,9.389945979416747e-17,,,9.389945979416747e-17,,,1,18,0,False,,False,,
1557,legi,15.0,201,1.5,fixed_10pct,physical,15.0,0.1,1.0,0.1,unpolarized,9.389945979416747e-17,,,9.389945979416747e-17,,,1,18,0,False,,False,,
1558,legi,15.0,201,1.5,fixed_10pct,physical,15.0,0.1,2.0,0.2,unpolarized,9.389945979416747e-17,,,9.389945979416747e-17,,,1,18,0,False,,False,,
1559,legi,15.0,201,1.5,fixed_10pct,physical,15.0,0.1,4.0,0.4,unpolarized,9.389945979416747e-17,,,9.389945979416747e-17,,,1,18,0,False,,False,,
1560,legi,15.0,201,1.5,fixed_10pct,physical,15.0,0.1,10.0,1.0,unpolarized,9.389945979416747e-17,,,9.389945979416747e-17,,,1,18,0,False,,False,,
1561,legi,15.0,201,3.0,fixed_20pct,physical,15.0,0.2,0.1,0.010000000000000002,unpolarized,9.389945979416747e-17,,,9.389945979416747e-17,,,1,18,0,False,,False,,
1562,legi,15.0,201,3.0,fixed_20pct,physical,15.0,0.2,0.25,0.025,unpolarized,9.389945979416747e-17,,,9.389945979416747e-17,,,1,18,0,False,,False,,
1563,legi,15.0,201,3.0,fixed_20pct,physical,15.0,0.2,0.5,0.05,unpolarized,9.389945979416747e-17,,,9.389945979416747e-17,,,1,18,0,False,,False,,
1564,legi,15.0,201,3.0,fixed_20pct,physical,15.0,0.2,1.0,0.1,unpolarized,9.389945979416747e-17,,,9.389945979416747e-17,,,1,18,0,False,,False,,
1565,legi,15.0,201,3.0,fixed_20pct,physical,15.0,0.2,2.0,0.2,unpolarized,9.389945979416747e-17,,,9.389945979416747e-17,,,1,18,0,False,,False,,
1566,legi,15.0,201,3.0,fixed_20pct,physical,15.0,0.2,4.0,0.4,unpolarized,9.389945979416747e-17,,,9.389945979416747e-17,,,1,18,0,False,,False,,
1567,legi,15.0,201,3.0,fixed_20pct,physical,15.0,0.2,10.0,1.0,unpolarized,9.389945979416747e-17,,,9.389945979416747e-17,,,1,18,0,False,,False,,
1568,legi,15.0,201,3.0,relative_20pct,relative,15.0,0.2,0.1,0.010000000000000002,unpolarized,9.389945979416747e-17,,,9.389945979416747e-17,,,1,18,0,False,,False,,
1569,legi,15.0,201,3.0,relative_20pct,relative,15.0,0.2,0.25,0.025,unpolarized,9.389945979416747e-17,,,9.389945979416747e-17,,,1,18,0,False,,False,,
1570,legi,15.0,201,3.0,relative_20pct,relative,15.0,0.2,0.5,0.05,unpolarized,9.389945979416747e-17,,,9.389945979416747e-17,,,1,18,0,False,,False,,
1571,legi,15.0,201,3.0,relative_20pct,relative,15.0,0.2,1.0,0.1,unpolarized,9.389945979416747e-17,,,9.389945979416747e-17,,,1,18,0,False,,False,,
1572,legi,15.0,201,3.0,relative_20pct,relative,15.0,0.2,2.0,0.2,unpolarized,9.389945979416747e-17,,,9.389945979416747e-17,,,1,18,0,False,,False,,
1573,legi,15.0,201,3.0,relative_20pct,relative,15.0,0.2,4.0,0.4,unpolarized,9.389945979416747e-17,,,9.389945979416747e-17,,,1,18,0,False,,False,,
1574,legi,15.0,201,3.0,relative_20pct,relative,15.0,0.2,10.0,1.0,unpolarized,9.389945979416747e-17,,,9.389945979416747e-17,,,1,18,0,False,,False,,
1575,legi,17.0,201,1.5,fixed_10pct,physical,15.0,0.1,0.1,0.010000000000000002,unpolarized,0.0,,,0.0,,,1,18,0,False,,False,,
1576,legi,17.0,201,1.5,fixed_10pct,physical,15.0,0.1,0.25,0.025,unpolarized,0.0,,,0.0,,,1,18,0,False,,False,,
1577,legi,17.0,201,1.5,fixed_10pct,physical,15.0,0.1,0.5,0.05,unpolarized,0.0,,,0.0,,,1,18,0,False,,False,,
1578,legi,17.0,201,1.5,fixed_10pct,physical,15.0,0.1,1.0,0.1,unpolarized,0.0,,,0.0,,,1,18,0,False,,False,,
1579,legi,17.0,201,1.5,fixed_10pct,physical,15.0,0.1,2.0,0.2,unpolarized,0.0,,,0.0,,,1,18,0,False,,False,,
1580,legi,17.0,201,1.5,fixed_10pct,physical,15.0,0.1,4.0,0.4,unpolarized,0.0,,,0.0,,,1,18,0,False,,False,,
1581,legi,17.0,201,1.5,fixed_10pct,physical,15.0,0.1,10.0,1.0,unpolarized,0.0,,,0.0,,,1,18,0,False,,False,,
1582,legi,17.0,201,3.0,fixed_20pct,physical,15.0,0.2,0.1,0.010000000000000002,unpolarized,0.0,,,0.0,,,1,18,0,False,,False,,
1583,legi,17.0,201,3.0,fixed_20pct,physical,15.0,0.2,0.25,0.025,unpolarized,0.0,,,0.0,,,1,18,0,False,,False,,
1584,legi,17.0,201,3.0,fixed_20pct,physical,15.0,0.2,0.5,0.05,unpolarized,0.0,,,0.0,,,1,18,0,False,,False,,
1585,legi,17.0,201,3.0,fixed_20pct,physical,15.0,0.2,1.0,0.1,unpolarized,0.0,,,0.0,,,1,18,0,False,,False,,
1586,legi,17.0,201,3.0,fixed_20pct,physical,15.0,0.2,2.0,0.2,unpolarized,0.0,,,0.0,,,1,18,0,False,,False,,
1587,legi,17.0,201,3.0,fixed_20pct,physical,15.0,0.2,4.0,0.4,unpolarized,0.0,,,0.0,,,1,18,0,False,,False,,
1588,legi,17.0,201,3.0,fixed_20pct,physical,15.0,0.2,10.0,1.0,unpolarized,0.0,,,0.0,,,1,18,0,False,,False,,
1589,legi,17.0,201,3.4000000000000004,relative_20pct,relative,15.0,0.2,0.1,0.010000000000000002,unpolarized,0.0,,,0.0,,,1,18,0,False,,False,,
1590,legi,17.0,201,3.4000000000000004,relative_20pct,relative,15.0,0.2,0.25,0.025,unpolarized,0.0,,,0.0,,,1,18,0,False,,False,,
1591,legi,17.0,201,3.4000000000000004,relative_20pct,relative,15.0,0.2,0.5,0.05,unpolarized,0.0,,,0.0,,,1,18,0,False,,False,,
1592,legi,17.0,201,3.4000000000000004,relative_20pct,relative,15.0,0.2,1.0,0.1,unpolarized,0.0,,,0.0,,,1,18,0,False,,False,,
1593,legi,17.0,201,3.4000000000000004,relative_20pct,relative,15.0,0.2,2.0,0.2,unpolarized,0.0,,,0.0,,,1,18,0,False,,False,,
1594,legi,17.0,201,3.4000000000000004,relative_20pct,relative,15.0,0.2,4.0,0.4,unpolarized,0.0,,,0.0,,,1,18,0,False,,False,,
1595,legi,17.0,201,3.4000000000000004,relative_20pct,relative,15.0,0.2,10.0,1.0,unpolarized,0.0,,,0.0,,,1,18,0,False,,False,,
1596,legi,18.0,201,1.5,fixed_10pct,physical,15.0,0.1,0.1,0.010000000000000002,unpolarized,4.418798107960822e-18,,,4.418798107960822e-18,,,1,18,0,False,,False,,
1597,legi,18.0,201,1.5,fixed_10pct,physical,15.0,0.1,0.25,0.025,unpolarized,4.418798107960822e-18,,,4.418798107960822e-18,,,1,18,0,False,,False,,
1598,legi,18.0,201,1.5,fixed_10pct,physical,15.0,0.1,0.5,0.05,unpolarized,4.418798107960822e-18,,,4.418798107960822e-18,,,1,18,0,False,,False,,
1599,legi,18.0,201,1.5,fixed_10pct,physical,15.0,0.1,1.0,0.1,unpolarized,4.418798107960822e-18,,,4.418798107960822e-18,,,1,18,0,False,,False,,
1600,legi,18.0,201,1.5,fixed_10pct,physical,15.0,0.1,2.0,0.2,unpolarized,4.418798107960822e-18,,,4.418798107960822e-18,,,1,18,0,False,,False,,
1601,legi,18.0,201,1.5,fixed_10pct,physical,15.0,0.1,4.0,0.4,unpolarized,4.418798107960822e-18,,,4.418798107960822e-18,,,1,18,0,False,,False,,
1602,legi,18.0,201,1.5,fixed_10pct,physical,15.0,0.1,10.0,1.0,unpolarized,4.418798107960822e-18,,,4.418798107960822e-18,,,1,18,0,False,,False,,
1603,legi,18.0,201,3.0,fixed_20pct,physical,15.0,0.2,0.1,0.010000000000000002,unpolarized,4.418798107960822e-18,,,4.418798107960822e-18,,,1,18,0,False,,False,,
1604,legi,18.0,201,3.0,fixed_20pct,physical,15.0,0.2,0.25,0.025,unpolarized,4.418798107960822e-18,,,4.418798107960822e-18,,,1,18,0,False,,False,,
1605,legi,18.0,201,3.0,fixed_20pct,physical,15.0,0.2,0.5,0.05,unpolarized,4.418798107960822e-18,,,4.418798107960822e-18,,,1,18,0,False,,False,,
1606,legi,18.0,201,3.0,fixed_20pct,physical,15.0,0.2,1.0,0.1,unpolarized,4.418798107960822e-18,,,4.418798107960822e-18,,,1,18,0,False,,False,,
1607,legi,18.0,201,3.0,fixed_20pct,physical,15.0,0.2,2.0,0.2,unpolarized,4.418798107960822e-18,,,4.418798107960822e-18,,,1,18,0,False,,False,,
1608,legi,18.0,201,3.0,fixed_20pct,physical,15.0,0.2,4.0,0.4,unpolarized,4.418798107960822e-18,,,4.418798107960822e-18,,,1,18,0,False,,False,,
1609,legi,18.0,201,3.0,fixed_20pct,physical,15.0,0.2,10.0,1.0,unpolarized,4.418798107960822e-18,,,4.418798107960822e-18,,,1,18,0,False,,False,,
1610,legi,18.0,201,3.6,relative_20pct,relative,15.0,0.2,0.1,0.010000000000000002,unpolarized,4.418798107960822e-18,,,4.418798107960822e-18,,,1,18,0,False,,False,,
1611,legi,18.0,201,3.6,relative_20pct,relative,15.0,0.2,0.25,0.025,unpolarized,4.418798107960822e-18,,,4.418798107960822e-18,,,1,18,0,False,,False,,
1612,legi,18.0,201,3.6,relative_20pct,relative,15.0,0.2,0.5,0.05,unpolarized,4.418798107960822e-18,,,4.418798107960822e-18,,,1,18,0,False,,False,,
1613,legi,18.0,201,3.6,relative_20pct,relative,15.0,0.2,1.0,0.1,unpolarized,4.418798107960822e-18,,,4.418798107960822e-18,,,1,18,0,False,,False,,
1614,legi,18.0,201,3.6,relative_20pct,relative,15.0,0.2,2.0,0.2,unpolarized,4.418798107960822e-18,,,4.418798107960822e-18,,,1,18,0,False,,False,,
1615,legi,18.0,201,3.6,relative_20pct,relative,15.0,0.2,4.0,0.4,unpolarized,4.418798107960822e-18,,,4.418798107960822e-18,,,1,18,0,False,,False,,
1616,legi,18.0,201,3.6,relative_20pct,relative,15.0,0.2,10.0,1.0,unpolarized,4.418798107960822e-18,,,4.418798107960822e-18,,,1,18,0,False,,False,,
1617,legi,19.0,201,1.5,fixed_10pct,physical,15.0,0.1,0.1,0.010000000000000002,unpolarized,0.0,,,0.0,,,1,18,0,False,,False,,
1618,legi,19.0,201,1.5,fixed_10pct,physical,15.0,0.1,0.25,0.025,unpolarized,0.0,,,0.0,,,1,18,0,False,,False,,
1619,legi,19.0,201,1.5,fixed_10pct,physical,15.0,0.1,0.5,0.05,unpolarized,0.0,,,0.0,,,1,18,0,False,,False,,
1620,legi,19.0,201,1.5,fixed_10pct,physical,15.0,0.1,1.0,0.1,unpolarized,0.0,,,0.0,,,1,18,0,False,,False,,
1621,legi,19.0,201,1.5,fixed_10pct,physical,15.0,0.1,2.0,0.2,unpolarized,0.0,,,0.0,,,1,18,0,False,,False,,
1622,legi,19.0,201,1.5,fixed_10pct,physical,15.0,0.1,4.0,0.4,unpolarized,0.0,,,0.0,,,1,18,0,False,,False,,
1623,legi,19.0,201,1.5,fixed_10pct,physical,15.0,0.1,10.0,1.0,unpolarized,0.0,,,0.0,,,1,18,0,False,,False,,
1624,legi,19.0,201,3.0,fixed_20pct,physical,15.0,0.2,0.1,0.010000000000000002,unpolarized,0.0,,,0.0,,,1,18,0,False,,False,,
1625,legi,19.0,201,3.0,fixed_20pct,physical,15.0,0.2,0.25,0.025,unpolarized,0.0,,,0.0,,,1,18,0,False,,False,,
1626,legi,19.0,201,3.0,fixed_20pct,physical,15.0,0.2,0.5,0.05,unpolarized,0.0,,,0.0,,,1,18,0,False,,False,,
1627,legi,19.0,201,3.0,fixed_20pct,physical,15.0,0.2,1.0,0.1,unpolarized,0.0,,,0.0,,,1,18,0,False,,False,,
1628,legi,19.0,201,3.0,fixed_20pct,physical,15.0,0.2,2.0,0.2,unpolarized,0.0,,,0.0,,,1,18,0,False,,False,,
1629,legi,19.0,201,3.0,fixed_20pct,physical,15.0,0.2,4.0,0.4,unpolarized,0.0,,,0.0,,,1,18,0,False,,False,,
1630,legi,19.0,201,3.0,fixed_20pct,physical,15.0,0.2,10.0,1.0,unpolarized,0.0,,,0.0,,,1,18,0,False,,False,,
1631,legi,19.0,201,3.8000000000000003,relative_20pct,relative,15.0,0.2,0.1,0.010000000000000002,unpolarized,0.0,,,0.0,,,1,18,0,False,,False,,
1632,legi,19.0,201,3.8000000000000003,relative_20pct,relative,15.0,0.2,0.25,0.025,unpolarized,0.0,,,0.0,,,1,18,0,False,,False,,
1633,legi,19.0,201,3.8000000000000003,relative_20pct,relative,15.0,0.2,0.5,0.05,unpolarized,0.0,,,0.0,,,1,18,0,False,,False,,
1634,legi,19.0,201,3.8000000000000003,relative_20pct,relative,15.0,0.2,1.0,0.1,unpolarized,0.0,,,0.0,,,1,18,0,False,,False,,
1635,legi,19.0,201,3.8000000000000003,relative_20pct,relative,15.0,0.2,2.0,0.2,unpolarized,0.0,,,0.0,,,1,18,0,False,,False,,
1636,legi,19.0,201,3.8000000000000003,relative_20pct,relative,15.0,0.2,4.0,0.4,unpolarized,0.0,,,0.0,,,1,18,0,False,,False,,
1637,legi,19.0,201,3.8000000000000003,relative_20pct,relative,15.0,0.2,10.0,1.0,unpolarized,0.0,,,0.0,,,1,18,0,False,,False,,
1638,legi,21.0,201,1.5,fixed_10pct,physical,15.0,0.1,0.1,0.010000000000000002,unpolarized,4.639738013358863e-17,,,4.639738013358863e-17,,,1,18,0,False,,False,,
1639,legi,21.0,201,1.5,fixed_10pct,physical,15.0,0.1,0.25,0.025,unpolarized,4.639738013358863e-17,,,4.639738013358863e-17,,,1,18,0,False,,False,,
1640,legi,21.0,201,1.5,fixed_10pct,physical,15.0,0.1,0.5,0.05,unpolarized,4.639738013358863e-17,,,4.639738013358863e-17,,,1,18,0,False,,False,,
1641,legi,21.0,201,1.5,fixed_10pct,physical,15.0,0.1,1.0,0.1,unpolarized,4.639738013358863e-17,,,4.639738013358863e-17,,,1,18,0,False,,False,,
1642,legi,21.0,201,1.5,fixed_10pct,physical,15.0,0.1,2.0,0.2,unpolarized,4.639738013358863e-17,,,4.639738013358863e-17,,,1,18,0,False,,False,,
1643,legi,21.0,201,1.5,fixed_10pct,physical,15.0,0.1,4.0,0.4,unpolarized,4.639738013358863e-17,,,4.639738013358863e-17,,,1,18,0,False,,False,,
1644,legi,21.0,201,1.5,fixed_10pct,physical,15.0,0.1,10.0,1.0,unpolarized,4.639738013358863e-17,,,4.639738013358863e-17,,,1,18,0,False,,False,,
1645,legi,21.0,201,3.0,fixed_20pct,physical,15.0,0.2,0.1,0.010000000000000002,unpolarized,4.639738013358863e-17,,,4.639738013358863e-17,,,1,18,0,False,,False,,
1646,legi,21.0,201,3.0,fixed_20pct,physical,15.0,0.2,0.25,0.025,unpolarized,4.639738013358863e-17,,,4.639738013358863e-17,,,1,18,0,False,,False,,
1647,legi,21.0,201,3.0,fixed_20pct,physical,15.0,0.2,0.5,0.05,unpolarized,4.639738013358863e-17,,,4.639738013358863e-17,,,1,18,0,False,,False,,
1648,legi,21.0,201,3.0,fixed_20pct,physical,15.0,0.2,1.0,0.1,unpolarized,4.639738013358863e-17,,,4.639738013358863e-17,,,1,18,0,False,,False,,
1649,legi,21.0,201,3.0,fixed_20pct,physical,15.0,0.2,2.0,0.2,unpolarized,4.639738013358863e-17,,,4.639738013358863e-17,,,1,18,0,False,,False,,
1650,legi,21.0,201,3.0,fixed_20pct,physical,15.0,0.2,4.0,0.4,unpolarized,4.639738013358863e-17,,,4.639738013358863e-17,,,1,18,0,False,,False,,
1651,legi,21.0,201,3.0,fixed_20pct,physical,15.0,0.2,10.0,1.0,unpolarized,4.639738013358863e-17,,,4.639738013358863e-17,,,1,18,0,False,,False,,
1652,legi,21.0,201,4.2,relative_20pct,relative,15.0,0.2,0.1,0.010000000000000002,unpolarized,4.639738013358863e-17,,,4.639738013358863e-17,,,1,18,0,False,,False,,
1653,legi,21.0,201,4.2,relative_20pct,relative,15.0,0.2,0.25,0.025,unpolarized,4.639738013358863e-17,,,4.639738013358863e-17,,,1,18,0,False,,False,,
1654,legi,21.0,201,4.2,relative_20pct,relative,15.0,0.2,0.5,0.05,unpolarized,4.639738013358863e-17,,,4.639738013358863e-17,,,1,18,0,False,,False,,
1655,legi,21.0,201,4.2,relative_20pct,relative,15.0,0.2,1.0,0.1,unpolarized,4.639738013358863e-17,,,4.639738013358863e-17,,,1,18,0,False,,False,,
1656,legi,21.0,201,4.2,relative_20pct,relative,15.0,0.2,2.0,0.2,unpolarized,4.639738013358863e-17,,,4.639738013358863e-17,,,1,18,0,False,,False,,
1657,legi,21.0,201,4.2,relative_20pct,relative,15.0,0.2,4.0,0.4,unpolarized,4.639738013358863e-17,,,4.639738013358863e-17,,,1,18,0,False,,False,,
1658,legi,21.0,201,4.2,relative_20pct,relative,15.0,0.2,10.0,1.0,unpolarized,4.639738013358863e-17,,,4.639738013358863e-17,,,1,18,0,False,,False,,
1659,legi,23.0,201,1.5,fixed_10pct,physical,15.0,0.1,0.1,0.010000000000000002,unpolarized,0.0,,,0.0,,,1,18,0,False,,False,,
1660,legi,23.0,201,1.5,fixed_10pct,physical,15.0,0.1,0.25,0.025,unpolarized,0.0,,,0.0,,,1,18,0,False,,False,,
1661,legi,23.0,201,1.5,fixed_10pct,physical,15.0,0.1,0.5,0.05,unpolarized,0.0,,,0.0,,,1,18,0,False,,False,,
1662,legi,23.0,201,1.5,fixed_10pct,physical,15.0,0.1,1.0,0.1,unpolarized,0.0,,,0.0,,,1,18,0,False,,False,,
1663,legi,23.0,201,1.5,fixed_10pct,physical,15.0,0.1,2.0,0.2,unpolarized,0.0,,,0.0,,,1,18,0,False,,False,,
1664,legi,23.0,201,1.5,fixed_10pct,physical,15.0,0.1,4.0,0.4,unpolarized,0.0,,,0.0,,,1,18,0,False,,False,,
1665,legi,23.0,201,1.5,fixed_10pct,physical,15.0,0.1,10.0,1.0,unpolarized,0.0,,,0.0,,,1,18,0,False,,False,,
1666,legi,23.0,201,3.0,fixed_20pct,physical,15.0,0.2,0.1,0.010000000000000002,unpolarized,0.0,,,0.0,,,1,18,0,False,,False,,
1667,legi,23.0,201,3.0,fixed_20pct,physical,15.0,0.2,0.25,0.025,unpolarized,0.0,,,0.0,,,1,18,0,False,,False,,
1668,legi,23.0,201,3.0,fixed_20pct,physical,15.0,0.2,0.5,0.05,unpolarized,0.0,,,0.0,,,1,18,0,False,,False,,
1669,legi,23.0,201,3.0,fixed_20pct,physical,15.0,0.2,1.0,0.1,unpolarized,0.0,,,0.0,,,1,18,0,False,,False,,
1670,legi,23.0,201,3.0,fixed_20pct,physical,15.0,0.2,2.0,0.2,unpolarized,0.0,,,0.0,,,1,18,0,False,,False,,
1671,legi,23.0,201,3.0,fixed_20pct,physical,15.0,0.2,4.0,0.4,unpolarized,0.0,,,0.0,,,1,18,0,False,,False,,
1672,legi,23.0,201,3.0,fixed_20pct,physical,15.0,0.2,10.0,1.0,unpolarized,0.0,,,0.0,,,1,18,0,False,,False,,
1673,legi,23.0,201,4.6000000000000005,relative_20pct,relative,15.0,0.2,0.1,0.010000000000000002,unpolarized,0.0,,,0.0,,,1,18,0,False,,False,,
1674,legi,23.0,201,4.6000000000000005,relative_20pct,relative,15.0,0.2,0.25,0.025,unpolarized,0.0,,,0.0,,,1,18,0,False,,False,,
1675,legi,23.0,201,4.6000000000000005,relative_20pct,relative,15.0,0.2,0.5,0.05,unpolarized,0.0,,,0.0,,,1,18,0,False,,False,,
1676,legi,23.0,201,4.6000000000000005,relative_20pct,relative,15.0,0.2,1.0,0.1,unpolarized,0.0,,,0.0,,,1,18,0,False,,False,,
1677,legi,23.0,201,4.6000000000000005,relative_20pct,relative,15.0,0.2,2.0,0.2,unpolarized,0.0,,,0.0,,,1,18,0,False,,False,,
1678,legi,23.0,201,4.6000000000000005,relative_20pct,relative,15.0,0.2,4.0,0.4,unpolarized,0.0,,,0.0,,,1,18,0,False,,False,,
1679,legi,23.0,201,4.6000000000000005,relative_20pct,relative,15.0,0.2,10.0,1.0,unpolarized,0.0,,,0.0,,,1,18,0,False,,False,,
1680,legi,25.0,201,1.5,fixed_10pct,physical,15.0,0.1,0.1,0.010000000000000002,unpolarized,0.0,,,0.0,,,1,18,0,False,,False,,
1681,legi,25.0,201,1.5,fixed_10pct,physical,15.0,0.1,0.25,0.025,unpolarized,0.0,,,0.0,,,1,18,0,False,,False,,
1682,legi,25.0,201,1.5,fixed_10pct,physical,15.0,0.1,0.5,0.05,unpolarized,0.0,,,0.0,,,1,18,0,False,,False,,
1683,legi,25.0,201,1.5,fixed_10pct,physical,15.0,0.1,1.0,0.1,unpolarized,0.0,,,0.0,,,1,18,0,False,,False,,
1684,legi,25.0,201,1.5,fixed_10pct,physical,15.0,0.1,2.0,0.2,unpolarized,0.0,,,0.0,,,1,18,0,False,,False,,
1685,legi,25.0,201,1.5,fixed_10pct,physical,15.0,0.1,4.0,0.4,unpolarized,0.0,,,0.0,,,1,18,0,False,,False,,
1686,legi,25.0,201,1.5,fixed_10pct,physical,15.0,0.1,10.0,1.0,unpolarized,0.0,,,0.0,,,1,18,0,False,,False,,
1687,legi,25.0,201,3.0,fixed_20pct,physical,15.0,0.2,0.1,0.010000000000000002,unpolarized,0.0,,,0.0,,,1,18,0,False,,False,,
1688,legi,25.0,201,3.0,fixed_20pct,physical,15.0,0.2,0.25,0.025,unpolarized,0.0,,,0.0,,,1,18,0,False,,False,,
1689,legi,25.0,201,3.0,fixed_20pct,physical,15.0,0.2,0.5,0.05,unpolarized,0.0,,,0.0,,,1,18,0,False,,False,,
1690,legi,25.0,201,3.0,fixed_20pct,physical,15.0,0.2,1.0,0.1,unpolarized,0.0,,,0.0,,,1,18,0,False,,False,,
1691,legi,25.0,201,3.0,fixed_20pct,physical,15.0,0.2,2.0,0.2,unpolarized,0.0,,,0.0,,,1,18,0,False,,False,,
1692,legi,25.0,201,3.0,fixed_20pct,physical,15.0,0.2,4.0,0.4,unpolarized,0.0,,,0.0,,,1,18,0,False,,False,,
1693,legi,25.0,201,3.0,fixed_20pct,physical,15.0,0.2,10.0,1.0,unpolarized,0.0,,,0.0,,,1,18,0,False,,False,,
1694,legi,25.0,201,5.0,relative_20pct,relative,15.0,0.2,0.1,0.010000000000000002,unpolarized,0.0,,,0.0,,,1,18,0,False,,False,,
1695,legi,25.0,201,5.0,relative_20pct,relative,15.0,0.2,0.25,0.025,unpolarized,0.0,,,0.0,,,1,18,0,False,,False,,
1696,legi,25.0,201,5.0,relative_20pct,relative,15.0,0.2,0.5,0.05,unpolarized,0.0,,,0.0,,,1,18,0,False,,False,,
1697,legi,25.0,201,5.0,relative_20pct,relative,15.0,0.2,1.0,0.1,unpolarized,0.0,,,0.0,,,1,18,0,False,,False,,
1698,legi,25.0,201,5.0,relative_20pct,relative,15.0,0.2,2.0,0.2,unpolarized,0.0,,,0.0,,,1,18,0,False,,False,,
1699,legi,25.0,201,5.0,relative_20pct,relative,15.0,0.2,4.0,0.4,unpolarized,0.0,,,0.0,,,1,18,0,False,,False,,
1700,legi,25.0,201,5.0,relative_20pct,relative,15.0,0.2,10.0,1.0,unpolarized,0.0,,,0.0,,,1,18,0,False,,False,,
1701,legi,27.0,201,1.5,fixed_10pct,physical,15.0,0.1,0.1,0.010000000000000002,unpolarized,0.0,,,0.0,,,1,18,0,False,,False,,
1702,legi,27.0,201,1.5,fixed_10pct,physical,15.0,0.1,0.25,0.025,unpolarized,0.0,,,0.0,,,1,18,0,False,,False,,
1703,legi,27.0,201,1.5,fixed_10pct,physical,15.0,0.1,0.5,0.05,unpolarized,0.0,,,0.0,,,1,18,0,False,,False,,
1704,legi,27.0,201,1.5,fixed_10pct,physical,15.0,0.1,1.0,0.1,unpolarized,0.0,,,0.0,,,1,18,0,False,,False,,
1705,legi,27.0,201,1.5,fixed_10pct,physical,15.0,0.1,2.0,0.2,unpolarized,0.0,,,0.0,,,1,18,0,False,,False,,
1706,legi,27.0,201,1.5,fixed_10pct,physical,15.0,0.1,4.0,0.4,unpolarized,0.0,,,0.0,,,1,18,0,False,,False,,
1707,legi,27.0,201,1.5,fixed_10pct,physical,15.0,0.1,10.0,1.0,unpolarized,0.0,,,0.0,,,1,18,0,False,,False,,
1708,legi,27.0,201,3.0,fixed_20pct,physical,15.0,0.2,0.1,0.010000000000000002,unpolarized,0.0,,,0.0,,,1,18,0,False,,False,,
1709,legi,27.0,201,3.0,fixed_20pct,physical,15.0,0.2,0.25,0.025,unpolarized,0.0,,,0.0,,,1,18,0,False,,False,,
1710,legi,27.0,201,3.0,fixed_20pct,physical,15.0,0.2,0.5,0.05,unpolarized,0.0,,,0.0,,,1,18,0,False,,False,,
1711,legi,27.0,201,3.0,fixed_20pct,physical,15.0,0.2,1.0,0.1,unpolarized,0.0,,,0.0,,,1,18,0,False,,False,,
1712,legi,27.0,201,3.0,fixed_20pct,physical,15.0,0.2,2.0,0.2,unpolarized,0.0,,,0.0,,,1,18,0,False,,False,,
1713,legi,27.0,201,3.0,fixed_20pct,physical,15.0,0.2,4.0,0.4,unpolarized,0.0,,,0.0,,,1,18,0,False,,False,,
1714,legi,27.0,201,3.0,fixed_20pct,physical,15.0,0.2,10.0,1.0,unpolarized,0.0,,,0.0,,,1,18,0,False,,False,,
1715,legi,27.0,201,5.4,relative_20pct,relative,15.0,0.2,0.1,0.010000000000000002,unpolarized,0.0,,,0.0,,,1,18,0,False,,False,,
1716,legi,27.0,201,5.4,relative_20pct,relative,15.0,0.2,0.25,0.025,unpolarized,0.0,,,0.0,,,1,18,0,False,,False,,
1717,legi,27.0,201,5.4,relative_20pct,relative,15.0,0.2,0.5,0.05,unpolarized,0.0,,,0.0,,,1,18,0,False,,False,,
1718,legi,27.0,201,5.4,relative_20pct,relative,15.0,0.2,1.0,0.1,unpolarized,0.0,,,0.0,,,1,18,0,False,,False,,
1719,legi,27.0,201,5.4,relative_20pct,relative,15.0,0.2,2.0,0.2,unpolarized,0.0,,,0.0,,,1,18,0,False,,False,,
1720,legi,27.0,201,5.4,relative_20pct,relative,15.0,0.2,4.0,0.4,unpolarized,0.0,,,0.0,,,1,18,0,False,,False,,
1721,legi,27.0,201,5.4,relative_20pct,relative,15.0,0.2,10.0,1.0,unpolarized,0.0,,,0.0,,,1,18,0,False,,False,,
1722,legi,29.0,201,1.5,fixed_10pct,physical,15.0,0.1,0.1,0.010000000000000002,unpolarized,0.0,,,0.0,,,1,18,0,False,,False,,
1723,legi,29.0,201,1.5,fixed_10pct,physical,15.0,0.1,0.25,0.025,unpolarized,0.0,,,0.0,,,1,18,0,False,,False,,
1724,legi,29.0,201,1.5,fixed_10pct,physical,15.0,0.1,0.5,0.05,unpolarized,0.0,,,0.0,,,1,18,0,False,,False,,
1725,legi,29.0,201,1.5,fixed_10pct,physical,15.0,0.1,1.0,0.1,unpolarized,0.0,,,0.0,,,1,18,0,False,,False,,
1726,legi,29.0,201,1.5,fixed_10pct,physical,15.0,0.1,2.0,0.2,unpolarized,0.0,,,0.0,,,1,18,0,False,,False,,
1727,legi,29.0,201,1.5,fixed_10pct,physical,15.0,0.1,4.0,0.4,unpolarized,0.0,,,0.0,,,1,18,0,False,,False,,
1728,legi,29.0,201,1.5,fixed_10pct,physical,15.0,0.1,10.0,1.0,unpolarized,0.0,,,0.0,,,1,18,0,False,,False,,
1729,legi,29.0,201,3.0,fixed_20pct,physical,15.0,0.2,0.1,0.010000000000000002,unpolarized,0.0,,,0.0,,,1,18,0,False,,False,,
1730,legi,29.0,201,3.0,fixed_20pct,physical,15.0,0.2,0.25,0.025,unpolarized,0.0,,,0.0,,,1,18,0,False,,False,,
1731,legi,29.0,201,3.0,fixed_20pct,physical,15.0,0.2,0.5,0.05,unpolarized,0.0,,,0.0,,,1,18,0,False,,False,,
1732,legi,29.0,201,3.0,fixed_20pct,physical,15.0,0.2,1.0,0.1,unpolarized,0.0,,,0.0,,,1,18,0,False,,False,,
1733,legi,29.0,201,3.0,fixed_20pct,physical,15.0,0.2,2.0,0.2,unpolarized,0.0,,,0.0,,,1,18,0,False,,False,,
1734,legi,29.0,201,3.0,fixed_20pct,physical,15.0,0.2,4.0,0.4,unpolarized,0.0,,,0.0,,,1,18,0,False,,False,,
1735,legi,29.0,201,3.0,fixed_20pct,physical,15.0,0.2,10.0,1.0,unpolarized,0.0,,,0.0,,,1,18,0,False,,False,,
1736,legi,29.0,201,5.800000000000001,relative_20pct,relative,15.0,0.2,0.1,0.010000000000000002,unpolarized,0.0,,,0.0,,,1,18,0,False,,False,,
1737,legi,29.0,201,5.800000000000001,relative_20pct,relative,15.0,0.2,0.25,0.025,unpolarized,0.0,,,0.0,,,1,18,0,False,,False,,
1738,legi,29.0,201,5.800000000000001,relative_20pct,relative,15.0,0.2,0.5,0.05,unpolarized,0.0,,,0.0,,,1,18,0,False,,False,,
1739,legi,29.0,201,5.800000000000001,relative_20pct,relative,15.0,0.2,1.0,0.1,unpolarized,0.0,,,0.0,,,1,18,0,False,,False,,
1740,legi,29.0,201,5.800000000000001,relative_20pct,relative,15.0,0.2,2.0,0.2,unpolarized,0.0,,,0.0,,,1,18,0,False,,False,,
1741,legi,29.0,201,5.800000000000001,relative_20pct,relative,15.0,0.2,4.0,0.4,unpolarized,0.0,,,0.0,,,1,18,0,False,,False,,
1742,legi,29.0,201,5.800000000000001,relative_20pct,relative,15.0,0.2,10.0,1.0,unpolarized,0.0,,,0.0,,,1,18,0,False,,False,,
1743,legi,31.0,201,1.5,fixed_10pct,physical,15.0,0.1,0.1,0.010000000000000002,unpolarized,0.0,,,0.0,,,1,18,0,False,,False,,
1744,legi,31.0,201,1.5,fixed_10pct,physical,15.0,0.1,0.25,0.025,unpolarized,0.0,,,0.0,,,1,18,0,False,,False,,
1745,legi,31.0,201,1.5,fixed_10pct,physical,15.0,0.1,0.5,0.05,unpolarized,0.0,,,0.0,,,1,18,0,False,,False,,
1746,legi,31.0,201,1.5,fixed_10pct,physical,15.0,0.1,1.0,0.1,unpolarized,0.0,,,0.0,,,1,18,0,False,,False,,
1747,legi,31.0,201,1.5,fixed_10pct,physical,15.0,0.1,2.0,0.2,unpolarized,0.0,,,0.0,,,1,18,0,False,,False,,
1748,legi,31.0,201,1.5,fixed_10pct,physical,15.0,0.1,4.0,0.4,unpolarized,0.0,,,0.0,,,1,18,0,False,,False,,
1749,legi,31.0,201,1.5,fixed_10pct,physical,15.0,0.1,10.0,1.0,unpolarized,0.0,,,0.0,,,1,18,0,False,,False,,
1750,legi,31.0,201,3.0,fixed_20pct,physical,15.0,0.2,0.1,0.010000000000000002,unpolarized,0.0,,,0.0,,,1,18,0,False,,False,,
1751,legi,31.0,201,3.0,fixed_20pct,physical,15.0,0.2,0.25,0.025,unpolarized,0.0,,,0.0,,,1,18,0,False,,False,,
1752,legi,31.0,201,3.0,fixed_20pct,physical,15.0,0.2,0.5,0.05,unpolarized,0.0,,,0.0,,,1,18,0,False,,False,,
1753,legi,31.0,201,3.0,fixed_20pct,physical,15.0,0.2,1.0,0.1,unpolarized,0.0,,,0.0,,,1,18,0,False,,False,,
1754,legi,31.0,201,3.0,fixed_20pct,physical,15.0,0.2,2.0,0.2,unpolarized,0.0,,,0.0,,,1,18,0,False,,False,,
1755,legi,31.0,201,3.0,fixed_20pct,physical,15.0,0.2,4.0,0.4,unpolarized,0.0,,,0.0,,,1,18,0,False,,False,,
1756,legi,31.0,201,3.0,fixed_20pct,physical,15.0,0.2,10.0,1.0,unpolarized,0.0,,,0.0,,,1,18,0,False,,False,,
1757,legi,31.0,201,6.2,relative_20pct,relative,15.0,0.2,0.1,0.010000000000000002,unpolarized,0.0,,,0.0,,,1,18,0,False,,False,,
1758,legi,31.0,201,6.2,relative_20pct,relative,15.0,0.2,0.25,0.025,unpolarized,0.0,,,0.0,,,1,18,0,False,,False,,
1759,legi,31.0,201,6.2,relative_20pct,relative,15.0,0.2,0.5,0.05,unpolarized,0.0,,,0.0,,,1,18,0,False,,False,,
1760,legi,31.0,201,6.2,relative_20pct,relative,15.0,0.2,1.0,0.1,unpolarized,0.0,,,0.0,,,1,18,0,False,,False,,
1761,legi,31.0,201,6.2,relative_20pct,relative,15.0,0.2,2.0,0.2,unpolarized,0.0,,,0.0,,,1,18,0,False,,False,,
1762,legi,31.0,201,6.2,relative_20pct,relative,15.0,0.2,4.0,0.4,unpolarized,0.0,,,0.0,,,1,18,0,False,,False,,
1763,legi,31.0,201,6.2,relative_20pct,relative,15.0,0.2,10.0,1.0,unpolarized,0.0,,,0.0,,,1,18,0,False,,False,,
1764,legi,33.0,201,1.5,fixed_10pct,physical,15.0,0.1,0.1,0.010000000000000002,unpolarized,0.0,,,0.0,,,1,18,0,False,,False,,
1765,legi,33.0,201,1.5,fixed_10pct,physical,15.0,0.1,0.25,0.025,unpolarized,0.0,,,0.0,,,1,18,0,False,,False,,
1766,legi,33.0,201,1.5,fixed_10pct,physical,15.0,0.1,0.5,0.05,unpolarized,0.0,,,0.0,,,1,18,0,False,,False,,
1767,legi,33.0,201,1.5,fixed_10pct,physical,15.0,0.1,1.0,0.1,unpolarized,0.0,,,0.0,,,1,18,0,False,,False,,
1768,legi,33.0,201,1.5,fixed_10pct,physical,15.0,0.1,2.0,0.2,unpolarized,0.0,,,0.0,,,1,18,0,False,,False,,
1769,legi,33.0,201,1.5,fixed_10pct,physical,15.0,0.1,4.0,0.4,unpolarized,0.0,,,0.0,,,1,18,0,False,,False,,
1770,legi,33.0,201,1.5,fixed_10pct,physical,15.0,0.1,10.0,1.0,unpolarized,0.0,,,0.0,,,1,18,0,False,,False,,
1771,legi,33.0,201,3.0,fixed_20pct,physical,15.0,0.2,0.1,0.010000000000000002,unpolarized,0.0,,,0.0,,,1,18,0,False,,False,,
1772,legi,33.0,201,3.0,fixed_20pct,physical,15.0,0.2,0.25,0.025,unpolarized,0.0,,,0.0,,,1,18,0,False,,False,,
1773,legi,33.0,201,3.0,fixed_20pct,physical,15.0,0.2,0.5,0.05,unpolarized,0.0,,,0.0,,,1,18,0,False,,False,,
1774,legi,33.0,201,3.0,fixed_20pct,physical,15.0,0.2,1.0,0.1,unpolarized,0.0,,,0.0,,,1,18,0,False,,False,,
1775,legi,33.0,201,3.0,fixed_20pct,physical,15.0,0.2,2.0,0.2,unpolarized,0.0,,,0.0,,,1,18,0,False,,False,,
1776,legi,33.0,201,3.0,fixed_20pct,physical,15.0,0.2,4.0,0.4,unpolarized,0.0,,,0.0,,,1,18,0,False,,False,,
1777,legi,33.0,201,3.0,fixed_20pct,physical,15.0,0.2,10.0,1.0,unpolarized,0.0,,,0.0,,,1,18,0,False,,False,,
1778,legi,33.0,201,6.6000000000000005,relative_20pct,relative,15.0,0.2,0.1,0.010000000000000002,unpolarized,0.0,,,0.0,,,1,18,0,False,,False,,
1779,legi,33.0,201,6.6000000000000005,relative_20pct,relative,15.0,0.2,0.25,0.025,unpolarized,0.0,,,0.0,,,1,18,0,False,,False,,
1780,legi,33.0,201,6.6000000000000005,relative_20pct,relative,15.0,0.2,0.5,0.05,unpolarized,0.0,,,0.0,,,1,18,0,False,,False,,
1781,legi,33.0,201,6.6000000000000005,relative_20pct,relative,15.0,0.2,1.0,0.1,unpolarized,0.0,,,0.0,,,1,18,0,False,,False,,
1782,legi,33.0,201,6.6000000000000005,relative_20pct,relative,15.0,0.2,2.0,0.2,unpolarized,0.0,,,0.0,,,1,18,0,False,,False,,
1783,legi,33.0,201,6.6000000000000005,relative_20pct,relative,15.0,0.2,4.0,0.4,unpolarized,0.0,,,0.0,,,1,18,0,False,,False,,
1784,legi,33.0,201,6.6000000000000005,relative_20pct,relative,15.0,0.2,10.0,1.0,unpolarized,0.0,,,0.0,,,1,18,0,False,,False,,
1785,legi,35.0,201,1.5,fixed_10pct,physical,15.0,0.1,0.1,0.010000000000000002,unpolarized,8.0643065470285e-17,,,8.0643065470285e-17,,,1,18,0,False,,False,,
1786,legi,35.0,201,1.5,fixed_10pct,physical,15.0,0.1,0.25,0.025,unpolarized,8.0643065470285e-17,,,8.0643065470285e-17,,,1,18,0,False,,False,,
1787,legi,35.0,201,1.5,fixed_10pct,physical,15.0,0.1,0.5,0.05,unpolarized,8.0643065470285e-17,,,8.0643065470285e-17,,,1,18,0,False,,False,,
1788,legi,35.0,201,1.5,fixed_10pct,physical,15.0,0.1,1.0,0.1,unpolarized,8.0643065470285e-17,,,8.0643065470285e-17,,,1,18,0,False,,False,,
1789,legi,35.0,201,1.5,fixed_10pct,physical,15.0,0.1,2.0,0.2,unpolarized,8.0643065470285e-17,,,8.0643065470285e-17,,,1,18,0,False,,False,,
1790,legi,35.0,201,1.5,fixed_10pct,physical,15.0,0.1,4.0,0.4,unpolarized,8.0643065470285e-17,,,8.0643065470285e-17,,,1,18,0,False,,False,,
1791,legi,35.0,201,1.5,fixed_10pct,physical,15.0,0.1,10.0,1.0,unpolarized,8.0643065470285e-17,,,8.0643065470285e-17,,,1,18,0,False,,False,,
1792,legi,35.0,201,3.0,fixed_20pct,physical,15.0,0.2,0.1,0.010000000000000002,unpolarized,8.0643065470285e-17,,,8.0643065470285e-17,,,1,18,0,False,,False,,
1793,legi,35.0,201,3.0,fixed_20pct,physical,15.0,0.2,0.25,0.025,unpolarized,8.0643065470285e-17,,,8.0643065470285e-17,,,1,18,0,False,,False,,
1794,legi,35.0,201,3.0,fixed_20pct,physical,15.0,0.2,0.5,0.05,unpolarized,8.0643065470285e-17,,,8.0643065470285e-17,,,1,18,0,False,,False,,
1795,legi,35.0,201,3.0,fixed_20pct,physical,15.0,0.2,1.0,0.1,unpolarized,8.0643065470285e-17,,,8.0643065470285e-17,,,1,18,0,False,,False,,
1796,legi,35.0,201,3.0,fixed_20pct,physical,15.0,0.2,2.0,0.2,unpolarized,8.0643065470285e-17,,,8.0643065470285e-17,,,1,18,0,False,,False,,
1797,legi,35.0,201,3.0,fixed_20pct,physical,15.0,0.2,4.0,0.4,unpolarized,8.0643065470285e-17,,,8.0643065470285e-17,,,1,18,0,False,,False,,
1798,legi,35.0,201,3.0,fixed_20pct,physical,15.0,0.2,10.0,1.0,unpolarized,8.0643065470285e-17,,,8.0643065470285e-17,,,1,18,0,False,,False,,
1799,legi,35.0,201,7.0,relative_20pct,relative,15.0,0.2,0.1,0.010000000000000002,unpolarized,8.0643065470285e-17,,,8.0643065470285e-17,,,1,18,0,False,,False,,
1800,legi,35.0,201,7.0,relative_20pct,relative,15.0,0.2,0.25,0.025,unpolarized,8.0643065470285e-17,,,8.0643065470285e-17,,,1,18,0,False,,False,,
1801,legi,35.0,201,7.0,relative_20pct,relative,15.0,0.2,0.5,0.05,unpolarized,8.0643065470285e-17,,,8.0643065470285e-17,,,1,18,0,False,,False,,
1802,legi,35.0,201,7.0,relative_20pct,relative,15.0,0.2,1.0,0.1,unpolarized,8.0643065470285e-17,,,8.0643065470285e-17,,,1,18,0,False,,False,,
1803,legi,35.0,201,7.0,relative_20pct,relative,15.0,0.2,2.0,0.2,unpolarized,8.0643065470285e-17,,,8.0643065470285e-17,,,1,18,0,False,,False,,
1804,legi,35.0,201,7.0,relative_20pct,relative,15.0,0.2,4.0,0.4,unpolarized,8.0643065470285e-17,,,8.0643065470285e-17,,,1,18,0,False,,False,,
1805,legi,35.0,201,7.0,relative_20pct,relative,15.0,0.2,10.0,1.0,unpolarized,8.0643065470285e-17,,,8.0643065470285e-17,,,1,18,0,False,,False,,
1806,legi,37.0,201,1.5,fixed_10pct,physical,15.0,0.1,0.1,0.010000000000000002,unpolarized,0.0,,,0.0,,,1,18,0,False,,False,,
1807,legi,37.0,201,1.5,fixed_10pct,physical,15.0,0.1,0.25,0.025,unpolarized,0.0,,,0.0,,,1,18,0,False,,False,,
1808,legi,37.0,201,1.5,fixed_10pct,physical,15.0,0.1,0.5,0.05,unpolarized,0.0,,,0.0,,,1,18,0,False,,False,,
1809,legi,37.0,201,1.5,fixed_10pct,physical,15.0,0.1,1.0,0.1,unpolarized,0.0,,,0.0,,,1,18,0,False,,False,,
1810,legi,37.0,201,1.5,fixed_10pct,physical,15.0,0.1,2.0,0.2,unpolarized,0.0,,,0.0,,,1,18,0,False,,False,,
1811,legi,37.0,201,1.5,fixed_10pct,physical,15.0,0.1,4.0,0.4,unpolarized,0.0,,,0.0,,,1,18,0,False,,False,,
1812,legi,37.0,201,1.5,fixed_10pct,physical,15.0,0.1,10.0,1.0,unpolarized,0.0,,,0.0,,,1,18,0,False,,False,,
1813,legi,37.0,201,3.0,fixed_20pct,physical,15.0,0.2,0.1,0.010000000000000002,unpolarized,0.0,,,0.0,,,1,18,0,False,,False,,
1814,legi,37.0,201,3.0,fixed_20pct,physical,15.0,0.2,0.25,0.025,unpolarized,0.0,,,0.0,,,1,18,0,False,,False,,
1815,legi,37.0,201,3.0,fixed_20pct,physical,15.0,0.2,0.5,0.05,unpolarized,0.0,,,0.0,,,1,18,0,False,,False,,
1816,legi,37.0,201,3.0,fixed_20pct,physical,15.0,0.2,1.0,0.1,unpolarized,0.0,,,0.0,,,1,18,0,False,,False,,
1817,legi,37.0,201,3.0,fixed_20pct,physical,15.0,0.2,2.0,0.2,unpolarized,0.0,,,0.0,,,1,18,0,False,,False,,
1818,legi,37.0,201,3.0,fixed_20pct,physical,15.0,0.2,4.0,0.4,unpolarized,0.0,,,0.0,,,1,18,0,False,,False,,
1819,legi,37.0,201,3.0,fixed_20pct,physical,15.0,0.2,10.0,1.0,unpolarized,0.0,,,0.0,,,1,18,0,False,,False,,
1820,legi,37.0,201,7.4,relative_20pct,relative,15.0,0.2,0.1,0.010000000000000002,unpolarized,0.0,,,0.0,,,1,18,0,False,,False,,
1821,legi,37.0,201,7.4,relative_20pct,relative,15.0,0.2,0.25,0.025,unpolarized,0.0,,,0.0,,,1,18,0,False,,False,,
1822,legi,37.0,201,7.4,relative_20pct,relative,15.0,0.2,0.5,0.05,unpolarized,0.0,,,0.0,,,1,18,0,False,,False,,
1823,legi,37.0,201,7.4,relative_20pct,relative,15.0,0.2,1.0,0.1,unpolarized,0.0,,,0.0,,,1,18,0,False,,False,,
1824,legi,37.0,201,7.4,relative_20pct,relative,15.0,0.2,2.0,0.2,unpolarized,0.0,,,0.0,,,1,18,0,False,,False,,
1825,legi,37.0,201,7.4,relative_20pct,relative,15.0,0.2,4.0,0.4,unpolarized,0.0,,,0.0,,,1,18,0,False,,False,,
1826,legi,37.0,201,7.4,relative_20pct,relative,15.0,0.2,10.0,1.0,unpolarized,0.0,,,0.0,,,1,18,0,False,,False,,
1827,legi,39.0,201,1.5,fixed_10pct,physical,15.0,0.1,0.1,0.010000000000000002,unpolarized,1.2924984465785405e-16,,,1.2924984465785405e-16,,,1,18,0,False,,False,,
1828,legi,39.0,201,1.5,fixed_10pct,physical,15.0,0.1,0.25,0.025,unpolarized,1.2924984465785405e-16,,,1.2924984465785405e-16,,,1,18,0,False,,False,,
1829,legi,39.0,201,1.5,fixed_10pct,physical,15.0,0.1,0.5,0.05,unpolarized,1.2924984465785405e-16,,,1.2924984465785405e-16,,,1,18,0,False,,False,,
1830,legi,39.0,201,1.5,fixed_10pct,physical,15.0,0.1,1.0,0.1,unpolarized,1.2924984465785405e-16,,,1.2924984465785405e-16,,,1,18,0,False,,False,,
1831,legi,39.0,201,1.5,fixed_10pct,physical,15.0,0.1,2.0,0.2,unpolarized,1.2924984465785405e-16,,,1.2924984465785405e-16,,,1,18,0,False,,False,,
1832,legi,39.0,201,1.5,fixed_10pct,physical,15.0,0.1,4.0,0.4,unpolarized,1.2924984465785405e-16,,,1.2924984465785405e-16,,,1,18,0,False,,False,,
1833,legi,39.0,201,1.5,fixed_10pct,physical,15.0,0.1,10.0,1.0,unpolarized,1.2924984465785405e-16,,,1.2924984465785405e-16,,,1,18,0,False,,False,,
1834,legi,39.0,201,3.0,fixed_20pct,physical,15.0,0.2,0.1,0.010000000000000002,unpolarized,1.2924984465785405e-16,,,1.2924984465785405e-16,,,1,18,0,False,,False,,
1835,legi,39.0,201,3.0,fixed_20pct,physical,15.0,0.2,0.25,0.025,unpolarized,1.2924984465785405e-16,,,1.2924984465785405e-16,,,1,18,0,False,,False,,
1836,legi,39.0,201,3.0,fixed_20pct,physical,15.0,0.2,0.5,0.05,unpolarized,1.2924984465785405e-16,,,1.2924984465785405e-16,,,1,18,0,False,,False,,
1837,legi,39.0,201,3.0,fixed_20pct,physical,15.0,0.2,1.0,0.1,unpolarized,1.2924984465785405e-16,,,1.2924984465785405e-16,,,1,18,0,False,,False,,
1838,legi,39.0,201,3.0,fixed_20pct,physical,15.0,0.2,2.0,0.2,unpolarized,1.2924984465785405e-16,,,1.2924984465785405e-16,,,1,18,0,False,,False,,
1839,legi,39.0,201,3.0,fixed_20pct,physical,15.0,0.2,4.0,0.4,unpolarized,1.2924984465785405e-16,,,1.2924984465785405e-16,,,1,18,0,False,,False,,
1840,legi,39.0,201,3.0,fixed_20pct,physical,15.0,0.2,10.0,1.0,unpolarized,1.2924984465785405e-16,,,1.2924984465785405e-16,,,1,18,0,False,,False,,
1841,legi,39.0,201,7.800000000000001,relative_20pct,relative,15.0,0.2,0.1,0.010000000000000002,unpolarized,1.2924984465785405e-16,,,1.2924984465785405e-16,,,1,18,0,False,,False,,
1842,legi,39.0,201,7.800000000000001,relative_20pct,relative,15.0,0.2,0.25,0.025,unpolarized,1.2924984465785405e-16,,,1.2924984465785405e-16,,,1,18,0,False,,False,,
1843,legi,39.0,201,7.800000000000001,relative_20pct,relative,15.0,0.2,0.5,0.05,unpolarized,1.2924984465785405e-16,,,1.2924984465785405e-16,,,1,18,0,False,,False,,
1844,legi,39.0,201,7.800000000000001,relative_20pct,relative,15.0,0.2,1.0,0.1,unpolarized,1.2924984465785405e-16,,,1.2924984465785405e-16,,,1,18,0,False,,False,,
1845,legi,39.0,201,7.800000000000001,relative_20pct,relative,15.0,0.2,2.0,0.2,unpolarized,1.2924984465785405e-16,,,1.2924984465785405e-16,,,1,18,0,False,,False,,
1846,legi,39.0,201,7.800000000000001,relative_20pct,relative,15.0,0.2,4.0,0.4,unpolarized,1.2924984465785405e-16,,,1.2924984465785405e-16,,,1,18,0,False,,False,,
1847,legi,39.0,201,7.800000000000001,relative_20pct,relative,15.0,0.2,10.0,1.0,unpolarized,1.2924984465785405e-16,,,1.2924984465785405e-16,,,1,18,0,False,,False,,
1848,debelly,1.0,201,1.5,fixed_10pct,physical,15.0,0.1,0.1,0.36000000000000004,unpolarized,8.68954322458951e-16,,,8.68954322458951e-16,,,1,18,0,False,,False,,
1849,debelly,1.0,201,1.5,fixed_10pct,physical,15.0,0.1,0.25,0.9,unpolarized,8.68954322458951e-16,,,8.68954322458951e-16,,,1,18,0,False,,False,,
1850,debelly,1.0,201,1.5,fixed_10pct,physical,15.0,0.1,0.5,1.8,unpolarized,8.68954322458951e-16,,,8.68954322458951e-16,,,1,18,0,False,,False,,
1851,debelly,1.0,201,1.5,fixed_10pct,physical,15.0,0.1,1.0,3.6,unpolarized,8.68954322458951e-16,,,8.68954322458951e-16,,,1,18,0,False,,False,,
1852,debelly,1.0,201,1.5,fixed_10pct,physical,15.0,0.1,2.0,7.2,unpolarized,8.68954322458951e-16,,,8.68954322458951e-16,,,1,18,0,False,,False,,
1853,debelly,1.0,201,1.5,fixed_10pct,physical,15.0,0.1,4.0,14.4,unpolarized,8.68954322458951e-16,,,8.68954322458951e-16,,,1,18,0,False,,False,,
1854,debelly,1.0,201,1.5,fixed_10pct,physical,15.0,0.1,10.0,36.0,unpolarized,8.68954322458951e-16,,,8.68954322458951e-16,,,1,18,0,False,,False,,
1855,debelly,1.0,201,3.0,fixed_20pct,physical,15.0,0.2,0.1,0.36000000000000004,unpolarized,8.68954322458951e-16,,,8.68954322458951e-16,,,1,18,0,False,,False,,
1856,debelly,1.0,201,3.0,fixed_20pct,physical,15.0,0.2,0.25,0.9,unpolarized,8.68954322458951e-16,,,8.68954322458951e-16,,,1,18,0,False,,False,,
1857,debelly,1.0,201,3.0,fixed_20pct,physical,15.0,0.2,0.5,1.8,unpolarized,8.68954322458951e-16,,,8.68954322458951e-16,,,1,18,0,False,,False,,
1858,debelly,1.0,201,3.0,fixed_20pct,physical,15.0,0.2,1.0,3.6,unpolarized,8.68954322458951e-16,,,8.68954322458951e-16,,,1,18,0,False,,False,,
1859,debelly,1.0,201,3.0,fixed_20pct,physical,15.0,0.2,2.0,7.2,unpolarized,8.68954322458951e-16,,,8.68954322458951e-16,,,1,18,0,False,,False,,
1860,debelly,1.0,201,3.0,fixed_20pct,physical,15.0,0.2,4.0,14.4,unpolarized,8.68954322458951e-16,,,8.68954322458951e-16,,,1,18,0,False,,False,,
1861,debelly,1.0,201,3.0,fixed_20pct,physical,15.0,0.2,10.0,36.0,unpolarized,8.68954322458951e-16,,,8.68954322458951e-16,,,1,18,0,False,,False,,
1862,debelly,1.0,201,0.2,relative_20pct,relative,15.0,0.2,0.1,0.36000000000000004,unpolarized,8.68954322458951e-16,,,8.68954322458951e-16,,,1,18,0,False,,False,,
1863,debelly,1.0,201,0.2,relative_20pct,relative,15.0,0.2,0.25,0.9,unpolarized,8.68954322458951e-16,,,8.68954322458951e-16,,,1,18,0,False,,False,,
1864,debelly,1.0,201,0.2,relative_20pct,relative,15.0,0.2,0.5,1.8,unpolarized,8.68954322458951e-16,,,8.68954322458951e-16,,,1,18,0,False,,False,,
1865,debelly,1.0,201,0.2,relative_20pct,relative,15.0,0.2,1.0,3.6,unpolarized,8.68954322458951e-16,,,8.68954322458951e-16,,,1,18,0,False,,False,,
1866,debelly,1.0,201,0.2,relative_20pct,relative,15.0,0.2,2.0,7.2,unpolarized,8.68954322458951e-16,,,8.68954322458951e-16,,,1,18,0,False,,False,,
1867,debelly,1.0,201,0.2,relative_20pct,relative,15.0,0.2,4.0,14.4,unpolarized,8.68954322458951e-16,,,8.68954322458951e-16,,,1,18,0,False,,False,,
1868,debelly,1.0,201,0.2,relative_20pct,relative,15.0,0.2,10.0,36.0,unpolarized,8.68954322458951e-16,,,8.68954322458951e-16,,,1,18,0,False,,False,,
1869,debelly,3.0,201,1.5,fixed_10pct,physical,15.0,0.1,0.1,0.36000000000000004,unpolarized,0.0,,,0.0,,,1,18,0,False,,False,,
1870,debelly,3.0,201,1.5,fixed_10pct,physical,15.0,0.1,0.25,0.9,unpolarized,0.0,,,0.0,,,1,18,0,False,,False,,
1871,debelly,3.0,201,1.5,fixed_10pct,physical,15.0,0.1,0.5,1.8,unpolarized,0.0,,,0.0,,,1,18,0,False,,False,,
1872,debelly,3.0,201,1.5,fixed_10pct,physical,15.0,0.1,1.0,3.6,unpolarized,0.0,,,0.0,,,1,18,0,False,,False,,
1873,debelly,3.0,201,1.5,fixed_10pct,physical,15.0,0.1,2.0,7.2,unpolarized,0.0,,,0.0,,,1,18,0,False,,False,,
1874,debelly,3.0,201,1.5,fixed_10pct,physical,15.0,0.1,4.0,14.4,unpolarized,0.0,,,0.0,,,1,18,0,False,,False,,
1875,debelly,3.0,201,1.5,fixed_10pct,physical,15.0,0.1,10.0,36.0,unpolarized,0.0,,,0.0,,,1,18,0,False,,False,,
1876,debelly,3.0,201,3.0,fixed_20pct,physical,15.0,0.2,0.1,0.36000000000000004,unpolarized,0.0,,,0.0,,,1,18,0,False,,False,,
1877,debelly,3.0,201,3.0,fixed_20pct,physical,15.0,0.2,0.25,0.9,unpolarized,0.0,,,0.0,,,1,18,0,False,,False,,
1878,debelly,3.0,201,3.0,fixed_20pct,physical,15.0,0.2,0.5,1.8,unpolarized,0.0,,,0.0,,,1,18,0,False,,False,,
1879,debelly,3.0,201,3.0,fixed_20pct,physical,15.0,0.2,1.0,3.6,unpolarized,0.0,,,0.0,,,1,18,0,False,,False,,
1880,debelly,3.0,201,3.0,fixed_20pct,physical,15.0,0.2,2.0,7.2,unpolarized,0.0,,,0.0,,,1,18,0,False,,False,,
1881,debelly,3.0,201,3.0,fixed_20pct,physical,15.0,0.2,4.0,14.4,unpolarized,0.0,,,0.0,,,1,18,0,False,,False,,
1882,debelly,3.0,201,3.0,fixed_20pct,physical,15.0,0.2,10.0,36.0,unpolarized,0.0,,,0.0,,,1,18,0,False,,False,,
1883,debelly,3.0,201,0.6000000000000001,relative_20pct,relative,15.0,0.2,0.1,0.36000000000000004,unpolarized,0.0,,,0.0,,,1,18,0,False,,False,,
1884,debelly,3.0,201,0.6000000000000001,relative_20pct,relative,15.0,0.2,0.25,0.9,unpolarized,0.0,,,0.0,,,1,18,0,False,,False,,
1885,debelly,3.0,201,0.6000000000000001,relative_20pct,relative,15.0,0.2,0.5,1.8,unpolarized,0.0,,,0.0,,,1,18,0,False,,False,,
1886,debelly,3.0,201,0.6000000000000001,relative_20pct,relative,15.0,0.2,1.0,3.6,unpolarized,0.0,,,0.0,,,1,18,0,False,,False,,
1887,debelly,3.0,201,0.6000000000000001,relative_20pct,relative,15.0,0.2,2.0,7.2,unpolarized,0.0,,,0.0,,,1,18,0,False,,False,,
1888,debelly,3.0,201,0.6000000000000001,relative_20pct,relative,15.0,0.2,4.0,14.4,unpolarized,0.0,,,0.0,,,1,18,0,False,,False,,
1889,debelly,3.0,201,0.6000000000000001,relative_20pct,relative,15.0,0.2,10.0,36.0,unpolarized,0.0,,,0.0,,,1,18,0,False,,False,,
1890,debelly,5.0,201,1.5,fixed_10pct,physical,15.0,0.1,0.1,0.36000000000000004,unpolarized,4.7843602695418567e-14,,,4.7843602695418567e-14,,,1,18,0,False,,False,,
1891,debelly,5.0,201,1.5,fixed_10pct,physical,15.0,0.1,0.25,0.9,unpolarized,4.2016497238926644e-14,,,4.2016497238926644e-14,,,1,18,0,False,,False,,
1892,debelly,5.0,201,1.5,fixed_10pct,physical,15.0,0.1,0.5,1.8,unpolarized,4.8150292456287636e-14,,,4.8150292456287636e-14,,,1,18,0,False,,False,,
1893,debelly,5.0,201,1.5,fixed_10pct,physical,15.0,0.1,1.0,3.6,unpolarized,4.809917749614286e-14,,,4.809917749614286e-14,,,1,18,0,False,,False,,
1894,debelly,5.0,201,1.5,fixed_10pct,physical,15.0,0.1,2.0,7.2,unpolarized,5.157499478598041e-14,,,5.157499478598041e-14,,,1,18,0,False,,False,,
1895,debelly,5.0,201,1.5,fixed_10pct,physical,15.0,0.1,4.0,14.4,unpolarized,4.825252237657685e-14,,,4.825252237657685e-14,,,1,18,0,False,,False,,
1896,debelly,5.0,201,1.5,fixed_10pct,physical,15.0,0.1,10.0,36.0,unpolarized,4.932593653961491e-14,,,4.932593653961491e-14,,,1,18,0,False,,False,,
1897,debelly,5.0,201,3.0,fixed_20pct,physical,15.0,0.2,0.1,0.36000000000000004,unpolarized,4.2425416920084055e-14,,,4.2425416920084055e-14,,,1,18,0,False,,False,,
1898,debelly,5.0,201,3.0,fixed_20pct,physical,15.0,0.2,0.25,0.9,unpolarized,4.743468301426225e-14,,,4.743468301426225e-14,,,1,18,0,False,,False,,
1899,debelly,5.0,201,3.0,fixed_20pct,physical,15.0,0.2,0.5,1.8,unpolarized,4.9939316061350586e-14,,,4.9939316061350586e-14,,,1,18,0,False,,False,,
1900,debelly,5.0,201,3.0,fixed_20pct,physical,15.0,0.2,1.0,3.6,unpolarized,4.9939316061350586e-14,,,4.9939316061350586e-14,,,1,18,0,False,,False,,
1901,debelly,5.0,201,3.0,fixed_20pct,physical,15.0,0.2,2.0,7.2,unpolarized,4.8252522376576407e-14,,,4.8252522376576407e-14,,,1,18,0,False,,False,,
1902,debelly,5.0,201,3.0,fixed_20pct,physical,15.0,0.2,4.0,14.4,unpolarized,5.0246005822218634e-14,,,5.0246005822218634e-14,,,1,18,0,False,,False,,
1903,debelly,5.0,201,3.0,fixed_20pct,physical,15.0,0.2,10.0,36.0,unpolarized,4.809917749614256e-14,,,4.809917749614256e-14,,,1,18,0,False,,False,,
1904,debelly,5.0,201,1.0,relative_20pct,relative,15.0,0.2,0.1,0.36000000000000004,unpolarized,3.3480298894763225e-14,,,3.3480298894763225e-14,,,1,18,0,False,,False,,
1905,debelly,5.0,201,1.0,relative_20pct,relative,15.0,0.2,0.25,0.9,unpolarized,3.664942642373571e-14,,,3.664942642373571e-14,,,1,18,0,False,,False,,
1906,debelly,5.0,201,1.0,relative_20pct,relative,15.0,0.2,0.5,1.8,unpolarized,4.4521130286014535e-14,,,4.4521130286014535e-14,,,1,18,0,False,,False,,
1907,debelly,5.0,201,1.0,relative_20pct,relative,15.0,0.2,1.0,3.6,unpolarized,4.7179108213538927e-14,,,4.7179108213538927e-14,,,1,18,0,False,,False,,
1908,debelly,5.0,201,1.0,relative_20pct,relative,15.0,0.2,2.0,7.2,unpolarized,4.8814786938168305e-14,,,4.8814786938168305e-14,,,1,18,0,False,,False,,
1909,debelly,5.0,201,1.0,relative_20pct,relative,15.0,0.2,4.0,14.4,unpolarized,4.825252237657638e-14,,,4.825252237657638e-14,,,1,18,0,False,,False,,
1910,debelly,5.0,201,1.0,relative_20pct,relative,15.0,0.2,10.0,36.0,unpolarized,4.9325936539614934e-14,,,4.9325936539614934e-14,,,1,18,0,False,,False,,
1911,debelly,7.0,201,1.5,fixed_10pct,physical,15.0,0.1,0.1,0.36000000000000004,unpolarized,3.4451483137509297e-14,,,3.4451483137509297e-14,,,1,18,0,False,,False,,
1912,debelly,7.0,201,1.5,fixed_10pct,physical,15.0,0.1,0.25,0.9,unpolarized,3.4604828017943324e-14,,,3.4604828017943324e-14,,,1,18,0,False,,False,,
1913,debelly,7.0,201,1.5,fixed_10pct,physical,15.0,0.1,0.5,1.8,unpolarized,3.4604828017943324e-14,,,3.4604828017943324e-14,,,1,18,0,False,,False,,
1914,debelly,7.0,201,1.5,fixed_10pct,physical,15.0,0.1,1.0,3.6,unpolarized,3.4604828017943324e-14,,,3.4604828017943324e-14,,,1,18,0,False,,False,,
1915,debelly,7.0,201,1.5,fixed_10pct,physical,15.0,0.1,2.0,7.2,unpolarized,3.4604828017943324e-14,,,3.4604828017943324e-14,,,1,18,0,False,,False,,
1916,debelly,7.0,201,1.5,fixed_10pct,physical,15.0,0.1,4.0,14.4,unpolarized,3.4604828017943324e-14,,,3.4604828017943324e-14,,,1,18,0,False,,False,,
1917,debelly,7.0,201,1.5,fixed_10pct,physical,15.0,0.1,10.0,36.0,unpolarized,3.4604828017943324e-14,,,3.4604828017943324e-14,,,1,18,0,False,,False,,
1918,debelly,7.0,201,3.0,fixed_20pct,physical,15.0,0.2,0.1,0.36000000000000004,unpolarized,3.4451483137509297e-14,,,3.4451483137509297e-14,,,1,18,0,False,,False,,
1919,debelly,7.0,201,3.0,fixed_20pct,physical,15.0,0.2,0.25,0.9,unpolarized,3.4451483137509297e-14,,,3.4451483137509297e-14,,,1,18,0,False,,False,,
1920,debelly,7.0,201,3.0,fixed_20pct,physical,15.0,0.2,0.5,1.8,unpolarized,3.4604828017943324e-14,,,3.4604828017943324e-14,,,1,18,0,False,,False,,
1921,debelly,7.0,201,3.0,fixed_20pct,physical,15.0,0.2,1.0,3.6,unpolarized,3.4604828017943324e-14,,,3.4604828017943324e-14,,,1,18,0,False,,False,,
1922,debelly,7.0,201,3.0,fixed_20pct,physical,15.0,0.2,2.0,7.2,unpolarized,3.4451483137509297e-14,,,3.4451483137509297e-14,,,1,18,0,False,,False,,
1923,debelly,7.0,201,3.0,fixed_20pct,physical,15.0,0.2,4.0,14.4,unpolarized,3.4604828017943324e-14,,,3.4604828017943324e-14,,,1,18,0,False,,False,,
1924,debelly,7.0,201,3.0,fixed_20pct,physical,15.0,0.2,10.0,36.0,unpolarized,3.4604828017943324e-14,,,3.4604828017943324e-14,,,1,18,0,False,,False,,
1925,debelly,7.0,201,1.4000000000000001,relative_20pct,relative,15.0,0.2,0.1,0.36000000000000004,unpolarized,3.4604828017943324e-14,,,3.4604828017943324e-14,,,1,18,0,False,,False,,
1926,debelly,7.0,201,1.4000000000000001,relative_20pct,relative,15.0,0.2,0.25,0.9,unpolarized,3.4604828017943324e-14,,,3.4604828017943324e-14,,,1,18,0,False,,False,,
1927,debelly,7.0,201,1.4000000000000001,relative_20pct,relative,15.0,0.2,0.5,1.8,unpolarized,3.4604828017943324e-14,,,3.4604828017943324e-14,,,1,18,0,False,,False,,
1928,debelly,7.0,201,1.4000000000000001,relative_20pct,relative,15.0,0.2,1.0,3.6,unpolarized,3.4451483137509297e-14,,,3.4451483137509297e-14,,,1,18,0,False,,False,,
1929,debelly,7.0,201,1.4000000000000001,relative_20pct,relative,15.0,0.2,2.0,7.2,unpolarized,3.4604828017943324e-14,,,3.4604828017943324e-14,,,1,18,0,False,,False,,
1930,debelly,7.0,201,1.4000000000000001,relative_20pct,relative,15.0,0.2,4.0,14.4,unpolarized,3.4604828017943324e-14,,,3.4604828017943324e-14,,,1,18,0,False,,False,,
1931,debelly,7.0,201,1.4000000000000001,relative_20pct,relative,15.0,0.2,10.0,36.0,unpolarized,3.4451483137509297e-14,,,3.4451483137509297e-14,,,1,18,0,False,,False,,
1932,debelly,9.0,201,1.5,fixed_10pct,physical,15.0,0.1,0.1,0.36000000000000004,unpolarized,1.1383301624218802e-13,,,1.1383301624218802e-13,,,1,18,0,False,,False,,
1933,debelly,9.0,201,1.5,fixed_10pct,physical,15.0,0.1,0.25,0.9,unpolarized,1.1383301624218802e-13,,,1.1383301624218802e-13,,,1,18,0,False,,False,,
1934,debelly,9.0,201,1.5,fixed_10pct,physical,15.0,0.1,0.5,1.8,unpolarized,1.1383301624218802e-13,,,1.1383301624218802e-13,,,1,18,0,False,,False,,
1935,debelly,9.0,201,1.5,fixed_10pct,physical,15.0,0.1,1.0,3.6,unpolarized,1.1470197056464737e-13,,,1.1470197056464737e-13,,,1,18,0,False,,False,,
1936,debelly,9.0,201,1.5,fixed_10pct,physical,15.0,0.1,2.0,7.2,unpolarized,1.1470197056464737e-13,,,1.1470197056464737e-13,,,1,18,0,False,,False,,
1937,debelly,9.0,201,1.5,fixed_10pct,physical,15.0,0.1,4.0,14.4,unpolarized,1.1470197056464737e-13,,,1.1470197056464737e-13,,,1,18,0,False,,False,,
1938,debelly,9.0,201,1.5,fixed_10pct,physical,15.0,0.1,10.0,36.0,unpolarized,1.1470197056464737e-13,,,1.1470197056464737e-13,,,1,18,0,False,,False,,
1939,debelly,9.0,201,3.0,fixed_20pct,physical,15.0,0.2,0.1,0.36000000000000004,unpolarized,1.1470197056464737e-13,,,1.1470197056464737e-13,,,1,18,0,False,,False,,
1940,debelly,9.0,201,3.0,fixed_20pct,physical,15.0,0.2,0.25,0.9,unpolarized,1.1470197056464737e-13,,,1.1470197056464737e-13,,,1,18,0,False,,False,,
1941,debelly,9.0,201,3.0,fixed_20pct,physical,15.0,0.2,0.5,1.8,unpolarized,1.1470197056464737e-13,,,1.1470197056464737e-13,,,1,18,0,False,,False,,
1942,debelly,9.0,201,3.0,fixed_20pct,physical,15.0,0.2,1.0,3.6,unpolarized,1.1383301624218802e-13,,,1.1383301624218802e-13,,,1,18,0,False,,False,,
1943,debelly,9.0,201,3.0,fixed_20pct,physical,15.0,0.2,2.0,7.2,unpolarized,1.1383301624218802e-13,,,1.1383301624218802e-13,,,1,18,0,False,,False,,
1944,debelly,9.0,201,3.0,fixed_20pct,physical,15.0,0.2,4.0,14.4,unpolarized,1.1470197056464737e-13,,,1.1470197056464737e-13,,,1,18,0,False,,False,,
1945,debelly,9.0,201,3.0,fixed_20pct,physical,15.0,0.2,10.0,36.0,unpolarized,1.1470197056464737e-13,,,1.1470197056464737e-13,,,1,18,0,False,,False,,
1946,debelly,9.0,201,1.8,relative_20pct,relative,15.0,0.2,0.1,0.36000000000000004,unpolarized,1.1383301624218802e-13,,,1.1383301624218802e-13,,,1,18,0,False,,False,,
1947,debelly,9.0,201,1.8,relative_20pct,relative,15.0,0.2,0.25,0.9,unpolarized,1.1470197056464737e-13,,,1.1470197056464737e-13,,,1,18,0,False,,False,,
1948,debelly,9.0,201,1.8,relative_20pct,relative,15.0,0.2,0.5,1.8,unpolarized,1.1470197056464737e-13,,,1.1470197056464737e-13,,,1,18,0,False,,False,,
1949,debelly,9.0,201,1.8,relative_20pct,relative,15.0,0.2,1.0,3.6,unpolarized,1.1470197056464737e-13,,,1.1470197056464737e-13,,,1,18,0,False,,False,,
1950,debelly,9.0,201,1.8,relative_20pct,relative,15.0,0.2,2.0,7.2,unpolarized,1.1470197056464737e-13,,,1.1470197056464737e-13,,,1,18,0,False,,False,,
1951,debelly,9.0,201,1.8,relative_20pct,relative,15.0,0.2,4.0,14.4,unpolarized,1.1470197056464737e-13,,,1.1470197056464737e-13,,,1,18,0,False,,False,,
1952,debelly,9.0,201,1.8,relative_20pct,relative,15.0,0.2,10.0,36.0,unpolarized,1.1470197056464737e-13,,,1.1470197056464737e-13,,,1,18,0,False,,False,,
1953,debelly,11.0,201,1.5,fixed_10pct,physical,15.0,0.1,0.1,0.36000000000000004,unpolarized,8.474860391987208e-14,,,8.474860391987208e-14,,,1,18,0,False,,False,,
1954,debelly,11.0,201,1.5,fixed_10pct,physical,15.0,0.1,0.25,0.9,unpolarized,7.672355517715799e-14,,,7.672355517715799e-14,,,1,18,0,False,,False,,
1955,debelly,11.0,201,1.5,fixed_10pct,physical,15.0,0.1,0.5,1.8,unpolarized,8.474860391987208e-14,,,8.474860391987208e-14,,,1,18,0,False,,False,,
1956,debelly,11.0,201,1.5,fixed_10pct,physical,15.0,0.1,1.0,3.6,unpolarized,8.41863393582806e-14,,,8.41863393582806e-14,,,1,18,0,False,,False,,
1957,debelly,11.0,201,1.5,fixed_10pct,physical,15.0,0.1,2.0,7.2,unpolarized,8.474860391987208e-14,,,8.474860391987208e-14,,,1,18,0,False,,False,,
1958,debelly,11.0,201,1.5,fixed_10pct,physical,15.0,0.1,4.0,14.4,unpolarized,8.474860391987208e-14,,,8.474860391987208e-14,,,1,18,0,False,,False,,
1959,debelly,11.0,201,1.5,fixed_10pct,physical,15.0,0.1,10.0,36.0,unpolarized,8.474860391987208e-14,,,8.474860391987208e-14,,,1,18,0,False,,False,,
1960,debelly,11.0,201,3.0,fixed_20pct,physical,15.0,0.2,0.1,0.36000000000000004,unpolarized,8.41863393582806e-14,,,8.41863393582806e-14,,,1,18,0,False,,False,,
1961,debelly,11.0,201,3.0,fixed_20pct,physical,15.0,0.2,0.25,0.9,unpolarized,7.733693469889411e-14,,,7.733693469889411e-14,,,1,18,0,False,,False,,
1962,debelly,11.0,201,3.0,fixed_20pct,physical,15.0,0.2,0.5,1.8,unpolarized,8.41863393582806e-14,,,8.41863393582806e-14,,,1,18,0,False,,False,,
1963,debelly,11.0,201,3.0,fixed_20pct,physical,15.0,0.2,1.0,3.6,unpolarized,8.587313304305494e-14,,,8.587313304305494e-14,,,1,18,0,False,,False,,
1964,debelly,11.0,201,3.0,fixed_20pct,physical,15.0,0.2,2.0,7.2,unpolarized,7.677467013730268e-14,,,7.677467013730268e-14,,,1,18,0,False,,False,,
1965,debelly,11.0,201,3.0,fixed_20pct,physical,15.0,0.2,4.0,14.4,unpolarized,8.566867320247619e-14,,,8.566867320247619e-14,,,1,18,0,False,,False,,
1966,debelly,11.0,201,3.0,fixed_20pct,physical,15.0,0.2,10.0,36.0,unpolarized,8.41863393582806e-14,,,8.41863393582806e-14,,,1,18,0,False,,False,,
1967,debelly,11.0,201,2.2,relative_20pct,relative,15.0,0.2,0.1,0.36000000000000004,unpolarized,8.474860391987208e-14,,,8.474860391987208e-14,,,1,18,0,False,,False,,
1968,debelly,11.0,201,2.2,relative_20pct,relative,15.0,0.2,0.25,0.9,unpolarized,7.733693469889411e-14,,,7.733693469889411e-14,,,1,18,0,False,,False,,
1969,debelly,11.0,201,2.2,relative_20pct,relative,15.0,0.2,0.5,1.8,unpolarized,8.41863393582806e-14,,,8.41863393582806e-14,,,1,18,0,False,,False,,
1970,debelly,11.0,201,2.2,relative_20pct,relative,15.0,0.2,1.0,3.6,unpolarized,8.474860391987208e-14,,,8.474860391987208e-14,,,1,18,0,False,,False,,
1971,debelly,11.0,201,2.2,relative_20pct,relative,15.0,0.2,2.0,7.2,unpolarized,7.733693469889411e-14,,,7.733693469889411e-14,,,1,18,0,False,,False,,
1972,debelly,11.0,201,2.2,relative_20pct,relative,15.0,0.2,4.0,14.4,unpolarized,8.41863393582806e-14,,,8.41863393582806e-14,,,1,18,0,False,,False,,
1973,debelly,11.0,201,2.2,relative_20pct,relative,15.0,0.2,10.0,36.0,unpolarized,7.672355517715799e-14,,,7.672355517715799e-14,,,1,18,0,False,,False,,
1974,debelly,12.0,201,1.5,fixed_10pct,physical,15.0,0.1,0.1,0.36000000000000004,unpolarized,1.1603095952840955e-13,,,1.1603095952840955e-13,,,1,18,0,False,,False,,
1975,debelly,12.0,201,1.5,fixed_10pct,physical,15.0,0.1,0.25,0.9,unpolarized,1.2231809962620445e-13,,,1.2231809962620445e-13,,,1,18,0,False,,False,,
1976,debelly,12.0,201,1.5,fixed_10pct,physical,15.0,0.1,0.5,1.8,unpolarized,1.2190917994504704e-13,,,1.2190917994504704e-13,,,1,18,0,False,,False,,
1977,debelly,12.0,201,1.5,fixed_10pct,physical,15.0,0.1,1.0,3.6,unpolarized,1.206313059414302e-13,,,1.206313059414302e-13,,,1,18,0,False,,False,,
1978,debelly,12.0,201,1.5,fixed_10pct,physical,15.0,0.1,2.0,7.2,unpolarized,1.2185806498490235e-13,,,1.2185806498490235e-13,,,1,18,0,False,,False,,
1979,debelly,12.0,201,1.5,fixed_10pct,physical,15.0,0.1,4.0,14.4,unpolarized,1.2047796106099618e-13,,,1.2047796106099618e-13,,,1,18,0,False,,False,,
1980,debelly,12.0,201,1.5,fixed_10pct,physical,15.0,0.1,10.0,36.0,unpolarized,1.204268461008515e-13,,,1.204268461008515e-13,,,1,18,0,False,,False,,
1981,debelly,12.0,201,3.0,fixed_20pct,physical,15.0,0.2,0.1,0.36000000000000004,unpolarized,1.1894451225665592e-13,,,1.1894451225665592e-13,,,1,18,0,False,,False,,
1982,debelly,12.0,201,3.0,fixed_20pct,physical,15.0,0.2,0.25,0.9,unpolarized,1.218069500247577e-13,,,1.218069500247577e-13,,,1,18,0,False,,False,,
1983,debelly,12.0,201,3.0,fixed_20pct,physical,15.0,0.2,0.5,1.8,unpolarized,1.196090067385367e-13,,,1.196090067385367e-13,,,1,18,0,False,,False,,
1984,debelly,12.0,201,3.0,fixed_20pct,physical,15.0,0.2,1.0,3.6,unpolarized,1.2037573114070687e-13,,,1.2037573114070687e-13,,,1,18,0,False,,False,,
1985,debelly,12.0,201,3.0,fixed_20pct,physical,15.0,0.2,2.0,7.2,unpolarized,1.2114245554287696e-13,,,1.2114245554287696e-13,,,1,18,0,False,,False,,
1986,debelly,12.0,201,3.0,fixed_20pct,physical,15.0,0.2,4.0,14.4,unpolarized,1.2078465082186422e-13,,,1.2078465082186422e-13,,,1,18,0,False,,False,,
1987,debelly,12.0,201,3.0,fixed_20pct,physical,15.0,0.2,10.0,36.0,unpolarized,1.223180996262044e-13,,,1.223180996262044e-13,,,1,18,0,False,,False,,
1988,debelly,12.0,201,2.4000000000000004,relative_20pct,relative,15.0,0.2,0.1,0.36000000000000004,unpolarized,1.1751329337260508e-13,,,1.1751329337260508e-13,,,1,18,0,False,,False,,
1989,debelly,12.0,201,2.4000000000000004,relative_20pct,relative,15.0,0.2,0.25,0.9,unpolarized,1.19557891778392e-13,,,1.19557891778392e-13,,,1,18,0,False,,False,,
1990,debelly,12.0,201,2.4000000000000004,relative_20pct,relative,15.0,0.2,0.5,1.8,unpolarized,1.2058019098128557e-13,,,1.2058019098128557e-13,,,1,18,0,False,,False,,
1991,debelly,12.0,201,2.4000000000000004,relative_20pct,relative,15.0,0.2,1.0,3.6,unpolarized,1.169510288110137e-13,,,1.169510288110137e-13,,,1,18,0,False,,False,,
1992,debelly,12.0,201,2.4000000000000004,relative_20pct,relative,15.0,0.2,2.0,7.2,unpolarized,1.1940454689795797e-13,,,1.1940454689795797e-13,,,1,18,0,False,,False,,
1993,debelly,12.0,201,2.4000000000000004,relative_20pct,relative,15.0,0.2,4.0,14.4,unpolarized,1.1950677681824734e-13,,,1.1950677681824734e-13,,,1,18,0,False,,False,,
1994,debelly,12.0,201,2.4000000000000004,relative_20pct,relative,15.0,0.2,10.0,36.0,unpolarized,1.2073353586171955e-13,,,1.2073353586171955e-13,,,1,18,0,False,,False,,
1995,debelly,13.0,201,1.5,fixed_10pct,physical,15.0,0.1,0.1,0.36000000000000004,unpolarized,7.007554346074121e-12,,,7.007554346074121e-12,,,1,18,0,False,,False,,
1996,debelly,13.0,201,1.5,fixed_10pct,physical,15.0,0.1,0.25,0.9,unpolarized,6.762815916901416e-12,,,6.762815916901416e-12,,,1,18,0,False,,False,,
1997,debelly,13.0,201,1.5,fixed_10pct,physical,15.0,0.1,0.5,1.8,unpolarized,6.754381948477549e-12,,,6.754381948477549e-12,,,1,18,0,False,,False,,
1998,debelly,13.0,201,1.5,fixed_10pct,physical,15.0,0.1,1.0,3.6,unpolarized,6.289644730842159e-12,,,6.289644730842159e-12,,,1,18,0,False,,False,,
1999,debelly,13.0,201,1.5,fixed_10pct,physical,15.0,0.1,2.0,7.2,unpolarized,7.083000027247659e-12,,,7.083000027247659e-12,,,1,18,0,False,,False,,
2000,debelly,13.0,201,1.5,fixed_10pct,physical,15.0,0.1,4.0,14.4,unpolarized,7.0662343203202075e-12,,,7.0662343203202075e-12,,,1,18,0,False,,False,,
2001,debelly,13.0,201,1.5,fixed_10pct,physical,15.0,0.1,10.0,36.0,unpolarized,6.677198358659086e-12,,,6.677198358659086e-12,,,1,18,0,False,,False,,
2002,debelly,13.0,201,3.0,fixed_20pct,physical,15.0,0.2,0.1,0.36000000000000004,unpolarized,6.815362095930141e-12,,,6.815362095930141e-12,,,1,18,0,False,,False,,
2003,debelly,13.0,201,3.0,fixed_20pct,physical,15.0,0.2,0.25,0.9,unpolarized,6.471000609435464e-12,,,6.471000609435464e-12,,,1,18,0,False,,False,,
2004,debelly,13.0,201,3.0,fixed_20pct,physical,15.0,0.2,0.5,1.8,unpolarized,6.777945945104239e-12,,,6.777945945104239e-12,,,1,18,0,False,,False,,
2005,debelly,13.0,201,3.0,fixed_20pct,physical,15.0,0.2,1.0,3.6,unpolarized,7.0803931642802834e-12,,,7.0803931642802834e-12,,,1,18,0,False,,False,,
2006,debelly,13.0,201,3.0,fixed_20pct,physical,15.0,0.2,2.0,7.2,unpolarized,6.547008555170602e-12,,,6.547008555170602e-12,,,1,18,0,False,,False,,
2007,debelly,13.0,201,3.0,fixed_20pct,physical,15.0,0.2,4.0,14.4,unpolarized,6.128479261505998e-12,,,6.128479261505998e-12,,,1,18,0,False,,False,,
2008,debelly,13.0,201,3.0,fixed_20pct,physical,15.0,0.2,10.0,36.0,unpolarized,6.569908057315411e-12,,,6.569908057315411e-12,,,1,18,0,False,,False,,
2009,debelly,13.0,201,2.6,relative_20pct,relative,15.0,0.2,0.1,0.36000000000000004,unpolarized,6.987415051777119e-12,,,6.987415051777119e-12,,,1,18,0,False,,False,,
2010,debelly,13.0,201,2.6,relative_20pct,relative,15.0,0.2,0.25,0.9,unpolarized,5.663486469069883e-12,,,5.663486469069883e-12,,,1,18,0,False,,False,,
2011,debelly,13.0,201,2.6,relative_20pct,relative,15.0,0.2,0.5,1.8,unpolarized,6.809841680234519e-12,,,6.809841680234519e-12,,,1,18,0,False,,False,,
2012,debelly,13.0,201,2.6,relative_20pct,relative,15.0,0.2,1.0,3.6,unpolarized,7.00939448463933e-12,,,7.00939448463933e-12,,,1,18,0,False,,False,,
2013,debelly,13.0,201,2.6,relative_20pct,relative,15.0,0.2,2.0,7.2,unpolarized,6.995644560360415e-12,,,6.995644560360415e-12,,,1,18,0,False,,False,,
2014,debelly,13.0,201,2.6,relative_20pct,relative,15.0,0.2,4.0,14.4,unpolarized,7.094807583041085e-12,,,7.094807583041085e-12,,,1,18,0,False,,False,,
2015,debelly,13.0,201,2.6,relative_20pct,relative,15.0,0.2,10.0,36.0,unpolarized,6.906806759628966e-12,,,6.906806759628966e-12,,,1,18,0,False,,False,,
2016,debelly,15.0,201,1.5,fixed_10pct,physical,15.0,0.1,0.1,0.36000000000000004,unpolarized,1.0848413008521828e-08,,,1.0848413008521828e-08,,,1,18,0,False,,False,,
2017,debelly,15.0,201,1.5,fixed_10pct,physical,15.0,0.1,0.25,0.9,unpolarized,1.0080635382597945e-08,,,1.0080635382597945e-08,,,1,18,0,False,,False,,
2018,debelly,15.0,201,1.5,fixed_10pct,physical,15.0,0.1,0.5,1.8,unpolarized,1.0747349787197781e-08,,,1.0747349787197781e-08,,,1,18,0,False,,False,,
2019,debelly,15.0,201,1.5,fixed_10pct,physical,15.0,0.1,1.0,3.6,unpolarized,1.0335043995505612e-08,,,1.0335043995505612e-08,,,1,18,0,False,,False,,
2020,debelly,15.0,201,1.5,fixed_10pct,physical,15.0,0.1,2.0,7.2,unpolarized,1.0076033656081002e-08,,,1.0076033656081002e-08,,,1,18,0,False,,False,,
2021,debelly,15.0,201,1.5,fixed_10pct,physical,15.0,0.1,4.0,14.4,unpolarized,1.0562665762434507e-08,,,1.0562665762434507e-08,,,1,18,0,False,,False,,
2022,debelly,15.0,201,1.5,fixed_10pct,physical,15.0,0.1,10.0,36.0,unpolarized,1.06266154334967e-08,,,1.06266154334967e-08,,,1,18,0,False,,False,,
2023,debelly,15.0,201,3.0,fixed_20pct,physical,15.0,0.2,0.1,0.36000000000000004,unpolarized,1.0953788952378154e-08,,,1.0953788952378154e-08,,,1,18,0,False,,False,,
2024,debelly,15.0,201,3.0,fixed_20pct,physical,15.0,0.2,0.25,0.9,unpolarized,1.0308220142295691e-08,,,1.0308220142295691e-08,,,1,18,0,False,,False,,
2025,debelly,15.0,201,3.0,fixed_20pct,physical,15.0,0.2,0.5,1.8,unpolarized,1.0774145271604825e-08,,,1.0774145271604825e-08,,,1,18,0,False,,False,,
2026,debelly,15.0,201,3.0,fixed_20pct,physical,15.0,0.2,1.0,3.6,unpolarized,1.0762144807951818e-08,,,1.0762144807951818e-08,,,1,18,0,False,,False,,
2027,debelly,15.0,201,3.0,fixed_20pct,physical,15.0,0.2,2.0,7.2,unpolarized,1.0964853807800673e-08,,,1.0964853807800673e-08,,,1,18,0,False,,False,,
2028,debelly,15.0,201,3.0,fixed_20pct,physical,15.0,0.2,4.0,14.4,unpolarized,1.0595641352212791e-08,,,1.0595641352212791e-08,,,1,18,0,False,,False,,
2029,debelly,15.0,201,3.0,fixed_20pct,physical,15.0,0.2,10.0,36.0,unpolarized,1.0725316785857342e-08,,,1.0725316785857342e-08,,,1,18,0,False,,False,,
2030,debelly,15.0,201,3.0,relative_20pct,relative,15.0,0.2,0.1,0.36000000000000004,unpolarized,1.0953788952378154e-08,,,1.0953788952378154e-08,,,1,18,0,False,,False,,
2031,debelly,15.0,201,3.0,relative_20pct,relative,15.0,0.2,0.25,0.9,unpolarized,1.0308220142295691e-08,,,1.0308220142295691e-08,,,1,18,0,False,,False,,
2032,debelly,15.0,201,3.0,relative_20pct,relative,15.0,0.2,0.5,1.8,unpolarized,1.0774145271604825e-08,,,1.0774145271604825e-08,,,1,18,0,False,,False,,
2033,debelly,15.0,201,3.0,relative_20pct,relative,15.0,0.2,1.0,3.6,unpolarized,1.0762144807951818e-08,,,1.0762144807951818e-08,,,1,18,0,False,,False,,
2034,debelly,15.0,201,3.0,relative_20pct,relative,15.0,0.2,2.0,7.2,unpolarized,1.0964853807800673e-08,,,1.0964853807800673e-08,,,1,18,0,False,,False,,
2035,debelly,15.0,201,3.0,relative_20pct,relative,15.0,0.2,4.0,14.4,unpolarized,1.0595641352212791e-08,,,1.0595641352212791e-08,,,1,18,0,False,,False,,
2036,debelly,15.0,201,3.0,relative_20pct,relative,15.0,0.2,10.0,36.0,unpolarized,1.0725316785857342e-08,,,1.0725316785857342e-08,,,1,18,0,False,,False,,
2037,debelly,17.0,201,1.5,fixed_10pct,physical,15.0,0.1,0.1,0.36000000000000004,unpolarized,2.170970496095688e-06,,,2.170970496095688e-06,,,1,18,0,False,,False,,
2038,debelly,17.0,201,1.5,fixed_10pct,physical,15.0,0.1,0.25,0.9,unpolarized,2.094064585731716e-06,,,2.094064585731716e-06,,,1,18,0,False,,False,,
2039,debelly,17.0,201,1.5,fixed_10pct,physical,15.0,0.1,0.5,1.8,unpolarized,2.128564280328543e-06,,,2.128564280328543e-06,,,1,18,0,False,,False,,
2040,debelly,17.0,201,1.5,fixed_10pct,physical,15.0,0.1,1.0,3.6,unpolarized,2.0707730750463894e-06,,,2.0707730750463894e-06,,,1,18,0,False,,False,,
2041,debelly,17.0,201,1.5,fixed_10pct,physical,15.0,0.1,2.0,7.2,unpolarized,2.1715707840023907e-06,,,2.1715707840023907e-06,,,1,18,0,False,,False,,
2042,debelly,17.0,201,1.5,fixed_10pct,physical,15.0,0.1,4.0,14.4,unpolarized,2.1519648251013645e-06,,,2.1519648251013645e-06,,,1,18,0,False,,False,,
2043,debelly,17.0,201,1.5,fixed_10pct,physical,15.0,0.1,10.0,36.0,unpolarized,2.168300187861125e-06,,,2.168300187861125e-06,,,1,18,0,False,,False,,
2044,debelly,17.0,201,3.0,fixed_20pct,physical,15.0,0.2,0.1,0.36000000000000004,unpolarized,2.1081331413946683e-06,,,2.1081331413946683e-06,,,1,18,0,False,,False,,
2045,debelly,17.0,201,3.0,fixed_20pct,physical,15.0,0.2,0.25,0.9,unpolarized,2.156336508073343e-06,,,2.156336508073343e-06,,,1,18,0,False,,False,,
2046,debelly,17.0,201,3.0,fixed_20pct,physical,15.0,0.2,0.5,1.8,unpolarized,2.161780392351997e-06,,,2.161780392351997e-06,,,1,18,0,False,,False,,
2047,debelly,17.0,201,3.0,fixed_20pct,physical,15.0,0.2,1.0,3.6,unpolarized,2.1303537682609687e-06,,,2.1303537682609687e-06,,,1,18,0,False,,False,,
2048,debelly,17.0,201,3.0,fixed_20pct,physical,15.0,0.2,2.0,7.2,unpolarized,2.1575016678643407e-06,,,2.1575016678643407e-06,,,1,18,0,False,,False,,
2049,debelly,17.0,201,3.0,fixed_20pct,physical,15.0,0.2,4.0,14.4,unpolarized,2.17181965574045e-06,,,2.17181965574045e-06,,,1,18,0,False,,False,,
2050,debelly,17.0,201,3.0,fixed_20pct,physical,15.0,0.2,10.0,36.0,unpolarized,2.164608957256783e-06,,,2.164608957256783e-06,,,1,18,0,False,,False,,
2051,debelly,17.0,201,3.4000000000000004,relative_20pct,relative,15.0,0.2,0.1,0.36000000000000004,unpolarized,2.0830516644943534e-06,,,2.0830516644943534e-06,,,1,18,0,False,,False,,
2052,debelly,17.0,201,3.4000000000000004,relative_20pct,relative,15.0,0.2,0.25,0.9,unpolarized,2.132541178490666e-06,,,2.132541178490666e-06,,,1,18,0,False,,False,,
2053,debelly,17.0,201,3.4000000000000004,relative_20pct,relative,15.0,0.2,0.5,1.8,unpolarized,2.0214952864206396e-06,,,2.0214952864206396e-06,,,1,18,0,False,,False,,
2054,debelly,17.0,201,3.4000000000000004,relative_20pct,relative,15.0,0.2,1.0,3.6,unpolarized,2.142754694976248e-06,,,2.142754694976248e-06,,,1,18,0,False,,False,,
2055,debelly,17.0,201,3.4000000000000004,relative_20pct,relative,15.0,0.2,2.0,7.2,unpolarized,2.1234019303496106e-06,,,2.1234019303496106e-06,,,1,18,0,False,,False,,
2056,debelly,17.0,201,3.4000000000000004,relative_20pct,relative,15.0,0.2,4.0,14.4,unpolarized,2.1675682977935406e-06,,,2.1675682977935406e-06,,,1,18,0,False,,False,,
2057,debelly,17.0,201,3.4000000000000004,relative_20pct,relative,15.0,0.2,10.0,36.0,unpolarized,2.163025094790407e-06,,,2.163025094790407e-06,,,1,18,0,False,,False,,
2058,debelly,18.0,201,1.5,fixed_10pct,physical,15.0,0.1,0.1,0.36000000000000004,unpolarized,2.139657109227999e-05,,,2.139657109227999e-05,,,1,18,0,False,,False,,
2059,debelly,18.0,201,1.5,fixed_10pct,physical,15.0,0.1,0.25,0.9,polarized,0.05010336115196883,1470.143745694738,41770.14374569474,0.05010265712995847,0.18231046374098492,40300.0,2,25,4,False,0.008066944006240515,False,work/cases/case_2059/duration_1470p14374569.checkpoint.npz,d77f0259e68dbe12c735cb933e26f544376edcc1c113599ab0075c6cafc77a00
2060,debelly,18.0,201,1.5,fixed_10pct,physical,15.0,0.1,0.5,1.8,polarized,0.050154122211612175,504.69819893750747,40704.698198937505,0.05010309873269385,0.18231196123192028,40200.0,2,29,3,False,0.008066944006240572,False,work/cases/case_2060/duration_504p698198938.checkpoint.npz,c21bb458572d06e896d025d23a2b5838665907f280c65afc11507b2cb25bb92a
2061,debelly,18.0,201,1.5,fixed_10pct,physical,15.0,0.1,1.0,3.6,polarized,0.050154056999318686,288.61229077036023,41133.61229077036,0.05010015872446921,0.18230199141374603,40845.0,2,31,1,False,0.008066944006240391,False,work/cases/case_2061/duration_288p61229077.checkpoint.npz,0a8412df2e6d05f72a4af67e57a9e94ebbd13558d37c1f5e9d08e8f8338f91ff
2062,debelly,18.0,201,1.5,fixed_10pct,physical,15.0,0.1,2.0,7.2,polarized,0.05015391594205323,190.94810366368262,40670.948103663686,0.05010187100883526,0.18230779795682817,40480.0,3,33,2,False,0.008066944006240471,False,work/cases/case_2062/duration_190p948103664.checkpoint.npz,fbfa1fa0ebf49d32731eb24101b15e45021852a1c5ae139f5355cc0993279c4a
2063,debelly,18.0,201,1.5,fixed_10pct,physical,15.0,0.1,4.0,14.4,polarized,0.05015394993101029,132.62387034499702,40157.623870345,0.050103849252817925,0.1823145062554905,40025.0,2,33,1,False,0.008066944006240572,False,work/cases/case_2063/duration_132p623870345.checkpoint.npz,c44434215d23dada7c03e593f1be43d9cb5a754482d2e6997571b171b1b90e2e
2064,debelly,18.0,201,1.5,fixed_10pct,physical,15.0,0.1,10.0,36.0,polarized,0.050153487520664154,81.5762045172935,40411.576204517296,0.050102520848229797,0.18231000160314947,40330.0,2,32,2,False,0.008066944006240587,False,work/cases/case_2064/duration_81p5762045173.checkpoint.npz,396198f7b29005161d565d188dd2cf79b2bd2246b7df1e78d30c7d91ed460138
2065,debelly,18.0,201,3.0,fixed_20pct,physical,15.0,0.2,0.1,0.36000000000000004,unpolarized,2.118920917752649e-05,,,2.118920917752649e-05,,,1,18,0,False,,False,,
2066,debelly,18.0,201,3.0,fixed_20pct,physical,15.0,0.2,0.25,0.9,polarized,0.05015319485707283,450.59341535736155,40505.59341535736,0.05010370955938257,0.18231403255488643,40055.0,2,29,4,False,0.008066944006240487,False,work/cases/case_2066/duration_450p593415357.checkpoint.npz,695f40a2c667087cfcd41496f1b324b7352642490d6e554688bd854536013cc6
2067,debelly,18.0,201,3.0,fixed_20pct,physical,15.0,0.2,0.5,1.8,polarized,0.050153767602515525,245.44946380463583,40465.44946380464,0.0501030048987036,0.18231164303808423,40220.0,2,31,2,False,0.008066944006240624,False,work/cases/case_2067/duration_245p449463805.checkpoint.npz,ae770aaece0f5630c87b4b570f85d59255bbb2e5b28541a5de3c9af27c2ea5ae
2068,debelly,18.0,201,3.0,fixed_20pct,physical,15.0,0.2,1.0,3.6,polarized,0.050154004135337875,154.68806084434476,41019.688060844346,0.05010006046036475,0.18230165818597555,40865.0,2,32,3,False,0.008066944006240548,False,work/cases/case_2068/duration_154p688060844.checkpoint.npz,53cb8211a625546a624c115e831389c176d5291f3133d8146c8a52b71a29c4d1
2069,debelly,18.0,201,3.0,fixed_20pct,physical,15.0,0.2,2.0,7.2,polarized,0.050153434066441675,104.01419120071307,40349.01419120072,0.05010290723882531,0.182311311870183,40245.0,2,32,2,False,0.008066944006240535,False,work/cases/case_2069/duration_104p014191201.checkpoint.npz,b3d0cb5a03d32eccdeb69568c698ff2937ca773b1987452b9bc1cbf93e7b9980
2070,debelly,18.0,201,3.0,fixed_20pct,physical,15.0,0.2,4.0,14.4,polarized,0.050153065020411454,69.94044603109408,40159.94044603109,0.05010357383216318,0.18231357230299727,40090.0,2,32,2,False,0.00806694400624034,False,work/cases/case_2070/duration_69p9404460311.checkpoint.npz,2aa0a141b210b3a57cd378c70a8811b7d9ac52ad76b1e7ef6134dc80e1827b34
2071,debelly,18.0,201,3.0,fixed_20pct,physical,15.0,0.2,10.0,36.0,polarized,0.05015287628919763,39.35285009080669,40624.35285009081,0.05010138835831807,0.18230616124785382,40585.0,2,31,3,False,0.008066944006240351,False,work/cases/case_2071/duration_39p3528500908.checkpoint.npz,a2203b9ab6f660f69fb805c767bc71c544dcee50f7c4020d1ea7d429152a4f99
2072,debelly,18.0,201,3.6,relative_20pct,relative,15.0,0.2,0.1,0.36000000000000004,polarized,0.05010363334957159,1434.8512834890212,41724.85128348902,0.05010270950850565,0.18231064135894126,40290.0,2,25,4,False,0.008066944006240515,False,work/cases/case_2072/duration_1434p85128349.checkpoint.npz,474d23087c159802f74c061699e38027d73a6edb147499917123a74726664d0a
2073,debelly,18.0,201,3.6,relative_20pct,relative,15.0,0.2,0.25,0.9,polarized,0.05015367076815932,362.0834292600399,39942.08342926004,0.050101408992593695,0.1823062312206245,39580.0,2,32,3,False,0.008066944006240535,False,work/cases/case_2073/duration_362p08342926.checkpoint.npz,36cc6c6a79fa2259c17fa7781ac2887bdb41ef5cab043814b9af2f6a51943e43
2074,debelly,18.0,201,3.6,relative_20pct,relative,15.0,0.2,0.5,1.8,polarized,0.05015401597692354,203.7306840408301,39573.73068404083,0.05010234549684654,0.18230940697718767,39370.0,3,33,2,False,0.008066944006240593,False,work/cases/case_2074/duration_203p730684041.checkpoint.npz,7d8b39d46329d6b58be27890cb2e33e0e30e7040072ded116b962d228fd8725f
2075,debelly,18.0,201,3.6,relative_20pct,relative,15.0,0.2,1.0,3.6,polarized,0.05015409325769683,128.3958985294499,40183.39589852945,0.05010371500070795,0.18231405100644182,40055.0,2,33,3,False,0.008066944006240577,False,work/cases/case_2075/duration_128p395898529.checkpoint.npz,bb8791fb75b399c564b154bb8553bba04b89ba83e9fcd2b6b0bafa541b9aac49
2076,debelly,18.0,201,3.6,relative_20pct,relative,15.0,0.2,2.0,7.2,polarized,0.0501538773081626,84.94771056683949,40014.94771056684,0.05010423911798393,0.18231582828469695,39930.0,2,32,3,False,0.008066944006240515,False,work/cases/case_2076/duration_84p9477105668.checkpoint.npz,39ad3b04874cf1fef652f383e8f4eb741cfb2d716655b12de1886a2f817dbc2d
2077,debelly,18.0,201,3.6,relative_20pct,relative,15.0,0.2,4.0,14.4,polarized,0.05015403760147083,55.7486775569559,40280.748677556956,0.05010298633496377,0.1823115800878512,40225.0,2,32,3,False,0.008066944006240516,False,work/cases/case_2077/duration_55p748677557.checkpoint.npz,70ce871354b6bf7ab087d7e4687aa1adbb42351843b7993ef9510752b119ef88
2078,debelly,18.0,201,3.6,relative_20pct,relative,15.0,0.2,10.0,36.0,polarized,0.050153060557192534,30.863636108570073,40185.863636108574,0.05010329009627038,0.18231261015040334,40155.0,2,30,3,False,0.00806694400624056,False,work/cases/case_2078/duration_30p8636361086.checkpoint.npz,693607b0b81d1bf0e5c49fbf1d98885a74cbdbc16edb60a134cd24625a2728f4
2079,debelly,19.0,201,1.5,fixed_10pct,physical,15.0,0.1,0.1,0.36000000000000004,polarized,0.05933220826655452,1291.4500496416927,43431.450049641695,0.059332208266545776,0.2115451230989639,42140.0,2,25,5,False,0.00806694400624057,False,work/cases/case_2079/duration_1291p45004964.checkpoint.npz,25188b3239e3b29ac655996c123a16bd6a5eff982e23c5fb0f6bb1a7fd92d1f9
2080,debelly,19.0,201,1.5,fixed_10pct,physical,15.0,0.1,0.25,0.9,polarized,0.059332208266559154,323.26727017860594,42428.26727017861,0.059332208266550425,0.21154512309897833,42105.0,2,32,6,False,0.008066944006240567,False,work/cases/case_2080/duration_323p267270179.checkpoint.npz,9641fd39e4587603b048a8f198367fe0931b4b8071bc2a39f0433cb030249a1e
2081,debelly,19.0,201,1.5,fixed_10pct,physical,15.0,0.1,0.5,1.8,polarized,0.059332208266550675,159.78181203844161,43584.78181203844,0.05933220826650364,0.21154512309883555,43425.0,3,33,3,False,0.008066944006240534,False,work/cases/case_2081/duration_159p781812038.checkpoint.npz,2fdc6f51380d8304d9655bd0d925d8e36d57107d37e116de69410f831304d440
2082,debelly,19.0,201,1.5,fixed_10pct,physical,15.0,0.1,1.0,3.6,polarized,0.05933220826671863,92.11450989985366,42237.11450989985,0.059332208266546005,0.21154512309896356,42145.0,3,33,3,False,0.008066944006240502,False,work/cases/case_2082/duration_92p1145098999.checkpoint.npz,1135b605747fd961f76a3652a73a15102840e90c151406a8cb3512390ac2e1f7
2083,debelly,19.0,201,1.5,fixed_10pct,physical,15.0,0.1,2.0,7.2,polarized,0.05933220826682408,54.85286251424649,40864.85286251425,0.05933220826641486,0.2115451230985942,40810.0,3,32,3,False,0.008066944006240582,False,work/cases/case_2083/duration_54p8528625142.checkpoint.npz,b1bd4edc9bf0684b66f6c3691760e99aca5bd4801bb2462df6d0d0b9ab3638fa
2084,debelly,19.0,201,1.5,fixed_10pct,physical,15.0,0.1,4.0,14.4,polarized,0.05933220826683747,32.929731040749616,39857.92973104075,0.05933220826641072,0.2115451230985831,39825.0,2,30,3,False,0.008066944006240525,False,work/cases/case_2084/duration_32p9297310407.checkpoint.npz,b7b5910bf29771239c8e2b20e20e7a4b50165fee03be9c6873082b9ee9eb8241
2085,debelly,19.0,201,1.5,fixed_10pct,physical,15.0,0.1,10.0,36.0,polarized,0.05933220826683723,15.757352224383952,41465.757352224384,0.05933220826649971,0.21154512309882467,41450.0,3,32,4,False,0.008066944006240511,False,work/cases/case_2085/duration_15p7573522244.checkpoint.npz,3b44f4abe73414a9515ef3759d69f9cb047fa949b15b780d270837d634c54d99
2086,debelly,19.0,201,3.0,fixed_20pct,physical,15.0,0.2,0.1,0.36000000000000004,polarized,0.05933220826655361,422.3220404472152,40117.322040447216,0.05933220826644506,0.21154512309867946,39695.0,3,32,6,False,0.008066944006240567,False,work/cases/case_2086/duration_422p322040447.checkpoint.npz,98542a34bf01104bc96cc099838e4c3fe8a5c4543b046a021d58768dba45ce53
2087,debelly,19.0,201,3.0,fixed_20pct,physical,15.0,0.2,0.25,0.9,polarized,0.05933220826656362,150.97459911176784,39375.97459911177,0.05933220826653536,0.21154512309893025,39225.0,2,32,2,False,0.008066944006240553,False,work/cases/case_2087/duration_150p974599112.checkpoint.npz,a46ff20ac1455e32c27af1baa8a448038111c5f85bf0fd86650283be11ddf6e5
2088,debelly,19.0,201,3.0,fixed_20pct,physical,15.0,0.2,0.5,1.8,polarized,0.059332208266761825,82.23962698326159,40847.23962698326,0.05933220826642713,0.21154512309862894,40765.0,3,31,4,False,0.008066944006240572,False,work/cases/case_2088/duration_82p2396269833.checkpoint.npz,1b15793c23b35648f977ef3e9da3bd934fbfd330890a291443e0de8744241224
2089,debelly,19.0,201,3.0,fixed_20pct,physical,15.0,0.2,1.0,3.6,polarized,0.05933220826681632,46.273135157836045,43126.27313515783,0.059332208266553034,0.2115451230989871,43080.0,3,30,4,False,0.00806694400624054,False,work/cases/case_2089/duration_46p2731351578.checkpoint.npz,a0dc3da35161e92713f9f96df9d6e5d7d332dc23fcec5b29b864da26867af135
2090,debelly,19.0,201,3.0,fixed_20pct,physical,15.0,0.2,2.0,7.2,polarized,0.05933220826682789,26.46134970789383,43241.4613497079,0.05933220826653727,0.21154512309893558,43215.0,3,32,4,False,0.008066944006240539,False,work/cases/case_2090/duration_26p4613497079.checkpoint.npz,a7c4a763485b69ca524e9f644d3b94f789577d8e91c6aeb4f602f2586ad67126
2091,debelly,19.0,201,3.0,fixed_20pct,physical,15.0,0.2,4.0,14.4,polarized,0.059332208266824754,14.888803079582932,41099.888803079586,0.0593322082665518,0.21154512309898355,41085.0,3,32,3,False,0.008066944006240483,False,work/cases/case_2091/duration_14p8888030796.checkpoint.npz,0379ae1ac1e346f75b2914fe0f00c4728c9ac6fec7e9be232d7f51befb84bc2b
2092,debelly,19.0,201,3.0,fixed_20pct,physical,15.0,0.2,10.0,36.0,polarized,0.05933220826671146,6.570198310375526,43246.57019831038,0.05933220826653316,0.21154512309892337,43240.0,3,30,6,False,0.00806694400624056,False,work/cases/case_2092/duration_6p57019831038.checkpoint.npz,e8dc3312dfc3eb51eb9ac3efe038cfe180fd81717817e41e1dd8f34d96d91067
2093,debelly,19.0,201,3.8000000000000003,relative_20pct,relative,15.0,0.2,0.1,0.36000000000000004,polarized,0.05933220826655906,307.932774890499,41757.9327748905,0.05933220826649964,0.21154512309882467,41450.0,2,30,4,False,0.008066944006240417,False,work/cases/case_2093/duration_307p93277489.checkpoint.npz,023d013300dfe0a884aead4e92171846daaf0c61ae3a52dcdea6848ff674343f
2094,debelly,19.0,201,3.8000000000000003,relative_20pct,relative,15.0,0.2,0.25,0.9,polarized,0.05933220826656296,117.45111582204359,42927.45111582204,0.059332208266415096,0.21154512309859508,42810.0,3,32,1,False,0.008066944006240535,False,work/cases/case_2094/duration_117p451115822.checkpoint.npz,aa9f272f012ccf92a64303d078f9cd5cdd02c0c632e1999d13307f51599e2030
2095,debelly,19.0,201,3.8000000000000003,relative_20pct,relative,15.0,0.2,0.5,1.8,polarized,0.0593322082668329,63.978550105782844,41733.978550105785,0.059332208266451254,0.21154512309869677,41670.0,2,31,5,False,0.008066944006240483,False,work/cases/case_2095/duration_63p9785501058.checkpoint.npz,9749cdf73f63167d533fdaaa9f8795fe2833f9056c4febe2dcc6a96b6dce6512
2096,debelly,19.0,201,3.8000000000000003,relative_20pct,relative,15.0,0.2,1.0,3.6,polarized,0.05933220826682898,35.70791979809685,42130.7079197981,0.05933220826655157,0.2115451230989822,42095.0,2,31,5,False,0.008066944006240601,False,work/cases/case_2096/duration_35p7079197981.checkpoint.npz,517e28fbed6318fb3419661c8de3c2a1fe4053464b2fa5f92f5ada3924db1985
2097,debelly,19.0,201,3.8000000000000003,relative_20pct,relative,15.0,0.2,2.0,7.2,polarized,0.05933220826681565,19.929422192267975,42904.92942219227,0.059332208266393294,0.21154512309853257,42885.0,3,32,3,False,0.008066944006240528,False,work/cases/case_2097/duration_19p9294221923.checkpoint.npz,1349d97ecefc9c506c7012d1d94f081b3d5eeec3756af7a5b22b513152f23833
2098,debelly,19.0,201,3.8000000000000003,relative_20pct,relative,15.0,0.2,4.0,14.4,polarized,0.05933220826682799,10.856052983261744,43345.85605298326,0.059332208266519845,0.21154512309888196,43335.0,3,32,5,False,0.008066944006240516,False,work/cases/case_2098/duration_10p8560529833.checkpoint.npz,e7b51aa19b9c0c02b146feca5127d31ef77a06c7d34361a465e665a9f48cca48
2099,debelly,19.0,201,3.8000000000000003,relative_20pct,relative,15.0,0.2,10.0,36.0,polarized,0.059332208266808004,4.675604160104448,43089.675604160104,0.05933220826655229,0.21154512309898432,43085.0,3,32,4,False,0.008066944006240521,False,work/cases/case_2099/duration_4p6756041601.checkpoint.npz,8f18513eb330a2321d8020a8892aba12c3131b6f0d87a91d62700b1fbb38995d
2100,debelly,21.0,201,1.5,fixed_10pct,physical,15.0,0.1,0.1,0.36000000000000004,polarized,0.06327749882973338,3.8495898034266576,44413.84958980342,0.06327749882972922,0.22181650644051853,44410.0,2,34,5,False,0.008066944006240568,False,work/cases/case_2100/duration_3p84958980343.checkpoint.npz,83b5dbfa58b33cfcb9f033ae9825bde0a4c49990b8c6b0028f5847f267a18c09
2101,debelly,21.0,201,1.5,fixed_10pct,physical,15.0,0.1,0.25,0.9,polarized,0.06327749882973477,1.5539575246747186,44366.55395752467,0.06327749882972845,0.2218165064405173,44365.0,2,33,4,False,0.008066944006240495,False,work/cases/case_2101/duration_1p55395752467.checkpoint.npz,3a921c2ccf06a21621934bccef33b78bc55cf355f61c7a2610cb1a29bcdecdfa
2102,debelly,21.0,201,1.5,fixed_10pct,physical,15.0,0.1,0.5,1.8,polarized,0.06327749882973328,0.7743234051347522,44400.77432340514,0.06327749882972852,0.2218165064405173,44400.0,2,36,5,False,0.008066944006240459,False,work/cases/case_2102/duration_0p774323405135.checkpoint.npz,69d1659c00a0ce89ed70768c35c4baddc2f2f7634eeabc2da088d9eef6d7943a
2103,debelly,21.0,201,1.5,fixed_10pct,physical,15.0,0.1,1.0,3.6,polarized,0.06327749882973314,0.38764621942125,44395.387646219424,0.06327749882972843,0.2218165064405173,44395.0,2,37,3,False,0.005400576516366742,False,work/cases/case_2103/duration_0p387646219421.checkpoint.npz,8587917192a6ef0737298a710895b49f1c4a44780ddef85933670f1c93d53164
2104,debelly,21.0,201,1.5,fixed_10pct,physical,15.0,0.1,2.0,7.2,polarized,0.06327749882976992,0.19487555002972962,44355.19487555003,0.06327749882972895,0.2218165064405173,44355.0,2,36,3,False,0.0107719868060244,True,work/cases/case_2104/duration_0p19487555003.checkpoint.npz,b7b9883d80cc875d7509fb3adf8c3dc3eeb392bc668042acbcf82e2e2859982b
2105,debelly,21.0,201,1.5,fixed_10pct,physical,15.0,0.1,4.0,14.4,polarized,0.06327749882977343,0.0984988028192429,44275.09849880282,0.06327749882972859,0.2218165064405173,44275.0,2,33,3,False,0.021427937912299782,True,work/cases/case_2105/duration_0p0984988028192.checkpoint.npz,985b2ce92063701d172dd1b6afb1adfe145e53a7de67e6a50815210955c782d2
2106,debelly,21.0,201,1.5,fixed_10pct,physical,15.0,0.1,10.0,36.0,polarized,0.06327749882977783,0.038808056627296375,44390.038808056626,0.06327749882972845,0.2218165064405173,44390.0,2,33,2,False,0.04239671930142635,True,work/cases/case_2106/duration_0p0388080566273.checkpoint.npz,4e1ee47d5bc99b1dae4b6526b6e1d0e31fd9af1aac302e6e28a8a96b6af254ec
2107,debelly,21.0,201,3.0,fixed_20pct,physical,15.0,0.2,0.1,0.36000000000000004,polarized,0.06327749882973352,1.9495436869885698,44401.94954368699,0.0632774988297284,0.2218165064405173,44400.0,2,34,5,False,0.008066944006240565,False,work/cases/case_2107/duration_1p94954368699.checkpoint.npz,212493e1ac48ef8c211f8aace34080c2ae96925c71d68055135d4091c65100ff
2108,debelly,21.0,201,3.0,fixed_20pct,physical,15.0,0.2,0.25,0.9,polarized,0.06327749882973317,0.7806206280311961,44405.78062062803,0.063277498829729,0.2218165064405173,44405.0,2,34,5,False,0.008066944006240516,False,work/cases/case_2108/duration_0p780620628031.checkpoint.npz,a845258ca0faf8b7bec484a60da2f335000eb387e16c68e0d045cf474ec32369
2109,debelly,21.0,201,3.0,fixed_20pct,physical,15.0,0.2,0.5,1.8,polarized,0.06327749882972919,0.38975110005945923,44420.38975110006,0.06327749882972886,0.2218165064405173,44420.0,2,38,4,False,0.005400576516366791,False,work/cases/case_2109/duration_0p389751100059.checkpoint.npz,d1d8922709598eb6fc813d92fb10f8468087c2ee7f62a063bcc7c1bfad28bab5
2110,debelly,21.0,201,3.0,fixed_20pct,physical,15.0,0.2,1.0,3.6,polarized,0.06327749882977807,0.1969976056384858,44340.196997605635,0.06327749882972859,0.2218165064405173,44340.0,2,33,4,False,0.010771986806024546,True,work/cases/case_2110/duration_0p196997605638.checkpoint.npz,8f8f9cc81e53aaffdabac68cc052fe0ba83cda622d521f85d5e00b17f22e7ddc
2111,debelly,21.0,201,3.0,fixed_20pct,physical,15.0,0.2,2.0,7.2,polarized,0.06327749882977346,0.0984988028192429,44345.09849880282,0.06327749882972844,0.2218165064405173,44345.0,2,34,3,False,0.021427937912299782,True,work/cases/case_2111/duration_0p0984988028192.checkpoint.npz,5f24789cfcacdd4b1b6bd9073b0801acdc31ef62e7e813a0b43c727fbc2f86e5
2112,debelly,21.0,201,3.0,fixed_20pct,physical,15.0,0.2,4.0,14.4,polarized,0.06327749882977782,0.0503278228734142,44180.05032782287,0.06327749882972912,0.2218165064405173,44180.0,2,33,3,False,0.04239671930142638,True,work/cases/case_2112/duration_0p0503278228734.checkpoint.npz,2a0bb66a8b37cc382f3190e4293d5778a40338c4f6e8bf7cbb1ada6067bdba81
2113,debelly,21.0,201,3.0,fixed_20pct,physical,15.0,0.2,10.0,36.0,polarized,0.06327749882977361,0.020263118041422026,44135.020263118044,0.06327749882972843,0.2218165064405173,44135.0,2,35,2,False,0.08299595679532878,True,work/cases/case_2113/duration_0p0202631180414.checkpoint.npz,599872304c452bceea669bbd110d760deec5c7acbdb6e6ce9155b2c4ea3bd2e8
2114,debelly,21.0,201,4.2,relative_20pct,relative,15.0,0.2,0.1,0.36000000000000004,polarized,0.06327749882973338,1.4100272415516044,44406.41002724155,0.06327749882972852,0.2218165064405173,44405.0,2,36,6,False,0.00806694400624044,False,work/cases/case_2114/duration_1p41002724155.checkpoint.npz,7679d2e34091ffc58d48d093e1b4d783dd2b630d4e58889c4bc6d3fc34835f74
2115,debelly,21.0,201,4.2,relative_20pct,relative,15.0,0.2,0.25,0.9,polarized,0.06327749882972913,0.5645917853430293,44410.56459178534,0.0632774988297287,0.2218165064405173,44410.0,2,35,4,False,0.008066944006240622,False,work/cases/case_2115/duration_0p564591785343.checkpoint.npz,27825dfbc301c0f632a40781002eb6ad254be313027d6ba7a1354ee66b2d37f1
2116,debelly,21.0,201,4.2,relative_20pct,relative,15.0,0.2,0.5,1.8,polarized,0.06327749882977798,0.2831596298996798,44390.2831596299,0.0632774988297289,0.2218165064405173,44390.0,2,33,4,False,0.0054005765163668415,False,work/cases/case_2116/duration_0p2831596299.checkpoint.npz,97c012e45641613ba2627d6fee66c2f7e637c50d8bd6c3acf0c32462190a659f
2117,debelly,21.0,201,4.2,relative_20pct,relative,15.0,0.2,1.0,3.6,polarized,0.06327749882977357,0.14234857934458645,44350.14234857934,0.06327749882972838,0.2218165064405173,44350.0,2,33,4,False,0.010771986806024484,True,work/cases/case_2117/duration_0p142348579345.checkpoint.npz,81fd5e8145d5cb68e956a79dfc23c484eb6847c9944e198e4fe823b68c0fb9d5
2118,debelly,21.0,201,4.2,relative_20pct,relative,15.0,0.2,2.0,7.2,polarized,0.06327749882977322,0.07117428967229322,44350.071174289675,0.0632774988297288,0.2218165064405173,44350.0,2,32,3,False,0.02142793791229988,True,work/cases/case_2118/duration_0p0711742896723.checkpoint.npz,43fa896a482a2bc77db138565e7b54da2ff5ec17fd8ed748492b9d0fab341300
2119,debelly,21.0,201,4.2,relative_20pct,relative,15.0,0.2,4.0,14.4,polarized,0.06327749882977797,0.03558714483614661,44350.035587144834,0.06327749882972912,0.2218165064405173,44350.0,2,35,2,False,0.04239671930142625,True,work/cases/case_2119/duration_0p0355871448361.checkpoint.npz,f6345ab598b059e62fed3069f8beb28137581db1d9a3e43d67c3d1edae902b93
2120,debelly,21.0,201,4.2,relative_20pct,relative,15.0,0.2,10.0,36.0,polarized,0.06327749882977346,0.015625,43655.015625,0.06327749882972859,0.2218165064405173,43655.0,2,36,2,False,0.1591035847462854,True,work/cases/case_2120/duration_0p015625.checkpoint.npz,fbcb666a81277a480f81617b0a7dc8f39889e690b664b287ce9331d53337a6d0
2121,debelly,23.0,201,1.5,fixed_10pct,physical,15.0,0.1,0.1,0.36000000000000004,polarized,0.06568714648790112,0.2243386343753884,34350.224338634376,0.06568714648789749,0.22740777183097172,34350.0,2,35,0,False,0.010771986806024541,True,work/cases/case_2121/duration_0p224338634375.checkpoint.npz,58c7868c03dafd251d8978fa50478ec48be514ed311991237579716ece320878
2122,debelly,23.0,201,1.5,fixed_10pct,physical,15.0,0.1,0.25,0.9,polarized,0.06568714648790104,0.09032380043606543,34325.09032380044,0.06568714648789932,0.2274077718309735,34325.0,2,37,0,False,0.02142793791229997,True,work/cases/case_2122/duration_0p0903238004361.checkpoint.npz,e92d97922da7fb10726fd1d5b5109153ff84a2bed35bab3b69300ad14fa2ba50
2123,debelly,23.0,201,1.5,fixed_10pct,physical,15.0,0.1,0.5,1.8,polarized,0.06568714648790125,0.04615081706060936,34245.04615081706,0.06568714648789978,0.2274077718309735,34245.0,2,38,0,False,0.04239671930142645,True,work/cases/case_2123/duration_0p0461508170606.checkpoint.npz,4433c20f83ee9290fa34c8031d3d6707e14f259d8d7768455e8972de076e2558
2124,debelly,23.0,201,1.5,fixed_10pct,physical,15.0,0.1,1.0,3.6,polarized,0.0656871464878999,0.024097044146999078,34090.024097044145,0.06568714648788508,0.22740777183094585,34090.0,2,37,0,False,0.08299595679532878,True,work/cases/case_2124/duration_0p024097044147.checkpoint.npz,63fe08922946115d1e1f76441ace2b0d8737701839b3eac03d768a735e9d4c98
2125,debelly,23.0,201,1.5,fixed_10pct,physical,15.0,0.1,2.0,7.2,polarized,0.06568714648790121,0.01313900648833929,33775.013139006485,0.06568714648789231,0.22740777183095673,33775.0,2,38,0,False,0.15910358474628547,True,work/cases/case_2125/duration_0p0131390064883.checkpoint.npz,97ddb650948c1368e4c2ecd09295e18f687a49d76ff4c8c33a6df7f792df3465
2126,debelly,23.0,201,1.5,fixed_10pct,physical,15.0,0.1,4.0,14.4,polarized,0.0656871464879428,0.0078125,33140.0078125,0.06568714648790006,0.2274077718309735,33140.0,2,35,0,False,0.2928932188134524,True,work/cases/case_2126/duration_0p0078125.checkpoint.npz,cd87168826a445375bffb5044a252c1b911bb6e6243fa6a75c3996955bdfc5fe
2127,debelly,23.0,201,1.5,fixed_10pct,physical,15.0,0.1,10.0,36.0,polarized,0.06568714648794356,0.00390625,32325.00390625,0.06568714648789871,0.22740777183097227,32325.0,2,33,0,False,0.5,True,work/cases/case_2127/duration_0p00390625.checkpoint.npz,419e0d3bd96093da3594a53ab13cc1b05615a6ce71cf0a4b9ab9eaf943d255cc
2128,debelly,23.0,201,3.0,fixed_20pct,physical,15.0,0.2,0.1,0.36000000000000004,polarized,0.06568714648789985,0.1146255054005839,34300.1146255054,0.06568714648789943,0.22740777183097327,34300.0,2,35,0,False,0.021427937912299858,True,work/cases/case_2128/duration_0p114625505401.checkpoint.npz,7e79a49067354bc60905cae35b1d372694b2d413e3a2dbb38c99f38b8ea54f45
2129,debelly,23.0,201,3.0,fixed_20pct,physical,15.0,0.2,0.25,0.9,polarized,0.06568714648790146,0.04615081706060936,34275.04615081706,0.06568714648789978,0.2274077718309735,34275.0,2,34,0,False,0.04239671930142645,True,work/cases/case_2129/duration_0p0461508170606.checkpoint.npz,149f68337438c8a6109cb1c67f2239154f2b28c882a019df9b35b7339faf1c59
2130,debelly,23.0,201,3.0,fixed_20pct,physical,15.0,0.2,0.5,1.8,polarized,0.0656871464879014,0.024097044146999078,34120.024097044145,0.06568714648789839,0.22740777183097227,34120.0,2,36,0,False,0.08299595679532878,True,work/cases/case_2130/duration_0p024097044147.checkpoint.npz,c6ea433667f7b925e8d096eedab1e20ad1bbda0ee7731cbc1c21e8d58ed84787
2131,debelly,23.0,201,3.0,fixed_20pct,physical,15.0,0.2,1.0,3.6,polarized,0.06568714648794458,0.01313900648833929,33805.013139006485,0.06568714648789235,0.22740777183095673,33805.0,2,35,0,False,0.15910358474628547,True,work/cases/case_2131/duration_0p0131390064883.checkpoint.npz,2be74b3da82c9094e30451ade554b689dca59fbb0cbae8ec46066997af2daadf
2132,debelly,23.0,201,3.0,fixed_20pct,physical,15.0,0.2,2.0,7.2,polarized,0.06568714648794273,0.0078125,33170.0078125,0.06568714648789992,0.2274077718309735,33170.0,2,34,0,False,0.2928932188134524,True,work/cases/case_2132/duration_0p0078125.checkpoint.npz,71437cf89cca6de03c6f252f10515787ba013a364ef93c840105cad8b6fc006e
2133,debelly,23.0,201,3.0,fixed_20pct,physical,15.0,0.2,4.0,14.4,polarized,0.0656871464879473,0.00390625,33170.00390625,0.0656871464879001,0.2274077718309735,33170.0,2,33,0,False,0.5,True,work/cases/case_2133/duration_0p00390625.checkpoint.npz,3c9a9cd97d8c46e70b167f1de15996f83f565b2ce1004dd75205066dc4a4ec6e
2134,debelly,23.0,201,3.0,fixed_20pct,physical,15.0,0.2,10.0,36.0,polarized,0.06568714648794635,0.001953125,32355.001953125,0.06568714648789906,0.22740777183097227,32355.0,2,33,0,False,1.0,True,work/cases/case_2134/duration_0p001953125.checkpoint.npz,85b286bd3b8dde28e00c1a36970e32a73d9e6a32763cae3bbf2e089bdfff7c01
2135,debelly,23.0,201,4.6000000000000005,relative_20pct,relative,15.0,0.2,0.1,0.36000000000000004,polarized,0.06568714648790014,0.0759529599987793,34295.075952959996,0.06568714648789956,0.2274077718309735,34295.0,2,36,0,False,0.021427937912299782,True,work/cases/case_2135/duration_0p0759529599988.checkpoint.npz,9ddb5a48052481a1893c1b5af35ba3034ec37810dee3f828b22dcd2ee0e9bcdd
2136,debelly,23.0,201,4.6000000000000005,relative_20pct,relative,15.0,0.2,0.25,0.9,polarized,0.06568714648789992,0.03125,34195.03125,0.06568714648789784,0.2274077718309705,34195.0,2,36,0,False,0.08299595679532878,True,work/cases/case_2136/duration_0p03125.checkpoint.npz,bf2ade989d198b4779ed280966f90a3388b5028cdd7cc2e0e16c1c4b6a90be5b
2137,debelly,23.0,201,4.6000000000000005,relative_20pct,relative,15.0,0.2,0.5,1.8,polarized,0.06568714648794279,0.015625,34195.015625,0.0656871464879008,0.22740777183097616,34195.0,2,34,0,False,0.1591035847462854,True,work/cases/case_2137/duration_0p015625.checkpoint.npz,c5325082374f55dfcc6321b408bfc8f906c228484bff2af52e8cbef84db4c748
2138,debelly,23.0,201,4.6000000000000005,relative_20pct,relative,15.0,0.2,1.0,3.6,polarized,0.06568714648794621,0.0078125,34195.0078125,0.0656871464879001,0.2274077718309735,34195.0,2,32,0,False,0.2928932188134524,True,work/cases/case_2138/duration_0p0078125.checkpoint.npz,88e6153c4919c4e47015bc004d6d92adc99bf11bcf5424c03ab3171fd04e0767
2139,debelly,23.0,201,4.6000000000000005,relative_20pct,relative,15.0,0.2,2.0,7.2,polarized,0.06568714648794624,0.00390625,34195.00390625,0.0656871464879009,0.22740777183097616,34195.0,2,33,0,False,0.5,True,work/cases/case_2139/duration_0p00390625.checkpoint.npz,a8708af0eb47f18b65249f6d578e11ff57ef5614e737cd8c31c47e3fc8ee6afe
2140,debelly,23.0,201,4.6000000000000005,relative_20pct,relative,15.0,0.2,4.0,14.4,polarized,0.06568714648794728,0.001953125,34195.001953125,0.06568714648789825,0.22740777183097227,34195.0,2,34,0,False,1.0,True,work/cases/case_2140/duration_0p001953125.checkpoint.npz,7d3403011faf60128c1b4a9a477ef3cf99879017a1692a8a9dde443d31d7444b
2141,debelly,23.0,201,4.6000000000000005,relative_20pct,relative,15.0,0.2,10.0,36.0,polarized,0.06568714648794302,0.001953125,30850.001953125,0.06568714648789094,0.22740777183095606,30850.0,2,35,0,False,1.0,True,work/cases/case_2141/duration_0p001953125.checkpoint.npz,161299b053184e471066192a8640a69f3aadb4804f3519d30d681ad4ab7ee312
2142,debelly,25.0,201,1.5,fixed_10pct,physical,15.0,0.1,0.1,0.36000000000000004,polarized,0.06748019602167324,0.05731275270029195,29605.0573127527,0.06748019602136124,0.23124050041101252,29605.0,2,38,0,False,0.042396719301426355,True,work/cases/case_2142/duration_0p0573127527003.checkpoint.npz,72486317c7acea342bf865766a4d5fec4cd5b771469cc4b24b718892054c90df
2143,debelly,25.0,201,1.5,fixed_10pct,physical,15.0,0.1,0.25,0.9,polarized,0.06748019602167515,0.024097044146999078,29475.02409704415,0.06748019602143503,0.2312405004111252,29475.0,2,38,0,False,0.08299595679532878,True,work/cases/case_2143/duration_0p024097044147.checkpoint.npz,f86ba2224dc0680a3ce8e607f72447ed1002a6acb3d3a3331ab570c5c088ed3b
2144,debelly,25.0,201,1.5,fixed_10pct,physical,15.0,0.1,0.5,1.8,polarized,0.06748019602166547,0.01313900648833929,29245.01313900649,0.06748019602153678,0.2312405004112793,29245.0,2,38,0,False,0.15910358474628547,True,work/cases/case_2144/duration_0p0131390064883.checkpoint.npz,4c7351e0a7cf8499adeb0930498df0137524d471024c66cd3e6882341352b74f
2145,debelly,25.0,201,1.5,fixed_10pct,physical,15.0,0.1,1.0,3.6,polarized,0.06748019602166719,0.0078125,28785.0078125,0.06748019602166327,0.23124050041146826,28785.0,2,35,0,False,0.2928932188134524,True,work/cases/case_2145/duration_0p0078125.checkpoint.npz,c486df155b04dbb7b41bc07e047123b2cd539f0929ea8f15ac720b2157ed5df6
2146,debelly,25.0,201,1.5,fixed_10pct,physical,15.0,0.1,2.0,7.2,polarized,0.06748019602167196,0.00390625,28785.00390625,0.06748019602166336,0.23124050041146837,28785.0,2,37,0,False,0.5,True,work/cases/case_2146/duration_0p00390625.checkpoint.npz,7ca444489f2bb5234ce6c5d6ff4914d5745560371df42c61b2aa4fd064c20634
2147,debelly,25.0,201,1.5,fixed_10pct,physical,15.0,0.1,4.0,14.4,polarized,0.06748019602208673,0.001953125,28785.001953125,0.06748019602166341,0.23124050041146849,28785.0,2,36,0,False,1.0,True,work/cases/case_2147/duration_0p001953125.checkpoint.npz,c69f29b88f1da9f15036bce2777a71b1f8763b8bd500ee224666dc6becfb1aec
2148,debelly,25.0,201,1.5,fixed_10pct,physical,15.0,0.1,10.0,36.0,polarized,0.06748019602232494,0.001953125,26365.001953125,0.06748019602148603,0.2312405004112026,26365.0,2,33,0,False,1.0,True,work/cases/case_2148/duration_0p001953125.checkpoint.npz,33a510a4daa3c71adf0b68ec1bc72832aee5593c784ae3a04c56caba7254dba1
2149,debelly,25.0,201,3.0,fixed_20pct,physical,15.0,0.2,0.1,0.36000000000000004,polarized,0.06748019602167357,0.03558714483614661,29050.035587144837,0.06748019602160088,0.23124050041137434,29050.0,2,36,0,False,0.04239671930142625,True,work/cases/case_2149/duration_0p0355871448361.checkpoint.npz,e25b90e4ecd09b6684a1f2dc9624a703df1a2d8882cc47d7f29e51a53a8be0cd
2150,debelly,25.0,201,3.0,fixed_20pct,physical,15.0,0.2,0.25,0.9,polarized,0.06748019602167274,0.015625,28805.015625,0.06748019602165978,0.23124050041146438,28805.0,2,38,0,False,0.1591035847462854,True,work/cases/case_2150/duration_0p015625.checkpoint.npz,92d9c52ad43acd8f9be5f04000cba1684ea1f2b0b6813a8bb59e77eaf1bcb3b6
2151,debelly,25.0,201,3.0,fixed_20pct,physical,15.0,0.2,0.5,1.8,polarized,0.06748019602167324,0.0078125,28805.0078125,0.06748019602165976,0.23124050041146438,28805.0,2,34,0,False,0.2928932188134524,True,work/cases/case_2151/duration_0p0078125.checkpoint.npz,3837ad30bc80b075bdbb9e347db539355f613ed1a9e60cf8970ab69b2a66af50
2152,debelly,25.0,201,3.0,fixed_20pct,physical,15.0,0.2,1.0,3.6,polarized,0.06748019602172119,0.00390625,28805.00390625,0.06748019602165983,0.23124050041146438,28805.0,2,36,0,False,0.5,True,work/cases/case_2152/duration_0p00390625.checkpoint.npz,e1a332fd913e7c48c402da039be8678537ee3a8d2368f57cea77b671fa60d15b
2153,debelly,25.0,201,3.0,fixed_20pct,physical,15.0,0.2,2.0,7.2,polarized,0.06748019602230809,0.001953125,28805.001953125,0.06748019602165983,0.23124050041146416,28805.0,2,33,0,False,1.0,True,work/cases/case_2153/duration_0p001953125.checkpoint.npz,d83c2bb151b786550ea14009680723b367bc78291e05ba51da04e8a3434609ce
2154,debelly,25.0,201,3.0,fixed_20pct,physical,15.0,0.2,4.0,14.4,polarized,0.06748019602221961,0.001953125,26975.001953125,0.06748019602162177,0.23124050041140687,26975.0,2,34,0,False,1.0,True,work/cases/case_2154/duration_0p001953125.checkpoint.npz,d1f5500d35c60f3f9fdedb71fa5fd5c830449bdc4eaac6848630ec1d0a8f41ce
2155,debelly,25.0,201,3.0,fixed_20pct,physical,15.0,0.2,10.0,36.0,polarized,0.06748019602217904,0.001953125,24555.001953125,0.0674801960213903,0.23124050041105682,24555.0,2,33,0,False,1.0,True,work/cases/case_2155/duration_0p001953125.checkpoint.npz,42d2e980f942ece0ec8f8296869b75f4742bafe5271b00047a83ae1badfbb49d
2156,debelly,25.0,201,5.0,relative_20pct,relative,15.0,0.2,0.1,0.36000000000000004,polarized,0.06748019602166733,0.02209708691207961,29005.022097086912,0.06748019602161381,0.2312405004113941,29005.0,2,36,0,False,0.08299595679532885,True,work/cases/case_2156/duration_0p0220970869121.checkpoint.npz,f7399e59dea1d30845eb98d0fecf21cd782784db8e677badecc38880e3d2eb04
2157,debelly,25.0,201,5.0,relative_20pct,relative,15.0,0.2,0.25,0.9,polarized,0.06748019602167092,0.009290680585958758,28875.009290680588,0.06748019602164607,0.23124050041144417,28875.0,2,37,0,False,0.15910358474628544,True,work/cases/case_2157/duration_0p00929068058596.checkpoint.npz,bcbf14c697ebfd0158f9f116864c7c4298be7a2f5734c7f690aa0fcec693e65a
2158,debelly,25.0,201,5.0,relative_20pct,relative,15.0,0.2,0.5,1.8,polarized,0.06748019602212849,0.005524271728019903,28415.005524271728,0.06748019602146367,0.23124050041116762,28415.0,2,35,0,False,0.29289321881345254,True,work/cases/case_2158/duration_0p00552427172802.checkpoint.npz,c684cf6056477cec73c5e1d115bf5f22c8fda12531c66f6feffd382af9ef0cfe
2159,debelly,25.0,201,5.0,relative_20pct,relative,15.0,0.2,1.0,3.6,polarized,0.06748019602227762,0.00390625,27500.00390625,0.06748019602142083,0.23124050041110278,27500.0,2,34,0,False,0.5,True,work/cases/case_2159/duration_0p00390625.checkpoint.npz,02d5be2dda3e3858c8b92aac761e55aad0a801ce42a5f29145791e99d228159f
2160,debelly,25.0,201,5.0,relative_20pct,relative,15.0,0.2,2.0,7.2,polarized,0.06748019602223318,0.001953125,27500.001953125,0.06748019602142072,0.23124050041110256,27500.0,2,33,0,False,1.0,True,work/cases/case_2160/duration_0p001953125.checkpoint.npz,c8f0c07cb177269f5ed7672a0cd6b9589d8d2b0e5ba0930759478a1a803f41da
2161,debelly,25.0,201,5.0,relative_20pct,relative,15.0,0.2,4.0,14.4,polarized,0.06748019602228854,0.001953125,25670.001953125,0.0674801960213191,0.2312405004109489,25670.0,2,32,0,False,1.0,True,work/cases/case_2161/duration_0p001953125.checkpoint.npz,032411a2c17fff821ae9bbe44b1e063a862a8ba75a6af0969a63fa1477021947
2162,debelly,25.0,201,5.0,relative_20pct,relative,15.0,0.2,10.0,36.0,polarized,0.06748019602233284,0.001953125,23250.001953125,0.06748019602153449,0.23124050041127608,23250.0,2,35,0,False,1.0,True,work/cases/case_2162/duration_0p001953125.checkpoint.npz,2919342361002547e3831d51accf0660ee047884c204134ba78a23e2fffb578c
2163,debelly,27.0,201,1.5,fixed_10pct,physical,15.0,0.1,0.1,0.36000000000000004,polarized,0.06886169316168884,0.02627801297667858,27035.026278012978,0.06886169315833984,0.23395572480242655,27035.0,2,38,0,False,0.08299595679532876,True,work/cases/case_2163/duration_0p0262780129767.checkpoint.npz,8c7463d0f186daf1c2d43240b1b383cb3a16edf5408475650cc414a980835b3b
2164,debelly,27.0,201,1.5,fixed_10pct,physical,15.0,0.1,0.25,0.9,polarized,0.0688616931614085,0.011048543456039806,26925.011048543456,0.06886169315908516,0.2339557248033085,26925.0,2,35,0,False,0.15910358474628555,True,work/cases/case_2164/duration_0p011048543456.checkpoint.npz,67e94ac809c113916c4bd1a88956750470d68008425ae6e9cebe6b446e4701ea
2165,debelly,27.0,201,1.5,fixed_10pct,physical,15.0,0.1,0.5,1.8,polarized,0.06886169316163472,0.005524271728019903,26925.005524271728,0.06886169315908519,0.2339557248033085,26925.0,2,37,0,False,0.29289321881345254,True,work/cases/case_2165/duration_0p00552427172802.checkpoint.npz,8061de89be441f5ae4d6c2225db106de512299ef5eb306b8d3715c28fe8afb67
2166,debelly,27.0,201,1.5,fixed_10pct,physical,15.0,0.1,1.0,3.6,polarized,0.06886169316176113,0.00390625,26170.00390625,0.0688616931572878,0.2339557248011831,26170.0,2,36,0,False,0.5,True,work/cases/case_2166/duration_0p00390625.checkpoint.npz,c7135cdfdcf91b170b803fdbdcf66a0039ec11ad9e0020a189fd90b71562b08b
2167,debelly,27.0,201,1.5,fixed_10pct,physical,15.0,0.1,2.0,7.2,polarized,0.06886169316147124,0.001953125,26170.001953125,0.06886169315728757,0.23395572480118287,26170.0,2,36,0,False,1.0,True,work/cases/case_2167/duration_0p001953125.checkpoint.npz,7f13da1f8e5d33e044a93790858c5c6f0bb328bbc23de5b003169d932231224c
2168,debelly,27.0,201,1.5,fixed_10pct,physical,15.0,0.1,4.0,14.4,polarized,0.06886169316162095,0.001953125,24655.001953125,0.06886169316058738,0.23395572480508398,24655.0,2,38,0,False,1.0,True,work/cases/case_2168/duration_0p001953125.checkpoint.npz,68267dc261e6c3fec13a69df8321d4a9115a496c507d879690d876c7e5bb5af8
2169,debelly,27.0,201,1.5,fixed_10pct,physical,15.0,0.1,10.0,36.0,polarized,0.06886169317248805,0.001953125,22650.001953125,0.06886169316059973,0.23395572480509874,22650.0,2,35,0,False,1.0,True,work/cases/case_2169/duration_0p001953125.checkpoint.npz,8e8063e64dfddc48b6b2ead43574df3a6c6a2326a48ac2704a01a02b2f845303
2170,debelly,27.0,201,3.0,fixed_20pct,physical,15.0,0.2,0.1,0.36000000000000004,polarized,0.06886169316158422,0.01313900648833929,27050.01313900649,0.06886169315824112,0.2339557248023102,27050.0,2,38,0,False,0.15910358474628547,True,work/cases/case_2170/duration_0p0131390064883.checkpoint.npz,7316aac91bf11dadb40dfe4833ebc8ac89e5c1971c6b63681d65cd763c2190b8
2171,debelly,27.0,201,3.0,fixed_20pct,physical,15.0,0.2,0.25,0.9,polarized,0.06886169316160316,0.005524271728019903,26940.005524271728,0.06886169315899857,0.23395572480320548,26940.0,2,37,0,False,0.29289321881345254,True,work/cases/case_2171/duration_0p00552427172802.checkpoint.npz,d9da879e5734fc8fa105c0b68b0a78201ca674b89dbda683bd0ac1fc53264b3b
2172,debelly,27.0,201,3.0,fixed_20pct,physical,15.0,0.2,0.5,1.8,polarized,0.06886169316161268,0.00390625,26185.00390625,0.06886169315717289,0.23395572480104765,26185.0,2,38,0,False,0.5,True,work/cases/case_2172/duration_0p00390625.checkpoint.npz,0f29b615f763388a0c3e00457aaac906f2483e062367869ea166df58ac83ab4a
2173,debelly,27.0,201,3.0,fixed_20pct,physical,15.0,0.2,1.0,3.6,polarized,0.0688616931617278,0.001953125,26185.001953125,0.06886169315717312,0.2339557248010481,26185.0,2,38,0,False,1.0,True,work/cases/case_2173/duration_0p001953125.checkpoint.npz,e03b222852704803c3a509774a6ecb963f490e6f8bae00ee8276794c70872c86
2174,debelly,27.0,201,3.0,fixed_20pct,physical,15.0,0.2,2.0,7.2,polarized,0.0688616931711105,0.001953125,24670.001953125,0.06886169316052414,0.2339557248050098,24670.0,2,35,0,False,1.0,True,work/cases/case_2174/duration_0p001953125.checkpoint.npz,5a4c840d43372ce1dd870c5bfe9505b57ec9a724dc7531e07a9d2c02b98673f3
2175,debelly,27.0,201,3.0,fixed_20pct,physical,15.0,0.2,4.0,14.4,polarized,0.06886169317302109,0.001953125,23155.001953125,0.06886169315742688,0.2339557248013473,23155.0,2,33,0,False,1.0,True,work/cases/case_2175/duration_0p001953125.checkpoint.npz,803ba535a76132977cb868f0a6845d02b3f013d109104c11ff019933e1fd228f
2176,debelly,27.0,201,3.0,fixed_20pct,physical,15.0,0.2,10.0,36.0,polarized,0.06886169317263037,0.001953125,21150.001953125,0.06886169315744939,0.2339557248013745,21150.0,2,33,0,False,1.0,True,work/cases/case_2176/duration_0p001953125.checkpoint.npz,5184f9fb4db33c58267391a0691aa8172ca6a8a1ad91fcac59670144f2246530
2177,debelly,27.0,201,5.4,relative_20pct,relative,15.0,0.2,0.1,0.36000000000000004,polarized,0.06886169316178535,0.0078125,26940.0078125,0.06886169315900012,0.23395572480320748,26940.0,2,38,0,False,0.2928932188134524,True,work/cases/case_2177/duration_0p0078125.checkpoint.npz,79180051f460894956360228dd11543847e2aaad12656ac90aea63f3258fed37
2178,debelly,27.0,201,5.4,relative_20pct,relative,15.0,0.2,0.25,0.9,polarized,0.06886169316175737,0.00390625,26455.00390625,0.06886169316143448,0.23395572480608473,26455.0,2,38,0,False,0.5,True,work/cases/case_2178/duration_0p00390625.checkpoint.npz,c459e1bc2b6988d1ff4a314a0309976eee5a8132367b2904811beefcf5b606ac
2179,debelly,27.0,201,5.4,relative_20pct,relative,15.0,0.2,0.5,1.8,polarized,0.06886169317131886,0.001953125,26455.001953125,0.06886169316143445,0.23395572480608473,26455.0,2,35,0,False,1.0,True,work/cases/case_2179/duration_0p001953125.checkpoint.npz,b7ad1533807041bacf91cab15a87472ac2d49b82bb5e6d2dbca0dbf1a016610a
2180,debelly,27.0,201,5.4,relative_20pct,relative,15.0,0.2,1.0,3.6,polarized,0.06886169317349168,0.001953125,24940.001953125,0.06886169315901756,0.23395572480322802,24940.0,2,33,0,False,1.0,True,work/cases/case_2180/duration_0p001953125.checkpoint.npz,78dfcbe7e37d47dfe30385ea15722b38072e7639ffdde08c7d03f5f1da3e9d8c
2181,debelly,27.0,201,5.4,relative_20pct,relative,15.0,0.2,2.0,7.2,polarized,0.0688616931734875,0.001953125,23425.001953125,0.06886169316154413,0.2339557248062144,23425.0,2,33,0,False,1.0,True,work/cases/case_2181/duration_0p001953125.checkpoint.npz,8cf885b0c64377157b9c9e57070b3c9b27d2dda1f54519fcdb45f3988e5bb065
2182,debelly,27.0,201,5.4,relative_20pct,relative,15.0,0.2,4.0,14.4,polarized,0.06886169317173442,0.001953125,21910.001953125,0.06886169315920944,0.23395572480345495,21910.0,2,33,0,False,1.0,True,work/cases/case_2182/duration_0p001953125.checkpoint.npz,58cb136a1795d738451d2e57d076d67a6e297662d701e324bbe9986051e66de3
2183,debelly,27.0,201,5.4,relative_20pct,relative,15.0,0.2,10.0,36.0,polarized,0.06886169317185035,0.001953125,19905.001953125,0.06886169315922705,0.23395572480347626,19905.0,2,34,0,False,1.0,True,work/cases/case_2183/duration_0p001953125.checkpoint.npz,62e6646eb1cc0e9da4bac2d0e4b185f0dbe2e3dce15669a17e7a1d6b880bdd56
2184,debelly,29.0,201,1.5,fixed_10pct,physical,15.0,0.1,0.1,0.36000000000000004,polarized,0.069935841743192,0.01313900648833929,25940.01313900649,0.06993584174028188,0.23588072659002923,25940.0,2,36,0,False,0.15910358474628547,True,work/cases/case_2184/duration_0p0131390064883.checkpoint.npz,8362b992055fa0a3312b4b63450df3f03e0d0ecfbc04d9138638c860b007e558
2185,debelly,29.0,201,1.5,fixed_10pct,physical,15.0,0.1,0.25,0.9,polarized,0.06993584174305942,0.005524271728019903,25845.005524271728,0.06993584174282097,0.23588072659218795,25845.0,2,37,0,False,0.29289321881345254,True,work/cases/case_2185/duration_0p00552427172802.checkpoint.npz,ed4204f27e64ac6860d1a4292a15f29e38814a490b8a94a0b798c33f91440768
2186,debelly,29.0,201,1.5,fixed_10pct,physical,15.0,0.1,0.5,1.8,polarized,0.06993584174305884,0.00390625,25175.00390625,0.06993584173300997,0.23588072658384462,25175.0,2,36,0,False,0.5,True,work/cases/case_2186/duration_0p00390625.checkpoint.npz,bd969497a410f95702769161c06d72d1a1450cd0243e139de41474fcda92c5ff
2187,debelly,29.0,201,1.5,fixed_10pct,physical,15.0,0.1,1.0,3.6,polarized,0.06993584174319213,0.001953125,25175.001953125,0.06993584173300967,0.23588072658384418,25175.0,2,36,0,False,1.0,True,work/cases/case_2187/duration_0p001953125.checkpoint.npz,46d75d74444ee98dec4041b76c135ba0134eb6076d3e8e610e329c37a2f9d2f3
2188,debelly,29.0,201,1.5,fixed_10pct,physical,15.0,0.1,2.0,7.2,polarized,0.06993584174305831,0.001953125,23835.001953125,0.06993584174305831,0.2358807265923899,23835.0,2,38,0,False,1.0,True,work/cases/case_2188/duration_0p001953125.checkpoint.npz,5251a2d50e33e309b9fd49859512c9a8e010cd6c7ec9322dcb2cf24fca68b605
2189,debelly,29.0,201,1.5,fixed_10pct,physical,15.0,0.1,4.0,14.4,polarized,0.06993584174228996,0.001953125,22495.001953125,0.06993584171985794,0.2358807265726599,22495.0,2,38,0,False,1.0,True,work/cases/case_2189/duration_0p001953125.checkpoint.npz,f1bcad9a42c287b0dec930815c597790087453030bba4b44e53b6766fd6027f0
2190,debelly,29.0,201,1.5,fixed_10pct,physical,15.0,0.1,10.0,36.0,polarized,0.06993584182409028,0.001953125,20725.001953125,0.06993584170754648,0.23588072656219006,20725.0,2,34,0,False,1.0,True,work/cases/case_2190/duration_0p001953125.checkpoint.npz,e035f0179f8bb2f581582f65e8b33c260d72255488ce3b05fbf0a29e76cc07e7
2191,debelly,29.0,201,3.0,fixed_20pct,physical,15.0,0.2,0.1,0.36000000000000004,polarized,0.06993584174225699,0.0078125,25615.0078125,0.0699358417137027,0.23588072656742542,25615.0,2,37,0,False,0.2928932188134524,True,work/cases/case_2191/duration_0p0078125.checkpoint.npz,c51032d2487436f5a849bef0770fe03887faf95b94c9a23da7bda7124fd4a040
2192,debelly,29.0,201,3.0,fixed_20pct,physical,15.0,0.2,0.25,0.9,polarized,0.06993584174327841,0.00390625,25185.00390625,0.06993584173264535,0.23588072658353498,25185.0,2,34,0,False,0.5,True,work/cases/case_2192/duration_0p00390625.checkpoint.npz,cd21ee830cad17f302f4e4297bb04f8aa5c0a91d6a53cb3fd03f8d4a7f2d522f
2193,debelly,29.0,201,3.0,fixed_20pct,physical,15.0,0.2,0.5,1.8,polarized,0.0699358417433518,0.001953125,25185.001953125,0.06993584173264507,0.23588072658353454,25185.0,2,38,0,False,1.0,True,work/cases/case_2193/duration_0p001953125.checkpoint.npz,1809e103d5e8ee33b3ec6da2657d082720b7d1fe4010165529c52a0366829c31
2194,debelly,29.0,201,3.0,fixed_20pct,physical,15.0,0.2,1.0,3.6,polarized,0.06993584174328328,0.001953125,23845.001953125,0.06993584174279796,0.2358807265921684,23845.0,2,36,0,False,1.0,True,work/cases/case_2194/duration_0p001953125.checkpoint.npz,41f37730201f2cb914a63074efb33df7bc30051ff534213859d7e94a94079753
2195,debelly,29.0,201,3.0,fixed_20pct,physical,15.0,0.2,2.0,7.2,polarized,0.06993584180743172,0.001953125,22505.001953125,0.06993584171935806,0.2358807265722349,22505.0,2,35,0,False,1.0,True,work/cases/case_2195/duration_0p001953125.checkpoint.npz,e5b83bf02ad28ebf5fc15c70573e276c5f4e2a4826da119ca91719fad4cfaf04
2196,debelly,29.0,201,3.0,fixed_20pct,physical,15.0,0.2,4.0,14.4,polarized,0.0699358418335224,0.001953125,21165.001953125,0.06993584173330956,0.2358807265840992,21165.0,2,33,0,False,1.0,True,work/cases/case_2196/duration_0p001953125.checkpoint.npz,901f35455cb1267f3ff23b76c3be2e5f2de7d700c239645c5b2770545f5260ae
2197,debelly,29.0,201,3.0,fixed_20pct,physical,15.0,0.2,10.0,36.0,polarized,0.06993584181914674,0.001953125,19395.001953125,0.06993584172442986,0.23588072657654824,19395.0,2,34,0,False,1.0,True,work/cases/case_2197/duration_0p001953125.checkpoint.npz,969ca7ec8d0543e804f264ae1d56e4efeb5d0a7bed26a9c5233879b2bdc0cb8f
2198,debelly,29.0,201,5.800000000000001,relative_20pct,relative,15.0,0.2,0.1,0.36000000000000004,polarized,0.06993584173801601,0.00390625,25720.00390625,0.06993584170789137,0.23588072656248327,25720.0,2,35,0,False,0.5,True,work/cases/case_2198/duration_0p00390625.checkpoint.npz,7e92da03b4178343ef18187f68ba9eacdd63a4113cfcea84a6bbe57b37a3c881
2199,debelly,29.0,201,5.800000000000001,relative_20pct,relative,15.0,0.2,0.25,0.9,polarized,0.06993584174337109,0.001953125,25285.001953125,0.06993584172885565,0.23588072658031167,25285.0,2,36,0,False,1.0,True,work/cases/case_2199/duration_0p001953125.checkpoint.npz,3e767e3a32abf95b6f510ed00b38b81b17e7b4093308386803c983f13a9c7fcb
2200,debelly,29.0,201,5.800000000000001,relative_20pct,relative,15.0,0.2,0.5,1.8,polarized,0.06993584180634847,0.001953125,23945.001953125,0.06993584174009188,0.23588072658986692,23945.0,2,35,0,False,1.0,True,work/cases/case_2200/duration_0p001953125.checkpoint.npz,3555f82e954f1a063688858de241d3b9223b7ae9fa8e6ce23cb944ac5545d6ea
2201,debelly,29.0,201,5.800000000000001,relative_20pct,relative,15.0,0.2,1.0,3.6,polarized,0.06993584183046031,0.001953125,22605.001953125,0.06993584171415165,0.23588072656780734,22605.0,2,33,0,False,1.0,True,work/cases/case_2201/duration_0p001953125.checkpoint.npz,9f90a814ab00329a22af0841d97c367b02fe38ee73fca09743d75adb8dda554a
2202,debelly,29.0,201,5.800000000000001,relative_20pct,relative,15.0,0.2,2.0,7.2,polarized,0.06993584183355807,0.001953125,21270.001953125,0.06993584172959208,0.2358807265809384,21270.0,2,32,0,False,1.0,True,work/cases/case_2202/duration_0p001953125.checkpoint.npz,6b987d49f781e87fff61972204a279b8e4a8bd4e2bf5cb8f8ab5920ba28ff5da
2203,debelly,29.0,201,5.800000000000001,relative_20pct,relative,15.0,0.2,4.0,14.4,polarized,0.06993584182979254,0.001953125,19930.001953125,0.06993584174061941,0.23588072659031556,19930.0,2,33,0,False,1.0,True,work/cases/case_2203/duration_0p001953125.checkpoint.npz,ea2766bbb43831f4e8459733e728802297b0e695eeb2175733d5c27e5d977adc
2204,debelly,29.0,201,5.800000000000001,relative_20pct,relative,15.0,0.2,10.0,36.0,polarized,0.06993584183303107,0.001953125,18155.001953125,0.06993584173360674,0.23588072658435233,18155.0,2,33,0,False,1.0,True,work/cases/case_2204/duration_0p001953125.checkpoint.npz,19e138b2a9320d9bd9c94ddbe9a548ad3c6464ea2f398bd2f96134e28e1420e0
2205,debelly,31.0,201,1.5,fixed_10pct,physical,15.0,0.1,0.1,0.36000000000000004,polarized,0.07076978704539061,0.0078125,25375.0078125,0.0707697870218096,0.23722419391681115,25375.0,2,36,0,False,0.2928932188134524,True,work/cases/case_2205/duration_0p0078125.checkpoint.npz,a782d2c37e1332a1e769dd785d64a5e9613dee8dcef078607b7d4ee6663a3188
2206,debelly,31.0,201,1.5,fixed_10pct,physical,15.0,0.1,0.25,0.9,polarized,0.07076978705049157,0.00390625,24975.00390625,0.07076978693329182,0.23722419387259486,24975.0,2,36,0,False,0.5,True,work/cases/case_2206/duration_0p00390625.checkpoint.npz,a31b76f6c604371a3e0bca21a3d1afe2af8c8ea91035b3481645deb6feaedfdf
2207,debelly,31.0,201,1.5,fixed_10pct,physical,15.0,0.1,0.5,1.8,polarized,0.07076978705113443,0.001953125,24975.001953125,0.07076978693329058,0.23722419387259375,24975.0,2,36,0,False,1.0,True,work/cases/case_2207/duration_0p001953125.checkpoint.npz,4d4429770ec78aa5ed65310a1e32de7065e8e5003144755bfff97c942e297209
2208,debelly,31.0,201,1.5,fixed_10pct,physical,15.0,0.1,1.0,3.6,polarized,0.07076978704882567,0.001953125,23745.001953125,0.07076978697281211,0.23722419389233595,23745.0,2,37,0,False,1.0,True,work/cases/case_2208/duration_0p001953125.checkpoint.npz,b6d7391f89ae0f49b060777a2ef58f24fe6989ac3bca041a1d121f89a8b9d1e4
2209,debelly,31.0,201,1.5,fixed_10pct,physical,15.0,0.1,2.0,7.2,polarized,0.070769787051723,0.001953125,22515.001953125,0.07076978700510263,0.23722419390846572,22515.0,2,38,0,False,1.0,True,work/cases/case_2209/duration_0p001953125.checkpoint.npz,7fa1a61c4ebc0a3835ca193ae576b3e1ab77d6af4fac756401dd7bb4481432a2
2210,debelly,31.0,201,1.5,fixed_10pct,physical,15.0,0.1,4.0,14.4,polarized,0.07076978705103494,0.001953125,21285.001953125,0.07076978703148469,0.23722419392164407,21285.0,2,37,0,False,1.0,True,work/cases/case_2210/duration_0p001953125.checkpoint.npz,5bb36c87383ddba7e0bd21a460a7ebcd4de6097f92c29bf286fb0e0568d3c1c6
2211,debelly,31.0,201,1.5,fixed_10pct,physical,15.0,0.1,10.0,36.0,polarized,0.07076978728109898,0.001953125,19655.001953125,0.07076978698621103,0.23722419389902938,19655.0,2,34,0,False,1.0,True,work/cases/case_2211/duration_0p001953125.checkpoint.npz,3e195fc6fdb996df1d4c5f9e88fcf4be2c75515f75bf742bc3e73edb72c12865
2212,debelly,31.0,201,3.0,fixed_20pct,physical,15.0,0.2,0.1,0.36000000000000004,polarized,0.07076978704799373,0.00390625,25380.00390625,0.07076978702089025,0.2372241939163522,25380.0,2,37,0,False,0.5,True,work/cases/case_2212/duration_0p00390625.checkpoint.npz,0ffc8d1c3b9499ea7a9f0517f18041ddbd80fa0afd49d488673808f020c7485f
2213,debelly,31.0,201,3.0,fixed_20pct,physical,15.0,0.2,0.25,0.9,polarized,0.07076978705145254,0.001953125,24985.001953125,0.07076978693173507,0.23722419387181648,24985.0,2,35,0,False,1.0,True,work/cases/case_2213/duration_0p001953125.checkpoint.npz,51c888603281958fe2acfaea088adbd34abd608dbc4d25cfa20587a42d410d5d
2214,debelly,31.0,201,3.0,fixed_20pct,physical,15.0,0.2,0.5,1.8,polarized,0.07076978705155976,0.001953125,23755.001953125,0.07076978697154183,0.2372241938917018,23755.0,2,37,0,False,1.0,True,work/cases/case_2214/duration_0p001953125.checkpoint.npz,133eef01ad009572670877290aa02bcc9abfeb3212819e43b38b1d9c616e4dc0
2215,debelly,31.0,201,3.0,fixed_20pct,physical,15.0,0.2,1.0,3.6,polarized,0.07076978705029274,0.001953125,22520.001953125,0.07076978700406567,0.23722419390794747,22520.0,2,36,0,False,1.0,True,work/cases/case_2215/duration_0p001953125.checkpoint.npz,bd0fa3fbca4af6aa4f40227d0c0263ffde2871a5bcc6cef1d09238070fe03e63
2216,debelly,31.0,201,3.0,fixed_20pct,physical,15.0,0.2,2.0,7.2,polarized,0.0707697870513094,0.001953125,21290.001953125,0.07076978703063885,0.23722419392122163,21290.0,2,37,0,False,1.0,True,work/cases/case_2216/duration_0p001953125.checkpoint.npz,8f900b66a5f7813e7e9238cfc760a1b9bf8d1e8b3ad3d4e2f52186ebf9de7c0b
2217,debelly,31.0,201,3.0,fixed_20pct,physical,15.0,0.2,4.0,14.4,polarized,0.07076978737163764,0.001953125,20060.001953125,0.07076978691707646,0.23722419386449445,20060.0,2,34,0,False,1.0,True,work/cases/case_2217/duration_0p001953125.checkpoint.npz,f0ec62ddbff5f5f4597b1cf2c784dee11ccbd192f6645b137d5a99b67ad31b85
2218,debelly,31.0,201,3.0,fixed_20pct,physical,15.0,0.2,10.0,36.0,polarized,0.0707697873306218,0.001953125,18430.001953125,0.07076978701510826,0.23722419391346372,18430.0,2,33,0,False,1.0,True,work/cases/case_2218/duration_0p001953125.checkpoint.npz,752a1f42d54d885a6ace68e7fbd79b584b54a93813727ad3b1adef183430b100
2219,debelly,31.0,201,6.2,relative_20pct,relative,15.0,0.2,0.1,0.36000000000000004,polarized,0.07076978704973744,0.001953125,25360.001953125,0.07076978702342927,0.23722419391762029,25360.0,2,36,0,False,1.0,True,work/cases/case_2219/duration_0p001953125.checkpoint.npz,808349d096345ffe2e9d116c3aa485fba9176aa39078b1a69bb1c669b035a1ce
2220,debelly,31.0,201,6.2,relative_20pct,relative,15.0,0.2,0.25,0.9,polarized,0.07076978704931232,0.001953125,23730.001953125,0.0707697869750583,0.23722419389345795,23730.0,2,35,0,False,1.0,True,work/cases/case_2220/duration_0p001953125.checkpoint.npz,3e8f30c7c10da9b8b1c09b55928100bb8c0fc60ccb0316e3997984e9e9ef8ed9
2221,debelly,31.0,201,6.2,relative_20pct,relative,15.0,0.2,0.5,1.8,polarized,0.0707697872882143,0.001953125,22500.001953125,0.07076978700693898,0.2372241939093832,22500.0,2,35,0,False,1.0,True,work/cases/case_2221/duration_0p001953125.checkpoint.npz,666c08b7b50e14823a6eda6ab0c2d082c9174b56119aa6f9a74ba866bc1fee90
2222,debelly,31.0,201,6.2,relative_20pct,relative,15.0,0.2,1.0,3.6,polarized,0.07076978736505322,0.001953125,21270.001953125,0.07076978703298727,0.23722419392239447,21270.0,2,32,0,False,1.0,True,work/cases/case_2222/duration_0p001953125.checkpoint.npz,7aabdadefa06d3d86a9c052681637e472d5f52848d690ccee332f9a46098b89b
2223,debelly,31.0,201,6.2,relative_20pct,relative,15.0,0.2,2.0,7.2,polarized,0.07076978734761578,0.001953125,20035.001953125,0.07076978692167517,0.23722419386679128,20035.0,2,33,0,False,1.0,True,work/cases/case_2223/duration_0p001953125.checkpoint.npz,c5cdc89719eecea2c245f67d191f2d66286351b08cbcc87004ab314de9596bc1
2224,debelly,31.0,201,6.2,relative_20pct,relative,15.0,0.2,4.0,14.4,polarized,0.07076978737845063,0.001953125,18805.001953125,0.07076978696333906,0.23722419388760374,18805.0,2,34,0,False,1.0,True,work/cases/case_2224/duration_0p001953125.checkpoint.npz,bcbaaa2f0f410321021f4f3157a0d1f870fba1472b56fee3c47ccc2880dc161e
2225,debelly,31.0,201,6.2,relative_20pct,relative,15.0,0.2,10.0,36.0,polarized,0.07076978736181483,0.001953125,17175.001953125,0.0707697870418589,0.23722419392682603,17175.0,2,33,0,False,1.0,True,work/cases/case_2225/duration_0p001953125.checkpoint.npz,43ce0d478023bb0e5486d1075afbc82a29a25e4df704059838ce0072d71cddc8
2226,debelly,33.0,201,1.5,fixed_10pct,physical,15.0,0.1,0.1,0.36000000000000004,polarized,0.07141030581874967,0.005524271728019903,25025.005524271728,0.07141030564468547,0.23813555066349568,25025.0,2,35,0,False,0.29289321881345254,True,work/cases/case_2226/duration_0p00552427172802.checkpoint.npz,4d25fe0340383c8744e715f02e713c69651969c621687a88beeb3b8dca170a2c
2227,debelly,33.0,201,1.5,fixed_10pct,physical,15.0,0.1,0.25,0.9,polarized,0.07141030582704602,0.001953125,25230.001953125,0.07141030556866594,0.23813555065347713,25230.0,2,36,0,False,1.0,True,work/cases/case_2227/duration_0p001953125.checkpoint.npz,4dbe15fa75ef8d23a3703312ef04411de1cebcebda615d4644620b8118edf645
2228,debelly,33.0,201,1.5,fixed_10pct,physical,15.0,0.1,0.5,1.8,polarized,0.0714103058267714,0.001953125,24070.001953125,0.07141030562868485,0.23813555066138747,24070.0,2,38,0,False,1.0,True,work/cases/case_2228/duration_0p001953125.checkpoint.npz,654228aa16ffaec6653009d99aa372c747b2edac4665ebc5887fdd99edbd42d8
2229,debelly,33.0,201,1.5,fixed_10pct,physical,15.0,0.1,1.0,3.6,polarized,0.07141030582438822,0.001953125,22910.001953125,0.07141030568157758,0.23813555066835834,22910.0,2,36,0,False,1.0,True,work/cases/case_2229/duration_0p001953125.checkpoint.npz,9b42c604a27842735d7035cf3ecfbbff307bc3f4eac752e15edb8a428f0f2b5d
2230,debelly,33.0,201,1.5,fixed_10pct,physical,15.0,0.1,2.0,7.2,polarized,0.07141030582740895,0.001953125,21750.001953125,0.07141030572819092,0.23813555067450087,21750.0,2,36,0,False,1.0,True,work/cases/case_2230/duration_0p001953125.checkpoint.npz,2de0583a6adab0986195363003a834713433033130e2a84536bc2fac7ea72b3a
2231,debelly,33.0,201,1.5,fixed_10pct,physical,15.0,0.1,4.0,14.4,polarized,0.07141030582603626,0.001953125,20590.001953125,0.07141030576927143,0.238135550679915,20590.0,2,37,0,False,1.0,True,work/cases/case_2231/duration_0p001953125.checkpoint.npz,194472e2df1eb9551053c185fa1f456778dd12a483fa97463adab7753693836b
2232,debelly,33.0,201,1.5,fixed_10pct,physical,15.0,0.1,10.0,36.0,polarized,0.07141030582869815,0.001953125,19055.001953125,0.0714103056337724,0.23813555066205727,19055.0,2,36,0,False,1.0,True,work/cases/case_2232/duration_0p001953125.checkpoint.npz,fa1ce45789eb741e72cdaf81e104c73020e31f3dbb47908edf5b10ef53f7ac1c
2233,debelly,33.0,201,3.0,fixed_20pct,physical,15.0,0.2,0.1,0.36000000000000004,polarized,0.07141030582629687,0.00390625,24450.00390625,0.07141030580084116,0.23813555068407577,24450.0,2,35,0,False,0.5,True,work/cases/case_2233/duration_0p00390625.checkpoint.npz,da9e447377a089846f140ee7e13566cc49623b538088be7e9ea2d4437b6e0bf1
2234,debelly,33.0,201,3.0,fixed_20pct,physical,15.0,0.2,0.25,0.9,polarized,0.07141030582558436,0.001953125,24080.001953125,0.07141030562616466,0.23813555066105474,24080.0,2,36,0,False,1.0,True,work/cases/case_2234/duration_0p001953125.checkpoint.npz,3848cc2d2109230d16f3bf2b86ec9b5ff1f61204d5e5c85523e4156a0b6a17bc
2235,debelly,33.0,201,3.0,fixed_20pct,physical,15.0,0.2,0.5,1.8,polarized,0.07141030582846657,0.001953125,22920.001953125,0.07141030567935766,0.2381355506680657,22920.0,2,36,0,False,1.0,True,work/cases/case_2235/duration_0p001953125.checkpoint.npz,689412836a3ea667ce5a3c18efd0134edbfeeccb135954838051d9fc2c2663a7
2236,debelly,33.0,201,3.0,fixed_20pct,physical,15.0,0.2,1.0,3.6,polarized,0.07141030582594701,0.001953125,21760.001953125,0.0714103057262362,0.2381355506742433,21760.0,2,36,0,False,1.0,True,work/cases/case_2236/duration_0p001953125.checkpoint.npz,169658723f3641d478724862d09a78d8d8c0f8848f2da3d052fd4b2c91049793
2237,debelly,33.0,201,3.0,fixed_20pct,physical,15.0,0.2,2.0,7.2,polarized,0.07141030582627873,0.001953125,20595.001953125,0.071410305767552,0.23813555067968883,20595.0,2,35,0,False,1.0,True,work/cases/case_2237/duration_0p001953125.checkpoint.npz,fa7dd89062b04eabe4e892c56ecdced9221408baa458267c90da7de9b9bf85d1
2238,debelly,33.0,201,3.0,fixed_20pct,physical,15.0,0.2,4.0,14.4,polarized,0.07141030633865157,0.001953125,19435.001953125,0.0714103058039674,0.23813555068448744,19435.0,2,36,0,False,1.0,True,work/cases/case_2238/duration_0p001953125.checkpoint.npz,9a5577114b00423004fcb8ab591bc87a8284f65dc9d6a9279d3143c3974af81d
2239,debelly,33.0,201,3.0,fixed_20pct,physical,15.0,0.2,10.0,36.0,polarized,0.07141030653153604,0.001953125,17905.001953125,0.07141030568393063,0.23813555066866743,17905.0,2,33,0,False,1.0,True,work/cases/case_2239/duration_0p001953125.checkpoint.npz,2bf36bbac3122bc68af2a7d76e38d46bd862e864bcc2e5a26e6cd34471b956cd
2240,debelly,33.0,201,6.6000000000000005,relative_20pct,relative,15.0,0.2,0.1,0.36000000000000004,polarized,0.0714103058275576,0.001953125,24325.001953125,0.07141030582649259,0.2381355506874563,24325.0,2,36,0,False,1.0,True,work/cases/case_2240/duration_0p001953125.checkpoint.npz,76ff9aa8de333007b7bbe0ca645c63f76651f7190ccbd14bb8968798b206650d
2241,debelly,33.0,201,6.6000000000000005,relative_20pct,relative,15.0,0.2,0.25,0.9,polarized,0.07141030582291717,0.001953125,22795.001953125,0.07141030571641478,0.238135550672949,22795.0,2,36,0,False,1.0,True,work/cases/case_2241/duration_0p001953125.checkpoint.npz,8d68d7b889cd61246bc2fb623b2ecfc0d4d840d3947715ce110630cbe828e935
2242,debelly,33.0,201,6.6000000000000005,relative_20pct,relative,15.0,0.2,0.5,1.8,polarized,0.07141030646127534,0.001953125,21635.001953125,0.07141030575889397,0.23813555067854753,21635.0,2,34,0,False,1.0,True,work/cases/case_2242/duration_0p001953125.checkpoint.npz,4f06ba26688727017e80b0852ec55e041a8d41f0dc0db29a954e9b21d3832d05
2243,debelly,33.0,201,6.6000000000000005,relative_20pct,relative,15.0,0.2,1.0,3.6,polarized,0.07141030656824916,0.001953125,20470.001953125,0.07141030579633309,0.2381355506834818,20470.0,2,33,0,False,1.0,True,work/cases/case_2243/duration_0p001953125.checkpoint.npz,2f68b5bb63e91b9e448a80f796d91cf5663b7c625693a18dcd20020c9a0b6ee5
2244,debelly,33.0,201,6.6000000000000005,relative_20pct,relative,15.0,0.2,2.0,7.2,polarized,0.07141030660890309,0.001953125,19310.001953125,0.07141030553538316,0.2381355506490903,19310.0,2,34,0,False,1.0,True,work/cases/case_2244/duration_0p001953125.checkpoint.npz,a46147eb22f7ad8df5c1e3e7a81bbed1fdbf5aa6537e9ed9cb64f06034a99322
2245,debelly,33.0,201,6.6000000000000005,relative_20pct,relative,15.0,0.2,4.0,14.4,polarized,0.07141030660994592,0.001953125,18150.001953125,0.07141030559941362,0.238135550657529,18150.0,2,33,0,False,1.0,True,work/cases/case_2245/duration_0p001953125.checkpoint.npz,f963ef3b12f0f6f57098dc7fea57cbcdb262d20c2d9b340c71f5d770a6d5f24b
2246,debelly,33.0,201,6.6000000000000005,relative_20pct,relative,15.0,0.2,10.0,36.0,polarized,0.07141030658899837,0.001953125,16615.001953125,0.07141030576266039,0.23813555067904402,16615.0,2,32,0,False,1.0,True,work/cases/case_2246/duration_0p001953125.checkpoint.npz,12c4cf406575aebf3e3389cb01712c47f2040bb53e9526cfa60fa599b33cbf35
2247,debelly,35.0,201,1.5,fixed_10pct,physical,15.0,0.1,0.1,0.36000000000000004,polarized,0.07189129842053955,0.00390625,25010.00390625,0.07189129827484347,0.2387203793924486,25010.0,2,37,0,False,0.5,True,work/cases/case_2247/duration_0p00390625.checkpoint.npz,4cc70f83528f4b8331be5d3411d3e222f16d63a0eea2e5ea13ea937fb87bb1c6
2248,debelly,35.0,201,1.5,fixed_10pct,physical,15.0,0.1,0.25,0.9,polarized,0.07189129841209489,0.001953125,24650.001953125,0.07189129840724039,0.23872037934209733,24650.0,2,36,0,False,1.0,True,work/cases/case_2248/duration_0p001953125.checkpoint.npz,2b0ede44c9fea68abece653aebfdb0f1223f8c4162166d45a320e68d53d0fedd
2249,debelly,35.0,201,1.5,fixed_10pct,physical,15.0,0.1,0.5,1.8,polarized,0.07189129841604933,0.001953125,23540.001953125,0.071891298003007,0.23872037949582758,23540.0,2,36,0,False,1.0,True,work/cases/case_2249/duration_0p001953125.checkpoint.npz,399855621345cd3f0f5497da6df0fd740bae86b34ebe0d4388ce09743ff8b872
2250,debelly,35.0,201,1.5,fixed_10pct,physical,15.0,0.1,1.0,3.6,polarized,0.07189129841425161,0.001953125,22425.001953125,0.07189129806961149,0.23872037947049718,22425.0,2,36,0,False,1.0,True,work/cases/case_2250/duration_0p001953125.checkpoint.npz,a36e15eb99d44fb1dc64e29be278c285b74895cc886cf3821e279e8d9653bc6d
2251,debelly,35.0,201,1.5,fixed_10pct,physical,15.0,0.1,2.0,7.2,polarized,0.07189129841752968,0.001953125,21315.001953125,0.07189129813098775,0.2387203794471563,21315.0,2,37,0,False,1.0,True,work/cases/case_2251/duration_0p001953125.checkpoint.npz,bd4e93f4690062f79a9420b35e773b9f8626d8c006f125ffdf8e07b8ba8edd3f
2252,debelly,35.0,201,1.5,fixed_10pct,physical,15.0,0.1,4.0,14.4,polarized,0.0718912984253241,0.001953125,20200.001953125,0.07189129818755066,0.23872037942564595,20200.0,2,38,0,False,1.0,True,work/cases/case_2252/duration_0p001953125.checkpoint.npz,9d14bbd66a0a2481f89b0964bf43dba853bce42858c98600da5bc6b4d4f127f8
2253,debelly,35.0,201,1.5,fixed_10pct,physical,15.0,0.1,10.0,36.0,polarized,0.07189129842165462,0.001953125,18730.001953125,0.07189129838018286,0.23872037935238755,18730.0,2,35,0,False,1.0,True,work/cases/case_2253/duration_0p001953125.checkpoint.npz,e0913bcc0187905a107f55abcc6f2af85cf0e1e6c6921cc038ef84e33a1ae9dd
2254,debelly,35.0,201,3.0,fixed_20pct,physical,15.0,0.2,0.1,0.36000000000000004,polarized,0.07189129842022449,0.001953125,25015.001953125,0.07189129827233902,0.23872037939340163,25015.0,2,36,0,False,1.0,True,work/cases/case_2254/duration_0p001953125.checkpoint.npz,0155c34bc8c807a87b7f49e090b37c86db7a72834a43db7c9f919fbf31b7d79a
2255,debelly,35.0,201,3.0,fixed_20pct,physical,15.0,0.2,0.25,0.9,polarized,0.07189129841863226,0.001953125,23545.001953125,0.07189129799932487,0.23872037949722702,23545.0,2,36,0,False,1.0,True,work/cases/case_2255/duration_0p001953125.checkpoint.npz,ddb23a81e627c7932e13133a8cc43992d8f132a37a2f070e041e1fb5ac8b6afd
2256,debelly,35.0,201,3.0,fixed_20pct,physical,15.0,0.2,0.5,1.8,polarized,0.0718912984219635,0.001953125,22430.001953125,0.07189129806622038,0.23872037947178726,22430.0,2,37,0,False,1.0,True,work/cases/case_2256/duration_0p001953125.checkpoint.npz,81b97b4216e97227822621a3707d446756843f00c69f4cb5fca805cc7c871894
2257,debelly,35.0,201,3.0,fixed_20pct,physical,15.0,0.2,1.0,3.6,polarized,0.07189129841517301,0.001953125,21320.001953125,0.07189129812786627,0.23872037944834368,21320.0,2,36,0,False,1.0,True,work/cases/case_2257/duration_0p001953125.checkpoint.npz,bd254ff22aea1f1198e0d107811da7478a17a216d5fdd6f952e854b1119b2800
2258,debelly,35.0,201,3.0,fixed_20pct,physical,15.0,0.2,2.0,7.2,polarized,0.071891298424876,0.001953125,20205.001953125,0.07189129818468028,0.23872037942673718,20205.0,2,36,0,False,1.0,True,work/cases/case_2258/duration_0p001953125.checkpoint.npz,91b87ec57e144551959480c6651e42ba95052c3a57cdb856d82c0831e980ff7b
2259,debelly,35.0,201,3.0,fixed_20pct,physical,15.0,0.2,4.0,14.4,polarized,0.07189129842119384,0.001953125,19095.001953125,0.07189129823705183,0.23872037940682023,19095.0,2,38,0,False,1.0,True,work/cases/case_2259/duration_0p001953125.checkpoint.npz,b0fbc69055526989cc972b6398d76bf7d5bbf263b9ee0e5ac1359837b5cc6183
2260,debelly,35.0,201,3.0,fixed_20pct,physical,15.0,0.2,10.0,36.0,polarized,0.07189129961099623,0.001953125,17625.001953125,0.07189129841536314,0.23872037933900792,17625.0,2,33,0,False,1.0,True,work/cases/case_2260/duration_0p001953125.checkpoint.npz,0f914c15c9a0d6ab22e5b8eb238d4a225c1e08437d3df193d1d63526828cb588
2261,debelly,35.0,201,7.0,relative_20pct,relative,15.0,0.2,0.1,0.36000000000000004,polarized,0.07189129842168394,0.001953125,23690.001953125,0.0718912983945552,0.23872037934692192,23690.0,2,36,0,False,1.0,True,work/cases/case_2261/duration_0p001953125.checkpoint.npz,3f4618044447cd5ef4f634d88018d14eac4029756e397820dc7426173411a8ab
2262,debelly,35.0,201,7.0,relative_20pct,relative,15.0,0.2,0.25,0.9,polarized,0.07189129841889497,0.001953125,22220.001953125,0.07189129817924711,0.2387203794288043,22220.0,2,38,0,False,1.0,True,work/cases/case_2262/duration_0p001953125.checkpoint.npz,63b536b2dec505bc4b62eefd10e4e124032eee5988a1f20937f490f0d8cdcd61
2263,debelly,35.0,201,7.0,relative_20pct,relative,15.0,0.2,0.5,1.8,polarized,0.07189129972177528,0.001953125,21105.001953125,0.07189129823201304,0.23872037940873714,21105.0,2,36,0,False,1.0,True,work/cases/case_2263/duration_0p001953125.checkpoint.npz,9c07c240afdf509401e82a2b634d9fbe31a35b08c243d2ed464d75c2af8733e5
2264,debelly,35.0,201,7.0,relative_20pct,relative,15.0,0.2,1.0,3.6,polarized,0.07189129973141405,0.001953125,19995.001953125,0.07189129828064557,0.2387203793902427,19995.0,2,33,0,False,1.0,True,work/cases/case_2264/duration_0p001953125.checkpoint.npz,a202cfaaa20bf4ff2faa1a7fa37f1f4b3b5b2ad482e07601856320a7adbf5c09
2265,debelly,35.0,201,7.0,relative_20pct,relative,15.0,0.2,2.0,7.2,polarized,0.07189129971841901,0.001953125,18880.001953125,0.07189129832547966,0.2387203793731909,18880.0,2,34,0,False,1.0,True,work/cases/case_2265/duration_0p001953125.checkpoint.npz,d43e710627c55a7a7fa7d0304ced96e1d29e99cbe49bfeadc798d09ff7c3f339
2266,debelly,35.0,201,7.0,relative_20pct,relative,15.0,0.2,4.0,14.4,polarized,0.07189129954546779,0.001953125,17770.001953125,0.07189129836683249,0.2387203793574647,17770.0,2,33,0,False,1.0,True,work/cases/case_2266/duration_0p001953125.checkpoint.npz,48e01b0c62d52a24548143b3e811131f87e0f41078161dfaf0c71e31c2522979
2267,debelly,35.0,201,7.0,relative_20pct,relative,15.0,0.2,10.0,36.0,polarized,0.07189129970432703,0.001953125,16300.001953125,0.07189129813882164,0.23872037944417757,16300.0,2,33,0,False,1.0,True,work/cases/case_2267/duration_0p001953125.checkpoint.npz,34874fd3dd562b4c7a23347f3a3c12b2d6b9c27600d23b91cc5e00de876d3bed
2268,debelly,37.0,201,1.5,fixed_10pct,physical,15.0,0.1,0.1,0.36000000000000004,polarized,0.0722382092363453,0.00390625,24660.00390625,0.07223820888985572,0.23905749892009087,24660.0,2,38,0,False,0.5,True,work/cases/case_2268/duration_0p00390625.checkpoint.npz,d12f4b4804f7ad2291da03059ab36751fa25e18f9b18b8881cce9e264bda3713
2269,debelly,37.0,201,1.5,fixed_10pct,physical,15.0,0.1,0.25,0.9,polarized,0.07223820922897799,0.001953125,24310.001953125,0.0722382090764822,0.2390574987274129,24310.0,2,36,0,False,1.0,True,work/cases/case_2269/duration_0p001953125.checkpoint.npz,8b81f9efafae9fa4456d0178eacb63a3f697b567a4f03b1bcca6abd76c59b6ae
2270,debelly,37.0,201,1.5,fixed_10pct,physical,15.0,0.1,0.5,1.8,polarized,0.07223820922296352,0.001953125,23230.001953125,0.07223820911312256,0.23905749868958381,23230.0,2,37,0,False,1.0,True,work/cases/case_2270/duration_0p001953125.checkpoint.npz,251e8e495a0764a0ca7062087570cf22d7a5c4707ae0e5cecfd2b7eb47d919a7
2271,debelly,37.0,201,1.5,fixed_10pct,physical,15.0,0.1,1.0,3.6,polarized,0.07223820922432815,0.001953125,22150.001953125,0.07223820914781277,0.23905749865376813,22150.0,2,37,0,False,1.0,True,work/cases/case_2271/duration_0p001953125.checkpoint.npz,02d8cf8af792d449b989dd1764f7ef8300db332eba00846f5060c8da0976d92a
2272,debelly,37.0,201,1.5,fixed_10pct,physical,15.0,0.1,2.0,7.2,polarized,0.0722382092320003,0.001953125,21075.001953125,0.0722382091806607,0.23905749861985492,21075.0,2,36,0,False,1.0,True,work/cases/case_2272/duration_0p001953125.checkpoint.npz,e27dc8e302d7d6d1ca460a896b6ef4b7d2991b82487aae057f2bdf8dd7d837c1
2273,debelly,37.0,201,1.5,fixed_10pct,physical,15.0,0.1,4.0,14.4,polarized,0.07223820923253887,0.001953125,19995.001953125,0.07223820921177093,0.23905749858773528,19995.0,2,36,0,False,1.0,True,work/cases/case_2273/duration_0p001953125.checkpoint.npz,c908b436607f4204f23b47856855f9bc6d164610f1676269cc6261aa748fc641
2274,debelly,37.0,201,1.5,fixed_10pct,physical,15.0,0.1,10.0,36.0,polarized,0.0722382092243503,0.001953125,18565.001953125,0.07223820894339121,0.23905749886482053,18565.0,2,36,0,False,1.0,True,work/cases/case_2274/duration_0p001953125.checkpoint.npz,0a0c45b94edbef62033145d551d050b1ed053bcd6238804693f974fd0e07ae9f
2275,debelly,37.0,201,3.0,fixed_20pct,physical,15.0,0.2,0.1,0.36000000000000004,polarized,0.07223820922542944,0.001953125,24665.001953125,0.07223820888648229,0.23905749892357364,24665.0,2,34,0,False,1.0,True,work/cases/case_2275/duration_0p001953125.checkpoint.npz,b4691594bad9ff7b6ce7cb10db856c455c33d0aeb4e88c13a090e05d2342fd9d
2276,debelly,37.0,201,3.0,fixed_20pct,physical,15.0,0.2,0.25,0.9,polarized,0.07223820922773139,0.001953125,23235.001953125,0.07223820911061456,0.23905749869217285,23235.0,2,37,0,False,1.0,True,work/cases/case_2276/duration_0p001953125.checkpoint.npz,aef68fa740c1753d8f43d964232bd3102673653a49b0d4a8d0d5a60a35b0bbbf
2277,debelly,37.0,201,3.0,fixed_20pct,physical,15.0,0.2,0.5,1.8,polarized,0.07223820923630472,0.001953125,22160.001953125,0.07223820914543981,0.23905749865621795,22160.0,2,36,0,False,1.0,True,work/cases/case_2277/duration_0p001953125.checkpoint.npz,b5770521613230efb725976ceada3ecebec51141b118abcf6b9ed258fcfee1a2
2278,debelly,37.0,201,3.0,fixed_20pct,physical,15.0,0.2,1.0,3.6,polarized,0.07223820922981027,0.001953125,21080.001953125,0.0722382091784166,0.23905749862217174,21080.0,2,36,0,False,1.0,True,work/cases/case_2278/duration_0p001953125.checkpoint.npz,df4c3bfdf03d7a0ea64fd93a93521c24cb92e800ada9e502220c01006b9f3904
2279,debelly,37.0,201,3.0,fixed_20pct,physical,15.0,0.2,2.0,7.2,polarized,0.07223820923301075,0.001953125,20000.001953125,0.07223820920965089,0.2390574985899242,20000.0,2,37,0,False,1.0,True,work/cases/case_2279/duration_0p001953125.checkpoint.npz,50afb6bae5f940598be4d9a0a1b77b2cedde05731b19cee45e887db0254deaa4
2280,debelly,37.0,201,3.0,fixed_20pct,physical,15.0,0.2,4.0,14.4,polarized,0.0722382092313434,0.001953125,18920.001953125,0.07223820871654553,0.23905749909901897,18920.0,2,37,0,False,1.0,True,work/cases/case_2280/duration_0p001953125.checkpoint.npz,5be8164bdee5a51335a82c86343a0c215a88ae49262ed8c2f98b55ba69fc0ad1
2281,debelly,37.0,201,3.0,fixed_20pct,physical,15.0,0.2,10.0,36.0,polarized,0.07223821032546465,0.001953125,17490.001953125,0.07223820898439522,0.2390574988224864,17490.0,2,34,0,False,1.0,True,work/cases/case_2281/duration_0p001953125.checkpoint.npz,04ac819e5658d7e1b9707f4d8d4febaa2c06c5426332be9d374460dda8258dce
2282,debelly,37.0,201,7.4,relative_20pct,relative,15.0,0.2,0.1,0.36000000000000004,polarized,0.07223820923285285,0.001953125,23290.001953125,0.072238209085364,0.23905749871824256,23290.0,2,37,0,False,1.0,True,work/cases/case_2282/duration_0p001953125.checkpoint.npz,42a642bd5ffa183af85825c60bb11d913ba8f8be66759dc21df79258b52516ee
2283,debelly,37.0,201,7.4,relative_20pct,relative,15.0,0.2,0.25,0.9,polarized,0.07223820923616296,0.001953125,21865.001953125,0.0722382087553245,0.23905749905898366,21865.0,2,36,0,False,1.0,True,work/cases/case_2283/duration_0p001953125.checkpoint.npz,f6d7a5ffc2813c81ade1ec49c53b970554c100c9c64335534cd26d001aa3eaf8
2284,debelly,37.0,201,7.4,relative_20pct,relative,15.0,0.2,0.5,1.8,polarized,0.0722382104361045,0.001953125,20785.001953125,0.0722382088091313,0.23905749900343232,20785.0,2,36,0,False,1.0,True,work/cases/case_2284/duration_0p001953125.checkpoint.npz,659b019ed4457d68abad80fa9e7c56cdacd68b90bb47d0c9039fe1df83ccc8b0
2285,debelly,37.0,201,7.4,relative_20pct,relative,15.0,0.2,1.0,3.6,polarized,0.07223821075790357,0.001953125,19705.001953125,0.07223820886010116,0.23905749895081008,19705.0,2,33,0,False,1.0,True,work/cases/case_2285/duration_0p001953125.checkpoint.npz,6bb8e18fe8dd9fb86d7639ad6e58012699aaf51f43a9268c03224f0607246a65
2286,debelly,37.0,201,7.4,relative_20pct,relative,15.0,0.2,2.0,7.2,polarized,0.07223821068392526,0.001953125,18625.001953125,0.07223820890841258,0.2390574989009333,18625.0,2,33,0,False,1.0,True,work/cases/case_2286/duration_0p001953125.checkpoint.npz,e151420ef5c7a4951a069983799fe1b065a02637e1844d361d2633e5eaff42f2
2287,debelly,37.0,201,7.4,relative_20pct,relative,15.0,0.2,4.0,14.4,polarized,0.07223821079071387,0.001953125,17545.001953125,0.07223820895425558,0.23905749885360272,17545.0,2,34,0,False,1.0,True,work/cases/case_2287/duration_0p001953125.checkpoint.npz,b8b04e3cd2702fe902fd666b8625dce37fa85eceb1a1c584d32cb9e3faa60e2a
2288,debelly,37.0,201,7.4,relative_20pct,relative,15.0,0.2,10.0,36.0,polarized,0.0722382108050689,0.001953125,16120.001953125,0.07223820916156475,0.2390574986395695,16120.0,2,34,0,False,1.0,True,work/cases/case_2288/duration_0p001953125.checkpoint.npz,4fa6119fd586af2f41b0d091c51f1b3ada3f4011401e1a04fa553a5e64732457
2289,debelly,39.0,201,1.5,fixed_10pct,physical,15.0,0.1,0.1,0.36000000000000004,polarized,0.07247079157533086,0.00390625,24460.00390625,0.07247079153900528,0.23920415586151567,24460.0,2,38,0,False,0.5,True,work/cases/case_2289/duration_0p00390625.checkpoint.npz,ee95d062c757cc37556a759a8c5c063d3408a36c84330b0fdbc18bc0e81035c8
2290,debelly,39.0,201,1.5,fixed_10pct,physical,15.0,0.1,0.25,0.9,polarized,0.0724707915694906,0.001953125,24120.001953125,0.07247079126439497,0.23920415655101301,24120.0,2,36,0,False,1.0,True,work/cases/case_2290/duration_0p001953125.checkpoint.npz,b5268930ea6739d1ea91827a29f23b31ea7645ebcefaeb8743cd26be86154260
2291,debelly,39.0,201,1.5,fixed_10pct,physical,15.0,0.1,0.5,1.8,polarized,0.07247079156821983,0.001953125,23065.001953125,0.0724707912932403,0.23920415647858972,23065.0,2,36,0,False,1.0,True,work/cases/case_2291/duration_0p001953125.checkpoint.npz,d9cceee6d46622047f3dd7370f92248a6538aef14bfc26889bd29d037e8794c8
2292,debelly,39.0,201,1.5,fixed_10pct,physical,15.0,0.1,1.0,3.6,polarized,0.07247079157494073,0.001953125,22010.001953125,0.07247079132101054,0.23920415640886605,22010.0,2,36,0,False,1.0,True,work/cases/case_2292/duration_0p001953125.checkpoint.npz,1ae2b2cc579c9649f8f750b8a77efe8a53e84a33c45fd22e78203cfa65512bf3
2293,debelly,39.0,201,1.5,fixed_10pct,physical,15.0,0.1,2.0,7.2,polarized,0.07247079157288605,0.001953125,20950.001953125,0.07247079134775396,0.23920415634171988,20950.0,2,36,0,False,1.0,True,work/cases/case_2293/duration_0p001953125.checkpoint.npz,ba526a0f7dbead2c337c9bdccb35efb9a5e3f23b7ae8b6b4c233023983357a48
2294,debelly,39.0,201,1.5,fixed_10pct,physical,15.0,0.1,4.0,14.4,polarized,0.07247079157516145,0.001953125,19895.001953125,0.07247079137352318,0.23920415627701874,19895.0,2,34,0,False,1.0,True,work/cases/case_2294/duration_0p001953125.checkpoint.npz,0161465127d613d9e159e9c7d7a7e3f5cc6203ae48215dfb94855f667473be08
2295,debelly,39.0,201,1.5,fixed_10pct,physical,15.0,0.1,10.0,36.0,polarized,0.07247079157331816,0.001953125,18495.001953125,0.0724707915277774,0.23920415588970823,18495.0,2,36,0,False,1.0,True,work/cases/case_2295/duration_0p001953125.checkpoint.npz,138ba946a6b4ba901c20828cfab34c8aa3bc30e1e467cda1b3a744533b34df83
2296,debelly,39.0,201,3.0,fixed_20pct,physical,15.0,0.2,0.1,0.36000000000000004,polarized,0.07247079157389935,0.001953125,24465.001953125,0.07247079153746418,0.23920415586538557,24465.0,2,36,0,False,1.0,True,work/cases/case_2296/duration_0p001953125.checkpoint.npz,5f3af398dfe0b7351403316356980012735aa89deed6bc5956a0c8e0bab57c5b
2297,debelly,39.0,201,3.0,fixed_20pct,physical,15.0,0.2,0.25,0.9,polarized,0.07247079157564704,0.001953125,23070.001953125,0.07247079129093184,0.23920415648438553,23070.0,2,37,0,False,1.0,True,work/cases/case_2297/duration_0p001953125.checkpoint.npz,234efca0199b17fc90f231beae2f4fafd11b7cde8608cb54e2a2b7b3f4f9d9b8
2298,debelly,39.0,201,3.0,fixed_20pct,physical,15.0,0.2,0.5,1.8,polarized,0.07247079157679479,0.001953125,22015.001953125,0.07247079131879018,0.23920415641444104,22015.0,2,37,0,False,1.0,True,work/cases/case_2298/duration_0p001953125.checkpoint.npz,8e0e902d60489f4b5986fb8a5f34be2311f197a7475015eb4866af659a393f86
2299,debelly,39.0,201,3.0,fixed_20pct,physical,15.0,0.2,1.0,3.6,polarized,0.07247079157764384,0.001953125,20955.001953125,0.0724707913456194,0.2392041563470788,20955.0,2,34,0,False,1.0,True,work/cases/case_2299/duration_0p001953125.checkpoint.npz,937cf6117e1180ca9f895f4426b409b6e3afe728cc5d9f232955e55febd3bfab
2300,debelly,39.0,201,3.0,fixed_20pct,physical,15.0,0.2,2.0,7.2,polarized,0.07247079157544065,0.001953125,19900.001953125,0.07247079137147373,0.23920415628216463,19900.0,2,36,0,False,1.0,True,work/cases/case_2300/duration_0p001953125.checkpoint.npz,a1acb95c1747d4524f37d2bfcd327ebc9422790ac3f84f4b826ea9fa29196525
2301,debelly,39.0,201,3.0,fixed_20pct,physical,15.0,0.2,4.0,14.4,polarized,0.07247079157671889,0.001953125,18840.001953125,0.07247079139641567,0.2392041562195404,18840.0,2,34,0,False,1.0,True,work/cases/case_2301/duration_0p001953125.checkpoint.npz,0cd874184fb43d81748dad6ea75c15bd9227e2da5423dce8a945b9d6fad44d29
2302,debelly,39.0,201,3.0,fixed_20pct,physical,15.0,0.2,10.0,36.0,polarized,0.07247079266112125,0.001953125,17445.001953125,0.07247079154543348,0.2392041558453747,17445.0,2,36,0,False,1.0,True,work/cases/case_2302/duration_0p001953125.checkpoint.npz,a99c6c855c5d375289bf9aca841e5152c3ada65e6e434e46d93adc81ee1eaab2
2303,debelly,39.0,201,7.800000000000001,relative_20pct,relative,15.0,0.2,0.1,0.36000000000000004,polarized,0.07247079157688982,0.001953125,23045.001953125,0.07247079130368934,0.2392041564523556,23045.0,2,38,0,False,1.0,True,work/cases/case_2303/duration_0p001953125.checkpoint.npz,cf94e72ff6ec615bc37eafabc3c98c8d2ff5fdaec01ee8daae08c146bfe4fdca
2304,debelly,39.0,201,7.800000000000001,relative_20pct,relative,15.0,0.2,0.25,0.9,polarized,0.0724707915794481,0.001953125,21645.001953125,0.07247079147420131,0.23920415602423284,21645.0,2,38,0,False,1.0,True,work/cases/case_2304/duration_0p001953125.checkpoint.npz,6f1c7ff17722994339dbf198bfb629e008d97283e7908dae083eebfe5f92fe5d
2305,debelly,39.0,201,7.800000000000001,relative_20pct,relative,15.0,0.2,0.5,1.8,polarized,0.07247079277035047,0.001953125,20590.001953125,0.0724707914951784,0.23920415597156097,20590.0,2,33,0,False,1.0,True,work/cases/case_2305/duration_0p001953125.checkpoint.npz,8887623c6245e7da1ac68b4eaee49d187da43cd9e4a8f5491ebd2f02dadbcb15
2306,debelly,39.0,201,7.800000000000001,relative_20pct,relative,15.0,0.2,1.0,3.6,polarized,0.07247079303518464,0.001953125,19530.001953125,0.07247079151539915,0.2392041559207888,19530.0,2,33,0,False,1.0,True,work/cases/case_2306/duration_0p001953125.checkpoint.npz,bd7ef7ad96a6c36863fd6a71856a7ff0184e4603ba9a6bfa46cffe7d34cefe8d
2307,debelly,39.0,201,7.800000000000001,relative_20pct,relative,15.0,0.2,2.0,7.2,polarized,0.07247079287663152,0.001953125,18475.001953125,0.07247079153491637,0.239204155871783,18475.0,2,34,0,False,1.0,True,work/cases/case_2307/duration_0p001953125.checkpoint.npz,9f8f2e9d08be8f8937ae2b98657796c0e5f893783e0a3d1eca379ab3c52f8bf7
2308,debelly,39.0,201,7.800000000000001,relative_20pct,relative,15.0,0.2,4.0,14.4,polarized,0.07247079285524645,0.001953125,17415.001953125,0.07247079155379947,0.23920415582436838,17415.0,2,33,0,False,1.0,True,work/cases/case_2308/duration_0p001953125.checkpoint.npz,56a4a99485854cf6c18da0296c88fe3f84769d4059d8818a82f03617645bca34
2309,debelly,39.0,201,7.800000000000001,relative_20pct,relative,15.0,0.2,10.0,36.0,polarized,0.07247079268819759,0.001953125,16020.001953125,0.07247079131634827,0.2392041564205717,16020.0,2,32,0,False,1.0,True,work/cases/case_2309/duration_0p001953125.checkpoint.npz,0160f2803d372b9ebd72e69ff12198e3226b842ec1525df41180546eb06b16df
2310,holmes_model3,10.0,201,1.5,fixed_10pct,physical,15.0,0.1,0.1,0.1,polarized,0.3189197752716822,0.0001953125,195.0001953125,0.3189197752716822,1.1197350186095698,195.0,2,35,0,False,1.0,True,work/cases/case_2310/duration_0p0001953125.checkpoint.npz,13bafdd3734ef80c9c935d4852c880e3347e2d68d7b134800635682fbbba8c0f
2311,holmes_model3,10.0,201,1.5,fixed_10pct,physical,15.0,0.1,0.25,0.25,polarized,0.3189197752777837,0.0001953125,185.0001953125,0.31891977526288884,1.119735018597122,185.0,2,34,0,False,1.0,True,work/cases/case_2311/duration_0p0001953125.checkpoint.npz,f2547bbf3569743855df136b650a3563ee10ceaf92ef73f95a2569327a1005a6
2312,holmes_model3,10.0,201,1.5,fixed_10pct,physical,15.0,0.1,0.5,0.5,polarized,0.3189197752730847,0.0001953125,175.0001953125,0.31891977527091125,1.1197350186081914,175.0,2,35,0,False,1.0,True,work/cases/case_2312/duration_0p0001953125.checkpoint.npz,09131ec5d7df2d89413491e286d5bfc6cd9d10ac307e97437bb7fa715f2e384e
2313,holmes_model3,10.0,201,1.5,fixed_10pct,physical,15.0,0.1,1.0,1.0,polarized,0.31891977527684956,0.0001953125,170.0001953125,0.31891977527684956,1.1197350186163337,170.0,2,35,0,False,1.0,True,work/cases/case_2313/duration_0p0001953125.checkpoint.npz,343492fee181a3f8ad7a61197d5c2d8f02e65f8d96a219b0aa9143d5115fc149
2314,holmes_model3,10.0,201,1.5,fixed_10pct,physical,15.0,0.1,2.0,2.0,polarized,0.31891977526914994,0.0001953125,160.0001953125,0.318919775254751,1.1197350185859454,160.0,2,37,0,False,1.0,True,work/cases/case_2314/duration_0p0001953125.checkpoint.npz,30e5d284d6adb83545b9ae33492c7f899771c00219545b70c7b882814131c54f
2315,holmes_model3,10.0,201,1.5,fixed_10pct,physical,15.0,0.1,4.0,4.0,polarized,0.31891977526946463,0.0001953125,150.0001953125,0.31891977526946463,1.1197350186062076,150.0,2,35,0,False,1.0,True,work/cases/case_2315/duration_0p0001953125.checkpoint.npz,69fd6c9ce8cf7f018aa91513a75db2d5a41a98c818058bcbaad4a1e0b22a5d42
2316,holmes_model3,10.0,201,1.5,fixed_10pct,physical,15.0,0.1,10.0,10.0,polarized,0.31891977526957377,0.0001953125,135.0001953125,0.3189197752690522,1.1197350186056443,135.0,2,36,0,False,1.0,True,work/cases/case_2316/duration_0p0001953125.checkpoint.npz,f6162cde8cc6c4a91e7f37ef739ae2258eb74da009a6377ca29f8c1766d9c222
2317,holmes_model3,10.0,201,3.0,fixed_20pct,physical,15.0,0.2,0.1,0.1,polarized,0.31891977528184423,0.0001953125,190.0001953125,0.3189197752727695,1.1197350186107993,190.0,2,36,0,False,1.0,True,work/cases/case_2317/duration_0p0001953125.checkpoint.npz,9bf08b9c6b67f2c272473f63132fc567b1e01090c5c5473b1fdc275ec2748769
2318,holmes_model3,10.0,201,3.0,fixed_20pct,physical,15.0,0.2,0.25,0.25,polarized,0.3189197752734651,0.0001953125,175.0001953125,0.3189197752734651,1.11973501861175,175.0,2,34,0,False,1.0,True,work/cases/case_2318/duration_0p0001953125.checkpoint.npz,e25d7286c986845ac769e3c42621a9d2aaaeb00adc974ca4fba747ac14d68026
2319,holmes_model3,10.0,201,3.0,fixed_20pct,physical,15.0,0.2,0.5,0.5,polarized,0.31891977526932996,0.0001953125,170.0001953125,0.3189197752687119,1.1197350186052344,170.0,2,36,0,False,1.0,True,work/cases/case_2319/duration_0p0001953125.checkpoint.npz,64f79dd36dc70d8a056c49b3d6812f796e4f2fac462e7856416fcc4c63b5f70b
2320,holmes_model3,10.0,201,3.0,fixed_20pct,physical,15.0,0.2,1.0,1.0,polarized,0.31891977527045573,0.0001953125,160.0001953125,0.31891977526530607,1.1197350186004538,160.0,2,35,0,False,1.0,True,work/cases/case_2320/duration_0p0001953125.checkpoint.npz,7c00cc523a77e9c987429b645ddb5fab101886a992301aaa54a0ee24953d60e2
2321,holmes_model3,10.0,201,3.0,fixed_20pct,physical,15.0,0.2,2.0,2.0,polarized,0.31891977526957727,0.0001953125,150.0001953125,0.31891977526957727,1.1197350186063428,150.0,2,37,0,False,1.0,True,work/cases/case_2321/duration_0p0001953125.checkpoint.npz,068cd8d0786ef9bf5f100cdf3d4a3323c8ed94178acf8f396b2eadd3226ca839
2322,holmes_model3,10.0,201,3.0,fixed_20pct,physical,15.0,0.2,4.0,4.0,polarized,0.31891977526945736,0.0001953125,140.0001953125,0.3189197752691311,1.1197350186057777,140.0,2,36,0,False,1.0,True,work/cases/case_2322/duration_0p0001953125.checkpoint.npz,b7bfbd041bf3c3cea46c5baf4be0bbb1c78781f7b9936fe16de91c5c1781a59a
2323,holmes_model3,10.0,201,3.0,fixed_20pct,physical,15.0,0.2,10.0,10.0,polarized,0.3189197752731604,0.0001953125,130.0001953125,0.3189197752684551,1.1197350186048656,130.0,2,36,0,False,1.0,True,work/cases/case_2323/duration_0p0001953125.checkpoint.npz,0dee8ca5b6d649cc784312533bf7d4c4be82769ee420c974130ae833b7e68dba
2324,holmes_model3,10.0,201,2.0,relative_20pct,relative,15.0,0.2,0.1,0.1,polarized,0.31891977527202314,0.0001953125,195.0001953125,0.31891977527202314,1.1197350186097716,195.0,2,35,0,False,1.0,True,work/cases/case_2324/duration_0p0001953125.checkpoint.npz,37d82dd5fb4519759383d7f4c935718a4d99fc2eb18dc99d461947afc704bf0e
2325,holmes_model3,10.0,201,2.0,relative_20pct,relative,15.0,0.2,0.25,0.25,polarized,0.3189197752695895,0.0001953125,180.0001953125,0.31891977526775184,1.1197350186038941,180.0,2,36,0,False,1.0,True,work/cases/case_2325/duration_0p0001953125.checkpoint.npz,758d3ebe81cb90abdee2381a0afe573fbb1ae4e56b3ea17d05471b0d46aa35c8
2326,holmes_model3,10.0,201,2.0,relative_20pct,relative,15.0,0.2,0.5,0.5,polarized,0.3189197752694065,0.0001953125,175.0001953125,0.3189197752694065,1.119735018606085,175.0,2,35,0,False,1.0,True,work/cases/case_2326/duration_0p0001953125.checkpoint.npz,7f3868c630a7e38297bdac76c162cb9a54ae7edd5973227b9fac5f1ce0fdb884
2327,holmes_model3,10.0,201,2.0,relative_20pct,relative,15.0,0.2,1.0,1.0,polarized,0.318919775269517,0.0001953125,165.0001953125,0.318919775269517,1.1197350186063033,165.0,2,35,0,False,1.0,True,work/cases/case_2327/duration_0p0001953125.checkpoint.npz,3eae1ffbcc9c5301680a2a32a1bb09bf0a0ff51c76003f0d3ddcb2f91ce74c32
2328,holmes_model3,10.0,201,2.0,relative_20pct,relative,15.0,0.2,2.0,2.0,polarized,0.3189197752692584,0.0001953125,155.0001953125,0.3189197752688892,1.1197350186054056,155.0,2,37,0,False,1.0,True,work/cases/case_2328/duration_0p0001953125.checkpoint.npz,4e0b039456f01de037e6b474ddc9997511c322c34192033e376a2a33a61a59ab
2329,holmes_model3,10.0,201,2.0,relative_20pct,relative,15.0,0.2,4.0,4.0,polarized,0.3189197752696412,0.0001953125,145.0001953125,0.3189197752688089,1.1197350186053516,145.0,2,35,0,False,1.0,True,work/cases/case_2329/duration_0p0001953125.checkpoint.npz,c307f4bdc318e9eb9882d088d40bef451911452e8208ee74797f65e5b1f1e553
2330,holmes_model3,10.0,201,2.0,relative_20pct,relative,15.0,0.2,10.0,10.0,polarized,0.31891977526917586,0.0001953125,135.0001953125,0.3189197752689861,1.119735018605517,135.0,2,33,0,False,1.0,True,work/cases/case_2330/duration_0p0001953125.checkpoint.npz,f4251ec20e990080ca589ed0ee7104b8306c5dc14015cd71cce914ba1a6a6285
2331,holmes_model3,12.0,201,1.5,fixed_10pct,physical,15.0,0.1,0.1,0.1,polarized,0.3216243652730711,0.0001953125,205.0001953125,0.3216243652715279,1.1197610677376022,205.0,2,33,0,False,1.0,True,work/cases/case_2331/duration_0p0001953125.checkpoint.npz,c90c4eaa5bfb6f1fed53ad0dfb3ee87b348035029bb8b5f32b894e841bc2afda
2332,holmes_model3,12.0,201,1.5,fixed_10pct,physical,15.0,0.1,0.25,0.25,polarized,0.3216243652726042,0.0001953125,195.0001953125,0.3216243652726042,1.11976106773908,195.0,2,36,0,False,1.0,True,work/cases/case_2332/duration_0p0001953125.checkpoint.npz,a648e28bd74c7fb27f58155681b0e658232522445ec15417895870c7a4fe898f
2333,holmes_model3,12.0,201,1.5,fixed_10pct,physical,15.0,0.1,0.5,0.5,polarized,0.3216243652722006,0.0001953125,185.0001953125,0.32162436527121446,1.1197610677371626,185.0,2,37,0,False,1.0,True,work/cases/case_2333/duration_0p0001953125.checkpoint.npz,b5f1fbf02cc1e11930d0489aa596265d802426bf96a1f0d70ce6a836ce1499e8
2334,holmes_model3,12.0,201,1.5,fixed_10pct,physical,15.0,0.1,1.0,1.0,polarized,0.3216243652718912,0.0001953125,175.0001953125,0.32162436527180366,1.1197610677379846,175.0,2,37,0,False,1.0,True,work/cases/case_2334/duration_0p0001953125.checkpoint.npz,c7c76471867d27f04027b007d104a3c3a9b245f8b8bba1ddfe12a1ac644d4c25
2335,holmes_model3,12.0,201,1.5,fixed_10pct,physical,15.0,0.1,2.0,2.0,polarized,0.3216243652716858,0.0001953125,170.0001953125,0.3216243652707962,1.1197610677366017,170.0,2,38,0,False,1.0,True,work/cases/case_2335/duration_0p0001953125.checkpoint.npz,a4a84771bf9d981eec6f9a55ef1f416b869070107a929cd1e9b238b3d37bd370
2336,holmes_model3,12.0,201,1.5,fixed_10pct,physical,15.0,0.1,4.0,4.0,polarized,0.321624365272782,0.0001953125,160.0001953125,0.321624365272782,1.1197610677393202,160.0,2,36,0,False,1.0,True,work/cases/case_2336/duration_0p0001953125.checkpoint.npz,ce7a5bdae65bbfa096c45308db81feb7639c30ebe322c5cea65f151a6f5803ea
2337,holmes_model3,12.0,201,1.5,fixed_10pct,physical,15.0,0.1,10.0,10.0,polarized,0.3216243652720628,0.0001953125,145.0001953125,0.3216243652720628,1.1197610677383358,145.0,2,37,0,False,1.0,True,work/cases/case_2337/duration_0p0001953125.checkpoint.npz,7c812072eb4097457124c5e89476132518243d27336cc81cda57cb1e9ec7498c
2338,holmes_model3,12.0,201,3.0,fixed_20pct,physical,15.0,0.2,0.1,0.1,polarized,0.3216243652719617,0.0001953125,195.0001953125,0.3216243652719617,1.119761067738202,195.0,2,36,0,False,1.0,True,work/cases/case_2338/duration_0p0001953125.checkpoint.npz,aaf60dad6471e3ebfb2dbe068381872442cc2d96dbc93ebbf1933e6fac8e0ffc
2339,holmes_model3,12.0,201,3.0,fixed_20pct,physical,15.0,0.2,0.25,0.25,polarized,0.32162436527139554,0.0001953125,185.0001953125,0.321624365270234,1.1197610677358338,185.0,2,35,0,False,1.0,True,work/cases/case_2339/duration_0p0001953125.checkpoint.npz,a911c2ca0ee7d2af67dc6b75158cb8930fe73c6a78eb8bfc44a9fca49bdb5cf5
2340,holmes_model3,12.0,201,3.0,fixed_20pct,physical,15.0,0.2,0.5,0.5,polarized,0.32162436527203214,0.0001953125,175.0001953125,0.32162436527203214,1.119761067738301,175.0,2,37,0,False,1.0,True,work/cases/case_2340/duration_0p0001953125.checkpoint.npz,e0c08af0323b0b2f0447fc9d963ccc4ae782ab5ec4ea9d99de7283d4eeedde28
2341,holmes_model3,12.0,201,3.0,fixed_20pct,physical,15.0,0.2,1.0,1.0,polarized,0.321624365271297,0.0001953125,170.0001953125,0.32162436527002325,1.1197610677355532,170.0,2,37,0,False,1.0,True,work/cases/case_2341/duration_0p0001953125.checkpoint.npz,0fc6de21e7eadf70c1a8140f0ecc34cd81599f1a1f464b68f27621a1f5f47b71
2342,holmes_model3,12.0,201,3.0,fixed_20pct,physical,15.0,0.2,2.0,2.0,polarized,0.321624365272116,0.0001953125,160.0001953125,0.3216243652715318,1.1197610677376038,160.0,2,36,0,False,1.0,True,work/cases/case_2342/duration_0p0001953125.checkpoint.npz,b7edab2743e65eb4e7a14963cd0a23b8a1043ad6d125460c78053c4b895ecb28
2343,holmes_model3,12.0,201,3.0,fixed_20pct,physical,15.0,0.2,4.0,4.0,polarized,0.3216243652713525,0.0001953125,150.0001953125,0.32162436527073407,1.1197610677365135,150.0,2,36,0,False,1.0,True,work/cases/case_2343/duration_0p0001953125.checkpoint.npz,36679f590c14fd779b4a2bdf5010ed6b55c415f6df547f159734074064b0e30f
2344,holmes_model3,12.0,201,3.0,fixed_20pct,physical,15.0,0.2,10.0,10.0,polarized,0.321624365271354,0.0001953125,135.0001953125,0.321624365271354,1.1197610677373646,135.0,2,37,0,False,1.0,True,work/cases/case_2344/duration_0p0001953125.checkpoint.npz,f68ff51ca209c055761eea40efc1e2351b3a3c0a510a89412a830362ec44072f
2345,holmes_model3,12.0,201,2.4000000000000004,relative_20pct,relative,15.0,0.2,0.1,0.1,polarized,0.32162436527260985,0.0001953125,200.0001953125,0.3216243652706964,1.1197610677364476,200.0,2,36,0,False,1.0,True,work/cases/case_2345/duration_0p0001953125.checkpoint.npz,e8c1bfe42941e18a1edf945ebdde2f414d19e10d74f63aa4a8bcfa0552d39b3a
2346,holmes_model3,12.0,201,2.4000000000000004,relative_20pct,relative,15.0,0.2,0.25,0.25,polarized,0.3216243652722146,0.0001953125,190.0001953125,0.32162436527167315,1.1197610677378025,190.0,2,34,0,False,1.0,True,work/cases/case_2346/duration_0p0001953125.checkpoint.npz,18ef4a81e2a535bb380e1ec040d55ea5395c98d471ba04677f19e034b97ede2c
2347,holmes_model3,12.0,201,2.4000000000000004,relative_20pct,relative,15.0,0.2,0.5,0.5,polarized,0.32162436527166843,0.0001953125,180.0001953125,0.32162436527088584,1.1197610677367187,180.0,2,36,0,False,1.0,True,work/cases/case_2347/duration_0p0001953125.checkpoint.npz,1e70d95bc0ee9fc5c6dbe036c8b188edfe2190351464605b38d2610350649f8b
2348,holmes_model3,12.0,201,2.4000000000000004,relative_20pct,relative,15.0,0.2,1.0,1.0,polarized,0.3216243652716294,0.0001953125,170.0001953125,0.3216243652700324,1.1197610677355456,170.0,2,36,0,False,1.0,True,work/cases/case_2348/duration_0p0001953125.checkpoint.npz,a7e5fc1231c15da98bc8491599c1bde785d3c750bd6884a7dfef59674750a5f2
2349,holmes_model3,12.0,201,2.4000000000000004,relative_20pct,relative,15.0,0.2,2.0,2.0,polarized,0.3216243652717,0.0001953125,160.0001953125,0.32162436527123667,1.1197610677372005,160.0,2,35,0,False,1.0,True,work/cases/case_2349/duration_0p0001953125.checkpoint.npz,c8c0f8d6d0ed914e66c28b448ceabf72680d06f91aaa35c91cc0e653e73e71e2
2350,holmes_model3,12.0,201,2.4000000000000004,relative_20pct,relative,15.0,0.2,4.0,4.0,polarized,0.32162436527166377,0.0001953125,150.0001953125,0.32162436527166377,1.1197610677377874,150.0,2,37,0,False,1.0,True,work/cases/case_2350/duration_0p0001953125.checkpoint.npz,c0c7081dcfdbd2e38ef6a4fba924ba65193770ec82c0a7e3fb2b97dbc206a5cc
2351,holmes_model3,12.0,201,2.4000000000000004,relative_20pct,relative,15.0,0.2,10.0,10.0,polarized,0.32162436527132376,0.0001953125,140.0001953125,0.3216243652712053,1.1197610677371592,140.0,2,36,0,False,1.0,True,work/cases/case_2351/duration_0p0001953125.checkpoint.npz,0abb0556bb49b59e6787fa0f6aa87cdcb7285b03b20095a45831322b01f086de
2352,holmes_model3,14.0,201,1.5,fixed_10pct,physical,15.0,0.1,0.1,0.1,polarized,0.32323150500780873,0.0001953125,215.0001953125,0.32323150500458264,1.119619714023977,215.0,2,33,0,False,1.0,True,work/cases/case_2352/duration_0p0001953125.checkpoint.npz,1be554f3907a19376e3d94043ab30a50542e9c94fda57a7abb003eae27bc0997
2353,holmes_model3,14.0,201,1.5,fixed_10pct,physical,15.0,0.1,0.25,0.25,polarized,0.32323150500683184,0.0001953125,205.0001953125,0.3232315050058551,1.1196197140256356,205.0,2,35,0,False,1.0,True,work/cases/case_2353/duration_0p0001953125.checkpoint.npz,41e01a1501246d8eef405201126b6174ccf536a29e12d01179afc99d5e70c861
2354,holmes_model3,14.0,201,1.5,fixed_10pct,physical,15.0,0.1,0.5,0.5,polarized,0.3232315050098752,0.0001953125,195.0001953125,0.32323150500685605,1.1196197140270652,195.0,2,36,0,False,1.0,True,work/cases/case_2354/duration_0p0001953125.checkpoint.npz,727b182e3057e00d7e8b95f3dbdf50ca617fc8e84fae77321ce424c564eeda65
2355,holmes_model3,14.0,201,1.5,fixed_10pct,physical,15.0,0.1,1.0,1.0,polarized,0.3232315050064663,0.0001953125,185.0001953125,0.3232315050050087,1.1196197140244495,185.0,2,36,0,False,1.0,True,work/cases/case_2355/duration_0p0001953125.checkpoint.npz,fc42cd2dccbeeedc655cf8e03e3ea2a6b42375197950efc543ce7b8b486e2f54
2356,holmes_model3,14.0,201,1.5,fixed_10pct,physical,15.0,0.1,2.0,2.0,polarized,0.32323150500631354,0.0001953125,180.0001953125,0.3232315050058819,1.1196197140256623,180.0,2,35,0,False,1.0,True,work/cases/case_2356/duration_0p0001953125.checkpoint.npz,56036887b2ee740c8f9dd8c1e73d8eb2de591df45bd63f562de43aa0f0bc2bdb
2357,holmes_model3,14.0,201,1.5,fixed_10pct,physical,15.0,0.1,4.0,4.0,polarized,0.32323150500623177,0.0001953125,170.0001953125,0.32323150500623177,1.119619714026101,170.0,2,36,0,False,1.0,True,work/cases/case_2357/duration_0p0001953125.checkpoint.npz,895ac47fade35094bc40c152fda33459de2103010064f5ccd200a6bcf61ef167
2358,holmes_model3,14.0,201,1.5,fixed_10pct,physical,15.0,0.1,10.0,10.0,polarized,0.3232315050064981,0.0001953125,155.0001953125,0.3232315050062828,1.1196197140262336,155.0,2,38,0,False,1.0,True,work/cases/case_2358/duration_0p0001953125.checkpoint.npz,e3ade358160e05503a62034403fc7c1b6b8369f95ff9b770a336362e2b5c06bf
2359,holmes_model3,14.0,201,3.0,fixed_20pct,physical,15.0,0.2,0.1,0.1,polarized,0.3232315050083938,0.0001953125,210.0001953125,0.3232315050076308,1.1196197140280408,210.0,2,35,0,False,1.0,True,work/cases/case_2359/duration_0p0001953125.checkpoint.npz,fb0a035a7a80ced1b318ee7dceab571519e0bcb6fd8dce5c12e3922e8c178ed9
2360,holmes_model3,14.0,201,3.0,fixed_20pct,physical,15.0,0.2,0.25,0.25,polarized,0.3232315050107512,0.0001953125,195.0001953125,0.3232315050107512,1.1196197140323716,195.0,2,36,0,False,1.0,True,work/cases/case_2360/duration_0p0001953125.checkpoint.npz,ddcae167143d90cc4108a9ab0fc14b2f79798ded673b0ea0a1350d166c4babb3
2361,holmes_model3,14.0,201,3.0,fixed_20pct,physical,15.0,0.2,0.5,0.5,polarized,0.32323150500736053,0.0001953125,190.0001953125,0.3232315050064431,1.1196197140264428,190.0,2,37,0,False,1.0,True,work/cases/case_2361/duration_0p0001953125.checkpoint.npz,2df5117696ad5e570a609f46e74347131fc3c2e9b2bc70babdff699a4de8c2ed
2362,holmes_model3,14.0,201,3.0,fixed_20pct,physical,15.0,0.2,1.0,1.0,polarized,0.3232315050078581,0.0001953125,180.0001953125,0.3232315050078581,1.1196197140283226,180.0,2,35,0,False,1.0,True,work/cases/case_2362/duration_0p0001953125.checkpoint.npz,2ee37773e9238a91631bb9bc646974d7a5bc6eb1c51ff8dae85bbf077f195100
2363,holmes_model3,14.0,201,3.0,fixed_20pct,physical,15.0,0.2,2.0,2.0,polarized,0.3232315050065029,0.0001953125,170.0001953125,0.3232315050065029,1.1196197140264992,170.0,2,36,0,False,1.0,True,work/cases/case_2363/duration_0p0001953125.checkpoint.npz,0d78b31ca863a36b8bd36c30edf23d8763d9c5f342da02fd152e3f9bd05c4229
2364,holmes_model3,14.0,201,3.0,fixed_20pct,physical,15.0,0.2,4.0,4.0,polarized,0.32323150500658937,0.0001953125,160.0001953125,0.32323150500607595,1.1196197140259516,160.0,2,36,0,False,1.0,True,work/cases/case_2364/duration_0p0001953125.checkpoint.npz,1f13308842ac0417b49e47621e4af95e0533c831c348f81e4465285aa2f751d3
2365,holmes_model3,14.0,201,3.0,fixed_20pct,physical,15.0,0.2,10.0,10.0,polarized,0.3232315050061455,0.0001953125,145.0001953125,0.3232315050060697,1.1196197140259394,145.0,2,34,0,False,1.0,True,work/cases/case_2365/duration_0p0001953125.checkpoint.npz,df44b03bbd46f5528e68755d13f38d6a9bda5cef43aea3222836041cd107ba3b
2366,holmes_model3,14.0,201,2.8000000000000003,relative_20pct,relative,15.0,0.2,0.1,0.1,polarized,0.32323150500752706,0.0001953125,210.0001953125,0.3232315050041832,1.1196197140233937,210.0,2,37,0,False,1.0,True,work/cases/case_2366/duration_0p0001953125.checkpoint.npz,e2ab97f783d03ceca17242a4d2fd0b384c77c3c0387491928b324168818edba9
2367,holmes_model3,14.0,201,2.8000000000000003,relative_20pct,relative,15.0,0.2,0.25,0.25,polarized,0.3232315050079252,0.0001953125,195.0001953125,0.32323150500583797,1.1196197140255904,195.0,2,36,0,False,1.0,True,work/cases/case_2367/duration_0p0001953125.checkpoint.npz,d3082331ce0c1900077833a0e46e414d411c33969734b79039d0ba0db8f4bc02
2368,holmes_model3,14.0,201,2.8000000000000003,relative_20pct,relative,15.0,0.2,0.5,0.5,polarized,0.32323150500994685,0.0001953125,190.0001953125,0.32323150500588316,1.119619714025688,190.0,2,37,0,False,1.0,True,work/cases/case_2368/duration_0p0001953125.checkpoint.npz,e1cfac5ff722238b7121542773e29fe1554f1036520b8917a746f77b16682c99
2369,holmes_model3,14.0,201,2.8000000000000003,relative_20pct,relative,15.0,0.2,1.0,1.0,polarized,0.3232315050066577,0.0001953125,180.0001953125,0.3232315050066577,1.1196197140267523,180.0,2,38,0,False,1.0,True,work/cases/case_2369/duration_0p0001953125.checkpoint.npz,dd25835492e17944c1f715f62e9a97fc19980f13ae77a5e14a2403ab7de74edc
2370,holmes_model3,14.0,201,2.8000000000000003,relative_20pct,relative,15.0,0.2,2.0,2.0,polarized,0.32323150500630343,0.0001953125,170.0001953125,0.32323150500630343,1.1196197140262258,170.0,2,36,0,False,1.0,True,work/cases/case_2370/duration_0p0001953125.checkpoint.npz,caa444078d5de720cb97aa12b5075cae3846de1b3aabdc4223e8ea563ef9371d
2371,holmes_model3,14.0,201,2.8000000000000003,relative_20pct,relative,15.0,0.2,4.0,4.0,polarized,0.3232315050064428,0.0001953125,160.0001953125,0.3232315050059269,1.119619714025737,160.0,2,35,0,False,1.0,True,work/cases/case_2371/duration_0p0001953125.checkpoint.npz,266c5f63c27bc0b539817f242009380d745bcb24b9c363e3156bd5dd4c99c2d1
2372,holmes_model3,14.0,201,2.8000000000000003,relative_20pct,relative,15.0,0.2,10.0,10.0,polarized,0.3232315050061564,0.0001953125,145.0001953125,0.3232315050060983,1.1196197140259674,145.0,2,36,0,False,1.0,True,work/cases/case_2372/duration_0p0001953125.checkpoint.npz,7f3f51de88d30524b566a6646e165f0dd04d5c3a252c9f5a0bf42c8e238f799f
2373,holmes_model3,15.0,201,1.5,fixed_10pct,physical,15.0,0.1,0.1,0.1,polarized,0.3237985340774701,0.0001953125,225.0001953125,0.32379853407667125,1.1195489537110164,225.0,2,36,0,False,1.0,True,work/cases/case_2373/duration_0p0001953125.checkpoint.npz,5dbd9df6a78fb382fb309b57d063e3afb000c97c2f04f840798c430fdb9656f3
2374,holmes_model3,15.0,201,1.5,fixed_10pct,physical,15.0,0.1,0.25,0.25,polarized,0.3237985340773035,0.0001953125,210.0001953125,0.32379853407687276,1.1195489537112882,210.0,2,34,0,False,1.0,True,work/cases/case_2374/duration_0p0001953125.checkpoint.npz,8ace694cbdb6afb41bd7f4d2649bedc990d125933fe4d51797545b696c4a71dc
2375,holmes_model3,15.0,201,1.5,fixed_10pct,physical,15.0,0.1,0.5,0.5,polarized,0.3237985340770591,0.0001953125,200.0001953125,0.3237985340770591,1.1195489537115313,200.0,2,36,0,False,1.0,True,work/cases/case_2375/duration_0p0001953125.checkpoint.npz,b6efb05e9d09422815d47057199769d8799b26511167399e00a44ffe87c0fc5b
2376,holmes_model3,15.0,201,1.5,fixed_10pct,physical,15.0,0.1,1.0,1.0,polarized,0.3237985340769098,0.0001953125,195.0001953125,0.32379853407679104,1.1195489537111714,195.0,2,37,0,False,1.0,True,work/cases/case_2376/duration_0p0001953125.checkpoint.npz,c9ee657ad736d37eea94a8f17d4c79ba4d0066fb6a1577e0040d91d3cd47a368
2377,holmes_model3,15.0,201,1.5,fixed_10pct,physical,15.0,0.1,2.0,2.0,polarized,0.3237985340768445,0.0001953125,185.0001953125,0.3237985340768445,1.1195489537112553,185.0,2,34,0,False,1.0,True,work/cases/case_2377/duration_0p0001953125.checkpoint.npz,fbbc5ff13e425ac14e97708c20bfdc4edc4fd1b6d8800273ecdf679b7ddd759b
2378,holmes_model3,15.0,201,1.5,fixed_10pct,physical,15.0,0.1,4.0,4.0,polarized,0.3237985340769904,0.0001953125,175.0001953125,0.32379853407686704,1.1195489537112815,175.0,2,36,0,False,1.0,True,work/cases/case_2378/duration_0p0001953125.checkpoint.npz,b909dda6b8d62617e740dc919f86da84dbe2cfc85994a098233848516e8ebf7a
2379,holmes_model3,15.0,201,1.5,fixed_10pct,physical,15.0,0.1,10.0,10.0,polarized,0.32379853407688985,0.0001953125,160.0001953125,0.32379853407682535,1.1195489537112375,160.0,2,36,0,False,1.0,True,work/cases/case_2379/duration_0p0001953125.checkpoint.npz,2a3a8ba2f109085d97f307dee3ec8b63ba5c62293d1486bcbcf5f9b8afa39907
2380,holmes_model3,15.0,201,3.0,fixed_20pct,physical,15.0,0.2,0.1,0.1,polarized,0.32379853407778353,0.0001953125,215.0001953125,0.32379853407778353,1.1195489537125332,215.0,2,37,0,False,1.0,True,work/cases/case_2380/duration_0p0001953125.checkpoint.npz,962c9cb364a361357007f0ddf0bc99af4846c8a42670bd7d45d41f7add56c47e
2381,holmes_model3,15.0,201,3.0,fixed_20pct,physical,15.0,0.2,0.25,0.25,polarized,0.3237985340768967,0.0001953125,200.0001953125,0.3237985340767326,1.119548953711099,200.0,2,36,0,False,1.0,True,work/cases/case_2381/duration_0p0001953125.checkpoint.npz,a7cb682ab06eac05cccd327a9e81f3f2c1d134ddb360aa2b5a44329517bd6c15
2382,holmes_model3,15.0,201,3.0,fixed_20pct,physical,15.0,0.2,0.5,0.5,polarized,0.32379853407691467,0.0001953125,195.0001953125,0.32379853407686,1.1195489537112806,195.0,2,38,0,False,1.0,True,work/cases/case_2382/duration_0p0001953125.checkpoint.npz,a9910ddda34d57a57ae568216a9e45a9a95ae8c51db38574abb3ebf9ddfb0937
2383,holmes_model3,15.0,201,3.0,fixed_20pct,physical,15.0,0.2,1.0,1.0,polarized,0.3237985340769396,0.0001953125,185.0001953125,0.3237985340768403,1.1195489537112486,185.0,2,38,0,False,1.0,True,work/cases/case_2383/duration_0p0001953125.checkpoint.npz,490cd83154cf3d4331cbf61798acc4f6951fcf9bc8c03f274b4a8b7c5b4499c1
2384,holmes_model3,15.0,201,3.0,fixed_20pct,physical,15.0,0.2,2.0,2.0,polarized,0.3237985340768662,0.0001953125,175.0001953125,0.32379853407677683,1.1195489537111651,175.0,2,38,0,False,1.0,True,work/cases/case_2384/duration_0p0001953125.checkpoint.npz,4d5e2904579e1474bec3eefb377fb64e80e7dcc1b1d76e9a0a2f80d2e7088248
2385,holmes_model3,15.0,201,3.0,fixed_20pct,physical,15.0,0.2,4.0,4.0,polarized,0.3237985340768584,0.0001953125,165.0001953125,0.32379853407684345,1.1195489537112508,165.0,2,38,0,False,1.0,True,work/cases/case_2385/duration_0p0001953125.checkpoint.npz,4c95425e059b2ccd4e8a4b16182306440fef3aa49a0bdd8b1716e3bac742186d
2386,holmes_model3,15.0,201,3.0,fixed_20pct,physical,15.0,0.2,10.0,10.0,polarized,0.32379853407687315,0.0001953125,150.0001953125,0.32379853407687315,1.1195489537112937,150.0,2,37,0,False,1.0,True,work/cases/case_2386/duration_0p0001953125.checkpoint.npz,7d8c1e51efe25cf524381e497584c8a1bb4dab117899f49e2fe741eeb0a0652d
2387,holmes_model3,15.0,201,3.0,relative_20pct,relative,15.0,0.2,0.1,0.1,polarized,0.32379853407778353,0.0001953125,215.0001953125,0.32379853407778353,1.1195489537125332,215.0,2,37,0,False,1.0,True,work/cases/case_2387/duration_0p0001953125.checkpoint.npz,962c9cb364a361357007f0ddf0bc99af4846c8a42670bd7d45d41f7add56c47e
2388,holmes_model3,15.0,201,3.0,relative_20pct,relative,15.0,0.2,0.25,0.25,polarized,0.3237985340768967,0.0001953125,200.0001953125,0.3237985340767326,1.119548953711099,200.0,2,36,0,False,1.0,True,work/cases/case_2388/duration_0p0001953125.checkpoint.npz,a7cb682ab06eac05cccd327a9e81f3f2c1d134ddb360aa2b5a44329517bd6c15
2389,holmes_model3,15.0,201,3.0,relative_20pct,relative,15.0,0.2,0.5,0.5,polarized,0.32379853407691467,0.0001953125,195.0001953125,0.32379853407686,1.1195489537112806,195.0,2,38,0,False,1.0,True,work/cases/case_2389/duration_0p0001953125.checkpoint.npz,a9910ddda34d57a57ae568216a9e45a9a95ae8c51db38574abb3ebf9ddfb0937
2390,holmes_model3,15.0,201,3.0,relative_20pct,relative,15.0,0.2,1.0,1.0,polarized,0.3237985340769396,0.0001953125,185.0001953125,0.3237985340768403,1.1195489537112486,185.0,2,38,0,False,1.0,True,work/cases/case_2390/duration_0p0001953125.checkpoint.npz,490cd83154cf3d4331cbf61798acc4f6951fcf9bc8c03f274b4a8b7c5b4499c1
2391,holmes_model3,15.0,201,3.0,relative_20pct,relative,15.0,0.2,2.0,2.0,polarized,0.3237985340768662,0.0001953125,175.0001953125,0.32379853407677683,1.1195489537111651,175.0,2,38,0,False,1.0,True,work/cases/case_2391/duration_0p0001953125.checkpoint.npz,4d5e2904579e1474bec3eefb377fb64e80e7dcc1b1d76e9a0a2f80d2e7088248
2392,holmes_model3,15.0,201,3.0,relative_20pct,relative,15.0,0.2,4.0,4.0,polarized,0.3237985340768584,0.0001953125,165.0001953125,0.32379853407684345,1.1195489537112508,165.0,2,38,0,False,1.0,True,work/cases/case_2392/duration_0p0001953125.checkpoint.npz,4c95425e059b2ccd4e8a4b16182306440fef3aa49a0bdd8b1716e3bac742186d
2393,holmes_model3,15.0,201,3.0,relative_20pct,relative,15.0,0.2,10.0,10.0,polarized,0.32379853407687315,0.0001953125,150.0001953125,0.32379853407687315,1.1195489537112937,150.0,2,37,0,False,1.0,True,work/cases/case_2393/duration_0p0001953125.checkpoint.npz,7d8c1e51efe25cf524381e497584c8a1bb4dab117899f49e2fe741eeb0a0652d
2394,holmes_model3,16.0,201,1.5,fixed_10pct,physical,15.0,0.1,0.1,0.1,polarized,0.3242591533671161,0.0001953125,230.0001953125,0.3242591533662506,1.1194841477420203,230.0,2,36,0,False,1.0,True,work/cases/case_2394/duration_0p0001953125.checkpoint.npz,bd516e7c82a611fe9471e4173cf0292d42e610cdec28aa8c4073b9739d135e29
2395,holmes_model3,16.0,201,1.5,fixed_10pct,physical,15.0,0.1,0.25,0.25,polarized,0.32425915336724487,0.0001953125,220.0001953125,0.3242591533662788,1.1194841477420603,220.0,2,34,0,False,1.0,True,work/cases/case_2395/duration_0p0001953125.checkpoint.npz,2fdd1a769d9410370ed50a7b039dfc275bce9a5187e88ceab5b67575727ffe87
2396,holmes_model3,16.0,201,1.5,fixed_10pct,physical,15.0,0.1,0.5,0.5,polarized,0.32425915336704625,0.0001953125,210.0001953125,0.32425915336446415,1.1194841477395951,210.0,2,36,0,False,1.0,True,work/cases/case_2396/duration_0p0001953125.checkpoint.npz,bf891e0e9815b15fd19d3ea863eb57a1cf798d9760cd315f7afde74097be4f8c
2397,holmes_model3,16.0,201,1.5,fixed_10pct,physical,15.0,0.1,1.0,1.0,polarized,0.32425915336728395,0.0001953125,200.0001953125,0.32425915336728395,1.1194841477434223,200.0,2,35,0,False,1.0,True,work/cases/case_2397/duration_0p0001953125.checkpoint.npz,d22e9fd76b83f0faccd9b1a6d33738f78ebf4898e0ad8baaf5af03f17ab7010b
2398,holmes_model3,16.0,201,1.5,fixed_10pct,physical,15.0,0.1,2.0,2.0,polarized,0.324259153366994,0.0001953125,190.0001953125,0.3242591533669565,1.1194841477429789,190.0,2,37,0,False,1.0,True,work/cases/case_2398/duration_0p0001953125.checkpoint.npz,8bc31b88635a4931c3e559f33a0177cbb7c1d95c811c9a8b4b7fade6fc20e5b3
2399,holmes_model3,16.0,201,1.5,fixed_10pct,physical,15.0,0.1,4.0,4.0,polarized,0.32425915336716327,0.0001953125,180.0001953125,0.32425915336716327,1.1194841477432638,180.0,2,35,0,False,1.0,True,work/cases/case_2399/duration_0p0001953125.checkpoint.npz,c31fc3fb9e1105bf45df56d6fee7ac1c3ef8e117d0b05fa25192f325b4a620ab
2400,holmes_model3,16.0,201,1.5,fixed_10pct,physical,15.0,0.1,10.0,10.0,polarized,0.3242591533670205,0.0001953125,165.0001953125,0.3242591533667845,1.1194841477427462,165.0,2,37,0,False,1.0,True,work/cases/case_2400/duration_0p0001953125.checkpoint.npz,1f689b5f3d82a197897fe1eb3d071a60b10902ebc1d3973b5194e66473b4625b
2401,holmes_model3,16.0,201,3.0,fixed_20pct,physical,15.0,0.2,0.1,0.1,polarized,0.32425915337056277,0.0001953125,220.0001953125,0.32425915336709726,1.1194841477431854,220.0,2,38,0,False,1.0,True,work/cases/case_2401/duration_0p0001953125.checkpoint.npz,848e81a625ef4d5728a98a26b7cdabed6bb1583c88defea8ede335a05d102167
2402,holmes_model3,16.0,201,3.0,fixed_20pct,physical,15.0,0.2,0.25,0.25,polarized,0.32425915336717764,0.0001953125,210.0001953125,0.32425915336669925,1.119484147742626,210.0,2,36,0,False,1.0,True,work/cases/case_2402/duration_0p0001953125.checkpoint.npz,5b4beeb3d32d07fcdcddf6fbc8fa0d9be3b948bc6f836b16e67e0437e98ea7ec
2403,holmes_model3,16.0,201,3.0,fixed_20pct,physical,15.0,0.2,0.5,0.5,polarized,0.3242591533672917,0.0001953125,200.0001953125,0.32425915336711486,1.1194841477432032,200.0,2,37,0,False,1.0,True,work/cases/case_2403/duration_0p0001953125.checkpoint.npz,7fe4772a2f4f2d1edfd45b990b39c6e6da0536e01c881ec7ecb33ff34e5df584
2404,holmes_model3,16.0,201,3.0,fixed_20pct,physical,15.0,0.2,1.0,1.0,polarized,0.32425915336706607,0.0001953125,190.0001953125,0.32425915336691274,1.1194841477429194,190.0,2,37,0,False,1.0,True,work/cases/case_2404/duration_0p0001953125.checkpoint.npz,15e104025007ef9deff2192e34a36bfe087a24ee2b81ab6c4a6b26e3a637a218
2405,holmes_model3,16.0,201,3.0,fixed_20pct,physical,15.0,0.2,2.0,2.0,polarized,0.3242591533669822,0.0001953125,180.0001953125,0.32425915336683664,1.1194841477428168,180.0,2,36,0,False,1.0,True,work/cases/case_2405/duration_0p0001953125.checkpoint.npz,b32a49f2fce2f35777067dedc3aa2e3cf4c5b8dfc3240df3c9ccaf6aea92ee62
2406,holmes_model3,16.0,201,3.0,fixed_20pct,physical,15.0,0.2,4.0,4.0,polarized,0.3242591533670878,0.0001953125,170.0001953125,0.32425915336693983,1.119484147742959,170.0,2,36,0,False,1.0,True,work/cases/case_2406/duration_0p0001953125.checkpoint.npz,3e445c13a45d8886940a17670e96af790b9b686153b1386b8089f224f921faf8
2407,holmes_model3,16.0,201,3.0,fixed_20pct,physical,15.0,0.2,10.0,10.0,polarized,0.3242591533670245,0.0001953125,160.0001953125,0.3242591533669417,1.119484147742962,160.0,2,36,0,False,1.0,True,work/cases/case_2407/duration_0p0001953125.checkpoint.npz,41bee8211c5be87f423c2ce2ec47f0fe392cb4f59736b80569ae4aff4fb577bb
2408,holmes_model3,16.0,201,3.2,relative_20pct,relative,15.0,0.2,0.1,0.1,polarized,0.3242591533689525,0.0001953125,220.0001953125,0.3242591533673471,1.1194841477435042,220.0,2,35,0,False,1.0,True,work/cases/case_2408/duration_0p0001953125.checkpoint.npz,5b78c6656862d759adb55c72f086b901be150f16f09756728fdf3f4fbd0cda7e
2409,holmes_model3,16.0,201,3.2,relative_20pct,relative,15.0,0.2,0.25,0.25,polarized,0.32425915336701056,0.0001953125,210.0001953125,0.32425915336413463,1.119484147739148,210.0,2,36,0,False,1.0,True,work/cases/case_2409/duration_0p0001953125.checkpoint.npz,31111586c259c476e1a0c5c87e7c9059411d91226407aae9cebd19a6620f723f
2410,holmes_model3,16.0,201,3.2,relative_20pct,relative,15.0,0.2,0.5,0.5,polarized,0.32425915336734557,0.0001953125,200.0001953125,0.32425915336727207,1.1194841477434074,200.0,2,34,0,False,1.0,True,work/cases/case_2410/duration_0p0001953125.checkpoint.npz,b67821494ad5bfec2b868cfe9d0fcb07c9dc1cbabad9caf48c74562a2507b31d
2411,holmes_model3,16.0,201,3.2,relative_20pct,relative,15.0,0.2,1.0,1.0,polarized,0.3242591533670954,0.0001953125,190.0001953125,0.3242591533667257,1.1194841477426647,190.0,2,37,0,False,1.0,True,work/cases/case_2411/duration_0p0001953125.checkpoint.npz,97674bb9fb19e65511d01a714b0e4ceeb4a208f0b25ffbcd0261f3dcb7e80879
2412,holmes_model3,16.0,201,3.2,relative_20pct,relative,15.0,0.2,2.0,2.0,polarized,0.32425915336698746,0.0001953125,180.0001953125,0.3242591533668702,1.1194841477428674,180.0,2,37,0,False,1.0,True,work/cases/case_2412/duration_0p0001953125.checkpoint.npz,d3293816d3961608d3e8fc8710fa74409aada07f66706cffebb1985b96f7661a
2413,holmes_model3,16.0,201,3.2,relative_20pct,relative,15.0,0.2,4.0,4.0,polarized,0.3242591533669538,0.0001953125,170.0001953125,0.3242591533669417,1.1194841477429605,170.0,2,35,0,False,1.0,True,work/cases/case_2413/duration_0p0001953125.checkpoint.npz,885b48a07756bd8aed67cded6e3ae1a9d7f889d0b26d6d30b74dc4edb5acd42d
2414,holmes_model3,16.0,201,3.2,relative_20pct,relative,15.0,0.2,10.0,10.0,polarized,0.32425915336701094,0.0001953125,155.0001953125,0.3242591533669303,1.1194841477429447,155.0,2,35,0,False,1.0,True,work/cases/case_2414/duration_0p0001953125.checkpoint.npz,245fce9adc7c4d4e3a293deab9f9969ebcf26391984db9252cc861f7a47c09d1
2415,holmes_model3,18.0,201,1.5,fixed_10pct,physical,15.0,0.1,0.1,0.1,polarized,0.32495319577659587,0.0001953125,240.0001953125,0.32495319577659587,1.1193732972731523,240.0,2,36,0,False,1.0,True,work/cases/case_2415/duration_0p0001953125.checkpoint.npz,46e9c22ae40f79d689502e07995c93c972dd81b7cb4cec3023e124bed46cbc90
2416,holmes_model3,18.0,201,1.5,fixed_10pct,physical,15.0,0.1,0.25,0.25,polarized,0.3249531957768484,0.0001953125,230.0001953125,0.32495319577655546,1.1193732972731139,230.0,2,35,0,False,1.0,True,work/cases/case_2416/duration_0p0001953125.checkpoint.npz,eccc6f70a142031af056b8082973d8447598eb9ec3c5a246fd11d16d131b4a00
2417,holmes_model3,18.0,201,1.5,fixed_10pct,physical,15.0,0.1,0.5,0.5,polarized,0.324953195776593,0.0001953125,220.0001953125,0.3249531957764284,1.1193732972729364,220.0,2,35,0,False,1.0,True,work/cases/case_2417/duration_0p0001953125.checkpoint.npz,c3f4f90f8a7804464d5f07b332361aab98fb3a2fee44c7d387623d881c5d1d52
2418,holmes_model3,18.0,201,1.5,fixed_10pct,physical,15.0,0.1,1.0,1.0,polarized,0.32495319577657067,0.0001953125,210.0001953125,0.32495319577656445,1.1193732972731083,210.0,2,36,0,False,1.0,True,work/cases/case_2418/duration_0p0001953125.checkpoint.npz,49b5ccf80a6e8ca2d2c7aa6fef6fed9b010ccda5eaef0bed82b60d00f2061789
2419,holmes_model3,18.0,201,1.5,fixed_10pct,physical,15.0,0.1,2.0,2.0,polarized,0.32495319577663634,0.0001953125,200.0001953125,0.32495319577657517,1.1193732972731156,200.0,2,37,0,False,1.0,True,work/cases/case_2419/duration_0p0001953125.checkpoint.npz,007809cbf355305df51c8b4bdc740537fb0163233218cd7f9cd874cafc353da5
2420,holmes_model3,18.0,201,1.5,fixed_10pct,physical,15.0,0.1,4.0,4.0,polarized,0.3249531957766977,0.0001953125,190.0001953125,0.3249531957765514,1.1193732972731194,190.0,2,37,0,False,1.0,True,work/cases/case_2420/duration_0p0001953125.checkpoint.npz,92f97cd961098c6fade60fe70a915d13cba3bb3ab6c9868dbcaabca76cde1e06
2421,holmes_model3,18.0,201,1.5,fixed_10pct,physical,15.0,0.1,10.0,10.0,polarized,0.3249531957765881,0.0001953125,180.0001953125,0.3249531957765459,1.1193732972730852,180.0,2,36,0,False,1.0,True,work/cases/case_2421/duration_0p0001953125.checkpoint.npz,100cad4398d0bb141f6801a372b1fc75c107d26bad6be321e4ba92f442f74582
2422,holmes_model3,18.0,201,3.0,fixed_20pct,physical,15.0,0.2,0.1,0.1,polarized,0.32495319577698983,0.0001953125,235.0001953125,0.32495319577642306,1.1193732972729176,235.0,2,37,0,False,1.0,True,work/cases/case_2422/duration_0p0001953125.checkpoint.npz,9bd3ff1f67241f5c21a1ba1d80507c013419d4bd7f86275dc76f1e4e5c7c6083
2423,holmes_model3,18.0,201,3.0,fixed_20pct,physical,15.0,0.2,0.25,0.25,polarized,0.3249531957766911,0.0001953125,220.0001953125,0.32495319577628473,1.119373297272728,220.0,2,37,0,False,1.0,True,work/cases/case_2423/duration_0p0001953125.checkpoint.npz,ce5a1a31035a3474d8df1b026dbf7f70c4487881252de1bccd677331554a34ad
2424,holmes_model3,18.0,201,3.0,fixed_20pct,physical,15.0,0.2,0.5,0.5,polarized,0.3249531957768105,0.0001953125,210.0001953125,0.32495319577656573,1.1193732972731194,210.0,2,35,0,False,1.0,True,work/cases/case_2424/duration_0p0001953125.checkpoint.npz,773abf8f9b736164c7403347f2668e46295a42f816323605d579d9a57bd2164b
2425,holmes_model3,18.0,201,3.0,fixed_20pct,physical,15.0,0.2,1.0,1.0,polarized,0.3249531957765936,0.0001953125,200.0001953125,0.32495319577657567,1.11937329727312,200.0,2,35,0,False,1.0,True,work/cases/case_2425/duration_0p0001953125.checkpoint.npz,f9a9e5422c8ab7ef2c9e236632a0a84765914d9ef90667b2784db22304e59035
2426,holmes_model3,18.0,201,3.0,fixed_20pct,physical,15.0,0.2,2.0,2.0,polarized,0.3249531957766891,0.0001953125,195.0001953125,0.3249531957764729,1.1193732972729507,195.0,2,36,0,False,1.0,True,work/cases/case_2426/duration_0p0001953125.checkpoint.npz,9bd66ebb34e3f199c11d47fef8bf55e3c5d4737aa319b1f5199013d721c3338b
2427,holmes_model3,18.0,201,3.0,fixed_20pct,physical,15.0,0.2,4.0,4.0,polarized,0.3249531957766082,0.0001953125,185.0001953125,0.32495319577655196,1.1193732972730923,185.0,2,36,0,False,1.0,True,work/cases/case_2427/duration_0p0001953125.checkpoint.npz,5ff903159f23a11bf5173d746270d6c3e753ad3eb618c65b64c4193a5fc954f2
2428,holmes_model3,18.0,201,3.0,fixed_20pct,physical,15.0,0.2,10.0,10.0,polarized,0.32495319577657683,0.0001953125,170.0001953125,0.32495319577655907,1.119373297273101,170.0,2,37,0,False,1.0,True,work/cases/case_2428/duration_0p0001953125.checkpoint.npz,47476e875374fddda501e90d8472587d5cef9c15b33db773240dbe8f25f884d3
2429,holmes_model3,18.0,201,3.6,relative_20pct,relative,15.0,0.2,0.1,0.1,polarized,0.3249531957768827,0.0001953125,230.0001953125,0.3249531957765957,1.1193732972731474,230.0,2,35,0,False,1.0,True,work/cases/case_2429/duration_0p0001953125.checkpoint.npz,1b9855bfc097ac34f65cbfaf509bb197d4645f67cf6ed5f18c8c312f315c76bc
2430,holmes_model3,18.0,201,3.6,relative_20pct,relative,15.0,0.2,0.25,0.25,polarized,0.3249531957768996,0.0001953125,220.0001953125,0.3249531957768996,1.1193732972735913,220.0,2,36,0,False,1.0,True,work/cases/case_2430/duration_0p0001953125.checkpoint.npz,86cce37b30056c01e7c5a598535f7fcee25ec40f57a2a8de9dcacdf9642d60b0
2431,holmes_model3,18.0,201,3.6,relative_20pct,relative,15.0,0.2,0.5,0.5,polarized,0.3249531957766325,0.0001953125,210.0001953125,0.32495319577657367,1.11937329727312,210.0,2,36,0,False,1.0,True,work/cases/case_2431/duration_0p0001953125.checkpoint.npz,153b8acd78b8eff1baba25dbdb7cc7e644fb45250bc549e3599b3ae1834d5d67
2432,holmes_model3,18.0,201,3.6,relative_20pct,relative,15.0,0.2,1.0,1.0,polarized,0.3249531957765863,0.0001953125,200.0001953125,0.32495319577654797,1.1193732972730919,200.0,2,34,0,False,1.0,True,work/cases/case_2432/duration_0p0001953125.checkpoint.npz,1b805f92c09ce7ffabab86257574030d6eb36738338e85e80209ee8436a7915d
2433,holmes_model3,18.0,201,3.6,relative_20pct,relative,15.0,0.2,2.0,2.0,polarized,0.3249531957766786,0.0001953125,190.0001953125,0.3249531957765523,1.119373297273098,190.0,2,36,0,False,1.0,True,work/cases/case_2433/duration_0p0001953125.checkpoint.npz,406db2308148aa07456af055c024ab697915321d68cdac08a1070b4d2ea364c4
2434,holmes_model3,18.0,201,3.6,relative_20pct,relative,15.0,0.2,4.0,4.0,polarized,0.32495319577658277,0.0001953125,180.0001953125,0.3249531957765634,1.119373297273106,180.0,2,34,0,False,1.0,True,work/cases/case_2434/duration_0p0001953125.checkpoint.npz,ee4c87e6a406e791d544c40092164130695014b49a07fc5a1a75963f697e100e
2435,holmes_model3,18.0,201,3.6,relative_20pct,relative,15.0,0.2,10.0,10.0,polarized,0.32495319577672827,0.0001953125,165.0001953125,0.3249531957765442,1.1193732972730832,165.0,2,38,0,False,1.0,True,work/cases/case_2435/duration_0p0001953125.checkpoint.npz,60b8298fcc744e3ea5c14dcf7e8d755f2d7d1560cb5876f38193d42aa6145634
2436,holmes_model3,20.0,201,1.5,fixed_10pct,physical,15.0,0.1,0.1,0.1,polarized,0.3254421801748213,0.0001953125,255.0001953125,0.3254421801748213,1.1192836383979166,255.0,2,37,0,False,1.0,True,work/cases/case_2436/duration_0p0001953125.checkpoint.npz,42cf26db5bd848a255394eff7da738f3a9842d220ee3a8f6181e87f4e919f924
2437,holmes_model3,20.0,201,1.5,fixed_10pct,physical,15.0,0.1,0.25,0.25,polarized,0.3254421801749045,0.0001953125,240.0001953125,0.3254421801746475,1.1192836383976679,240.0,2,37,0,False,1.0,True,work/cases/case_2437/duration_0p0001953125.checkpoint.npz,e30e2d69ab02ea38aa613abed46ffe778b3971c01310a1180f8d74dd7b384d2a
2438,holmes_model3,20.0,201,1.5,fixed_10pct,physical,15.0,0.1,0.5,0.5,polarized,0.32544218017463483,0.0001953125,235.0001953125,0.32544218017452975,1.1192836383975417,235.0,2,36,0,False,1.0,True,work/cases/case_2438/duration_0p0001953125.checkpoint.npz,9a09584bae72aa757d39fa5735474fdc264964057b4ab82714f90c93dcf72b78
2439,holmes_model3,20.0,201,1.5,fixed_10pct,physical,15.0,0.1,1.0,1.0,polarized,0.3254421801746243,0.0001953125,225.0001953125,0.3254421801745977,1.1192836383976181,225.0,2,36,0,False,1.0,True,work/cases/case_2439/duration_0p0001953125.checkpoint.npz,af727f4bb388d0909ee149eb6ee3660a804028ef7870bc26b466f0c83dd00c62
2440,holmes_model3,20.0,201,1.5,fixed_10pct,physical,15.0,0.1,2.0,2.0,polarized,0.32544218017462695,0.0001953125,215.0001953125,0.3254421801745832,1.1192836383975884,215.0,2,35,0,False,1.0,True,work/cases/case_2440/duration_0p0001953125.checkpoint.npz,df75f74e3d9dc452c4670625138fd80bf09c473ddf54e108885bba00abcab0c5
2441,holmes_model3,20.0,201,1.5,fixed_10pct,physical,15.0,0.1,4.0,4.0,polarized,0.3254421801745706,0.0001953125,205.0001953125,0.32544218017456383,1.1192836383975688,205.0,2,37,0,False,1.0,True,work/cases/case_2441/duration_0p0001953125.checkpoint.npz,73bc7c6a6aeca41ec0d90f7fd74312968806fc80674b43b7344cde15536eabc6
2442,holmes_model3,20.0,201,1.5,fixed_10pct,physical,15.0,0.1,10.0,10.0,polarized,0.3254421801746143,0.0001953125,190.0001953125,0.3254421801745702,1.1192836383975742,190.0,2,36,0,False,1.0,True,work/cases/case_2442/duration_0p0001953125.checkpoint.npz,67952c137621af8350688a30e97e8dd2bfa420f4840b57c9d1370003be139c7c
2443,holmes_model3,20.0,201,3.0,fixed_20pct,physical,15.0,0.2,0.1,0.1,polarized,0.3254421801747009,0.0001953125,245.0001953125,0.32544218017438764,1.1192836383973446,245.0,2,37,0,False,1.0,True,work/cases/case_2443/duration_0p0001953125.checkpoint.npz,4a76f9e07cd369c1f36832da07679a191f6b4342b9cb9a6608fcb8c194f37de8
2444,holmes_model3,20.0,201,3.0,fixed_20pct,physical,15.0,0.2,0.25,0.25,polarized,0.32544218017465687,0.0001953125,235.0001953125,0.32544218017456433,1.1192836383975682,235.0,2,36,0,False,1.0,True,work/cases/case_2444/duration_0p0001953125.checkpoint.npz,b7e7a053284048a1bcd0cc288378f071bfe3b3a6bf70e3df0e39791ba3320011
2445,holmes_model3,20.0,201,3.0,fixed_20pct,physical,15.0,0.2,0.5,0.5,polarized,0.32544218017465476,0.0001953125,225.0001953125,0.32544218017465476,1.1192836383976812,225.0,2,36,0,False,1.0,True,work/cases/case_2445/duration_0p0001953125.checkpoint.npz,7a4a4c8b20bfc4de76981113a0f4fe5a929d60851a3189dab0944471598cad2f
2446,holmes_model3,20.0,201,3.0,fixed_20pct,physical,15.0,0.2,1.0,1.0,polarized,0.325442180174658,0.0001953125,215.0001953125,0.325442180174658,1.1192836383976985,215.0,2,37,0,False,1.0,True,work/cases/case_2446/duration_0p0001953125.checkpoint.npz,c3a955cb1c23ba2dd926f5bb8fe3f1ad1ed0380938b218b86166392b6053f24f
2447,holmes_model3,20.0,201,3.0,fixed_20pct,physical,15.0,0.2,2.0,2.0,polarized,0.32544218017458293,0.0001953125,205.0001953125,0.3254421801745706,1.119283638397575,205.0,2,35,0,False,1.0,True,work/cases/case_2447/duration_0p0001953125.checkpoint.npz,8fab0786048aa9fe3dec287257e1c81e22498e83406b3a50b8bc43c017b22304
2448,holmes_model3,20.0,201,3.0,fixed_20pct,physical,15.0,0.2,4.0,4.0,polarized,0.3254421801746015,0.0001953125,195.0001953125,0.3254421801745834,1.1192836383975904,195.0,2,35,0,False,1.0,True,work/cases/case_2448/duration_0p0001953125.checkpoint.npz,c6c63e9fe3e349909d78f362d57e7b367bfc0fd862d8c6b90189681d56d4390b
2449,holmes_model3,20.0,201,3.0,fixed_20pct,physical,15.0,0.2,10.0,10.0,polarized,0.32544218017458887,0.0001953125,180.0001953125,0.3254421801745435,1.1192836383975353,180.0,2,38,0,False,1.0,True,work/cases/case_2449/duration_0p0001953125.checkpoint.npz,26d264ff337d822414d1cc258ffea1345c2c8aa4d7b7cb2d30668ca210145215
2450,holmes_model3,20.0,201,4.0,relative_20pct,relative,15.0,0.2,0.1,0.1,polarized,0.3254421801746524,0.0001953125,245.0001953125,0.3254421801746524,1.1192836383976643,245.0,2,38,0,False,1.0,True,work/cases/case_2450/duration_0p0001953125.checkpoint.npz,92a7581706623eb884bf442d89d1c9132be050b8293e551315d4215edb80c548
2451,holmes_model3,20.0,201,4.0,relative_20pct,relative,15.0,0.2,0.25,0.25,polarized,0.32544218017457843,0.0001953125,230.0001953125,0.32544218017364124,1.119283638396347,230.0,2,35,0,False,1.0,True,work/cases/case_2451/duration_0p0001953125.checkpoint.npz,4e7982f4c6b1255e0a7ccfbffdd0c5e344a8b21be7119c9df0d54e6891452d08
2452,holmes_model3,20.0,201,4.0,relative_20pct,relative,15.0,0.2,0.5,0.5,polarized,0.325442180174605,0.0001953125,220.0001953125,0.3254421801741625,1.1192836383970148,220.0,2,36,0,False,1.0,True,work/cases/case_2452/duration_0p0001953125.checkpoint.npz,07458a622e768cbe8fd49b19d2191896712a2a74dd2315e51635d6ac8c9f7009
2453,holmes_model3,20.0,201,4.0,relative_20pct,relative,15.0,0.2,1.0,1.0,polarized,0.32544218017458304,0.0001953125,210.0001953125,0.325442180174574,1.119283638397577,210.0,2,37,0,False,1.0,True,work/cases/case_2453/duration_0p0001953125.checkpoint.npz,e65ef0fc45ec0ec8c9385d233f53007d5fb9eb57076a7604a5d112e18dd3f978
2454,holmes_model3,20.0,201,4.0,relative_20pct,relative,15.0,0.2,2.0,2.0,polarized,0.32544218017461857,0.0001953125,200.0001953125,0.3254421801745928,1.1192836383975955,200.0,2,36,0,False,1.0,True,work/cases/case_2454/duration_0p0001953125.checkpoint.npz,63c9e3e1cea91602a47419c6cf381ba79bf086cdcc33b31be70cb21ea1465828
2455,holmes_model3,20.0,201,4.0,relative_20pct,relative,15.0,0.2,4.0,4.0,polarized,0.3254421801745782,0.0001953125,190.0001953125,0.32544218017452514,1.1192836383975278,190.0,2,37,0,False,1.0,True,work/cases/case_2455/duration_0p0001953125.checkpoint.npz,70bd4a87fd8e0f9383775507590efc6fb9a21e76a3d048de54192b48dd30835e
2456,holmes_model3,20.0,201,4.0,relative_20pct,relative,15.0,0.2,10.0,10.0,polarized,0.32544218017456955,0.0001953125,180.0001953125,0.3254421801745534,1.119283638397521,180.0,2,37,0,False,1.0,True,work/cases/case_2456/duration_0p0001953125.checkpoint.npz,b3156bba257436bf95419868f0d0985f7f7d23538e15d8301e1345a11dd72237
2457,holmes_model3,22.0,201,1.5,fixed_10pct,physical,15.0,0.1,0.1,0.1,polarized,0.3257984857982129,0.0001953125,265.0001953125,0.32579848579815546,1.1192101065846176,265.0,2,36,0,False,1.0,True,work/cases/case_2457/duration_0p0001953125.checkpoint.npz,0a343e55ffda59be8ee4f3377770b17ffe6b2ce9cd47638cb7648c43c918f4c9
2458,holmes_model3,22.0,201,1.5,fixed_10pct,physical,15.0,0.1,0.25,0.25,polarized,0.3257984857982354,0.0001953125,255.0001953125,0.3257984857982354,1.1192101065847058,255.0,2,36,0,False,1.0,True,work/cases/case_2458/duration_0p0001953125.checkpoint.npz,449319145515846d44b5246bd5e602279b7a9c436d048f886a0922242c846bbc
2459,holmes_model3,22.0,201,1.5,fixed_10pct,physical,15.0,0.1,0.5,0.5,polarized,0.32579848579827264,0.0001953125,245.0001953125,0.32579848579809084,1.1192101065845135,245.0,2,37,0,False,1.0,True,work/cases/case_2459/duration_0p0001953125.checkpoint.npz,a64f5450e936683b231c640b24ac2ee03de821dcf99118adbe4bde51a7fe2a5a
2460,holmes_model3,22.0,201,1.5,fixed_10pct,physical,15.0,0.1,1.0,1.0,polarized,0.3257984857982997,0.0001953125,235.0001953125,0.32579848579815657,1.119210106584618,235.0,2,37,0,False,1.0,True,work/cases/case_2460/duration_0p0001953125.checkpoint.npz,356a709461b643f2f9f22d936f14170b2bc07ee5e1bafc514b6829794d699de7
2461,holmes_model3,22.0,201,1.5,fixed_10pct,physical,15.0,0.1,2.0,2.0,polarized,0.3257984857982037,0.0001953125,225.0001953125,0.32579848579817194,1.1192101065846434,225.0,2,37,0,False,1.0,True,work/cases/case_2461/duration_0p0001953125.checkpoint.npz,2c34a5267504f388879b5a05e774e441a9df74c291b9b86ad422273101ea6b1f
2462,holmes_model3,22.0,201,1.5,fixed_10pct,physical,15.0,0.1,4.0,4.0,polarized,0.325798485798207,0.0001953125,215.0001953125,0.3257984857979286,1.1192101065843354,215.0,2,38,0,False,1.0,True,work/cases/case_2462/duration_0p0001953125.checkpoint.npz,40d9eebebc162abe173e8b019e99c6fd18121029b5766fc1e2d37dad35cc1b42
2463,holmes_model3,22.0,201,1.5,fixed_10pct,physical,15.0,0.1,10.0,10.0,polarized,0.32579848579820814,0.0001953125,205.0001953125,0.3257984857981805,1.1192101065846676,205.0,2,37,0,False,1.0,True,work/cases/case_2463/duration_0p0001953125.checkpoint.npz,931c2ced6feb95a7a2ea02fb92b756e33947e1370900e94c49c0a988bd7bf4d3
2464,holmes_model3,22.0,201,3.0,fixed_20pct,physical,15.0,0.2,0.1,0.1,polarized,0.3257984857982117,0.0001953125,255.0001953125,0.32579848579805604,1.1192101065845144,255.0,2,38,0,False,1.0,True,work/cases/case_2464/duration_0p0001953125.checkpoint.npz,6a9ba57894455f2eb9f1728c633dc0cbe4a40a7644218726629419c44c74ccc6
2465,holmes_model3,22.0,201,3.0,fixed_20pct,physical,15.0,0.2,0.25,0.25,polarized,0.32579848579823223,0.0001953125,245.0001953125,0.3257984857981521,1.1192101065846183,245.0,2,36,0,False,1.0,True,work/cases/case_2465/duration_0p0001953125.checkpoint.npz,69766f365f41ada6357e9c9e90886addcf68550ce0279013bd9ed6c0e71a6720
2466,holmes_model3,22.0,201,3.0,fixed_20pct,physical,15.0,0.2,0.5,0.5,polarized,0.3257984857986924,0.0001953125,235.0001953125,0.3257984857986924,1.1192101065853466,235.0,2,37,0,False,1.0,True,work/cases/case_2466/duration_0p0001953125.checkpoint.npz,40dcccc35d459f27dc681a1e99e861a2cd7ce57b020f026b93fb74875df9943b
2467,holmes_model3,22.0,201,3.0,fixed_20pct,physical,15.0,0.2,1.0,1.0,polarized,0.32579848579823584,0.0001953125,225.0001953125,0.32579848579803056,1.1192101065844577,225.0,2,38,0,False,1.0,True,work/cases/case_2467/duration_0p0001953125.checkpoint.npz,c9c21ffb08d45801aff2f7c1671be1cc7de063d635bc3dec221860d5b14d443f
2468,holmes_model3,22.0,201,3.0,fixed_20pct,physical,15.0,0.2,2.0,2.0,polarized,0.3257984857982321,0.0001953125,215.0001953125,0.3257984857982127,1.1192101065846924,215.0,2,35,0,False,1.0,True,work/cases/case_2468/duration_0p0001953125.checkpoint.npz,a10be1c62ebcf5f9f7a96a4ceecc85526a5c27f07841f28d64248ed02f777a53
2469,holmes_model3,22.0,201,3.0,fixed_20pct,physical,15.0,0.2,4.0,4.0,polarized,0.32579848579820797,0.0001953125,205.0001953125,0.32579848579815734,1.1192101065846114,205.0,2,38,0,False,1.0,True,work/cases/case_2469/duration_0p0001953125.checkpoint.npz,45eb8070c6c79b214bfbd3f80631d293e434da1a3a8916d9b5e62fe1a40a1bd5
2470,holmes_model3,22.0,201,3.0,fixed_20pct,physical,15.0,0.2,10.0,10.0,polarized,0.32579848579821374,0.0001953125,195.0001953125,0.32579848579819387,1.1192101065847062,195.0,2,35,0,False,1.0,True,work/cases/case_2470/duration_0p0001953125.checkpoint.npz,95380e506054f093bac2d17360c4099144f84f196e3f703ece34ebdcba8813f5
2471,holmes_model3,22.0,201,4.4,relative_20pct,relative,15.0,0.2,0.1,0.1,polarized,0.3257984857982302,0.0001953125,255.0001953125,0.3257984857982059,1.1192101065847107,255.0,2,34,0,False,1.0,True,work/cases/case_2471/duration_0p0001953125.checkpoint.npz,2beecfff5a2333a00382fe917dc7d8a024a6d8c74387859f6ce4a9af73d8809f
2472,holmes_model3,22.0,201,4.4,relative_20pct,relative,15.0,0.2,0.25,0.25,polarized,0.325798485798195,0.0001953125,240.0001953125,0.3257984857970253,1.1192101065830962,240.0,2,38,0,False,1.0,True,work/cases/case_2472/duration_0p0001953125.checkpoint.npz,8a64fd78275504ea504471d8227139f91d61309e8846ba15d579f47c2a50e7d3
2473,holmes_model3,22.0,201,4.4,relative_20pct,relative,15.0,0.2,0.5,0.5,polarized,0.32579848579831366,0.0001953125,230.0001953125,0.32579848579814097,1.119210106584602,230.0,2,38,0,False,1.0,True,work/cases/case_2473/duration_0p0001953125.checkpoint.npz,4e2b578d121976d211c490eede4427f43a89584eb2a33e2c44be62200b636270
2474,holmes_model3,22.0,201,4.4,relative_20pct,relative,15.0,0.2,1.0,1.0,polarized,0.32579848579821347,0.0001953125,225.0001953125,0.3257984857982026,1.1192101065846856,225.0,2,35,0,False,1.0,True,work/cases/case_2474/duration_0p0001953125.checkpoint.npz,4aee1922dae6c8d803c0981d6604e597fd5fa3320a541a067ac9170e9c6d8a90
2475,holmes_model3,22.0,201,4.4,relative_20pct,relative,15.0,0.2,2.0,2.0,polarized,0.3257984857982021,0.0001953125,215.0001953125,0.32579848579819426,1.1192101065846711,215.0,2,37,0,False,1.0,True,work/cases/case_2475/duration_0p0001953125.checkpoint.npz,aeb8f70cce40a9684212a8120f1c46b22acec46916d053af7c36f3c19306a366
2476,holmes_model3,22.0,201,4.4,relative_20pct,relative,15.0,0.2,4.0,4.0,polarized,0.3257984857982516,0.0001953125,205.0001953125,0.32579848579817466,1.1192101065846423,205.0,2,37,0,False,1.0,True,work/cases/case_2476/duration_0p0001953125.checkpoint.npz,4e7113b977d7ee959551b19598d1617a6609d3195157a02a3e4b3c626fd4e71f
2477,holmes_model3,22.0,201,4.4,relative_20pct,relative,15.0,0.2,10.0,10.0,polarized,0.32579848579825454,0.0001953125,190.0001953125,0.32579848579821175,1.1192101065847024,190.0,2,38,0,False,1.0,True,work/cases/case_2477/duration_0p0001953125.checkpoint.npz,04ab1f8a8c625a23f384aca05d3df41824bc4908e3745e6b093f2e0e20c3a718
2478,holmes_model3,24.0,201,1.5,fixed_10pct,physical,15.0,0.1,0.1,0.1,polarized,0.32606532908647373,0.0001953125,280.0001953125,0.3260653290864341,1.1191487976765404,280.0,2,37,0,False,1.0,True,work/cases/case_2478/duration_0p0001953125.checkpoint.npz,790eb91e7ad5bd8df32800c434dde116442c4d1559b78fee2e8fd12e0accf3d2
2479,holmes_model3,24.0,201,1.5,fixed_10pct,physical,15.0,0.1,0.25,0.25,polarized,0.3260653290864114,0.0001953125,265.0001953125,0.3260653290863807,1.1191487976764674,265.0,2,36,0,False,1.0,True,work/cases/case_2479/duration_0p0001953125.checkpoint.npz,e16db9c1f173ff79e4d23f3ff6ab0f9db4eaf7658d9152764b83b0a824d90bce
2480,holmes_model3,24.0,201,1.5,fixed_10pct,physical,15.0,0.1,0.5,0.5,polarized,0.3260653290863969,0.0001953125,255.0001953125,0.32606532908635777,1.119148797676437,255.0,2,35,0,False,1.0,True,work/cases/case_2480/duration_0p0001953125.checkpoint.npz,e0a5461f961300f3c9ce82f894c1b57a0429d2421f15a11bb221f062d08a6c3c
2481,holmes_model3,24.0,201,1.5,fixed_10pct,physical,15.0,0.1,1.0,1.0,polarized,0.32606532908641045,0.0001953125,245.0001953125,0.3260653290863831,1.1191487976764716,245.0,2,36,0,False,1.0,True,work/cases/case_2481/duration_0p0001953125.checkpoint.npz,b55119b7f99c7b613c11a54c34c6d3068b19a7292054197c0c3f6b04ef128796
2482,holmes_model3,24.0,201,1.5,fixed_10pct,physical,15.0,0.1,2.0,2.0,polarized,0.32606532908641533,0.0001953125,240.0001953125,0.3260653290863812,1.119148797676468,240.0,2,37,0,False,1.0,True,work/cases/case_2482/duration_0p0001953125.checkpoint.npz,0f335b7013df9bdaadfa6387f167eeab22ceea7a3809d647924e1483c1b8aece
2483,holmes_model3,24.0,201,1.5,fixed_10pct,physical,15.0,0.1,4.0,4.0,polarized,0.32606532908639724,0.0001953125,230.0001953125,0.3260653290863646,1.1191487976764465,230.0,2,38,0,False,1.0,True,work/cases/case_2483/duration_0p0001953125.checkpoint.npz,4439c8d855f46771796e00edd7fc1db412fa3e6bc6a439f9113995f8638766f7
2484,holmes_model3,24.0,201,1.5,fixed_10pct,physical,15.0,0.1,10.0,10.0,polarized,0.3260653290864098,0.0001953125,215.0001953125,0.3260653290863742,1.1191487976764596,215.0,2,33,0,False,1.0,True,work/cases/case_2484/duration_0p0001953125.checkpoint.npz,28b22c5c657ed351e6af6b7193a5e7b948c1c211e30168354bc9b98add7ffe92
2485,holmes_model3,24.0,201,3.0,fixed_20pct,physical,15.0,0.2,0.1,0.1,polarized,0.3260653290863929,0.0001953125,270.0001953125,0.3260653290863783,1.119148797676465,270.0,2,35,0,False,1.0,True,work/cases/case_2485/duration_0p0001953125.checkpoint.npz,5b0b1807e237886db4be75f4f6816a6b77ad18b9f6c3320c222754bcd4cec929
2486,holmes_model3,24.0,201,3.0,fixed_20pct,physical,15.0,0.2,0.25,0.25,polarized,0.3260653290863924,0.0001953125,255.0001953125,0.3260653290862485,1.1191487976762917,255.0,2,37,0,False,1.0,True,work/cases/case_2486/duration_0p0001953125.checkpoint.npz,8a210ba72eeae83c4a718f11ce0d7f916655100b2fcfb55634e09c65b2c2621f
2487,holmes_model3,24.0,201,3.0,fixed_20pct,physical,15.0,0.2,0.5,0.5,polarized,0.32606532908668096,0.0001953125,250.0001953125,0.32606532908668096,1.1191487976768688,250.0,2,34,0,False,1.0,True,work/cases/case_2487/duration_0p0001953125.checkpoint.npz,1cb61361fe3f472d5a1e779967aed6cc53856c6952dbc56ceb5e0f364da46512
2488,holmes_model3,24.0,201,3.0,fixed_20pct,physical,15.0,0.2,1.0,1.0,polarized,0.32606532908640695,0.0001953125,240.0001953125,0.3260653290863788,1.1191487976764656,240.0,2,37,0,False,1.0,True,work/cases/case_2488/duration_0p0001953125.checkpoint.npz,ac30402f9ecfc2b99a2070eb379935778f6d7e41a2cdd8b5738360fcab9054f3
2489,holmes_model3,24.0,201,3.0,fixed_20pct,physical,15.0,0.2,2.0,2.0,polarized,0.326065329086403,0.0001953125,230.0001953125,0.326065329086403,1.1191487976764987,230.0,2,34,0,False,1.0,True,work/cases/case_2489/duration_0p0001953125.checkpoint.npz,02994fbde6d65f5bc41ecc77ebe0f9c2803e71e7b39e48f1f8e2eda04b27b228
2490,holmes_model3,24.0,201,3.0,fixed_20pct,physical,15.0,0.2,4.0,4.0,polarized,0.32606532908641284,0.0001953125,220.0001953125,0.326065329086394,1.1191487976764867,220.0,2,37,0,False,1.0,True,work/cases/case_2490/duration_0p0001953125.checkpoint.npz,2509ec205cd69024e7c1d3a68ea36571a6f40aa4a4fe712c04ce69fe147333fb
2491,holmes_model3,24.0,201,3.0,fixed_20pct,physical,15.0,0.2,10.0,10.0,polarized,0.32606532908644575,0.0001953125,205.0001953125,0.3260653290863909,1.1191487976764822,205.0,2,38,0,False,1.0,True,work/cases/case_2491/duration_0p0001953125.checkpoint.npz,60cb99d9448945b66acceb7cc2fd5f3d4f81b574927ff1e443250cd68f2087bc
2492,holmes_model3,24.0,201,4.800000000000001,relative_20pct,relative,15.0,0.2,0.1,0.1,polarized,0.3260653290864306,0.0001953125,265.0001953125,0.32606532908635416,1.1191487976764325,265.0,2,36,0,False,1.0,True,work/cases/case_2492/duration_0p0001953125.checkpoint.npz,487b7d7f64d114113af31543d1bd00af2836671287b3a8105b7ed9532c2eec35
2493,holmes_model3,24.0,201,4.800000000000001,relative_20pct,relative,15.0,0.2,0.25,0.25,polarized,0.32606532908671804,0.0001953125,250.0001953125,0.32606532908671804,1.1191487976769197,250.0,2,34,0,False,1.0,True,work/cases/case_2493/duration_0p0001953125.checkpoint.npz,ebe97b50498cd5a009358e40180a7d375910984e29cc6d390dda61aee28ad21f
2494,holmes_model3,24.0,201,4.800000000000001,relative_20pct,relative,15.0,0.2,0.5,0.5,polarized,0.32606532908638897,0.0001953125,245.0001953125,0.32606532908638747,1.1191487976764787,245.0,2,36,0,False,1.0,True,work/cases/case_2494/duration_0p0001953125.checkpoint.npz,e53b4ea88855cbee894853ac2a95de13e2a1a046923f4f9884f2db9ebe8562a5
2495,holmes_model3,24.0,201,4.800000000000001,relative_20pct,relative,15.0,0.2,1.0,1.0,polarized,0.32606532908653685,0.0001953125,235.0001953125,0.32606532908641883,1.119148797676518,235.0,2,37,0,False,1.0,True,work/cases/case_2495/duration_0p0001953125.checkpoint.npz,2d153211bc12241dae85b87479a914709d61673932a962983f2712974ab750fa
2496,holmes_model3,24.0,201,4.800000000000001,relative_20pct,relative,15.0,0.2,2.0,2.0,polarized,0.3260653290864444,0.0001953125,225.0001953125,0.3260653290864444,1.1191487976765533,225.0,2,33,0,False,1.0,True,work/cases/case_2496/duration_0p0001953125.checkpoint.npz,8b6fb369dea54e1956ffa6a6bae08d8048768ccd9aa497577f7f9dd7c0d46fc4
2497,holmes_model3,24.0,201,4.800000000000001,relative_20pct,relative,15.0,0.2,4.0,4.0,polarized,0.3260653290864259,0.0001953125,215.0001953125,0.32606532908637814,1.1191487976764647,215.0,2,37,0,False,1.0,True,work/cases/case_2497/duration_0p0001953125.checkpoint.npz,5c3b4e271985e88b4606be8028bf747d3e0b8c640f332fbfbd6f1fa5bc749916
2498,holmes_model3,24.0,201,4.800000000000001,relative_20pct,relative,15.0,0.2,10.0,10.0,polarized,0.326065329086404,0.0001953125,200.0001953125,0.3260653290863821,1.11914879767647,200.0,2,34,0,False,1.0,True,work/cases/case_2498/duration_0p0001953125.checkpoint.npz,82c8423cbe33e9be5613b0f948f47d9017359d432a61c7e7dbd74fd3cb1a57c1
2499,holmes_model3,25.0,201,1.5,fixed_10pct,physical,15.0,0.1,0.1,0.1,polarized,0.3261740806333554,0.0001953125,285.0001953125,0.32617408063326647,1.1191218178721345,285.0,2,35,0,False,1.0,True,work/cases/case_2499/duration_0p0001953125.checkpoint.npz,48f409c8512d8dc87dd84559aa3a87c12dc8945e48e8835ad67cfdf381e2b4b6
2500,holmes_model3,25.0,201,1.5,fixed_10pct,physical,15.0,0.1,0.25,0.25,polarized,0.3261740806335092,0.0001953125,270.0001953125,0.3261740806335092,1.1191218178724327,270.0,2,35,0,False,1.0,True,work/cases/case_2500/duration_0p0001953125.checkpoint.npz,982d10f276b262a43e995141f1a2068c970a9a00648e6153a34ffbc7712f7b93
2501,holmes_model3,25.0,201,1.5,fixed_10pct,physical,15.0,0.1,0.5,0.5,polarized,0.3261740806334036,0.0001953125,265.0001953125,0.32617408063324577,1.1191218178720819,265.0,2,33,0,False,1.0,True,work/cases/case_2501/duration_0p0001953125.checkpoint.npz,740b894c61348a5f3a884bc68d139b01f8b29c07e28de870ba98a70763ae33e1
2502,holmes_model3,25.0,201,1.5,fixed_10pct,physical,15.0,0.1,1.0,1.0,polarized,0.3261740806333786,0.0001953125,255.0001953125,0.3261740806332269,1.119121817872075,255.0,2,36,0,False,1.0,True,work/cases/case_2502/duration_0p0001953125.checkpoint.npz,4e5d61139fc553853d13b2d40a687b9fce8d24e7b8f08e2f3466b419c9ca3431
2503,holmes_model3,25.0,201,1.5,fixed_10pct,physical,15.0,0.1,2.0,2.0,polarized,0.3261740806333651,0.0001953125,245.0001953125,0.3261740806333596,1.1191218178722324,245.0,2,36,0,False,1.0,True,work/cases/case_2503/duration_0p0001953125.checkpoint.npz,0a62ad971b49e9ba0c78e7d4e91abc87d3edbb36499b821d0b9e1c4785ba2f95
2504,holmes_model3,25.0,201,1.5,fixed_10pct,physical,15.0,0.1,4.0,4.0,polarized,0.32617408063330416,0.0001953125,235.0001953125,0.3261740806332815,1.1191218178721303,235.0,2,37,0,False,1.0,True,work/cases/case_2504/duration_0p0001953125.checkpoint.npz,41f80a04e1ef31debef5e489a22f5ea7427773327bba73c5175ca2c193b272fa
2505,holmes_model3,25.0,201,1.5,fixed_10pct,physical,15.0,0.1,10.0,10.0,polarized,0.32617408063326386,0.0001953125,220.0001953125,0.3261740806332497,1.1191218178720912,220.0,2,36,0,False,1.0,True,work/cases/case_2505/duration_0p0001953125.checkpoint.npz,606d956c640b63b2645b3d4309fb42a57bd209702e65c9a8768db8b315474baf
2506,holmes_model3,25.0,201,3.0,fixed_20pct,physical,15.0,0.2,0.1,0.1,polarized,0.3261740806340308,0.0001953125,275.0001953125,0.32617408063331155,1.119121817872164,275.0,2,36,0,False,1.0,True,work/cases/case_2506/duration_0p0001953125.checkpoint.npz,1b00ef23a36cb1e6f4b3d4bc3244ac42089018ca320599fb4cca971730bd8690
2507,holmes_model3,25.0,201,3.0,fixed_20pct,physical,15.0,0.2,0.25,0.25,polarized,0.32617408063338826,0.0001953125,265.0001953125,0.32617408063338826,1.1191218178722846,265.0,2,37,0,False,1.0,True,work/cases/case_2507/duration_0p0001953125.checkpoint.npz,b5348d8d105a9568542bc10d5b9928489afa49b107bb420b8b365e4c83062fe6
2508,holmes_model3,25.0,201,3.0,fixed_20pct,physical,15.0,0.2,0.5,0.5,polarized,0.32617408063334624,0.0001953125,255.0001953125,0.32617408063318565,1.1191218178719962,255.0,2,35,0,False,1.0,True,work/cases/case_2508/duration_0p0001953125.checkpoint.npz,2b0a97e9b708fb97c7040e90b7622c07c85b697b91b410c8fa06e9ea85783da5
2509,holmes_model3,25.0,201,3.0,fixed_20pct,physical,15.0,0.2,1.0,1.0,polarized,0.32617408063332426,0.0001953125,245.0001953125,0.3261740806332723,1.1191218178721223,245.0,2,33,0,False,1.0,True,work/cases/case_2509/duration_0p0001953125.checkpoint.npz,0023a683e26ce3a03964bf8fcab59520d9810351a437ffe7550393a2b9e23b74
2510,holmes_model3,25.0,201,3.0,fixed_20pct,physical,15.0,0.2,2.0,2.0,polarized,0.3261740806332861,0.0001953125,235.0001953125,0.3261740806332425,1.1191218178720836,235.0,2,33,0,False,1.0,True,work/cases/case_2510/duration_0p0001953125.checkpoint.npz,9bf2413c8f8c3d0cc01b90181b1df2608666db694b668f554979e0a419757452
2511,holmes_model3,25.0,201,3.0,fixed_20pct,physical,15.0,0.2,4.0,4.0,polarized,0.32617408063326886,0.0001953125,225.0001953125,0.32617408063326747,1.119121817872134,225.0,2,37,0,False,1.0,True,work/cases/case_2511/duration_0p0001953125.checkpoint.npz,b235fd5ed0b3ea0f34bd8b4d3261163bfe81a6bf3405be9922427a2392eb891f
2512,holmes_model3,25.0,201,3.0,fixed_20pct,physical,15.0,0.2,10.0,10.0,polarized,0.3261740806332937,0.0001953125,210.0001953125,0.32617408063323683,1.1191218178720852,210.0,2,37,0,False,1.0,True,work/cases/case_2512/duration_0p0001953125.checkpoint.npz,fe78d0a550b490fca9af6483888c69941c9b1bff8c253a3aed64da6f13b3d49a
2513,holmes_model3,25.0,201,5.0,relative_20pct,relative,15.0,0.2,0.1,0.1,polarized,0.3261740806333758,0.0001953125,270.0001953125,0.326174080633175,1.1191218178719942,270.0,2,35,0,False,1.0,True,work/cases/case_2513/duration_0p0001953125.checkpoint.npz,b81aff1311d37fcd141ea7b42576e434d577aceb773bded8cd96ecc44e5ac067
2514,holmes_model3,25.0,201,5.0,relative_20pct,relative,15.0,0.2,0.25,0.25,polarized,0.3261740806334116,0.0001953125,260.0001953125,0.3261740806334116,1.11912181787229,260.0,2,36,0,False,1.0,True,work/cases/case_2514/duration_0p0001953125.checkpoint.npz,9de5c40eaace179ec00d8fd7050ad7ce082f1a4164103f3fab4d807ec1196bf9
2515,holmes_model3,25.0,201,5.0,relative_20pct,relative,15.0,0.2,0.5,0.5,polarized,0.32617408063326747,0.0001953125,250.0001953125,0.32617408063322934,1.1191218178720994,250.0,2,38,0,False,1.0,True,work/cases/case_2515/duration_0p0001953125.checkpoint.npz,4ffb8619c90240a0f9c3b863636948b609fb858063b7d19a5cf2a21ee4fa34cd
2516,holmes_model3,25.0,201,5.0,relative_20pct,relative,15.0,0.2,1.0,1.0,polarized,0.32617408063330744,0.0001953125,240.0001953125,0.3261740806332227,1.1191218178720592,240.0,2,34,0,False,1.0,True,work/cases/case_2516/duration_0p0001953125.checkpoint.npz,96bfcb191071c8f7484249478995b30365d72c0dea9fd21d76ed6c48aca72b83
2517,holmes_model3,25.0,201,5.0,relative_20pct,relative,15.0,0.2,2.0,2.0,polarized,0.32617408063328396,0.0001953125,230.0001953125,0.32617408063328396,1.1191218178721556,230.0,2,38,0,False,1.0,True,work/cases/case_2517/duration_0p0001953125.checkpoint.npz,a96f0a2047bd44be72a31432f5151afc988499c63e8f0bfc68bc56ce502f92ce
2518,holmes_model3,25.0,201,5.0,relative_20pct,relative,15.0,0.2,4.0,4.0,polarized,0.3261740806332878,0.0001953125,220.0001953125,0.3261740806332651,1.1191218178721047,220.0,2,38,0,False,1.0,True,work/cases/case_2518/duration_0p0001953125.checkpoint.npz,4a17dd1fbb9ff35f9412eb027d4bdf6b695f41b7037417fe76af0321b3e9d513
2519,holmes_model3,25.0,201,5.0,relative_20pct,relative,15.0,0.2,10.0,10.0,polarized,0.32617408063331854,0.0001953125,205.0001953125,0.3261740806332351,1.1191218178720739,205.0,2,36,0,False,1.0,True,work/cases/case_2519/duration_0p0001953125.checkpoint.npz,09fc415ebfdd3c887d18a27a67761a322b2c9c175c4c0770f083bc1a32b628b2
2520,holmes_model3,26.0,201,1.5,fixed_10pct,physical,15.0,0.1,0.1,0.1,polarized,0.32626977073455954,0.0001953125,290.0001953125,0.32626977073452407,1.1190969116823735,290.0,2,36,0,False,1.0,True,work/cases/case_2520/duration_0p0001953125.checkpoint.npz,615f9b6b777a47f78153e07500c5d8a76b0892b6a7868e6841bcb7fea8d6dedf
2521,holmes_model3,26.0,201,1.5,fixed_10pct,physical,15.0,0.1,0.25,0.25,polarized,0.32626977073476654,0.0001953125,280.0001953125,0.32626977073449503,1.1190969116823308,280.0,2,38,0,False,1.0,True,work/cases/case_2521/duration_0p0001953125.checkpoint.npz,a18a247e5485246c26dbdcd1df547fea7004b2e3e3683b618efc7daec752a946
2522,holmes_model3,26.0,201,1.5,fixed_10pct,physical,15.0,0.1,0.5,0.5,polarized,0.32626977073460867,0.0001953125,270.0001953125,0.32626977073458263,1.1190969116824518,270.0,2,37,0,False,1.0,True,work/cases/case_2522/duration_0p0001953125.checkpoint.npz,c8873217d7aca6ab771a1ed8a70b58d050f325eb2b0065a0384955b5d88ef369
2523,holmes_model3,26.0,201,1.5,fixed_10pct,physical,15.0,0.1,1.0,1.0,polarized,0.32626977073457375,0.0001953125,260.0001953125,0.326269770734504,1.1190969116823333,260.0,2,36,0,False,1.0,True,work/cases/case_2523/duration_0p0001953125.checkpoint.npz,6ea7e7df4b0dbad22725eddc465357895586f06a5c97771aaa2ce7ed2798227c
2524,holmes_model3,26.0,201,1.5,fixed_10pct,physical,15.0,0.1,2.0,2.0,polarized,0.3262697707346942,0.0001953125,250.0001953125,0.3262697707345461,1.119096911682403,250.0,2,36,0,False,1.0,True,work/cases/case_2524/duration_0p0001953125.checkpoint.npz,430b59890fbfac34f11e0bed786e7b4279352d3f6bab4dbaaa3b0f65f6198d15
2525,holmes_model3,26.0,201,1.5,fixed_10pct,physical,15.0,0.1,4.0,4.0,polarized,0.32626977073455493,0.0001953125,240.0001953125,0.3262697707345311,1.1190969116823826,240.0,2,35,0,False,1.0,True,work/cases/case_2525/duration_0p0001953125.checkpoint.npz,7a6eff09f7de22e19b7286886c442064bf7456b759868cad200db1927ae893db
2526,holmes_model3,26.0,201,1.5,fixed_10pct,physical,15.0,0.1,10.0,10.0,polarized,0.32626977073457963,0.0001953125,230.0001953125,0.3262697707345314,1.1190969116823828,230.0,2,36,0,False,1.0,True,work/cases/case_2526/duration_0p0001953125.checkpoint.npz,1ba0196ab6979d3de1c8df45b63986d414cd759097516c5e3534cebef7bce3cd
2527,holmes_model3,26.0,201,3.0,fixed_20pct,physical,15.0,0.2,0.1,0.1,polarized,0.3262697707348175,0.0001953125,280.0001953125,0.32626977073456626,1.119096911682403,280.0,2,36,0,False,1.0,True,work/cases/case_2527/duration_0p0001953125.checkpoint.npz,4feca0e11b14f4ccc8a36dfa8918323d32deb00ace0e26fa2d0f922af05c0ce0
2528,holmes_model3,26.0,201,3.0,fixed_20pct,physical,15.0,0.2,0.25,0.25,polarized,0.3262697707345809,0.0001953125,270.0001953125,0.3262697707345809,1.119096911682448,270.0,2,37,0,False,1.0,True,work/cases/case_2528/duration_0p0001953125.checkpoint.npz,b335896a008c2b5dbc118b2d0df4c1348b11d24eff51f2d920c27a1a8f09d329
2529,holmes_model3,26.0,201,3.0,fixed_20pct,physical,15.0,0.2,0.5,0.5,polarized,0.32626977073460667,0.0001953125,260.0001953125,0.32626977073454505,1.1190969116823988,260.0,2,37,0,False,1.0,True,work/cases/case_2529/duration_0p0001953125.checkpoint.npz,6f95a7016040949d4acf03231cc268fa2e9ef6f97c62fa13bed3f57306a9988c
2530,holmes_model3,26.0,201,3.0,fixed_20pct,physical,15.0,0.2,1.0,1.0,polarized,0.32626977073455743,0.0001953125,250.0001953125,0.3262697707345374,1.119096911682386,250.0,2,36,0,False,1.0,True,work/cases/case_2530/duration_0p0001953125.checkpoint.npz,e93033b2e6b413f8af297f2185ff10de32af8ea6ccfd0b0a2ada112d3800be0a
2531,holmes_model3,26.0,201,3.0,fixed_20pct,physical,15.0,0.2,2.0,2.0,polarized,0.32626977073456187,0.0001953125,240.0001953125,0.32626977073446417,1.1190969116822815,240.0,2,37,0,False,1.0,True,work/cases/case_2531/duration_0p0001953125.checkpoint.npz,d0be7ef5ad7e85a5258dd3a45c02f2d509fda3be7da9414cdd3ef82f9244fda2
2532,holmes_model3,26.0,201,3.0,fixed_20pct,physical,15.0,0.2,4.0,4.0,polarized,0.3262697707345711,0.0001953125,230.0001953125,0.3262697707345711,1.1190969116824276,230.0,2,34,0,False,1.0,True,work/cases/case_2532/duration_0p0001953125.checkpoint.npz,98b051d25d64e7ef048cbeb0cf3f53d7ebe0a211cdddf03600f134e47797079c
2533,holmes_model3,26.0,201,3.0,fixed_20pct,physical,15.0,0.2,10.0,10.0,polarized,0.3262697707346215,0.0001953125,220.0001953125,0.32626977073451346,1.1190969116823553,220.0,2,36,0,False,1.0,True,work/cases/case_2533/duration_0p0001953125.checkpoint.npz,c7a3e01457d0dc9bc4fa99b0ea55584934997e89d048032b5a2a549422090a2e
2534,holmes_model3,26.0,201,5.2,relative_20pct,relative,15.0,0.2,0.1,0.1,polarized,0.3262697707345634,0.0001953125,275.0001953125,0.3262697707344747,1.1190969116822904,275.0,2,37,0,False,1.0,True,work/cases/case_2534/duration_0p0001953125.checkpoint.npz,8ac81b614772ac2ad409fedf7c00d646b49497d197f932c437705e70db663c8c
2535,holmes_model3,26.0,201,5.2,relative_20pct,relative,15.0,0.2,0.25,0.25,polarized,0.32626977073460606,0.0001953125,265.0001953125,0.32626977073460606,1.1190969116824725,265.0,2,37,0,False,1.0,True,work/cases/case_2535/duration_0p0001953125.checkpoint.npz,41fd5e6bdcebd8d5ebab4c1cb4857fb429fd8bc4599381dc3836e169bba16776
2536,holmes_model3,26.0,201,5.2,relative_20pct,relative,15.0,0.2,0.5,0.5,polarized,0.3262697707346001,0.0001953125,255.0001953125,0.32626977073457103,1.119096911682436,255.0,2,38,0,False,1.0,True,work/cases/case_2536/duration_0p0001953125.checkpoint.npz,a7c141cc5b4c30af4b7d6fcb5114089366f5d8f9e499226cc424541d10c6694e
2537,holmes_model3,26.0,201,5.2,relative_20pct,relative,15.0,0.2,1.0,1.0,polarized,0.3262697707346106,0.0001953125,245.0001953125,0.3262697707344781,1.119096911682314,245.0,2,33,0,False,1.0,True,work/cases/case_2537/duration_0p0001953125.checkpoint.npz,e809e19df12854925d45210c2b436e204eaf8692dafef6d7c4aa9c7da272524a
2538,holmes_model3,26.0,201,5.2,relative_20pct,relative,15.0,0.2,2.0,2.0,polarized,0.3262697707345688,0.0001953125,235.0001953125,0.32626977073455,1.1190969116823946,235.0,2,35,0,False,1.0,True,work/cases/case_2538/duration_0p0001953125.checkpoint.npz,385565e27b1dcbaa6e304cd8337e904ac0bf752ff17af35d7fd12978d5d93871
2539,holmes_model3,26.0,201,5.2,relative_20pct,relative,15.0,0.2,4.0,4.0,polarized,0.32626977073457164,0.0001953125,225.0001953125,0.3262697707345319,1.1190969116823752,225.0,2,35,0,False,1.0,True,work/cases/case_2539/duration_0p0001953125.checkpoint.npz,35eb6e01b05e41da829bed4a41a34716896c7cc72bb98fff47c735dbbe32fbe0
2540,holmes_model3,26.0,201,5.2,relative_20pct,relative,15.0,0.2,10.0,10.0,polarized,0.32626977073459584,0.0001953125,210.0001953125,0.32626977073453434,1.11909691168239,210.0,2,37,0,False,1.0,True,work/cases/case_2540/duration_0p0001953125.checkpoint.npz,5460d80525409b5f6418985087431ad5ebbcbdf1434431216eff35b95bd8aa94
2541,holmes_model3,28.0,201,1.5,fixed_10pct,physical,15.0,0.1,0.1,0.1,polarized,0.3264294349804056,0.0001953125,305.0001953125,0.3264294349802529,1.1190524313338528,305.0,2,35,0,False,1.0,True,work/cases/case_2541/duration_0p0001953125.checkpoint.npz,95cd51c32bc0dfe6ad72ff73de50cca8a222807e3f880a2720ff375e67a3e45a
2542,holmes_model3,28.0,201,1.5,fixed_10pct,physical,15.0,0.1,0.25,0.25,polarized,0.32642943498070676,0.0001953125,290.0001953125,0.32642943498043114,1.1190524313341161,290.0,2,37,0,False,1.0,True,work/cases/case_2542/duration_0p0001953125.checkpoint.npz,9fd3db05ccd6cc91d8b5600ae2e78effa513c94b67b1a3bd2de53a4247134d19
2543,holmes_model3,28.0,201,1.5,fixed_10pct,physical,15.0,0.1,0.5,0.5,polarized,0.3264294349810599,0.0001953125,280.0001953125,0.3264294349801808,1.119052431333762,280.0,2,36,0,False,1.0,True,work/cases/case_2543/duration_0p0001953125.checkpoint.npz,f35548f5c27bb351306edc7242ac1122d27cdf5aefd19211d84891b4b91bf942
2544,holmes_model3,28.0,201,1.5,fixed_10pct,physical,15.0,0.1,1.0,1.0,polarized,0.32642943498038773,0.0001953125,270.0001953125,0.32642943498038773,1.119052431334052,270.0,2,36,0,False,1.0,True,work/cases/case_2544/duration_0p0001953125.checkpoint.npz,a2aa708e5f5af125aac5ee8c5411b6a2788861042a871bd3a6ee68de0f86cbb2
2545,holmes_model3,28.0,201,1.5,fixed_10pct,physical,15.0,0.1,2.0,2.0,polarized,0.32642943498024696,0.0001953125,265.0001953125,0.32642943498010524,1.1190524313336558,265.0,2,37,0,False,1.0,True,work/cases/case_2545/duration_0p0001953125.checkpoint.npz,1b06ac84bdfb215ce503a3e4e1eb948154eb7fceba649c531fc015e5fa56de2a
2546,holmes_model3,28.0,201,1.5,fixed_10pct,physical,15.0,0.1,4.0,4.0,polarized,0.32642943498036514,0.0001953125,255.0001953125,0.32642943498018256,1.1190524313337686,255.0,2,36,0,False,1.0,True,work/cases/case_2546/duration_0p0001953125.checkpoint.npz,7e2727e0f2015d76bc46be31bef099759fcf2afe3f8093e8d0e5fc6312587581
2547,holmes_model3,28.0,201,1.5,fixed_10pct,physical,15.0,0.1,10.0,10.0,polarized,0.3264294349802558,0.0001953125,240.0001953125,0.3264294349802093,1.1190524313338086,240.0,2,37,0,False,1.0,True,work/cases/case_2547/duration_0p0001953125.checkpoint.npz,5496c35a224792d6cb1c6e6baccdbe6baca0e39b4400eaff5ac619d562d69fe7
2548,holmes_model3,28.0,201,3.0,fixed_20pct,physical,15.0,0.2,0.1,0.1,polarized,0.3264294349802746,0.0001953125,295.0001953125,0.3264294349802653,1.1190524313338437,295.0,2,35,0,False,1.0,True,work/cases/case_2548/duration_0p0001953125.checkpoint.npz,96035b6241290a35d090a5c2aab100e603a72f6d49810df1276c10ec56bee3d0
2549,holmes_model3,28.0,201,3.0,fixed_20pct,physical,15.0,0.2,0.25,0.25,polarized,0.32642943498026694,0.0001953125,280.0001953125,0.3264294349802631,1.1190524313338686,280.0,2,37,0,False,1.0,True,work/cases/case_2549/duration_0p0001953125.checkpoint.npz,25130c88ee6555157f053ed19a544fbe832e872ba1fdeb9d0644c70e1e47ca93
2550,holmes_model3,28.0,201,3.0,fixed_20pct,physical,15.0,0.2,0.5,0.5,polarized,0.3264294349802986,0.0001953125,275.0001953125,0.32642943498019544,1.1190524313337957,275.0,2,36,0,False,1.0,True,work/cases/case_2550/duration_0p0001953125.checkpoint.npz,25420f200175c2ca64677d6b782949a7826d6a43dc24138f2fe31b0131662be0
2551,holmes_model3,28.0,201,3.0,fixed_20pct,physical,15.0,0.2,1.0,1.0,polarized,0.32642943498023175,0.0001953125,265.0001953125,0.32642943498015164,1.1190524313337396,265.0,2,38,0,False,1.0,True,work/cases/case_2551/duration_0p0001953125.checkpoint.npz,4ef88c59a0238e548acbd148ab2b00b1673da39cbada94cd080af1bb6c9f5e79
2552,holmes_model3,28.0,201,3.0,fixed_20pct,physical,15.0,0.2,2.0,2.0,polarized,0.3264294349803033,0.0001953125,255.0001953125,0.3264294349802694,1.1190524313338845,255.0,2,35,0,False,1.0,True,work/cases/case_2552/duration_0p0001953125.checkpoint.npz,e0c96366b0d4a562c60a92ba178175f59be3426647a222dde8958478e48104ff
2553,holmes_model3,28.0,201,3.0,fixed_20pct,physical,15.0,0.2,4.0,4.0,polarized,0.3264294349804286,0.0001953125,245.0001953125,0.3264294349804286,1.1190524313340537,245.0,2,36,0,False,1.0,True,work/cases/case_2553/duration_0p0001953125.checkpoint.npz,49d2682d985adc8f58f7716b4025b432b83144a66ef431d85e9ffbaadcef4282
2554,holmes_model3,28.0,201,3.0,fixed_20pct,physical,15.0,0.2,10.0,10.0,polarized,0.32642943498029836,0.0001953125,230.0001953125,0.32642943498021887,1.119052431333822,230.0,2,35,0,False,1.0,True,work/cases/case_2554/duration_0p0001953125.checkpoint.npz,cf768b44eb290c2eaa51612b4f36c8f06d41213cef4c6d52e9f2c5080feeb3bc
2555,holmes_model3,28.0,201,5.6000000000000005,relative_20pct,relative,15.0,0.2,0.1,0.1,polarized,0.32642943498024984,0.0001953125,290.0001953125,0.32642943498020877,1.1190524313338153,290.0,2,36,0,False,1.0,True,work/cases/case_2555/duration_0p0001953125.checkpoint.npz,13a34ea8cbb6e733da51f33574e05c22f1068da2ba7a06c794684a0a28577dc1
2556,holmes_model3,28.0,201,5.6000000000000005,relative_20pct,relative,15.0,0.2,0.25,0.25,polarized,0.3264294349802534,0.0001953125,275.0001953125,0.3264294349802317,1.1190524313338457,275.0,2,37,0,False,1.0,True,work/cases/case_2556/duration_0p0001953125.checkpoint.npz,eb74de5c638036de0c0a8f6e935af00b81df3f3a46fdf9b65533b5a50fe687f9
2557,holmes_model3,28.0,201,5.6000000000000005,relative_20pct,relative,15.0,0.2,0.5,0.5,polarized,0.3264294349802547,0.0001953125,265.0001953125,0.3264294349802547,1.119052431333867,265.0,2,34,0,False,1.0,True,work/cases/case_2557/duration_0p0001953125.checkpoint.npz,073b0864949a46d2e3a0729234b80fee36cbb33f6f9c3de6072864d89240c28f
2558,holmes_model3,28.0,201,5.6000000000000005,relative_20pct,relative,15.0,0.2,1.0,1.0,polarized,0.32642943498027344,0.0001953125,255.0001953125,0.326429434980192,1.1190524313337895,255.0,2,37,0,False,1.0,True,work/cases/case_2558/duration_0p0001953125.checkpoint.npz,56cfe64002aceb45d51d57a519a00bd5d14c82ac8d5c2d41d6c8ed2a6e3c4614
2559,holmes_model3,28.0,201,5.6000000000000005,relative_20pct,relative,15.0,0.2,2.0,2.0,polarized,0.32642943498025606,0.0001953125,250.0001953125,0.3264294349802154,1.1190524313338075,250.0,2,36,0,False,1.0,True,work/cases/case_2559/duration_0p0001953125.checkpoint.npz,11fa361cb6409f13de5aa0c0f7c16041531f4daa1aff1c0d2274a713335a18b4
2560,holmes_model3,28.0,201,5.6000000000000005,relative_20pct,relative,15.0,0.2,4.0,4.0,polarized,0.32642943498033766,0.0001953125,240.0001953125,0.32642943498021937,1.1190524313338248,240.0,2,37,0,False,1.0,True,work/cases/case_2560/duration_0p0001953125.checkpoint.npz,8f2ac6fcd602ccca508e65e1c352f8b4b8a7f5328af4a7514e3ae57cfb30c8d3
2561,holmes_model3,28.0,201,5.6000000000000005,relative_20pct,relative,15.0,0.2,10.0,10.0,polarized,0.3264294349802966,0.0001953125,225.0001953125,0.32642943498022386,1.1190524313338206,225.0,2,38,0,False,1.0,True,work/cases/case_2561/duration_0p0001953125.checkpoint.npz,83707dfea7c6e6cfcccacaf6c89d53b8a90e9374d5374cd16f9a21dba1c5fd89
2562,holmes_model3,30.0,201,1.5,fixed_10pct,physical,15.0,0.1,0.1,0.1,polarized,0.32655618626820476,0.0001953125,310.0001953125,0.32655618626815347,1.1190138745528626,310.0,2,36,0,False,1.0,True,work/cases/case_2562/duration_0p0001953125.checkpoint.npz,d5bb7d03c0a9da2bb2c6a876a84c75592b03a61e610c8f8ffe4053d454b579b9
2563,holmes_model3,30.0,201,1.5,fixed_10pct,physical,15.0,0.1,0.25,0.25,polarized,0.3265561862682062,0.0001953125,305.0001953125,0.32655618626815547,1.1190138745528997,305.0,2,37,0,False,1.0,True,work/cases/case_2563/duration_0p0001953125.checkpoint.npz,677d0d8bac9c4c9252838ac316d9473bf0d747f5d41cb0b7bc37415020eaeb08
2564,holmes_model3,30.0,201,1.5,fixed_10pct,physical,15.0,0.1,0.5,0.5,polarized,0.3265561862685815,0.0001953125,295.0001953125,0.32655618626817146,1.1190138745528957,295.0,2,37,0,False,1.0,True,work/cases/case_2564/duration_0p0001953125.checkpoint.npz,c76aaf714bb90fe204ab28d07101395ab729269c418e14efc60f5cca978ec4b3
2565,holmes_model3,30.0,201,1.5,fixed_10pct,physical,15.0,0.1,1.0,1.0,polarized,0.3265561862686837,0.0001953125,285.0001953125,0.3265561862686837,1.1190138745536027,285.0,2,37,0,False,1.0,True,work/cases/case_2565/duration_0p0001953125.checkpoint.npz,3128e784bf63939849622357f659734869968629c5a8e2680616f87ed7098e23
2566,holmes_model3,30.0,201,1.5,fixed_10pct,physical,15.0,0.1,2.0,2.0,polarized,0.32655618626819216,0.0001953125,275.0001953125,0.3265561862681579,1.1190138745528682,275.0,2,35,0,False,1.0,True,work/cases/case_2566/duration_0p0001953125.checkpoint.npz,8520ae2a625d5e3dd48efc605e3a35632a2af7e758b83ac530f95dae0499c7ee
2567,holmes_model3,30.0,201,1.5,fixed_10pct,physical,15.0,0.1,4.0,4.0,polarized,0.3265561862682004,0.0001953125,265.0001953125,0.3265561862680482,1.1190138745527585,265.0,2,35,0,False,1.0,True,work/cases/case_2567/duration_0p0001953125.checkpoint.npz,f5f5fa3094742fa0a5166a59da84cd1d14ef44cc9c1637c7ce229620518e4c2f
2568,holmes_model3,30.0,201,1.5,fixed_10pct,physical,15.0,0.1,10.0,10.0,polarized,0.3265561862681957,0.0001953125,255.0001953125,0.3265561862681673,1.1190138745529228,255.0,2,38,0,False,1.0,True,work/cases/case_2568/duration_0p0001953125.checkpoint.npz,a033ca750deb094db5ac5da0ae31711d70578da055f1268c8b79a63fb60febbf
2569,holmes_model3,30.0,201,3.0,fixed_20pct,physical,15.0,0.2,0.1,0.1,polarized,0.3265561862682128,0.0001953125,305.0001953125,0.3265561862681389,1.119013874552849,305.0,2,36,0,False,1.0,True,work/cases/case_2569/duration_0p0001953125.checkpoint.npz,7a39f5632bc63c4d2178fe61ed5c1226c5e8ce892a217366df96fec85185f6ba
2570,holmes_model3,30.0,201,3.0,fixed_20pct,physical,15.0,0.2,0.25,0.25,polarized,0.3265561862682114,0.0001953125,295.0001953125,0.32655618626816896,1.1190138745529308,295.0,2,38,0,False,1.0,True,work/cases/case_2570/duration_0p0001953125.checkpoint.npz,ffc432999f6713b9ca3477dffed9fe4bfebf29aac3126381bb0fd0aced0a381a
2571,holmes_model3,30.0,201,3.0,fixed_20pct,physical,15.0,0.2,0.5,0.5,polarized,0.3265561862683191,0.0001953125,285.0001953125,0.3265561862681984,1.119013874552948,285.0,2,36,0,False,1.0,True,work/cases/case_2571/duration_0p0001953125.checkpoint.npz,e8bb394bd9ae2894f9a018c3ac08febec3846b68555fda8e4a5aff8e1566556e
2572,holmes_model3,30.0,201,3.0,fixed_20pct,physical,15.0,0.2,1.0,1.0,polarized,0.3265561862682029,0.0001953125,275.0001953125,0.3265561862681728,1.119013874552904,275.0,2,38,0,False,1.0,True,work/cases/case_2572/duration_0p0001953125.checkpoint.npz,771f7e20037f60132f70bf3cab7d543b354de075ddc8a769fccfc3b6bf8635c8
2573,holmes_model3,30.0,201,3.0,fixed_20pct,physical,15.0,0.2,2.0,2.0,polarized,0.32655618626820276,0.0001953125,270.0001953125,0.32655618626820276,1.1190138745529334,270.0,2,38,0,False,1.0,True,work/cases/case_2573/duration_0p0001953125.checkpoint.npz,ef9bfca19efbd3d25cea4d51a9d8476f4d3384581c3584a7ec06dfe7d682746f
2574,holmes_model3,30.0,201,3.0,fixed_20pct,physical,15.0,0.2,4.0,4.0,polarized,0.3265561862681909,0.0001953125,260.0001953125,0.326556186268126,1.1190138745528253,260.0,2,37,0,False,1.0,True,work/cases/case_2574/duration_0p0001953125.checkpoint.npz,e7366c6c4045061bbff20d4f6b79d3d968b1f8b3edd4816f923ee983ebcad0b1
2575,holmes_model3,30.0,201,3.0,fixed_20pct,physical,15.0,0.2,10.0,10.0,polarized,0.3265561862681981,0.0001953125,245.0001953125,0.3265561862681612,1.119013874552884,245.0,2,36,0,False,1.0,True,work/cases/case_2575/duration_0p0001953125.checkpoint.npz,3b397ba87f00dfcfd743d241a2108db9972668ca23b6be7483753782b1da36dc
2576,holmes_model3,30.0,201,6.0,relative_20pct,relative,15.0,0.2,0.1,0.1,polarized,0.32655618626821903,0.0001953125,300.0001953125,0.3265561862681889,1.119013874552898,300.0,2,38,0,False,1.0,True,work/cases/case_2576/duration_0p0001953125.checkpoint.npz,3b8d32615631d901cdd9adcf550c97e4a12b9162b032640cb95ab2137b0b6214
2577,holmes_model3,30.0,201,6.0,relative_20pct,relative,15.0,0.2,0.25,0.25,polarized,0.32655618626821753,0.0001953125,290.0001953125,0.32655618626815774,1.1190138745528984,290.0,2,37,0,False,1.0,True,work/cases/case_2577/duration_0p0001953125.checkpoint.npz,5a506187c2eb9171f68fb391d2021ad82040fa9cfdadf8651e7ab31217b16578
2578,holmes_model3,30.0,201,6.0,relative_20pct,relative,15.0,0.2,0.5,0.5,polarized,0.32655618626821575,0.0001953125,280.0001953125,0.3265561862681781,1.119013874552918,280.0,2,34,0,False,1.0,True,work/cases/case_2578/duration_0p0001953125.checkpoint.npz,2329127628506d923635d8a9ee08c71b950f80d21a3f7727891cf835fa473fa3
2579,holmes_model3,30.0,201,6.0,relative_20pct,relative,15.0,0.2,1.0,1.0,polarized,0.3265561862682504,0.0001953125,270.0001953125,0.32655618626820637,1.1190138745529332,270.0,2,38,0,False,1.0,True,work/cases/case_2579/duration_0p0001953125.checkpoint.npz,2bded0baf6f86019075e07408c19b1f5345bccaa806e70659b03eda50a432ae1
2580,holmes_model3,30.0,201,6.0,relative_20pct,relative,15.0,0.2,2.0,2.0,polarized,0.32655618626820176,0.0001953125,260.0001953125,0.32655618626812266,1.119013874552814,260.0,2,38,0,False,1.0,True,work/cases/case_2580/duration_0p0001953125.checkpoint.npz,3cb90c9efd337c652b0cb113a6fae4ce0f5b48f5e3fb5917680422a2e86195a2
2581,holmes_model3,30.0,201,6.0,relative_20pct,relative,15.0,0.2,4.0,4.0,polarized,0.32655618626821326,0.0001953125,250.0001953125,0.32655618626814936,1.1190138745528961,250.0,2,38,0,False,1.0,True,work/cases/case_2581/duration_0p0001953125.checkpoint.npz,5033b5388995da05ee579f53f895dc76e48cce47a2dfdae112e34c6021f3d241
2582,holmes_model3,30.0,201,6.0,relative_20pct,relative,15.0,0.2,10.0,10.0,polarized,0.32655618626826843,0.0001953125,235.0001953125,0.3265561862681642,1.1190138745529308,235.0,2,36,0,False,1.0,True,work/cases/case_2582/duration_0p0001953125.checkpoint.npz,11cc697ff7c08fcd1e3711cff489f3dc1303b5ea232aa8453268ea5bea767d67
2583,holmes_model3,32.0,201,1.5,fixed_10pct,physical,15.0,0.1,0.1,0.1,polarized,0.326658240168145,0.0001953125,320.0001953125,0.3266582401680706,1.1189801295588133,320.0,2,36,0,False,1.0,True,work/cases/case_2583/duration_0p0001953125.checkpoint.npz,6fcbbc2a93d1b4918380f00eda996dfe11f1bcc262cec8c4e922a0a9a14e38b6
2584,holmes_model3,32.0,201,1.5,fixed_10pct,physical,15.0,0.1,0.25,0.25,polarized,0.3266582401681569,0.0001953125,315.0001953125,0.32665824016812844,1.1189801295588755,315.0,2,37,0,False,1.0,True,work/cases/case_2584/duration_0p0001953125.checkpoint.npz,fa40699781f7fd70e5aaf11f1907c98a93f5e000487b52441c6b35ab64b485ca
2585,holmes_model3,32.0,201,1.5,fixed_10pct,physical,15.0,0.1,0.5,0.5,polarized,0.32665824016864264,0.0001953125,305.0001953125,0.3266582401681474,1.1189801295589012,305.0,2,35,0,False,1.0,True,work/cases/case_2585/duration_0p0001953125.checkpoint.npz,ace92bd01ef8e20f1ec320f786fa65a56988215c91fcabcb70dec2f4c82ab710
2586,holmes_model3,32.0,201,1.5,fixed_10pct,physical,15.0,0.1,1.0,1.0,polarized,0.3266582401684664,0.0001953125,300.0001953125,0.3266582401684664,1.1189801295593098,300.0,2,35,0,False,1.0,True,work/cases/case_2586/duration_0p0001953125.checkpoint.npz,a939ae165f717ed215bc4ab5944ea3699f93bd9efe4096ef11c653eb124ff893
2587,holmes_model3,32.0,201,1.5,fixed_10pct,physical,15.0,0.1,2.0,2.0,polarized,0.32665824016816625,0.0001953125,290.0001953125,0.32665824016816625,1.1189801295589537,290.0,2,37,0,False,1.0,True,work/cases/case_2587/duration_0p0001953125.checkpoint.npz,4c98ca9ae01f8b9b47be24dde309be3e98a820c52581b90704997ae2ba1f8cb9
2588,holmes_model3,32.0,201,1.5,fixed_10pct,physical,15.0,0.1,4.0,4.0,polarized,0.3266582401681336,0.0001953125,280.0001953125,0.32665824016811157,1.1189801295588742,280.0,2,37,0,False,1.0,True,work/cases/case_2588/duration_0p0001953125.checkpoint.npz,ed58f9371540c5b1ca9afb4624b820ba2fa4977c4690eea849a9fa3c16b98228
2589,holmes_model3,32.0,201,1.5,fixed_10pct,physical,15.0,0.1,10.0,10.0,polarized,0.3266582401681632,0.0001953125,265.0001953125,0.3266582401681,1.118980129558865,265.0,2,38,0,False,1.0,True,work/cases/case_2589/duration_0p0001953125.checkpoint.npz,eda486ad5d407de057e0d45137d14b44d46f3c05aa4caa552dd5b867cc55ca14
2590,holmes_model3,32.0,201,3.0,fixed_20pct,physical,15.0,0.2,0.1,0.1,polarized,0.3266582401681805,0.0001953125,320.0001953125,0.32665824016805545,1.118980129558818,320.0,2,37,0,False,1.0,True,work/cases/case_2590/duration_0p0001953125.checkpoint.npz,f92283fc3644bea7b32d8b2ab5dd5c6d9174f75fc398d47decac71effe28d963
2591,holmes_model3,32.0,201,3.0,fixed_20pct,physical,15.0,0.2,0.25,0.25,polarized,0.32665824016817396,0.0001953125,310.0001953125,0.32665824016815215,1.118980129558921,310.0,2,38,0,False,1.0,True,work/cases/case_2591/duration_0p0001953125.checkpoint.npz,efb4d0c6bd8c1c8a552aa9f97102de8379793f774381402f75390b199c04d4c7
2592,holmes_model3,32.0,201,3.0,fixed_20pct,physical,15.0,0.2,0.5,0.5,polarized,0.32665824016889966,0.0001953125,300.0001953125,0.32665824016889966,1.1189801295599153,300.0,2,33,0,False,1.0,True,work/cases/case_2592/duration_0p0001953125.checkpoint.npz,ece209536a8972f373849f372b4ef3ada05ddbe7a22624d37f44bc654c9fa4ba
2593,holmes_model3,32.0,201,3.0,fixed_20pct,physical,15.0,0.2,1.0,1.0,polarized,0.32665824016812484,0.0001953125,290.0001953125,0.32665824016810996,1.11898012955888,290.0,2,35,0,False,1.0,True,work/cases/case_2593/duration_0p0001953125.checkpoint.npz,7501501543524dccc3685d8aa422a6e7fb836f76b0932cbe071415dd3060451f
2594,holmes_model3,32.0,201,3.0,fixed_20pct,physical,15.0,0.2,2.0,2.0,polarized,0.3266582401681317,0.0001953125,280.0001953125,0.32665824016805595,1.1189801295588138,280.0,2,36,0,False,1.0,True,work/cases/case_2594/duration_0p0001953125.checkpoint.npz,af0ce05ad86e471e2b010418ba59575a30b783cad4e3842149f4f1878632f9c5
2595,holmes_model3,32.0,201,3.0,fixed_20pct,physical,15.0,0.2,4.0,4.0,polarized,0.32665824016812195,0.0001953125,270.0001953125,0.3266582401681207,1.1189801295588897,270.0,2,38,0,False,1.0,True,work/cases/case_2595/duration_0p0001953125.checkpoint.npz,2bf928910a8245b2f5b22f2ab60b22deba99db56fd892ffdd0bed118448ae678
2596,holmes_model3,32.0,201,3.0,fixed_20pct,physical,15.0,0.2,10.0,10.0,polarized,0.3266582401681992,0.0001953125,260.0001953125,0.32665824016809875,1.118980129558843,260.0,2,36,0,False,1.0,True,work/cases/case_2596/duration_0p0001953125.checkpoint.npz,4673880420a8eb6bde48ec583210410c8159344a218ad7454376d87076d3355e
2597,holmes_model3,32.0,201,6.4,relative_20pct,relative,15.0,0.2,0.1,0.1,polarized,0.3266582401681584,0.0001953125,315.0001953125,0.3266582401681447,1.1189801295589143,315.0,2,36,0,False,1.0,True,work/cases/case_2597/duration_0p0001953125.checkpoint.npz,ace075cc6af7e108d875ae4d53e5ab1ef547e5ab686c5e36d1ce63528be9cddc
2598,holmes_model3,32.0,201,6.4,relative_20pct,relative,15.0,0.2,0.25,0.25,polarized,0.3266582401681668,0.0001953125,300.0001953125,0.3266582401680617,1.1189801295587762,300.0,2,37,0,False,1.0,True,work/cases/case_2598/duration_0p0001953125.checkpoint.npz,cb90ec9033f8b79f077b6c3501c3332e99a8cc0e0d0c238d885bb2606e786ec1
2599,holmes_model3,32.0,201,6.4,relative_20pct,relative,15.0,0.2,0.5,0.5,polarized,0.32665824016815836,0.0001953125,290.0001953125,0.3266582401680694,1.1189801295588033,290.0,2,33,0,False,1.0,True,work/cases/case_2599/duration_0p0001953125.checkpoint.npz,3b73dec6de853b612c1f55b9783f51fa97bca6385e7a18bb1b4f87f7d1f49568
2600,holmes_model3,32.0,201,6.4,relative_20pct,relative,15.0,0.2,1.0,1.0,polarized,0.3266582401681379,0.0001953125,285.0001953125,0.3266582401681293,1.1189801295588817,285.0,2,33,0,False,1.0,True,work/cases/case_2600/duration_0p0001953125.checkpoint.npz,27711601bf35a62613736f459d3079714f096f9db5cc3a68de0d1a8a404c212b
2601,holmes_model3,32.0,201,6.4,relative_20pct,relative,15.0,0.2,2.0,2.0,polarized,0.3266582401681346,0.0001953125,275.0001953125,0.32665824016806405,1.118980129558833,275.0,2,37,0,False,1.0,True,work/cases/case_2601/duration_0p0001953125.checkpoint.npz,54b4a3c11f25c6052d2e1e3e710563219b6d403356a210264f242f4b899bfd03
2602,holmes_model3,32.0,201,6.4,relative_20pct,relative,15.0,0.2,4.0,4.0,polarized,0.32665824016824946,0.0001953125,265.0001953125,0.32665824016810163,1.118980129558854,265.0,2,35,0,False,1.0,True,work/cases/case_2602/duration_0p0001953125.checkpoint.npz,37a4c14540d527ac9448f5c1e34c537ab79c3d92266ad5663ae2a0e09c4eb0df
2603,holmes_model3,32.0,201,6.4,relative_20pct,relative,15.0,0.2,10.0,10.0,polarized,0.32665824016813755,0.0001953125,250.0001953125,0.32665824016809825,1.118980129558845,250.0,2,37,0,False,1.0,True,work/cases/case_2603/duration_0p0001953125.checkpoint.npz,1e7c61425741936eed2b9c2b95f7922ff8439c5d2160ced90fc8b1c215c1ac72
2604,holmes_model3,34.0,201,1.5,fixed_10pct,physical,15.0,0.1,0.1,0.1,polarized,0.32674142582439963,0.0001953125,335.0001953125,0.32674142582439963,1.1189503463143686,335.0,2,35,0,False,1.0,True,work/cases/case_2604/duration_0p0001953125.checkpoint.npz,b265cd46ee23cfae7e080d14b5704150d6d977c2c130dd4e476caae277429ef6
2605,holmes_model3,34.0,201,1.5,fixed_10pct,physical,15.0,0.1,0.25,0.25,polarized,0.3267414258242639,0.0001953125,330.0001953125,0.32674142582410065,1.1189503463139197,330.0,2,36,0,False,1.0,True,work/cases/case_2605/duration_0p0001953125.checkpoint.npz,6508c9e3817bb098bddd09f1600bf59c47d4f2d1b3fa640aaa2f11606d6af7fb
2606,holmes_model3,34.0,201,1.5,fixed_10pct,physical,15.0,0.1,0.5,0.5,polarized,0.32674142582417864,0.0001953125,320.0001953125,0.3267414258241513,1.1189503463139652,320.0,2,36,0,False,1.0,True,work/cases/case_2606/duration_0p0001953125.checkpoint.npz,e9199e13a177f084f2b4d14d6319236b40cf79477b174535a6cae03ff6fd16d3
2607,holmes_model3,34.0,201,1.5,fixed_10pct,physical,15.0,0.1,1.0,1.0,polarized,0.3267414258242855,0.0001953125,310.0001953125,0.3267414258242855,1.1189503463141897,310.0,2,34,0,False,1.0,True,work/cases/case_2607/duration_0p0001953125.checkpoint.npz,2317ee6bfa3e3b06e4701a7071e717b9b63040fa1d2711079f8a99a873aac125
2608,holmes_model3,34.0,201,1.5,fixed_10pct,physical,15.0,0.1,2.0,2.0,polarized,0.3267414258242275,0.0001953125,305.0001953125,0.32674142582417987,1.1189503463140027,305.0,2,37,0,False,1.0,True,work/cases/case_2608/duration_0p0001953125.checkpoint.npz,4e7a592119ee6bdcbc64ce367e89e6cc7c6b0b74fb15c85b07b9be0cd60b1e5f
2609,holmes_model3,34.0,201,1.5,fixed_10pct,physical,15.0,0.1,4.0,4.0,polarized,0.32674142582418025,0.0001953125,295.0001953125,0.3267414258239885,1.1189503463137689,295.0,2,38,0,False,1.0,True,work/cases/case_2609/duration_0p0001953125.checkpoint.npz,bdb4f4039b7971e3c7ced664034b315a11a2d1c6452f68d0885fd0e3a2e76255
2610,holmes_model3,34.0,201,1.5,fixed_10pct,physical,15.0,0.1,10.0,10.0,polarized,0.32674142582416865,0.0001953125,280.0001953125,0.3267414258241143,1.1189503463139268,280.0,2,36,0,False,1.0,True,work/cases/case_2610/duration_0p0001953125.checkpoint.npz,2bf273941e47fe1e76903fb4468a4c8e6834341a552fdae129e55eb1cef80e6d
2611,holmes_model3,34.0,201,3.0,fixed_20pct,physical,15.0,0.2,0.1,0.1,polarized,0.3267414258241994,0.0001953125,335.0001953125,0.3267414258241489,1.118950346313957,335.0,2,37,0,False,1.0,True,work/cases/case_2611/duration_0p0001953125.checkpoint.npz,cb205d5811b9d130ed1f90f0ff1d581161d006d20521a14f4c34c81582833d0f
2612,holmes_model3,34.0,201,3.0,fixed_20pct,physical,15.0,0.2,0.25,0.25,polarized,0.3267414258243508,0.0001953125,320.0001953125,0.3267414258241475,1.1189503463139734,320.0,2,37,0,False,1.0,True,work/cases/case_2612/duration_0p0001953125.checkpoint.npz,33cdeca1bfdeb7b49d5ed0002c76268c9097258b0586644192eff5171fcf3892
2613,holmes_model3,34.0,201,3.0,fixed_20pct,physical,15.0,0.2,0.5,0.5,polarized,0.3267414258242396,0.0001953125,310.0001953125,0.32674142582416227,1.1189503463140038,310.0,2,36,0,False,1.0,True,work/cases/case_2613/duration_0p0001953125.checkpoint.npz,d69e5c2834da0e8fb71393824bc2504d6e9f3e513ca6457c16ba9b62eee0c30b
2614,holmes_model3,34.0,201,3.0,fixed_20pct,physical,15.0,0.2,1.0,1.0,polarized,0.3267414258241759,0.0001953125,305.0001953125,0.326741425824166,1.1189503463139951,305.0,2,35,0,False,1.0,True,work/cases/case_2614/duration_0p0001953125.checkpoint.npz,6fd80663397dd03123876c659f04b45bb9645747ab5336b8eee79bdba1f204d2
2615,holmes_model3,34.0,201,3.0,fixed_20pct,physical,15.0,0.2,2.0,2.0,polarized,0.32674142582423626,0.0001953125,295.0001953125,0.32674142582411764,1.1189503463139387,295.0,2,33,0,False,1.0,True,work/cases/case_2615/duration_0p0001953125.checkpoint.npz,7325f7f8809291a90cbee680ae44f3d308da581c89f321eb1e180ad7a906c234
2616,holmes_model3,34.0,201,3.0,fixed_20pct,physical,15.0,0.2,4.0,4.0,polarized,0.3267414258241877,0.0001953125,285.0001953125,0.32674142582416943,1.1189503463140016,285.0,2,37,0,False,1.0,True,work/cases/case_2616/duration_0p0001953125.checkpoint.npz,793e418f49954dd1084687f9a13a1e08add927ae2cf96183332c5a6900e33c52
2617,holmes_model3,34.0,201,3.0,fixed_20pct,physical,15.0,0.2,10.0,10.0,polarized,0.32674142582422966,0.0001953125,270.0001953125,0.3267414258241569,1.1189503463139518,270.0,2,33,0,False,1.0,True,work/cases/case_2617/duration_0p0001953125.checkpoint.npz,e3a8458f65aa98ae0286137a12a52f9f390f4a864dc5c7ce33fa3f00f63368e6
2618,holmes_model3,34.0,201,6.800000000000001,relative_20pct,relative,15.0,0.2,0.1,0.1,polarized,0.3267414258241933,0.0001953125,325.0001953125,0.3267414258241904,1.1189503463140258,325.0,2,36,0,False,1.0,True,work/cases/case_2618/duration_0p0001953125.checkpoint.npz,68f7f5a42972317dd12531f2d07a9bb71d56023deef29c8ec024783aabd44044
2619,holmes_model3,34.0,201,6.800000000000001,relative_20pct,relative,15.0,0.2,0.25,0.25,polarized,0.3267414258243939,0.0001953125,315.0001953125,0.3267414258243939,1.118950346314283,315.0,2,36,0,False,1.0,True,work/cases/case_2619/duration_0p0001953125.checkpoint.npz,e95b47f990d5a48e842d75bda9e67f7508d54991fb97e6a1d6cb30253af8292c
2620,holmes_model3,34.0,201,6.800000000000001,relative_20pct,relative,15.0,0.2,0.5,0.5,polarized,0.32674142582416627,0.0001953125,305.0001953125,0.3267414258241588,1.1189503463139636,305.0,2,35,0,False,1.0,True,work/cases/case_2620/duration_0p0001953125.checkpoint.npz,aa820b1f13b362607986dad95725ca5a419ebc23fcc69e77f95207027813f70a
2621,holmes_model3,34.0,201,6.800000000000001,relative_20pct,relative,15.0,0.2,1.0,1.0,polarized,0.3267414258243058,0.0001953125,295.0001953125,0.32674142582412724,1.1189503463139423,295.0,2,35,0,False,1.0,True,work/cases/case_2621/duration_0p0001953125.checkpoint.npz,e7babdde66fdfce5b751d9845ae8eb3fb3b5cdcf171e4f362adf3803af2ffd82
2622,holmes_model3,34.0,201,6.800000000000001,relative_20pct,relative,15.0,0.2,2.0,2.0,polarized,0.326741425824195,0.0001953125,285.0001953125,0.3267414258241455,1.1189503463139314,285.0,2,36,0,False,1.0,True,work/cases/case_2622/duration_0p0001953125.checkpoint.npz,5eea85e16f656ff2184217c4ace985363e0b27d26283c51296febbd5140f7169
2623,holmes_model3,34.0,201,6.800000000000001,relative_20pct,relative,15.0,0.2,4.0,4.0,polarized,0.3267414258242025,0.0001953125,275.0001953125,0.3267414258241248,1.1189503463139563,275.0,2,36,0,False,1.0,True,work/cases/case_2623/duration_0p0001953125.checkpoint.npz,f8561547f51a366b895b6aa10a8d328a4d70519631feaf1efaa1601fc96618ea
2624,holmes_model3,34.0,201,6.800000000000001,relative_20pct,relative,15.0,0.2,10.0,10.0,polarized,0.326741425824216,0.0001953125,265.0001953125,0.32674142582414867,1.1189503463139723,265.0,2,37,0,False,1.0,True,work/cases/case_2624/duration_0p0001953125.checkpoint.npz,ee50dc82be04959dd76e88b76e7464cfd893a89f08c9f30853e864fb353bfbb1
2625,holmes_model3,36.0,201,1.5,fixed_10pct,physical,15.0,0.1,0.1,0.1,polarized,0.3268099679353384,0.0001953125,350.0001953125,0.3268099679338684,1.1189238638333494,350.0,2,38,0,False,1.0,True,work/cases/case_2625/duration_0p0001953125.checkpoint.npz,6f05283ad08568b84e2abaf3ea9be9baca068ee84f387bb87d683cb25ef870d7
2626,holmes_model3,36.0,201,1.5,fixed_10pct,physical,15.0,0.1,0.25,0.25,polarized,0.32680996793395334,0.0001953125,345.0001953125,0.3268099679339349,1.1189238638334087,345.0,2,38,0,False,1.0,True,work/cases/case_2626/duration_0p0001953125.checkpoint.npz,e478b635fd01bc8db1b6759fd648afc066583e066dd8f18ea193ba44e7917a22
2627,holmes_model3,36.0,201,1.5,fixed_10pct,physical,15.0,0.1,0.5,0.5,polarized,0.3268099679351217,0.0001953125,335.0001953125,0.326809967933912,1.118923863833388,335.0,2,36,0,False,1.0,True,work/cases/case_2627/duration_0p0001953125.checkpoint.npz,4e65c43687b70a6383fabcd35c131f9083778f1ec30a396eab7440432351a877
2628,holmes_model3,36.0,201,1.5,fixed_10pct,physical,15.0,0.1,1.0,1.0,polarized,0.32680996793392997,0.0001953125,325.0001953125,0.32680996793306266,1.1189238638322796,325.0,2,37,0,False,1.0,True,work/cases/case_2628/duration_0p0001953125.checkpoint.npz,b601a7c29b85b30bc0e53d425fae9bbbfe16f16e8f29e0a9ffd50a01a74848a7
2629,holmes_model3,36.0,201,1.5,fixed_10pct,physical,15.0,0.1,2.0,2.0,polarized,0.3268099679339436,0.0001953125,315.0001953125,0.32680996793390776,1.1189238638333785,315.0,2,35,0,False,1.0,True,work/cases/case_2629/duration_0p0001953125.checkpoint.npz,e4eaf96ca8a2fc1bd3dc33bea87311fc8e1f5840713b91faf5e5e7a6e4bdc09f
2630,holmes_model3,36.0,201,1.5,fixed_10pct,physical,15.0,0.1,4.0,4.0,polarized,0.3268099679340338,0.0001953125,310.0001953125,0.3268099679340338,1.11892386383354,310.0,2,37,0,False,1.0,True,work/cases/case_2630/duration_0p0001953125.checkpoint.npz,8670c0a1ea31aed67680209cc9427d003bae3d720d69cdd3c5d803231e9e9be4
2631,holmes_model3,36.0,201,1.5,fixed_10pct,physical,15.0,0.1,10.0,10.0,polarized,0.32680996793392453,0.0001953125,295.0001953125,0.3268099679339095,1.1189238638333894,295.0,2,35,0,False,1.0,True,work/cases/case_2631/duration_0p0001953125.checkpoint.npz,e9498ea9eb2ac7f757a2e80ae573decdae40ab6c435fdad24d49ed0e7c4bc7d6
2632,holmes_model3,36.0,201,3.0,fixed_20pct,physical,15.0,0.2,0.1,0.1,polarized,0.3268099679340321,0.0001953125,350.0001953125,0.32680996793396483,1.1189238638334682,350.0,2,37,0,False,1.0,True,work/cases/case_2632/duration_0p0001953125.checkpoint.npz,089a1a78db41eb74a4903cf41d93b8a5f68c6d24e3b8986b359adef55b487001
2633,holmes_model3,36.0,201,3.0,fixed_20pct,physical,15.0,0.2,0.25,0.25,polarized,0.3268099679352889,0.0001953125,335.0001953125,0.32680996793389705,1.1189238638333525,335.0,2,37,0,False,1.0,True,work/cases/case_2633/duration_0p0001953125.checkpoint.npz,845ab7c03ccb6c90a7a6033db23ce4caaf8ffd8470855c522fee5a28ad030b36
2634,holmes_model3,36.0,201,3.0,fixed_20pct,physical,15.0,0.2,0.5,0.5,polarized,0.3268099679344753,0.0001953125,325.0001953125,0.3268099679344753,1.118923863834192,325.0,2,35,0,False,1.0,True,work/cases/case_2634/duration_0p0001953125.checkpoint.npz,a96aa7a4a113442c29b384c78d494909595b4a1e66940c686dbb6e6a06962b2d
2635,holmes_model3,36.0,201,3.0,fixed_20pct,physical,15.0,0.2,1.0,1.0,polarized,0.3268099679339447,0.0001953125,315.0001953125,0.32680996793391887,1.1189238638334116,315.0,2,37,0,False,1.0,True,work/cases/case_2635/duration_0p0001953125.checkpoint.npz,9a7f2c57168e3fd75bf4fa1b9e118bfcc70330d33a206ac4ff9ab34a55c996dc
2636,holmes_model3,36.0,201,3.0,fixed_20pct,physical,15.0,0.2,2.0,2.0,polarized,0.3268099679339769,0.0001953125,310.0001953125,0.3268099679339214,1.1189238638334031,310.0,2,36,0,False,1.0,True,work/cases/case_2636/duration_0p0001953125.checkpoint.npz,d0f14f1d234b17716c4d3d12e317bcf60582e11110b5d22001ce294c919fb533
2637,holmes_model3,36.0,201,3.0,fixed_20pct,physical,15.0,0.2,4.0,4.0,polarized,0.3268099679339481,0.0001953125,300.0001953125,0.3268099679339426,1.1189238638334293,300.0,2,36,0,False,1.0,True,work/cases/case_2637/duration_0p0001953125.checkpoint.npz,a75348624cc8d64632558c32db9120884f7787b09cc15a533db5618a5ff949f2
2638,holmes_model3,36.0,201,3.0,fixed_20pct,physical,15.0,0.2,10.0,10.0,polarized,0.3268099679339515,0.0001953125,285.0001953125,0.3268099679339093,1.1189238638333785,285.0,2,36,0,False,1.0,True,work/cases/case_2638/duration_0p0001953125.checkpoint.npz,1afc95f62799daa2892e5f6b28ac3900f09f9467f0a116ddc68f0b3aba6a2a8a
2639,holmes_model3,36.0,201,7.2,relative_20pct,relative,15.0,0.2,0.1,0.1,polarized,0.32680996793404676,0.0001953125,340.0001953125,0.3268099679338571,1.1189238638332906,340.0,2,33,0,False,1.0,True,work/cases/case_2639/duration_0p0001953125.checkpoint.npz,cee2d3019358c4ab7dc87827fee5361f9fe6db5b681c92bec1d89583efc417b8
2640,holmes_model3,36.0,201,7.2,relative_20pct,relative,15.0,0.2,0.25,0.25,polarized,0.32680996793399897,0.0001953125,325.0001953125,0.3268099679338399,1.1189238638333197,325.0,2,37,0,False,1.0,True,work/cases/case_2640/duration_0p0001953125.checkpoint.npz,20a11167be7c94bcaa0c6d754166e5270c8e18eea88e63f03d01592ff62b17e1
2641,holmes_model3,36.0,201,7.2,relative_20pct,relative,15.0,0.2,0.5,0.5,polarized,0.32680996793398415,0.0001953125,320.0001953125,0.32680996793398415,1.1189238638334649,320.0,2,37,0,False,1.0,True,work/cases/case_2641/duration_0p0001953125.checkpoint.npz,d011e3790685a0aa8f7b14e235dcfa49ecc6ce1ec90f7440888b992d004e94f5
2642,holmes_model3,36.0,201,7.2,relative_20pct,relative,15.0,0.2,1.0,1.0,polarized,0.3268099679339841,0.0001953125,310.0001953125,0.32680996793395833,1.1189238638334662,310.0,2,38,0,False,1.0,True,work/cases/case_2642/duration_0p0001953125.checkpoint.npz,c361708f8bc69efed5b89b70cdde1f5e881fbc1ff74aa2bae57d9041ddc88d45
2643,holmes_model3,36.0,201,7.2,relative_20pct,relative,15.0,0.2,2.0,2.0,polarized,0.32680996793394085,0.0001953125,300.0001953125,0.32680996793390227,1.1189238638333787,300.0,2,34,0,False,1.0,True,work/cases/case_2643/duration_0p0001953125.checkpoint.npz,4e1762f0986a48260d40ac3e5503a465497d003f6e609df2e046c6549c59cc78
2644,holmes_model3,36.0,201,7.2,relative_20pct,relative,15.0,0.2,4.0,4.0,polarized,0.3268099679339482,0.0001953125,290.0001953125,0.32680996793390366,1.1189238638333594,290.0,2,37,0,False,1.0,True,work/cases/case_2644/duration_0p0001953125.checkpoint.npz,695efc6b026c3e0e4b7494a7dd3fd76b09f958e7b6f9eb6de604370ffa12d2d7
2645,holmes_model3,36.0,201,7.2,relative_20pct,relative,15.0,0.2,10.0,10.0,polarized,0.3268099679339404,0.0001953125,275.0001953125,0.3268099679339097,1.118923863833397,275.0,2,38,0,False,1.0,True,work/cases/case_2645/duration_0p0001953125.checkpoint.npz,adb926da2660a1afa53d85dba59f6c9675c409bdffb29c0539eaf9c78f77645e
2646,holmes_model3,38.0,201,1.5,fixed_10pct,physical,15.0,0.1,0.1,0.1,polarized,0.3268669861183727,0.0001953125,365.0001953125,0.32686698611827014,1.1189001604047122,365.0,2,37,0,False,1.0,True,work/cases/case_2646/duration_0p0001953125.checkpoint.npz,10c4d4871beeedfb48620138fd939df143bf4d1d98182d747dc625945183352f
2647,holmes_model3,38.0,201,1.5,fixed_10pct,physical,15.0,0.1,0.25,0.25,polarized,0.32686698611832615,0.0001953125,360.0001953125,0.326866986118292,1.1189001604047912,360.0,2,35,0,False,1.0,True,work/cases/case_2647/duration_0p0001953125.checkpoint.npz,79e363b2914b00d2ea60b658e4475b4af9330fb414eab84ca9fe472d154b9db2
2648,holmes_model3,38.0,201,1.5,fixed_10pct,physical,15.0,0.1,0.5,0.5,polarized,0.3268669861183225,0.0001953125,350.0001953125,0.32686698611830767,1.1189001604047901,350.0,2,36,0,False,1.0,True,work/cases/case_2648/duration_0p0001953125.checkpoint.npz,2437e9b4076e2ede36715bcab1497f1ffe25ac87c741f3843ba1f1e9db2309b6
2649,holmes_model3,38.0,201,1.5,fixed_10pct,physical,15.0,0.1,1.0,1.0,polarized,0.3268669861187708,0.0001953125,340.0001953125,0.3268669861187708,1.1189001604053783,340.0,2,36,0,False,1.0,True,work/cases/case_2649/duration_0p0001953125.checkpoint.npz,76dbf990a5f97bbdf21c508dd7349075839210a1a474c91048995013d6440f51
2650,holmes_model3,38.0,201,1.5,fixed_10pct,physical,15.0,0.1,2.0,2.0,polarized,0.3268669861183277,0.0001953125,330.0001953125,0.32686698611827825,1.1189001604047726,330.0,2,37,0,False,1.0,True,work/cases/case_2650/duration_0p0001953125.checkpoint.npz,67ff0f955cfa9ef942367b41b19ebe77ed36477d878e4f957d368d95a2540d95
2651,holmes_model3,38.0,201,1.5,fixed_10pct,physical,15.0,0.1,4.0,4.0,polarized,0.3268669861183349,0.0001953125,320.0001953125,0.32686698611828857,1.1189001604047684,320.0,2,35,0,False,1.0,True,work/cases/case_2651/duration_0p0001953125.checkpoint.npz,e7c968e29086c4363cab5b6d428a170ab992bb69c540e6eeaf9b32b30324e747
2652,holmes_model3,38.0,201,1.5,fixed_10pct,physical,15.0,0.1,10.0,10.0,polarized,0.32686698611832565,0.0001953125,310.0001953125,0.32686698611829906,1.1189001604047961,310.0,2,35,0,False,1.0,True,work/cases/case_2652/duration_0p0001953125.checkpoint.npz,3bb6c629f14bc8c8e57d28b156d6d5ade873b3e45bd3e5b0f8bf05e1cd5beba1
2653,holmes_model3,38.0,201,3.0,fixed_20pct,physical,15.0,0.2,0.1,0.1,polarized,0.32686698611835796,0.0001953125,360.0001953125,0.326866986118309,1.118900160404791,360.0,2,38,0,False,1.0,True,work/cases/case_2653/duration_0p0001953125.checkpoint.npz,e2b46d60d0bd1f25fd0f0ec13e039a2d6f458cb72e719f99a132a20beb3b932e
2654,holmes_model3,38.0,201,3.0,fixed_20pct,physical,15.0,0.2,0.25,0.25,polarized,0.3268669861183622,0.0001953125,350.0001953125,0.3268669861183021,1.118900160404771,350.0,2,37,0,False,1.0,True,work/cases/case_2654/duration_0p0001953125.checkpoint.npz,a510209f0b456de1639f4d58fb1aa882d4a36fced6c0abd61664679fc5f08952
2655,holmes_model3,38.0,201,3.0,fixed_20pct,physical,15.0,0.2,0.5,0.5,polarized,0.3268669861183385,0.0001953125,340.0001953125,0.3268669861181101,1.118900160404583,340.0,2,35,0,False,1.0,True,work/cases/case_2655/duration_0p0001953125.checkpoint.npz,507e53a8fc8d09bcada68ca2aba72cd2b4189e184ca3770a5b823f231202a0ca
2656,holmes_model3,38.0,201,3.0,fixed_20pct,physical,15.0,0.2,1.0,1.0,polarized,0.32686698611831916,0.0001953125,330.0001953125,0.32686698611830495,1.1189001604047923,330.0,2,37,0,False,1.0,True,work/cases/case_2656/duration_0p0001953125.checkpoint.npz,c3749267ff73fda5dad44b72285b36bc7777b153eb76b689b8d0d48ac6ba3d69
2657,holmes_model3,38.0,201,3.0,fixed_20pct,physical,15.0,0.2,2.0,2.0,polarized,0.3268669861183321,0.0001953125,320.0001953125,0.3268669861183076,1.1189001604048026,320.0,2,37,0,False,1.0,True,work/cases/case_2657/duration_0p0001953125.checkpoint.npz,fe708fe7c331cae5ef61fa01a1745bcd8e5cacbd8aad550154fa8138362ae88e
2658,holmes_model3,38.0,201,3.0,fixed_20pct,physical,15.0,0.2,4.0,4.0,polarized,0.3268669861183663,0.0001953125,310.0001953125,0.3268669861182936,1.118900160404779,310.0,2,35,0,False,1.0,True,work/cases/case_2658/duration_0p0001953125.checkpoint.npz,052eb3b161eb74b434c07a325083292f8ce2f0727c6203f68d0b2de9ebfa292f
2659,holmes_model3,38.0,201,3.0,fixed_20pct,physical,15.0,0.2,10.0,10.0,polarized,0.3268669861183126,0.0001953125,300.0001953125,0.32686698611828585,1.118900160404787,300.0,2,35,0,False,1.0,True,work/cases/case_2659/duration_0p0001953125.checkpoint.npz,16158193549c6db9ca93fb73b633be134a96051e2aff11303bddce0822cfab1e
2660,holmes_model3,38.0,201,7.6000000000000005,relative_20pct,relative,15.0,0.2,0.1,0.1,polarized,0.3268669861183252,0.0001953125,355.0001953125,0.3268669861183147,1.1189001604048119,355.0,2,33,0,False,1.0,True,work/cases/case_2660/duration_0p0001953125.checkpoint.npz,3d73b53e47fb8cfd1a5fd15e14c6e40e18cbcc296fd5802340c828fbd3daef2b
2661,holmes_model3,38.0,201,7.6000000000000005,relative_20pct,relative,15.0,0.2,0.25,0.25,polarized,0.32686698611863974,0.0001953125,340.0001953125,0.32686698611863974,1.1189001604052686,340.0,2,38,0,False,1.0,True,work/cases/case_2661/duration_0p0001953125.checkpoint.npz,25713463047f6c52d1e58c702ede7114c87d506f47219443b8f980609c12e9fa
2662,holmes_model3,38.0,201,7.6000000000000005,relative_20pct,relative,15.0,0.2,0.5,0.5,polarized,0.3268669861183246,0.0001953125,330.0001953125,0.3268669861182359,1.1189001604047035,330.0,2,36,0,False,1.0,True,work/cases/case_2662/duration_0p0001953125.checkpoint.npz,69bfecd644f426448f3e4c4a1777ae7e267f0e452ee4d3f309fc91605ade9e00
2663,holmes_model3,38.0,201,7.6000000000000005,relative_20pct,relative,15.0,0.2,1.0,1.0,polarized,0.32686698611832166,0.0001953125,325.0001953125,0.326866986118269,1.1189001604047564,325.0,2,37,0,False,1.0,True,work/cases/case_2663/duration_0p0001953125.checkpoint.npz,8d51a4fd102a60800e80af57364a932d81b7f9aaf914108869949c3c671de70d
2664,holmes_model3,38.0,201,7.6000000000000005,relative_20pct,relative,15.0,0.2,2.0,2.0,polarized,0.32686698611834764,0.0001953125,315.0001953125,0.32686698611830406,1.1189001604047946,315.0,2,36,0,False,1.0,True,work/cases/case_2664/duration_0p0001953125.checkpoint.npz,3eafd29631fe3e7e89bc1c8036f2b3a8190b68e470eefc4c6196f93f4ea98e51
2665,holmes_model3,38.0,201,7.6000000000000005,relative_20pct,relative,15.0,0.2,4.0,4.0,polarized,0.32686698611834614,0.0001953125,305.0001953125,0.3268669861182956,1.1189001604047826,305.0,2,37,0,False,1.0,True,work/cases/case_2665/duration_0p0001953125.checkpoint.npz,65bb20cfcb273a693e9914dc39d22cc7ba2ec2aaef6725da5467a06945509fae
2666,holmes_model3,38.0,201,7.6000000000000005,relative_20pct,relative,15.0,0.2,10.0,10.0,polarized,0.32686698611831544,0.0001953125,290.0001953125,0.32686698611828396,1.1189001604047721,290.0,2,37,0,False,1.0,True,work/cases/case_2666/duration_0p0001953125.checkpoint.npz,3882919fdb6d76fb939a44d1db61192e74718a617b56b4fc9aef5418adda097c
2667,holmes_model3,40.0,201,1.5,fixed_10pct,physical,15.0,0.1,0.1,0.1,polarized,0.3269148224687147,0.0001953125,375.0001953125,0.32691482246857806,1.11887881874303,375.0,2,37,0,False,1.0,True,work/cases/case_2667/duration_0p0001953125.checkpoint.npz,ac29bb6606904295888a87981b1d190cad0e40ff986972a7a825fc453a8bb76a
2668,holmes_model3,40.0,201,1.5,fixed_10pct,physical,15.0,0.1,0.25,0.25,polarized,0.3269148224689731,0.0001953125,375.0001953125,0.3269148224689731,1.1188788187435261,375.0,2,38,0,False,1.0,True,work/cases/case_2668/duration_0p0001953125.checkpoint.npz,d7be1723c810b72ffaa34079d5ced12533c1c4a871a4b13771d01589cde1d417
2669,holmes_model3,40.0,201,1.5,fixed_10pct,physical,15.0,0.1,0.5,0.5,polarized,0.3269148224686388,0.0001953125,365.0001953125,0.32691482246848247,1.1188788187428877,365.0,2,37,0,False,1.0,True,work/cases/case_2669/duration_0p0001953125.checkpoint.npz,39f5c2cd2a13319d57a42d3ed67a07de0331cde797ff5a9a7c462e59725f1376
2670,holmes_model3,40.0,201,1.5,fixed_10pct,physical,15.0,0.1,1.0,1.0,polarized,0.32691482246883413,0.0001953125,355.0001953125,0.32691482246883413,1.1188788187433447,355.0,2,38,0,False,1.0,True,work/cases/case_2670/duration_0p0001953125.checkpoint.npz,05212dd6e0a393bc804f6b03b9908eb234192674936d8440601ad3070d457e3c
2671,holmes_model3,40.0,201,1.5,fixed_10pct,physical,15.0,0.1,2.0,2.0,polarized,0.32691482246864256,0.0001953125,345.0001953125,0.32691482246864256,1.1188788187431122,345.0,2,33,0,False,1.0,True,work/cases/case_2671/duration_0p0001953125.checkpoint.npz,7379f4f779dac1115e640e241f088cdc5ca462a08a96469143ea2b71e0a5b2bd
2672,holmes_model3,40.0,201,1.5,fixed_10pct,physical,15.0,0.1,4.0,4.0,polarized,0.32691482246860765,0.0001953125,335.0001953125,0.32691482246842324,1.1188788187428083,335.0,2,35,0,False,1.0,True,work/cases/case_2672/duration_0p0001953125.checkpoint.npz,77e55f42231a99f3e3ad9139146d8e2cb0f6189203bb35c956680a76c83568bd
2673,holmes_model3,40.0,201,1.5,fixed_10pct,physical,15.0,0.1,10.0,10.0,polarized,0.32691482246861203,0.0001953125,325.0001953125,0.3269148224686115,1.1188788187430712,325.0,2,35,0,False,1.0,True,work/cases/case_2673/duration_0p0001953125.checkpoint.npz,7aba31ae2f14241ca964d8685d1d80cb75a10157bb7b0dd04877a6f851e0bb1b
2674,holmes_model3,40.0,201,3.0,fixed_20pct,physical,15.0,0.2,0.1,0.1,polarized,0.3269148224687008,0.0001953125,375.0001953125,0.3269148224687008,1.1188788187431804,375.0,2,38,0,False,1.0,True,work/cases/case_2674/duration_0p0001953125.checkpoint.npz,d584b338418b86a168ab1f6d56e63ab93dd4592e4e08102f31c73eb2472f0c25
2675,holmes_model3,40.0,201,3.0,fixed_20pct,physical,15.0,0.2,0.25,0.25,polarized,0.3269148224687008,0.0001953125,365.0001953125,0.3269148224687008,1.118878818743178,365.0,2,37,0,False,1.0,True,work/cases/case_2675/duration_0p0001953125.checkpoint.npz,8cea05820344a5ada6b6a3424d446dcb3ea6be91b2d09704375b973d91b7d730
2676,holmes_model3,40.0,201,3.0,fixed_20pct,physical,15.0,0.2,0.5,0.5,polarized,0.3269148224686858,0.0001953125,355.0001953125,0.3269148224684264,1.1188788187428158,355.0,2,35,0,False,1.0,True,work/cases/case_2676/duration_0p0001953125.checkpoint.npz,1918ab6ac7e73fb9e307f0bda8dcc2696c2bfa1e93d7bd7f26c3d378b1f5c305
2677,holmes_model3,40.0,201,3.0,fixed_20pct,physical,15.0,0.2,1.0,1.0,polarized,0.3269148224686603,0.0001953125,345.0001953125,0.3269148224685899,1.1188788187430285,345.0,2,35,0,False,1.0,True,work/cases/case_2677/duration_0p0001953125.checkpoint.npz,a73a57c61241148f54467d56691a6039de91670f81deb9b7885664f4b2ff6559
2678,holmes_model3,40.0,201,3.0,fixed_20pct,physical,15.0,0.2,2.0,2.0,polarized,0.3269148224686346,0.0001953125,335.0001953125,0.3269148224686191,1.1188788187430674,335.0,2,35,0,False,1.0,True,work/cases/case_2678/duration_0p0001953125.checkpoint.npz,7b91eae7f78d120c8bb069cb69fcead8ac388e3bd1189b5c8364c2c84fef34ac
2679,holmes_model3,40.0,201,3.0,fixed_20pct,physical,15.0,0.2,4.0,4.0,polarized,0.3269148224686331,0.0001953125,325.0001953125,0.3269148224685602,1.1188788187429943,325.0,2,38,0,False,1.0,True,work/cases/case_2679/duration_0p0001953125.checkpoint.npz,db8f127aac468d998069a4e1adf470bea5c1c32c01ce26e41d31f3b33664b837
2680,holmes_model3,40.0,201,3.0,fixed_20pct,physical,15.0,0.2,10.0,10.0,polarized,0.32691482246861997,0.0001953125,315.0001953125,0.32691482246858716,1.118878818743016,315.0,2,35,0,False,1.0,True,work/cases/case_2680/duration_0p0001953125.checkpoint.npz,b49237b75aa3a1ce7053404c57c6c57d96f999745558c39dd3c303fc7360dcc4
2681,holmes_model3,40.0,201,8.0,relative_20pct,relative,15.0,0.2,0.1,0.1,polarized,0.32691482246865217,0.0001953125,365.0001953125,0.3269148224685786,1.1188788187430292,365.0,2,37,0,False,1.0,True,work/cases/case_2681/duration_0p0001953125.checkpoint.npz,c2233d0327c681bf8b43779098ca9d01f92793d8a0c613c853af6845b491b670
2682,holmes_model3,40.0,201,8.0,relative_20pct,relative,15.0,0.2,0.25,0.25,polarized,0.3269148224689173,0.0001953125,355.0001953125,0.3269148224689173,1.118878818743458,355.0,2,36,0,False,1.0,True,work/cases/case_2682/duration_0p0001953125.checkpoint.npz,b83d36de5e9fb3029bc364898cfe469b221c85a431a7ceb9d59072a3af6c71c5
2683,holmes_model3,40.0,201,8.0,relative_20pct,relative,15.0,0.2,0.5,0.5,polarized,0.32691482246863984,0.0001953125,345.0001953125,0.32691482246858167,1.1188788187430168,345.0,2,37,0,False,1.0,True,work/cases/case_2683/duration_0p0001953125.checkpoint.npz,41671642a253490d37f8b37f4e1784543cbfa3c4f039ece8972b4d7936e395ef
2684,holmes_model3,40.0,201,8.0,relative_20pct,relative,15.0,0.2,1.0,1.0,polarized,0.3269148224686142,0.0001953125,335.0001953125,0.32691482246857934,1.1188788187430245,335.0,2,37,0,False,1.0,True,work/cases/case_2684/duration_0p0001953125.checkpoint.npz,592c6879ed75d5120e71c4d4be633f6abb54aaf2936493e2c997768d7ab42a01
2685,holmes_model3,40.0,201,8.0,relative_20pct,relative,15.0,0.2,2.0,2.0,polarized,0.32691482246864323,0.0001953125,330.0001953125,0.32691482246857023,1.11887881874304,330.0,2,37,0,False,1.0,True,work/cases/case_2685/duration_0p0001953125.checkpoint.npz,40e9a54eda7d4f485b6ef057189317bedfeeac6ce54a18f1bf845fad6e0e4dea
2686,holmes_model3,40.0,201,8.0,relative_20pct,relative,15.0,0.2,4.0,4.0,polarized,0.3269148224686595,0.0001953125,320.0001953125,0.326914822468571,1.118878818743007,320.0,2,36,0,False,1.0,True,work/cases/case_2686/duration_0p0001953125.checkpoint.npz,a29e2f887ffa0fb9a8edc81f641046376155312d786d7824b4e602487548e8f2
2687,holmes_model3,40.0,201,8.0,relative_20pct,relative,15.0,0.2,10.0,10.0,polarized,0.32691482246863524,0.0001953125,305.0001953125,0.32691482246858405,1.118878818743022,305.0,2,37,0,False,1.0,True,work/cases/case_2687/duration_0p0001953125.checkpoint.npz,e0654f832241901c40887485b6cba1b4d186f828e1384dd045e044fa4022917c
2688,holmes_model3,42.0,201,1.5,fixed_10pct,physical,15.0,0.1,0.1,0.1,polarized,0.32695526154083754,0.0001953125,390.0001953125,0.32695526154083754,1.1188595011071505,390.0,2,35,0,False,1.0,True,work/cases/case_2688/duration_0p0001953125.checkpoint.npz,b06932226bed41e7350e253b3770f9e934247ebc240e8770c913fd91ce80efe8
2689,holmes_model3,42.0,201,1.5,fixed_10pct,physical,15.0,0.1,0.25,0.25,polarized,0.32695526154040117,0.0001953125,385.0001953125,0.32695526154040117,1.11885950110655,385.0,2,33,0,False,1.0,True,work/cases/case_2689/duration_0p0001953125.checkpoint.npz,1a0c666324fe5f8bc5f64af48db9fc66e00c4599ed0eb6a055fabef6cec03091
2690,holmes_model3,42.0,201,1.5,fixed_10pct,physical,15.0,0.1,0.5,0.5,polarized,0.3269552615407433,0.0001953125,380.0001953125,0.3269552615404214,1.118859501106582,380.0,2,35,0,False,1.0,True,work/cases/case_2690/duration_0p0001953125.checkpoint.npz,de996e8f70d0584854db399e5a9d676f8f093c7def33661e6cd732f18e085dc0
2691,holmes_model3,42.0,201,1.5,fixed_10pct,physical,15.0,0.1,1.0,1.0,polarized,0.32695526154053717,0.0001953125,370.0001953125,0.3269552615400659,1.1188595011061262,370.0,2,37,0,False,1.0,True,work/cases/case_2691/duration_0p0001953125.checkpoint.npz,8e25e7ac96c6a3391688224bd6f0e90c033a39b3f716eac3f50eebea9f8d4e3b
2692,holmes_model3,42.0,201,1.5,fixed_10pct,physical,15.0,0.1,2.0,2.0,polarized,0.32695526154054444,0.0001953125,360.0001953125,0.32695526154054444,1.1188595011067448,360.0,2,38,0,False,1.0,True,work/cases/case_2692/duration_0p0001953125.checkpoint.npz,fc42d4efbeb098ef4981d3e70d4960eab2f25282105fca7eef0c6c790576fb05
2693,holmes_model3,42.0,201,1.5,fixed_10pct,physical,15.0,0.1,4.0,4.0,polarized,0.3269552615403633,0.0001953125,350.0001953125,0.3269552615403633,1.1188595011065208,350.0,2,36,0,False,1.0,True,work/cases/case_2693/duration_0p0001953125.checkpoint.npz,9ca265d899413bb7e6609e7295ef8b4b7afc4070c64172a5888000f3cec2bbd0
2694,holmes_model3,42.0,201,1.5,fixed_10pct,physical,15.0,0.1,10.0,10.0,polarized,0.32695526154038773,0.0001953125,340.0001953125,0.32695526154038773,1.118859501106538,340.0,2,36,0,False,1.0,True,work/cases/case_2694/duration_0p0001953125.checkpoint.npz,728968c13b2e24528dc04f7d657e69ee9ca8d465a944283cb31235a4c9e43249
2695,holmes_model3,42.0,201,3.0,fixed_20pct,physical,15.0,0.2,0.1,0.1,polarized,0.3269552615408689,0.0001953125,390.0001953125,0.3269552615401825,1.1188595011062816,390.0,2,38,0,False,1.0,True,work/cases/case_2695/duration_0p0001953125.checkpoint.npz,10249794a97cc6bc0f18e30ebb038513cbb2e8732680d0b0ee0bbb61748115b2
2696,holmes_model3,42.0,201,3.0,fixed_20pct,physical,15.0,0.2,0.25,0.25,polarized,0.32695526154080207,0.0001953125,380.0001953125,0.326955261540346,1.1188595011064784,380.0,2,36,0,False,1.0,True,work/cases/case_2696/duration_0p0001953125.checkpoint.npz,cf4de65b9fd2b19f7fd4a27f646b90c7f756c46cdb05d0f52a5fd6cc18b50f57
2697,holmes_model3,42.0,201,3.0,fixed_20pct,physical,15.0,0.2,0.5,0.5,polarized,0.3269552615406726,0.0001953125,370.0001953125,0.3269552615406726,1.1188595011069413,370.0,2,33,0,False,1.0,True,work/cases/case_2697/duration_0p0001953125.checkpoint.npz,c1270cf6a92070eabd4a9c336d2f99dd306cb741643e0db991cac2b783afeff0
2698,holmes_model3,42.0,201,3.0,fixed_20pct,physical,15.0,0.2,1.0,1.0,polarized,0.3269552615405643,0.0001953125,360.0001953125,0.3269552615405643,1.1188595011067766,360.0,2,38,0,False,1.0,True,work/cases/case_2698/duration_0p0001953125.checkpoint.npz,5ef920c9e16caec0e067ad8c04462ff89b9b823709a0daef01cf2c0c355a5a55
2699,holmes_model3,42.0,201,3.0,fixed_20pct,physical,15.0,0.2,2.0,2.0,polarized,0.32695526154038795,0.0001953125,350.0001953125,0.3269552615403698,1.1188595011065026,350.0,2,37,0,False,1.0,True,work/cases/case_2699/duration_0p0001953125.checkpoint.npz,2323b179f5abcad59ed3405c78888e82a8a12df9f9eed522de089bd77200de96
2700,holmes_model3,42.0,201,3.0,fixed_20pct,physical,15.0,0.2,4.0,4.0,polarized,0.3269552615403565,0.0001953125,340.0001953125,0.32695526154033594,1.1188595011064824,340.0,2,37,0,False,1.0,True,work/cases/case_2700/duration_0p0001953125.checkpoint.npz,602a4ff8b8fed245c8cb68eb76c3a497e9aa97815587109383edd5351ab0e9a9
2701,holmes_model3,42.0,201,3.0,fixed_20pct,physical,15.0,0.2,10.0,10.0,polarized,0.32695526154036,0.0001953125,330.0001953125,0.32695526154036,1.1188595011065274,330.0,2,38,0,False,1.0,True,work/cases/case_2701/duration_0p0001953125.checkpoint.npz,515fd94e82e83db371e17859c9bfb3543b02245dc5b8b2bfd0fa943f00a4c5f3
2702,holmes_model3,42.0,201,8.4,relative_20pct,relative,15.0,0.2,0.1,0.1,polarized,0.32695526154037985,0.0001953125,380.0001953125,0.32695526154037985,1.1188595011065465,380.0,2,37,0,False,1.0,True,work/cases/case_2702/duration_0p0001953125.checkpoint.npz,c2ebafaace974ccd56c3aa68e2b9b5c924589d17b2f566b4f68f54073d217e4d
2703,holmes_model3,42.0,201,8.4,relative_20pct,relative,15.0,0.2,0.25,0.25,polarized,0.326955261540362,0.0001953125,370.0001953125,0.32695526154029975,1.1188595011064206,370.0,2,36,0,False,1.0,True,work/cases/case_2703/duration_0p0001953125.checkpoint.npz,4c0c2cbb0364686de4f33e2f5b1a413af08e7eed07ed25582b1257c47ee39f5f
2704,holmes_model3,42.0,201,8.4,relative_20pct,relative,15.0,0.2,0.5,0.5,polarized,0.3269552615404073,0.0001953125,360.0001953125,0.32695526154031224,1.1188595011064482,360.0,2,35,0,False,1.0,True,work/cases/case_2704/duration_0p0001953125.checkpoint.npz,c93da6bb7a30d8dfba26eb0a76a353e775ace51ba4dcfa6092d1da82a70e2bbb
2705,holmes_model3,42.0,201,8.4,relative_20pct,relative,15.0,0.2,1.0,1.0,polarized,0.3269552615403999,0.0001953125,350.0001953125,0.32695526154016996,1.1188595011062725,350.0,2,37,0,False,1.0,True,work/cases/case_2705/duration_0p0001953125.checkpoint.npz,505e0239639e71904ab6bf0908511aaa47583c195ac5e2abeb50c7a9738c08ac
2706,holmes_model3,42.0,201,8.4,relative_20pct,relative,15.0,0.2,2.0,2.0,polarized,0.3269552615403572,0.0001953125,340.0001953125,0.32695526154033167,1.1188595011064686,340.0,2,37,0,False,1.0,True,work/cases/case_2706/duration_0p0001953125.checkpoint.npz,73650fd61ad82dfb76957d9daa7498bdf078596340df198e8e7a82efc21e1f74
2707,holmes_model3,42.0,201,8.4,relative_20pct,relative,15.0,0.2,4.0,4.0,polarized,0.3269552615403998,0.0001953125,330.0001953125,0.3269552615403342,1.1188595011064772,330.0,2,37,0,False,1.0,True,work/cases/case_2707/duration_0p0001953125.checkpoint.npz,360d57abfd1acb4eadb50ec3920388cb7eb130d318c3070e93c188ad81a2f4d5
2708,holmes_model3,42.0,201,8.4,relative_20pct,relative,15.0,0.2,10.0,10.0,polarized,0.3269552615403654,0.0001953125,320.0001953125,0.3269552615403531,1.118859501106501,320.0,2,36,0,False,1.0,True,work/cases/case_2708/duration_0p0001953125.checkpoint.npz,5ec0d23e6efa147cf08fa7d2a19cd106114ec5b9541a017169b7426acf3ecbed
2709,holmes_model3,44.0,201,1.5,fixed_10pct,physical,15.0,0.1,0.1,0.1,polarized,0.3269896812626196,0.0001953125,405.0001953125,0.32698968126237843,1.118841931204927,405.0,2,36,0,False,1.0,True,work/cases/case_2709/duration_0p0001953125.checkpoint.npz,371b314f8b79b12098e25c90146af536ed18042d57d74c07e99065eab57b318e
2710,holmes_model3,44.0,201,1.5,fixed_10pct,physical,15.0,0.1,0.25,0.25,polarized,0.32698968126255273,0.0001953125,400.0001953125,0.32698968126244526,1.1188419312050186,400.0,2,38,0,False,1.0,True,work/cases/case_2710/duration_0p0001953125.checkpoint.npz,bdf0a7bbcdd54372ec0ae920c3f43f806bfad1067921d82fbe8b502f761b455c
2711,holmes_model3,44.0,201,1.5,fixed_10pct,physical,15.0,0.1,0.5,0.5,polarized,0.32698968126296185,0.0001953125,395.0001953125,0.32698968126196815,1.118841931204363,395.0,2,35,0,False,1.0,True,work/cases/case_2711/duration_0p0001953125.checkpoint.npz,78878706dcd074678ea4bd1eb7720532e01c9be7801bfad4ec22b79b83b7a12c
2712,holmes_model3,44.0,201,1.5,fixed_10pct,physical,15.0,0.1,1.0,1.0,polarized,0.3269896812627618,0.0001953125,385.0001953125,0.32698968126180694,1.1188419312041464,385.0,2,36,0,False,1.0,True,work/cases/case_2712/duration_0p0001953125.checkpoint.npz,639350eb400713ed9c73f194ac89a022b8d9d73173c2e4bfbd63faf2fe93850c
2713,holmes_model3,44.0,201,1.5,fixed_10pct,physical,15.0,0.1,2.0,2.0,polarized,0.32698968126249645,0.0001953125,375.0001953125,0.32698968126228073,1.1188419312047813,375.0,2,33,0,False,1.0,True,work/cases/case_2713/duration_0p0001953125.checkpoint.npz,fd7070949b1c2394e575796ad96f6b42cba89ceaae87e624bbcfe9953a986084
2714,holmes_model3,44.0,201,1.5,fixed_10pct,physical,15.0,0.1,4.0,4.0,polarized,0.32698968126251593,0.0001953125,365.0001953125,0.32698968126251593,1.1188419312050906,365.0,2,36,0,False,1.0,True,work/cases/case_2714/duration_0p0001953125.checkpoint.npz,c92e20df5c2cc3c55291b3805b0ee835cf25ba2298b27a00df482d260ff31a0e
2715,holmes_model3,44.0,201,1.5,fixed_10pct,physical,15.0,0.1,10.0,10.0,polarized,0.3269896812625467,0.0001953125,355.0001953125,0.3269896812625467,1.1188419312051296,355.0,2,36,0,False,1.0,True,work/cases/case_2715/duration_0p0001953125.checkpoint.npz,6eb16ceaf94220f2c8639e5875870f514f82ac356a37bea66d6ce3d6a3170be6
2716,holmes_model3,44.0,201,3.0,fixed_20pct,physical,15.0,0.2,0.1,0.1,polarized,0.32698968126269873,0.0001953125,405.0001953125,0.32698968126251743,1.1188419312050986,405.0,2,37,0,False,1.0,True,work/cases/case_2716/duration_0p0001953125.checkpoint.npz,8318f795b1b0141425609d558939c7fa27f68e338da3a7e917a6af610de2cd92
2717,holmes_model3,44.0,201,3.0,fixed_20pct,physical,15.0,0.2,0.25,0.25,polarized,0.32698968126290956,0.0001953125,395.0001953125,0.32698968126253597,1.1188419312051292,395.0,2,38,0,False,1.0,True,work/cases/case_2717/duration_0p0001953125.checkpoint.npz,434c62f3a81e679b0b67273f0b89703277f61330065ec8ccb422dfb41f9bac77
2718,holmes_model3,44.0,201,3.0,fixed_20pct,physical,15.0,0.2,0.5,0.5,polarized,0.3269896812630883,0.0001953125,385.0001953125,0.3269896812630883,1.1188419312058575,385.0,2,33,0,False,1.0,True,work/cases/case_2718/duration_0p0001953125.checkpoint.npz,bd9b52cbca95ee40a04b5f688306bd8b6e11d14338421783cc2d5f626d48794e
2719,holmes_model3,44.0,201,3.0,fixed_20pct,physical,15.0,0.2,1.0,1.0,polarized,0.3269896812625467,0.0001953125,375.0001953125,0.32698968126249733,1.1188419312050848,375.0,2,35,0,False,1.0,True,work/cases/case_2719/duration_0p0001953125.checkpoint.npz,aae8f0766b5e7036a4ed60998e7318780535cdd91639822ab9806a18a04f59e9
2720,holmes_model3,44.0,201,3.0,fixed_20pct,physical,15.0,0.2,2.0,2.0,polarized,0.3269896812625158,0.0001953125,365.0001953125,0.3269896812624789,1.118841931205053,365.0,2,33,0,False,1.0,True,work/cases/case_2720/duration_0p0001953125.checkpoint.npz,02b53fd8d0bd718896b207dba5276062c700e982e0b3ab8cc72959945afeb91b
2721,holmes_model3,44.0,201,3.0,fixed_20pct,physical,15.0,0.2,4.0,4.0,polarized,0.3269896812625252,0.0001953125,355.0001953125,0.3269896812624533,1.1188419312050146,355.0,2,35,0,False,1.0,True,work/cases/case_2721/duration_0p0001953125.checkpoint.npz,974ef00b510580b702d5e00bf0d7a59776bb0c72a8b94a3b7f57df0204d02ba4
2722,holmes_model3,44.0,201,3.0,fixed_20pct,physical,15.0,0.2,10.0,10.0,polarized,0.3269896812625071,0.0001953125,345.0001953125,0.3269896812624709,1.1188419312050326,345.0,2,37,0,False,1.0,True,work/cases/case_2722/duration_0p0001953125.checkpoint.npz,f0db67af00913c6278208904c97529e5666f898185e5450e3fed02eeb2de95eb
2723,holmes_model3,44.0,201,8.8,relative_20pct,relative,15.0,0.2,0.1,0.1,polarized,0.32698968126249733,0.0001953125,395.0001953125,0.3269896812624344,1.1188419312049867,395.0,2,36,0,False,1.0,True,work/cases/case_2723/duration_0p0001953125.checkpoint.npz,0371ea2455487a66486d9cc4a5e631ba553ac136c4ada163ad277730979d8fc2
2724,holmes_model3,44.0,201,8.8,relative_20pct,relative,15.0,0.2,0.25,0.25,polarized,0.3269896812625191,0.0001953125,385.0001953125,0.3269896812625083,1.118841931205059,385.0,2,33,0,False,1.0,True,work/cases/case_2724/duration_0p0001953125.checkpoint.npz,799acda08b628a28bd8227f7046443bdd742e0bdb4f7f1072ce233e45eb57e0a
2725,holmes_model3,44.0,201,8.8,relative_20pct,relative,15.0,0.2,0.5,0.5,polarized,0.32698968126249034,0.0001953125,375.0001953125,0.3269896812623503,1.1188419312048725,375.0,2,37,0,False,1.0,True,work/cases/case_2725/duration_0p0001953125.checkpoint.npz,98b035063103fde5203cf6b3b40b2c4ea74e6bb4983c498efabb876a9e52983a
2726,holmes_model3,44.0,201,8.8,relative_20pct,relative,15.0,0.2,1.0,1.0,polarized,0.326989681262485,0.0001953125,365.0001953125,0.32698968126245903,1.118841931205013,365.0,2,35,0,False,1.0,True,work/cases/case_2726/duration_0p0001953125.checkpoint.npz,cf2b740d157e5d105e2363fd97b57d88020ac0e02d830eea453916d055f44621
2727,holmes_model3,44.0,201,8.8,relative_20pct,relative,15.0,0.2,2.0,2.0,polarized,0.32698968126254113,0.0001953125,355.0001953125,0.3269896812624033,1.1188419312049427,355.0,2,36,0,False,1.0,True,work/cases/case_2727/duration_0p0001953125.checkpoint.npz,30060a9b2988fb08d48337ff68f8b3ed2950462a36e249246fd55a5c8a06f0aa
2728,holmes_model3,44.0,201,8.8,relative_20pct,relative,15.0,0.2,4.0,4.0,polarized,0.32698968126249445,0.0001953125,345.0001953125,0.3269896812624772,1.1188419312050408,345.0,2,34,0,False,1.0,True,work/cases/case_2728/duration_0p0001953125.checkpoint.npz,e44947f69e2c3a40467d06d9c3d5154448f5325862debde99bc6765a4a9126f5
2729,holmes_model3,44.0,201,8.8,relative_20pct,relative,15.0,0.2,10.0,10.0,polarized,0.3269896812624942,0.0001953125,335.0001953125,0.3269896812624709,1.1188419312050326,335.0,2,37,0,False,1.0,True,work/cases/case_2729/duration_0p0001953125.checkpoint.npz,fabeb5cd7b7b9c827a5c3033bd8389a3312bcb69fcd0d5ae85f532627a875fda
2730,holmes_model3,46.0,201,1.5,fixed_10pct,physical,15.0,0.1,0.1,0.1,polarized,0.32701915843522694,0.0001953125,425.0001953125,0.32701915843522694,1.118825880831898,425.0,2,37,0,False,1.0,True,work/cases/case_2730/duration_0p0001953125.checkpoint.npz,75ec3ea7702b8827859a600d8d242066c53ab81fa95a31b8f3f5a665173c4c35
2731,holmes_model3,46.0,201,1.5,fixed_10pct,physical,15.0,0.1,0.25,0.25,polarized,0.32701915843561763,0.0001953125,420.0001953125,0.3270191584350914,1.118825880831726,420.0,2,38,0,False,1.0,True,work/cases/case_2731/duration_0p0001953125.checkpoint.npz,fe01b8b332ae4789e1485c1e688ff42159035bde64f2a425b36d9739f90dd152
2732,holmes_model3,46.0,201,1.5,fixed_10pct,physical,15.0,0.1,0.5,0.5,polarized,0.32701915843524276,0.0001953125,410.0001953125,0.3270191584351961,1.118825880831874,410.0,2,36,0,False,1.0,True,work/cases/case_2732/duration_0p0001953125.checkpoint.npz,1ef5f78c2a22516900ff0a65c1b23ddbc71a92ea5aaf7d641f2092fddc04239a
2733,holmes_model3,46.0,201,1.5,fixed_10pct,physical,15.0,0.1,1.0,1.0,polarized,0.3270191584354559,0.0001953125,400.0001953125,0.3270191584354559,1.1188258808322462,400.0,2,38,0,False,1.0,True,work/cases/case_2733/duration_0p0001953125.checkpoint.npz,57d3e1787b20282ef630bd3c82a4a80ade478ce4e8797a596192cdeeb7ece86c
2734,holmes_model3,46.0,201,1.5,fixed_10pct,physical,15.0,0.1,2.0,2.0,polarized,0.3270191584352285,0.0001953125,390.0001953125,0.3270191584351109,1.118825880831762,390.0,2,37,0,False,1.0,True,work/cases/case_2734/duration_0p0001953125.checkpoint.npz,e960b3fdf9ed530521a665153f873f89bf353e51a460cb5acce967fe972b35b1
2735,holmes_model3,46.0,201,1.5,fixed_10pct,physical,15.0,0.1,4.0,4.0,polarized,0.3270191584351799,0.0001953125,380.0001953125,0.3270191584351064,1.1188258808317573,380.0,2,38,0,False,1.0,True,work/cases/case_2735/duration_0p0001953125.checkpoint.npz,007232a22c804bd6fc68cd77c2521a4566b1bb59c89a401bee239fa2e49f6a1c
2736,holmes_model3,46.0,201,1.5,fixed_10pct,physical,15.0,0.1,10.0,10.0,polarized,0.3270191584351452,0.0001953125,370.0001953125,0.3270191584351329,1.1188258808318088,370.0,2,37,0,False,1.0,True,work/cases/case_2736/duration_0p0001953125.checkpoint.npz,9961aff36baaf3b112c5af2e49ec06a99c37cc81ea774aa1fec4df06d6a0d521
2737,holmes_model3,46.0,201,3.0,fixed_20pct,physical,15.0,0.2,0.1,0.1,polarized,0.327019158435311,0.0001953125,420.0001953125,0.32701915843499746,1.118825880831603,420.0,2,35,0,False,1.0,True,work/cases/case_2737/duration_0p0001953125.checkpoint.npz,8a0108c2a2ea9702257c9a94e43aeb804eabb59c5cf6c9785e3c7821b4efd820
2738,holmes_model3,46.0,201,3.0,fixed_20pct,physical,15.0,0.2,0.25,0.25,polarized,0.32701915843522134,0.0001953125,410.0001953125,0.3270191584351308,1.118825880831793,410.0,2,35,0,False,1.0,True,work/cases/case_2738/duration_0p0001953125.checkpoint.npz,887483e171411121c825e5fc7dd52ab5794e9268a46b279e04e394aec77cf795
2739,holmes_model3,46.0,201,3.0,fixed_20pct,physical,15.0,0.2,0.5,0.5,polarized,0.32701915843518037,0.0001953125,400.0001953125,0.3270191584348331,1.118825880831396,400.0,2,35,0,False,1.0,True,work/cases/case_2739/duration_0p0001953125.checkpoint.npz,c5687afe627c796388d32ae2dbd196f449b056f0c4b3b2d0140fa176554f3ccc
2740,holmes_model3,46.0,201,3.0,fixed_20pct,physical,15.0,0.2,1.0,1.0,polarized,0.32701915843531437,0.0001953125,390.0001953125,0.32701915843531437,1.118825880832022,390.0,2,36,0,False,1.0,True,work/cases/case_2740/duration_0p0001953125.checkpoint.npz,65d5fd07dc6d677609c1f7b84d3bfc5c2bc42a7be8331d820b73470b00a93f7e
2741,holmes_model3,46.0,201,3.0,fixed_20pct,physical,15.0,0.2,2.0,2.0,polarized,0.3270191584351926,0.0001953125,380.0001953125,0.3270191584351926,1.1188258808318823,380.0,2,36,0,False,1.0,True,work/cases/case_2741/duration_0p0001953125.checkpoint.npz,8bb3589ecc672385e7eaa73df64ad34186ed947a9f71ad2fd8e16de6f0486a99
2742,holmes_model3,46.0,201,3.0,fixed_20pct,physical,15.0,0.2,4.0,4.0,polarized,0.32701915843515866,0.0001953125,370.0001953125,0.32701915843510615,1.1188258808317695,370.0,2,37,0,False,1.0,True,work/cases/case_2742/duration_0p0001953125.checkpoint.npz,b1854b02937c20c07779be9b71e89676d6fd86f83fa66d4f3f8d7451fa019b70
2743,holmes_model3,46.0,201,3.0,fixed_20pct,physical,15.0,0.2,10.0,10.0,polarized,0.32701915843516216,0.0001953125,360.0001953125,0.32701915843516216,1.1188258808318299,360.0,2,37,0,False,1.0,True,work/cases/case_2743/duration_0p0001953125.checkpoint.npz,542ec5e92d9772d80cfdb1e84919cf59e1e83c9d24c24c8b4d0e01c05589ae31
2744,holmes_model3,46.0,201,9.200000000000001,relative_20pct,relative,15.0,0.2,0.1,0.1,polarized,0.32701915843517887,0.0001953125,410.0001953125,0.3270191584351389,1.1188258808318006,410.0,2,33,0,False,1.0,True,work/cases/case_2744/duration_0p0001953125.checkpoint.npz,99b6c0818fe6a029bffd1938de1971ecf2ae06000ddde21ab3301f0a89f1ab9b
2745,holmes_model3,46.0,201,9.200000000000001,relative_20pct,relative,15.0,0.2,0.25,0.25,polarized,0.32701915843523405,0.0001953125,400.0001953125,0.3270191584348764,1.118825880831451,400.0,2,37,0,False,1.0,True,work/cases/case_2745/duration_0p0001953125.checkpoint.npz,ed39710dabbb582688904544fc0ae5fd6a94c4f264a76995d44b4a4ae17b78c2
2746,holmes_model3,46.0,201,9.200000000000001,relative_20pct,relative,15.0,0.2,0.5,0.5,polarized,0.3270191584351486,0.0001953125,390.0001953125,0.3270191584351486,1.118825880831825,390.0,2,36,0,False,1.0,True,work/cases/case_2746/duration_0p0001953125.checkpoint.npz,4f23fec1217817d7529de15d4acb578558a7af0d8ec128ac05f27c1c88795da0
2747,holmes_model3,46.0,201,9.200000000000001,relative_20pct,relative,15.0,0.2,1.0,1.0,polarized,0.32701915843515067,0.0001953125,380.0001953125,0.3270191584351024,1.118825880831748,380.0,2,36,0,False,1.0,True,work/cases/case_2747/duration_0p0001953125.checkpoint.npz,78ebf15738ae3d694ecb65fcaf8ab4db90b2cff1ad1eea84ee915a4a8ef7864c
2748,holmes_model3,46.0,201,9.200000000000001,relative_20pct,relative,15.0,0.2,2.0,2.0,polarized,0.3270191584351868,0.0001953125,370.0001953125,0.3270191584351868,1.118825880831858,370.0,2,36,0,False,1.0,True,work/cases/case_2748/duration_0p0001953125.checkpoint.npz,a192ebaeb8f5f83fce448697cc6065b2763bba9b57299328dc1f8d7cf6822096
2749,holmes_model3,46.0,201,9.200000000000001,relative_20pct,relative,15.0,0.2,4.0,4.0,polarized,0.32701915843515383,0.0001953125,360.0001953125,0.3270191584351294,1.1188258808318083,360.0,2,37,0,False,1.0,True,work/cases/case_2749/duration_0p0001953125.checkpoint.npz,6238a0a0dcbb447dbf45112ce66cbf36bfe6392617589c8988985481f2cee841
2750,holmes_model3,46.0,201,9.200000000000001,relative_20pct,relative,15.0,0.2,10.0,10.0,polarized,0.32701915843519735,0.0001953125,350.0001953125,0.32701915843512036,1.1188258808317808,350.0,2,38,0,False,1.0,True,work/cases/case_2750/duration_0p0001953125.checkpoint.npz,703f58c2172ffa2636c64884890a514b2007c17e54a25747ae014819b64eb95f
2751,holmes_model3,48.0,201,1.5,fixed_10pct,physical,15.0,0.1,0.1,0.1,polarized,0.32704454375220277,0.000390625,435.000390625,0.3270445437521625,1.11881115984072,435.0,3,35,0,False,0.5,True,work/cases/case_2751/duration_0p000390625.checkpoint.npz,7486c3beac006aca230558cbb9a2689ad720cf4424ce3b3e06d8bde12a520ce8
2752,holmes_model3,48.0,201,1.5,fixed_10pct,physical,15.0,0.1,0.25,0.25,polarized,0.3270445437522297,0.0001953125,435.0001953125,0.3270445437521478,1.1188111598406976,435.0,2,34,0,False,1.0,True,work/cases/case_2752/duration_0p0001953125.checkpoint.npz,6d5f82ba8a7daf32642a613d65dee398969302831cc78c05cf1db7cbd726b7b4
2753,holmes_model3,48.0,201,1.5,fixed_10pct,physical,15.0,0.1,0.5,0.5,polarized,0.32704454375239106,0.0001953125,425.0001953125,0.3270445437521071,1.1188111598406425,425.0,2,35,0,False,1.0,True,work/cases/case_2753/duration_0p0001953125.checkpoint.npz,fbbc26d3700f8c81b28fa10e61c0ee23481f6c61aa9dd99f0454e312275c4bbb
2754,holmes_model3,48.0,201,1.5,fixed_10pct,physical,15.0,0.1,1.0,1.0,polarized,0.3270445437524449,0.0001953125,415.0001953125,0.3270445437524449,1.1188111598410997,415.0,2,37,0,False,1.0,True,work/cases/case_2754/duration_0p0001953125.checkpoint.npz,ac657960c54b3ba12de4f2badcbd990919662723b89e02ae407bf3a9113b1530
2755,holmes_model3,48.0,201,1.5,fixed_10pct,physical,15.0,0.1,2.0,2.0,polarized,0.32704454375228387,0.0001953125,405.0001953125,0.3270445437520832,1.1188111598406154,405.0,2,37,0,False,1.0,True,work/cases/case_2755/duration_0p0001953125.checkpoint.npz,cd03447c2242094dcc970d9fd5157d603939a525991d8db208af6896b3e40eab
2756,holmes_model3,48.0,201,1.5,fixed_10pct,physical,15.0,0.1,4.0,4.0,polarized,0.32704454375219844,0.0001953125,395.0001953125,0.32704454375213526,1.1188111598406838,395.0,2,37,0,False,1.0,True,work/cases/case_2756/duration_0p0001953125.checkpoint.npz,d743e7cc35de030ebe2a50e296d3037a66da95166900b8cca9d07b218f520441
2757,holmes_model3,48.0,201,1.5,fixed_10pct,physical,15.0,0.1,10.0,10.0,polarized,0.327044543752181,0.0001953125,385.0001953125,0.32704454375207775,1.1188111598406063,385.0,2,36,0,False,1.0,True,work/cases/case_2757/duration_0p0001953125.checkpoint.npz,6f42cc02c4a01ebcd7df0255a389d6c94e89050bfe374b6c40ac52d83bcb6a6b
2758,holmes_model3,48.0,201,3.0,fixed_20pct,physical,15.0,0.2,0.1,0.1,polarized,0.32704454375218306,0.0001953125,440.0001953125,0.32704454375214775,1.118811159840693,440.0,2,38,0,False,1.0,True,work/cases/case_2758/duration_0p0001953125.checkpoint.npz,e4a12d4f81cfc8112a9d4e513eee99998f6801f8aadcf3752098fe01301fc03e
2759,holmes_model3,48.0,201,3.0,fixed_20pct,physical,15.0,0.2,0.25,0.25,polarized,0.32704454375256575,0.0001953125,425.0001953125,0.3270445437508658,1.11881115983899,425.0,2,35,0,False,1.0,True,work/cases/case_2759/duration_0p0001953125.checkpoint.npz,94f41d99eafb1d66c7a1627b55d072e6f24e1ca046b99330e74c133962bcb523
2760,holmes_model3,48.0,201,3.0,fixed_20pct,physical,15.0,0.2,0.5,0.5,polarized,0.32704454375220043,0.0001953125,415.0001953125,0.32704454375141856,1.1188111598397512,415.0,2,37,0,False,1.0,True,work/cases/case_2760/duration_0p0001953125.checkpoint.npz,9e2fbcbf12f13f784cbeb7c6e40e64b7ab4301096d857f0f7f2f0ad32ba271ed
2761,holmes_model3,48.0,201,3.0,fixed_20pct,physical,15.0,0.2,1.0,1.0,polarized,0.32704454375226866,0.0001953125,405.0001953125,0.32704454375213793,1.1188111598406807,405.0,2,38,0,False,1.0,True,work/cases/case_2761/duration_0p0001953125.checkpoint.npz,5c226291a9fc4fece11ec6456c5cc1d94b24db0054128ac14d63050f5de2a582
2762,holmes_model3,48.0,201,3.0,fixed_20pct,physical,15.0,0.2,2.0,2.0,polarized,0.3270445437521494,0.0001953125,395.0001953125,0.32704454375209135,1.1188111598406225,395.0,2,38,0,False,1.0,True,work/cases/case_2762/duration_0p0001953125.checkpoint.npz,e19e1d9e680643896eed52b6918867f34c218ffd0682c5cab79b79fe9e9ad22d
2763,holmes_model3,48.0,201,3.0,fixed_20pct,physical,15.0,0.2,4.0,4.0,polarized,0.3270445437521498,0.0001953125,390.0001953125,0.327044543752068,1.1188111598405992,390.0,2,37,0,False,1.0,True,work/cases/case_2763/duration_0p0001953125.checkpoint.npz,68b3baee3f4e71b390ef170eb6f7217da6a10e0be1ed392f5617524d1e8cbb72
2764,holmes_model3,48.0,201,3.0,fixed_20pct,physical,15.0,0.2,10.0,10.0,polarized,0.32704454375214304,0.0001953125,375.0001953125,0.3270445437520911,1.118811159840623,375.0,2,37,0,False,1.0,True,work/cases/case_2764/duration_0p0001953125.checkpoint.npz,7451f3c8a30331ffa2e8aa50004a2137925aaa14d67b2e3e6a17709f189026a4
2765,holmes_model3,48.0,201,9.600000000000001,relative_20pct,relative,15.0,0.2,0.1,0.1,polarized,0.3270445437522056,0.0001953125,430.0001953125,0.3270445437520997,1.118811159840629,430.0,2,35,0,False,1.0,True,work/cases/case_2765/duration_0p0001953125.checkpoint.npz,7b929aeb89ba982bd3a6e719dea8857dc1a039cb9f9a5fc8b7d126ce2f89924e
2766,holmes_model3,48.0,201,9.600000000000001,relative_20pct,relative,15.0,0.2,0.25,0.25,polarized,0.32704454375223496,0.0001953125,415.0001953125,0.32704454375223496,1.118811159840813,415.0,2,35,0,False,1.0,True,work/cases/case_2766/duration_0p0001953125.checkpoint.npz,270a1e1270ae2d0b9b8d64a66affdb1b9aad3e4f9a83d94926024c0e21a7c045
2767,holmes_model3,48.0,201,9.600000000000001,relative_20pct,relative,15.0,0.2,0.5,0.5,polarized,0.32704454375222464,0.0001953125,405.0001953125,0.3270445437521132,1.1188111598406523,405.0,2,36,0,False,1.0,True,work/cases/case_2767/duration_0p0001953125.checkpoint.npz,ab808425e1fce63e6a834aa5c4ce4e121ef866fdc8ace29cf3a86839ed8f9fa6
2768,holmes_model3,48.0,201,9.600000000000001,relative_20pct,relative,15.0,0.2,1.0,1.0,polarized,0.3270445437522671,0.0001953125,395.0001953125,0.327044543752134,1.1188111598406794,395.0,2,35,0,False,1.0,True,work/cases/case_2768/duration_0p0001953125.checkpoint.npz,efed7ba04566e037d8195f3677200e7497aa5a41e747afc6dff1971539a133f4
2769,holmes_model3,48.0,201,9.600000000000001,relative_20pct,relative,15.0,0.2,2.0,2.0,polarized,0.32704454375218306,0.0001953125,390.0001953125,0.32704454375218306,1.1188111598407455,390.0,2,34,0,False,1.0,True,work/cases/case_2769/duration_0p0001953125.checkpoint.npz,94439626eb4e3f20ee3e482ed9afa520c7507a0d9c6a8b8a9cb0db386dc41987
2770,holmes_model3,48.0,201,9.600000000000001,relative_20pct,relative,15.0,0.2,4.0,4.0,polarized,0.327044543752142,0.0001953125,380.0001953125,0.32704454375212033,1.1188111598406638,380.0,2,37,0,False,1.0,True,work/cases/case_2770/duration_0p0001953125.checkpoint.npz,58e8610cdcec2847a7a5ab4e1a04b7ca47ffdfd8ef7d793082f0fbfbc1304653
2771,holmes_model3,48.0,201,9.600000000000001,relative_20pct,relative,15.0,0.2,10.0,10.0,polarized,0.32704454375221287,0.0001953125,365.0001953125,0.32704454375211983,1.1188111598406623,365.0,2,38,0,False,1.0,True,work/cases/case_2771/duration_0p0001953125.checkpoint.npz,e6f23050f63642410ea23311eefc921e98d7af15b60d79129f085245620d0571
2772,holmes_model3,50.0,201,1.5,fixed_10pct,physical,15.0,0.1,0.1,0.1,polarized,0.3270665159847318,0.002409704414699908,430.0024097044147,0.3270665159847318,1.1187976085347018,430.0,4,35,0,False,0.08299595679532878,True,work/cases/case_2772/duration_0p0024097044147.checkpoint.npz,99f75560bc705409bcfa1588f9647a6d6500e96aed2c575f6ddd3be79068c55b
2773,holmes_model3,50.0,201,1.5,fixed_10pct,physical,15.0,0.1,0.25,0.25,polarized,0.32706651598465103,0.000929068058595876,430.0009290680586,0.3270665159845823,1.118797608534503,430.0,3,38,0,False,0.15910358474628555,True,work/cases/case_2773/duration_0p000929068058596.checkpoint.npz,95dc6fb6fbc056f1b3a188a3a369afe7f9cbd5bf0f446f71d7773e75494f5b84
2774,holmes_model3,50.0,201,1.5,fixed_10pct,physical,15.0,0.1,0.5,0.5,polarized,0.3270665159846116,0.0005524271728019904,425.0005524271728,0.32706651598446496,1.1187976085343718,425.0,3,37,0,False,0.2928932188134526,True,work/cases/case_2774/duration_0p000552427172802.checkpoint.npz,4cca7ab3574a753f8e004b66fc018c983df54b8d3bd3c8594720ebeb9159027c
2775,holmes_model3,50.0,201,1.5,fixed_10pct,physical,15.0,0.1,1.0,1.0,polarized,0.3270665159846859,0.000390625,420.000390625,0.32706651598456915,1.1187976085344928,420.0,3,36,0,False,0.5,True,work/cases/case_2775/duration_0p000390625.checkpoint.npz,3b265ba9ab7089356203207b4035e865dc1fa8d5c652587dc75337ce2f7a1fc9
2776,holmes_model3,50.0,201,1.5,fixed_10pct,physical,15.0,0.1,2.0,2.0,polarized,0.32706651598482683,0.0001953125,420.0001953125,0.32706651598456876,1.1187976085344762,420.0,7,41,0,False,1.0,True,work/cases/case_2776/duration_0p0001953125.checkpoint.npz,f65d5a291e1243b7d2c302bc0079fb764a721d67051fe8996caf707849d9e199
2777,holmes_model3,50.0,201,1.5,fixed_10pct,physical,15.0,0.1,4.0,4.0,polarized,0.32706651598458597,0.0001953125,415.0001953125,0.3270665159845422,1.1187976085344506,415.0,7,43,0,False,1.0,True,work/cases/case_2777/duration_0p0001953125.checkpoint.npz,caf6f31fa597feeb8775c2e0a1ffcbf24e2c344d3aeaf0f26fc88683025116f4
2778,holmes_model3,50.0,201,1.5,fixed_10pct,physical,15.0,0.1,10.0,10.0,polarized,0.3270665159845998,0.0001953125,400.0001953125,0.3270665159845842,1.1187976085344928,400.0,2,37,0,False,1.0,True,work/cases/case_2778/duration_0p0001953125.checkpoint.npz,1d9e3a6668cb07fd47b13b1e3f164cbe3d38c94db9c3905551d18af9a5ee3013
2779,holmes_model3,50.0,201,3.0,fixed_20pct,physical,15.0,0.2,0.1,0.1,polarized,0.3270665159848022,0.001313900648833929,430.0013139006488,0.3270665159848022,1.1187976085348035,430.0,4,36,0,False,0.15910358474628536,True,work/cases/case_2779/duration_0p00131390064883.checkpoint.npz,62b0d88f339f26612b65b0e4d7758f3711cdb21910f6c7297c1fa298ce42c72f
2780,holmes_model3,50.0,201,3.0,fixed_20pct,physical,15.0,0.2,0.25,0.25,polarized,0.3270665159850092,0.0005524271728019904,430.0005524271728,0.3270665159850092,1.1187976085350917,430.0,3,37,0,False,0.2928932188134526,True,work/cases/case_2780/duration_0p000552427172802.checkpoint.npz,dc242028621dbdc292d9e1f39f67259c18218eb8a21459c6ecf20f5188297211
2781,holmes_model3,50.0,201,3.0,fixed_20pct,physical,15.0,0.2,0.5,0.5,polarized,0.32706651598460024,0.000390625,425.000390625,0.3270665159845536,1.1187976085344538,425.0,3,34,0,False,0.5,True,work/cases/case_2781/duration_0p000390625.checkpoint.npz,d39ecde01675134121c8822be7269bf9a518a6f25ddeaabf3d7451c8a1d0b175
2782,holmes_model3,50.0,201,3.0,fixed_20pct,physical,15.0,0.2,1.0,1.0,polarized,0.3270665159845957,0.0001953125,425.0001953125,0.32706651598456116,1.1187976085344689,425.0,2,38,0,False,1.0,True,work/cases/case_2782/duration_0p0001953125.checkpoint.npz,a06220e3c1f401bc0f0f7dd865dd7b7c9c5deaf8d2c9d4d937dba17e6fc9b3e7
2783,holmes_model3,50.0,201,3.0,fixed_20pct,physical,15.0,0.2,2.0,2.0,polarized,0.3270665159846132,0.0001953125,415.0001953125,0.3270665159846132,1.1187976085345417,415.0,2,37,0,False,1.0,True,work/cases/case_2783/duration_0p0001953125.checkpoint.npz,0a15034d320203324646092a313f90c3c540264cdea4582402baed7621e22db9
2784,holmes_model3,50.0,201,3.0,fixed_20pct,physical,15.0,0.2,4.0,4.0,polarized,0.32706651598461206,0.0001953125,405.0001953125,0.3270665159845321,1.1187976085344347,405.0,2,38,0,False,1.0,True,work/cases/case_2784/duration_0p0001953125.checkpoint.npz,4265b7cbbaf4cb72de55c6f30e6f5bf1d2709c8d055b8e21a9dfb65aef9e99c5
2785,holmes_model3,50.0,201,3.0,fixed_20pct,physical,15.0,0.2,10.0,10.0,polarized,0.32706651598459535,0.0001953125,390.0001953125,0.3270665159845253,1.1187976085344156,390.0,2,36,0,False,1.0,True,work/cases/case_2785/duration_0p0001953125.checkpoint.npz,48c6006171c8835bea4d5298badb1e9c5d916a6ea0ae548be660d0274678f362
2786,holmes_model3,50.0,201,10.0,relative_20pct,relative,15.0,0.2,0.1,0.1,polarized,0.3270665159846018,0.000390625,435.000390625,0.3270665159845591,1.118797608534467,435.0,3,37,0,False,0.5,True,work/cases/case_2786/duration_0p000390625.checkpoint.npz,ead6d9d8e8fd757f5df9e32f45c8603036cd58d9de6657d95c7587bdc4426132
2787,holmes_model3,50.0,201,10.0,relative_20pct,relative,15.0,0.2,0.25,0.25,polarized,0.32706651598459113,0.0001953125,430.0001953125,0.3270665159845525,1.1187976085344415,430.0,2,32,0,False,1.0,True,work/cases/case_2787/duration_0p0001953125.checkpoint.npz,213e26ebe0252acbc87b62e98da8844c963ca96e013cfe632d567910283088bc
2788,holmes_model3,50.0,201,10.0,relative_20pct,relative,15.0,0.2,0.5,0.5,polarized,0.3270665159845822,0.0001953125,420.0001953125,0.3270665159844734,1.1187976085343556,420.0,2,36,0,False,1.0,True,work/cases/case_2788/duration_0p0001953125.checkpoint.npz,dcf589ba32c9bf4cd3993dc7a34dccc2912789f7e80fffcd222bb608f522d169
2789,holmes_model3,50.0,201,10.0,relative_20pct,relative,15.0,0.2,1.0,1.0,polarized,0.32706651598461783,0.0001953125,415.0001953125,0.3270665159846082,1.118797608534533,415.0,2,37,0,False,1.0,True,work/cases/case_2789/duration_0p0001953125.checkpoint.npz,eec5e986a5d9949bfee78009a905fa65d46babbbed2d6ee97c20cd9051bd145c
2790,holmes_model3,50.0,201,10.0,relative_20pct,relative,15.0,0.2,2.0,2.0,polarized,0.32706651598459013,0.0001953125,405.0001953125,0.327066515984544,1.1187976085344633,405.0,2,36,0,False,1.0,True,work/cases/case_2790/duration_0p0001953125.checkpoint.npz,3fe9ec35db01946da9daf6208f22e3ed0acbade16b9b760571d0b23fd07c37f0
2791,holmes_model3,50.0,201,10.0,relative_20pct,relative,15.0,0.2,4.0,4.0,polarized,0.3270665159845914,0.0001953125,395.0001953125,0.3270665159845724,1.1187976085344822,395.0,2,36,0,False,1.0,True,work/cases/case_2791/duration_0p0001953125.checkpoint.npz,2e4ad6ba391812fd98e570657ac65802c0e96f652daff0df8610f38441eb634a
2792,holmes_model3,50.0,201,10.0,relative_20pct,relative,15.0,0.2,10.0,10.0,polarized,0.32706651598460296,0.0001953125,380.0001953125,0.3270665159845628,1.1187976085344729,380.0,2,37,0,False,1.0,True,work/cases/case_2792/duration_0p0001953125.checkpoint.npz,59d875a44ca94bdd295fe0e18d51642bdb84478418d6199b80ec08426b2d4e72
2793,spring,0.6,201,0.1,fixed_10pct,physical,1.0,0.1,0.1,0.4,polarized,0.08872884784047592,0.0,150.0,0.08872884588686623,0.39445856177869454,150.0,2,52,0,False,0.0,False,work/cases/case_2793/duration_0.checkpoint.npz,c970ebaf9f54d5a5e1574831bf1c1d07a930d6a4611a6bd865d9dc0d2de498da
2794,spring,0.6,201,0.1,fixed_10pct,physical,1.0,0.1,0.25,1.0,polarized,0.08872884763343154,0.0,150.0,0.08872884588686623,0.39445856177869454,150.0,2,50,0,False,0.0,False,work/cases/case_2794/duration_0.checkpoint.npz,c970ebaf9f54d5a5e1574831bf1c1d07a930d6a4611a6bd865d9dc0d2de498da
2795,spring,0.6,201,0.1,fixed_10pct,physical,1.0,0.1,0.5,2.0,polarized,0.0887288481752698,0.0,150.0,0.08872884588686623,0.39445856177869454,150.0,2,50,0,False,0.0,False,work/cases/case_2795/duration_0.checkpoint.npz,c970ebaf9f54d5a5e1574831bf1c1d07a930d6a4611a6bd865d9dc0d2de498da
2796,spring,0.6,201,0.1,fixed_10pct,physical,1.0,0.1,1.0,4.0,polarized,0.08872884762270906,0.0,150.0,0.08872884588686623,0.39445856177869454,150.0,2,44,0,False,0.0,False,work/cases/case_2796/duration_0.checkpoint.npz,c970ebaf9f54d5a5e1574831bf1c1d07a930d6a4611a6bd865d9dc0d2de498da
2797,spring,0.6,201,0.1,fixed_10pct,physical,1.0,0.1,2.0,8.0,polarized,0.08872884769533611,0.0,150.0,0.08872884588686623,0.39445856177869454,150.0,2,66,0,False,0.0,False,work/cases/case_2797/duration_0.checkpoint.npz,c970ebaf9f54d5a5e1574831bf1c1d07a930d6a4611a6bd865d9dc0d2de498da
2798,spring,0.6,201,0.1,fixed_10pct,physical,1.0,0.1,4.0,16.0,polarized,0.08872884722168621,0.0,150.0,0.08872884588686623,0.39445856177869454,150.0,2,55,0,False,0.0,False,work/cases/case_2798/duration_0.checkpoint.npz,c970ebaf9f54d5a5e1574831bf1c1d07a930d6a4611a6bd865d9dc0d2de498da
2799,spring,0.6,201,0.1,fixed_10pct,physical,1.0,0.1,10.0,40.0,polarized,0.08872884721610455,0.0,150.0,0.08872884588686623,0.39445856177869454,150.0,2,53,0,False,0.0,False,work/cases/case_2799/duration_0.checkpoint.npz,c970ebaf9f54d5a5e1574831bf1c1d07a930d6a4611a6bd865d9dc0d2de498da
2800,spring,0.6,201,0.2,fixed_20pct,physical,1.0,0.2,0.1,0.4,polarized,0.088728847847929,0.0,150.0,0.08872884588686623,0.39445856177869454,150.0,2,54,0,False,0.0,False,work/cases/case_2800/duration_0.checkpoint.npz,c970ebaf9f54d5a5e1574831bf1c1d07a930d6a4611a6bd865d9dc0d2de498da
2801,spring,0.6,201,0.2,fixed_20pct,physical,1.0,0.2,0.25,1.0,polarized,0.08872884701173711,0.0,150.0,0.08872884588686623,0.39445856177869454,150.0,2,43,0,False,0.0,False,work/cases/case_2801/duration_0.checkpoint.npz,c970ebaf9f54d5a5e1574831bf1c1d07a930d6a4611a6bd865d9dc0d2de498da
2802,spring,0.6,201,0.2,fixed_20pct,physical,1.0,0.2,0.5,2.0,polarized,0.08872884733302067,0.0,150.0,0.08872884588686623,0.39445856177869454,150.0,2,58,0,False,0.0,False,work/cases/case_2802/duration_0.checkpoint.npz,c970ebaf9f54d5a5e1574831bf1c1d07a930d6a4611a6bd865d9dc0d2de498da
2803,spring,0.6,201,0.2,fixed_20pct,physical,1.0,0.2,1.0,4.0,polarized,0.08872884744655447,0.0,150.0,0.08872884588686623,0.39445856177869454,150.0,2,52,0,False,0.0,False,work/cases/case_2803/duration_0.checkpoint.npz,c970ebaf9f54d5a5e1574831bf1c1d07a930d6a4611a6bd865d9dc0d2de498da
2804,spring,0.6,201,0.2,fixed_20pct,physical,1.0,0.2,2.0,8.0,polarized,0.08872884784475969,0.0,150.0,0.08872884588686623,0.39445856177869454,150.0,2,50,0,False,0.0,False,work/cases/case_2804/duration_0.checkpoint.npz,c970ebaf9f54d5a5e1574831bf1c1d07a930d6a4611a6bd865d9dc0d2de498da
2805,spring,0.6,201,0.2,fixed_20pct,physical,1.0,0.2,4.0,16.0,polarized,0.08872884713037382,0.0,150.0,0.08872884588686623,0.39445856177869454,150.0,2,46,0,False,0.0,False,work/cases/case_2805/duration_0.checkpoint.npz,c970ebaf9f54d5a5e1574831bf1c1d07a930d6a4611a6bd865d9dc0d2de498da
2806,spring,0.6,201,0.2,fixed_20pct,physical,1.0,0.2,10.0,40.0,polarized,0.08872884749070921,0.0,150.0,0.08872884588686623,0.39445856177869454,150.0,2,33,0,False,0.0,False,work/cases/case_2806/duration_0.checkpoint.npz,c970ebaf9f54d5a5e1574831bf1c1d07a930d6a4611a6bd865d9dc0d2de498da
2807,spring,0.6,201,0.12,relative_20pct,relative,1.0,0.2,0.1,0.4,polarized,0.08872884696268632,0.0,150.0,0.08872884588686623,0.39445856177869454,150.0,2,43,0,False,0.0,False,work/cases/case_2807/duration_0.checkpoint.npz,c970ebaf9f54d5a5e1574831bf1c1d07a930d6a4611a6bd865d9dc0d2de498da
2808,spring,0.6,201,0.12,relative_20pct,relative,1.0,0.2,0.25,1.0,polarized,0.08872884768188709,0.0,150.0,0.08872884588686623,0.39445856177869454,150.0,2,55,0,False,0.0,False,work/cases/case_2808/duration_0.checkpoint.npz,c970ebaf9f54d5a5e1574831bf1c1d07a930d6a4611a6bd865d9dc0d2de498da
2809,spring,0.6,201,0.12,relative_20pct,relative,1.0,0.2,0.5,2.0,polarized,0.08872884811204632,0.0,150.0,0.08872884588686623,0.39445856177869454,150.0,2,46,0,False,0.0,False,work/cases/case_2809/duration_0.checkpoint.npz,c970ebaf9f54d5a5e1574831bf1c1d07a930d6a4611a6bd865d9dc0d2de498da
2810,spring,0.6,201,0.12,relative_20pct,relative,1.0,0.2,1.0,4.0,polarized,0.08872884766542732,0.0,150.0,0.08872884588686623,0.39445856177869454,150.0,2,39,0,False,0.0,False,work/cases/case_2810/duration_0.checkpoint.npz,c970ebaf9f54d5a5e1574831bf1c1d07a930d6a4611a6bd865d9dc0d2de498da
2811,spring,0.6,201,0.12,relative_20pct,relative,1.0,0.2,2.0,8.0,polarized,0.0887288470867432,0.0,150.0,0.08872884588686623,0.39445856177869454,150.0,2,50,0,False,0.0,False,work/cases/case_2811/duration_0.checkpoint.npz,c970ebaf9f54d5a5e1574831bf1c1d07a930d6a4611a6bd865d9dc0d2de498da
2812,spring,0.6,201,0.12,relative_20pct,relative,1.0,0.2,4.0,16.0,polarized,0.08872884748933257,0.0,150.0,0.08872884588686623,0.39445856177869454,150.0,2,50,0,False,0.0,False,work/cases/case_2812/duration_0.checkpoint.npz,c970ebaf9f54d5a5e1574831bf1c1d07a930d6a4611a6bd865d9dc0d2de498da
2813,spring,0.6,201,0.12,relative_20pct,relative,1.0,0.2,10.0,40.0,polarized,0.08872884706146067,0.0,150.0,0.08872884588686623,0.39445856177869454,150.0,2,45,0,False,0.0,False,work/cases/case_2813/duration_0.checkpoint.npz,c970ebaf9f54d5a5e1574831bf1c1d07a930d6a4611a6bd865d9dc0d2de498da
2814,spring,0.7,201,0.1,fixed_10pct,physical,1.0,0.1,0.1,0.4,polarized,0.09203807256438455,0.0031833806365571173,185.00318338063656,0.09203806914677765,0.4209867209220617,185.0,2,55,0,False,0.00984054997133106,False,work/cases/case_2814/duration_0p00318338063656.checkpoint.npz,35059ee1a2647e2f5d92edf7f863ed21422e208c2d3df75d89638a6dd8258561
2815,spring,0.7,201,0.1,fixed_10pct,physical,1.0,0.1,0.25,1.0,polarized,0.0920380731177672,0.0007879904225539432,185.00078799042257,0.09203806913291114,0.42098672087756006,185.0,2,62,0,False,0.010771986806024553,True,work/cases/case_2815/duration_0p000787990422554.checkpoint.npz,eba21b3c998e36d08c120cfb25548c0ceb238f12c5acaaf7c54f2053cab413b2
2816,spring,0.7,201,0.1,fixed_10pct,physical,1.0,0.1,0.5,2.0,polarized,0.0920380732194525,0.029460004610069295,180.02946000461006,0.09203807098806205,0.4209867268312385,180.0,2,45,0,False,0.009840549971330981,False,work/cases/case_2816/duration_0p0294600046101.checkpoint.npz,9049256e77a71a5ff458521b5ff3594a5b91d594aada0dc423c7d73e356749bc
2817,spring,0.7,201,0.1,fixed_10pct,physical,1.0,0.1,1.0,4.0,polarized,0.09203807252099318,0.00491883840266267,185.00491883840266,0.09203806910133878,0.42098672077623633,185.0,2,38,0,False,0.009840549971330983,False,work/cases/case_2817/duration_0p00491883840266.checkpoint.npz,26d3e28d1a09037ad288d3cb18e0fda85fd9a031f970a2f4a4500fc3b6c70cee
2818,spring,0.7,201,0.1,fixed_10pct,physical,1.0,0.1,2.0,8.0,polarized,0.09203807321195272,0.003311829905320565,185.00331182990533,0.09203806921295861,0.42098672113445434,185.0,2,56,0,False,0.009840549971330964,False,work/cases/case_2818/duration_0p00331182990532.checkpoint.npz,9254c57e4dd3d3f8ec976ed6931f473f5442aedca7382a9223b5f889d660db98
2819,spring,0.7,201,0.1,fixed_10pct,physical,1.0,0.1,4.0,16.0,polarized,0.09203807322260214,0.0019891988469672665,180.00198919884696,0.09203806922843043,0.4209867211841073,180.0,2,47,0,False,0.005400576516366741,False,work/cases/case_2819/duration_0p00198919884697.checkpoint.npz,b0abd6dd134558303b2799a2e758c672e7d2f4e8bec6972260bde5821d22da87
2820,spring,0.7,201,0.1,fixed_10pct,physical,1.0,0.1,10.0,40.0,polarized,0.09203807253312182,0.0006994898362691556,180.00069948983628,0.09203806928493975,0.4209867213654611,180.0,2,54,0,False,0.010771986806024439,True,work/cases/case_2820/duration_0p000699489836269.checkpoint.npz,97794d468e53a8bcd938533b1a20592672a91a99b1500e075d484e23eac79acf
2821,spring,0.7,201,0.2,fixed_20pct,physical,1.0,0.2,0.1,0.4,polarized,0.09203807318509669,0.00033856388673422316,180.00033856388674,0.09203807279760731,0.42098673263855546,180.0,2,58,0,False,0.02142793791229987,True,work/cases/case_2821/duration_0p000338563886734.checkpoint.npz,c77bdb671fe6ea9f987727fd51317d57c1bdbc0aaacacac26ddcc1afa27559e8
2822,spring,0.7,201,0.2,fixed_20pct,physical,1.0,0.2,0.25,1.0,polarized,0.09203807334553998,0.0029412345843823993,180.00294123458437,0.09203806915731608,0.4209867209558825,180.0,2,51,0,False,0.009840549971331018,False,work/cases/case_2822/duration_0p00294123458438.checkpoint.npz,d1832ec50d03540d8c88b17fb9a8796f547133fc28c7e71d1003f43905ec8ddc
2823,spring,0.7,201,0.2,fixed_20pct,physical,1.0,0.2,0.5,2.0,polarized,0.09203807277387026,0.0023428679335730476,185.00234286793358,0.09203806888068992,0.42098672006811444,185.0,2,44,0,False,0.009840549971330955,False,work/cases/case_2823/duration_0p00234286793357.checkpoint.npz,c31c6e5e445b1403270540bea98c00981b41c8f25cd10afd97b4272d65327279
2824,spring,0.7,201,0.2,fixed_20pct,physical,1.0,0.2,1.0,4.0,polarized,0.0920380730436917,0.001275941778396392,180.0012759417784,0.09203806917115004,0.4209867210002789,180.0,2,53,0,False,0.00540057651636677,False,work/cases/case_2824/duration_0p0012759417784.checkpoint.npz,08836b30c6a9e6d5e38ad1467be74bb463fe819b2157c274a28a1ebd24be3f09
2825,spring,0.7,201,0.2,fixed_20pct,physical,1.0,0.2,2.0,8.0,polarized,0.09203807276480828,0.001785016611318935,185.0017850166113,0.09203806922446874,0.4209867211713918,185.0,2,57,0,False,0.005400576516366885,False,work/cases/case_2825/duration_0p00178501661132.checkpoint.npz,270261118f5ef8231643d333df3680024df7e70efd34e92133cd1d49ba7f2ada
2826,spring,0.7,201,0.2,fixed_20pct,physical,1.0,0.2,4.0,16.0,polarized,0.09203807251694743,0.003121036471289743,180.0031210364713,0.09203807105694042,0.4209867270522878,180.0,2,38,0,False,0.009840549971330952,False,work/cases/case_2826/duration_0p00312103647129.checkpoint.npz,413793e0fb0a22f0c635fea9202eb92630a1e296efa20ecf12bc834563f7f0bf
2827,spring,0.7,201,0.2,fixed_20pct,physical,1.0,0.2,10.0,40.0,polarized,0.09203807293953016,0.0011956643920398274,180.00119566439204,0.09203807075629268,0.4209867260874277,180.0,2,43,0,False,0.005400576516366754,False,work/cases/case_2827/duration_0p00119566439204.checkpoint.npz,d926ddb843fdcde7c1db7feaf5fa805aa6e96eade31e326f01743e8f7539ec6d
2828,spring,0.7,201,0.13999999999999999,relative_20pct,relative,1.0,0.2,0.1,0.4,polarized,0.09203807287863168,0.0009892280131939756,180.0009892280132,0.09203806884010866,0.4209867199378782,180.0,2,58,0,False,0.01077198680602454,True,work/cases/case_2828/duration_0p000989228013194.checkpoint.npz,3db25dc85425af7b68b327b878cbb6e49de018053dd3f158650597ee1d8bff5f
2829,spring,0.7,201,0.13999999999999999,relative_20pct,relative,1.0,0.2,0.25,1.0,polarized,0.09203807277794189,0.001559004400237837,185.00155900440024,0.09203807133948987,0.4209867279590649,185.0,2,52,0,False,0.005400576516366756,False,work/cases/case_2829/duration_0p00155900440024.checkpoint.npz,376feb79d7282a10d4aa89c11f7ffcaf54ad497891c8993fa83f41f9161c300f
2830,spring,0.7,201,0.13999999999999999,relative_20pct,relative,1.0,0.2,0.5,2.0,polarized,0.09203807328698602,0.000522136891213707,185.00052213689122,0.09203807016975811,0.42098672420508143,185.0,2,48,0,False,0.010771986806024616,True,work/cases/case_2830/duration_0p000522136891214.checkpoint.npz,66cb80ef35e6e0b1eac4144f6e080e22d85ebccae1ef67cd5024350eb533926f
2831,spring,0.7,201,0.13999999999999999,relative_20pct,relative,1.0,0.2,1.0,4.0,polarized,0.09203807279942146,0.0035844863405827456,185.00358448634057,0.09203806894961311,0.4209867202893065,185.0,2,49,0,False,0.009840549971331006,False,work/cases/case_2831/duration_0p00358448634058.checkpoint.npz,fab977ccec42325963b7e71ac482ca47d101553ba92535e1099109b4f06f9bae
2832,spring,0.7,201,0.13999999999999999,relative_20pct,relative,1.0,0.2,2.0,8.0,polarized,0.09203807334738834,0.0015422108254079408,180.00154221082542,0.09203807071642155,0.42098672595947095,180.0,2,49,0,False,0.005400576516366894,False,work/cases/case_2832/duration_0p00154221082541.checkpoint.npz,3e024545408770ba88ca7b3e3cdfde93514a4a07f2d13754888dab549cf6335e
2833,spring,0.7,201,0.13999999999999999,relative_20pct,relative,1.0,0.2,4.0,16.0,polarized,0.09203807287284227,0.0022969845905719166,180.00229698459057,0.09203807104625984,0.4209867270180103,180.0,2,56,0,False,0.009840549971331014,False,work/cases/case_2833/duration_0p00229698459057.checkpoint.npz,22bb1dd9a4691ffb1ad704364be6663b878b32cd332e179ea6e9a08bacce8e6a
2834,spring,0.7,201,0.13999999999999999,relative_20pct,relative,1.0,0.2,10.0,40.0,polarized,0.09203807322372362,0.00011462550540058391,180.0001146255054,0.09203806916080856,0.4209867209670899,180.0,2,46,0,False,0.08299595679532878,True,work/cases/case_2834/duration_0p000114625505401.checkpoint.npz,f0666edc4236a1843b037f19587648a501aff6d4c23ea3d503c93c9868a60cd4
2835,spring,0.8,201,0.1,fixed_10pct,physical,1.0,0.1,0.1,0.4,polarized,0.0959289304072054,0.0,215.0,0.09592892923054001,0.4454278140050102,215.0,2,43,0,False,0.0,False,work/cases/case_2835/duration_0.checkpoint.npz,94031f31b887bede11eb7c31c507750beb09f0ab415a74417fdc79667970e120
2836,spring,0.8,201,0.1,fixed_10pct,physical,1.0,0.1,0.25,1.0,polarized,0.0959289313235105,0.0,215.0,0.09592892923054001,0.4454278140050102,215.0,2,40,0,False,0.0,False,work/cases/case_2836/duration_0.checkpoint.npz,94031f31b887bede11eb7c31c507750beb09f0ab415a74417fdc79667970e120
2837,spring,0.8,201,0.1,fixed_10pct,physical,1.0,0.1,0.5,2.0,polarized,0.09592893061911378,0.0,215.0,0.09592892923054001,0.4454278140050102,215.0,2,51,0,False,0.0,False,work/cases/case_2837/duration_0.checkpoint.npz,94031f31b887bede11eb7c31c507750beb09f0ab415a74417fdc79667970e120
2838,spring,0.8,201,0.1,fixed_10pct,physical,1.0,0.1,1.0,4.0,polarized,0.09592893165029145,0.0,215.0,0.09592892923054001,0.4454278140050102,215.0,2,44,0,False,0.0,False,work/cases/case_2838/duration_0.checkpoint.npz,94031f31b887bede11eb7c31c507750beb09f0ab415a74417fdc79667970e120
2839,spring,0.8,201,0.1,fixed_10pct,physical,1.0,0.1,2.0,8.0,polarized,0.09592893068967294,0.0,215.0,0.09592892923054001,0.4454278140050102,215.0,2,43,0,False,0.0,False,work/cases/case_2839/duration_0.checkpoint.npz,94031f31b887bede11eb7c31c507750beb09f0ab415a74417fdc79667970e120
2840,spring,0.8,201,0.1,fixed_10pct,physical,1.0,0.1,4.0,16.0,polarized,0.09592893030851639,0.0,215.0,0.09592892923054001,0.4454278140050102,215.0,2,42,0,False,0.0,False,work/cases/case_2840/duration_0.checkpoint.npz,94031f31b887bede11eb7c31c507750beb09f0ab415a74417fdc79667970e120
2841,spring,0.8,201,0.1,fixed_10pct,physical,1.0,0.1,10.0,40.0,polarized,0.09592893040259387,0.0,215.0,0.09592892923054001,0.4454278140050102,215.0,2,45,0,False,0.0,False,work/cases/case_2841/duration_0.checkpoint.npz,94031f31b887bede11eb7c31c507750beb09f0ab415a74417fdc79667970e120
2842,spring,0.8,201,0.2,fixed_20pct,physical,1.0,0.2,0.1,0.4,polarized,0.0959289301814949,0.0,215.0,0.09592892923054001,0.4454278140050102,215.0,2,51,0,False,0.0,False,work/cases/case_2842/duration_0.checkpoint.npz,94031f31b887bede11eb7c31c507750beb09f0ab415a74417fdc79667970e120
2843,spring,0.8,201,0.2,fixed_20pct,physical,1.0,0.2,0.25,1.0,polarized,0.09592893147566342,0.0,215.0,0.09592892923054001,0.4454278140050102,215.0,2,49,0,False,0.0,False,work/cases/case_2843/duration_0.checkpoint.npz,94031f31b887bede11eb7c31c507750beb09f0ab415a74417fdc79667970e120
2844,spring,0.8,201,0.2,fixed_20pct,physical,1.0,0.2,0.5,2.0,polarized,0.09592893054908842,0.0,215.0,0.09592892923054001,0.4454278140050102,215.0,2,54,0,False,0.0,False,work/cases/case_2844/duration_0.checkpoint.npz,94031f31b887bede11eb7c31c507750beb09f0ab415a74417fdc79667970e120
2845,spring,0.8,201,0.2,fixed_20pct,physical,1.0,0.2,1.0,4.0,polarized,0.09592893056378372,0.0,215.0,0.09592892923054001,0.4454278140050102,215.0,2,53,0,False,0.0,False,work/cases/case_2845/duration_0.checkpoint.npz,94031f31b887bede11eb7c31c507750beb09f0ab415a74417fdc79667970e120
2846,spring,0.8,201,0.2,fixed_20pct,physical,1.0,0.2,2.0,8.0,polarized,0.09592893074292344,0.0,215.0,0.09592892923054001,0.4454278140050102,215.0,2,40,0,False,0.0,False,work/cases/case_2846/duration_0.checkpoint.npz,94031f31b887bede11eb7c31c507750beb09f0ab415a74417fdc79667970e120
2847,spring,0.8,201,0.2,fixed_20pct,physical,1.0,0.2,4.0,16.0,polarized,0.09592893085465021,0.0,215.0,0.09592892923054001,0.4454278140050102,215.0,2,40,0,False,0.0,False,work/cases/case_2847/duration_0.checkpoint.npz,94031f31b887bede11eb7c31c507750beb09f0ab415a74417fdc79667970e120
2848,spring,0.8,201,0.2,fixed_20pct,physical,1.0,0.2,10.0,40.0,polarized,0.09592893062208208,0.0,215.0,0.09592892923054001,0.4454278140050102,215.0,2,57,0,False,0.0,False,work/cases/case_2848/duration_0.checkpoint.npz,94031f31b887bede11eb7c31c507750beb09f0ab415a74417fdc79667970e120
2849,spring,0.8,201,0.16000000000000003,relative_20pct,relative,1.0,0.2,0.1,0.4,polarized,0.09592893118338537,0.0,215.0,0.09592892923054001,0.4454278140050102,215.0,2,61,0,False,0.0,False,work/cases/case_2849/duration_0.checkpoint.npz,94031f31b887bede11eb7c31c507750beb09f0ab415a74417fdc79667970e120
2850,spring,0.8,201,0.16000000000000003,relative_20pct,relative,1.0,0.2,0.25,1.0,polarized,0.09592893123073787,0.0,215.0,0.09592892923054001,0.4454278140050102,215.0,2,51,0,False,0.0,False,work/cases/case_2850/duration_0.checkpoint.npz,94031f31b887bede11eb7c31c507750beb09f0ab415a74417fdc79667970e120
2851,spring,0.8,201,0.16000000000000003,relative_20pct,relative,1.0,0.2,0.5,2.0,polarized,0.09592893080510542,0.0,215.0,0.09592892923054001,0.4454278140050102,215.0,2,33,0,False,0.0,False,work/cases/case_2851/duration_0.checkpoint.npz,94031f31b887bede11eb7c31c507750beb09f0ab415a74417fdc79667970e120
2852,spring,0.8,201,0.16000000000000003,relative_20pct,relative,1.0,0.2,1.0,4.0,polarized,0.09592893082103304,0.0,215.0,0.09592892923054001,0.4454278140050102,215.0,2,51,0,False,0.0,False,work/cases/case_2852/duration_0.checkpoint.npz,94031f31b887bede11eb7c31c507750beb09f0ab415a74417fdc79667970e120
2853,spring,0.8,201,0.16000000000000003,relative_20pct,relative,1.0,0.2,2.0,8.0,polarized,0.09592893150358035,0.0,215.0,0.09592892923054001,0.4454278140050102,215.0,2,41,0,False,0.0,False,work/cases/case_2853/duration_0.checkpoint.npz,94031f31b887bede11eb7c31c507750beb09f0ab415a74417fdc79667970e120
2854,spring,0.8,201,0.16000000000000003,relative_20pct,relative,1.0,0.2,4.0,16.0,polarized,0.09592893048772795,0.0,215.0,0.09592892923054001,0.4454278140050102,215.0,2,58,0,False,0.0,False,work/cases/case_2854/duration_0.checkpoint.npz,94031f31b887bede11eb7c31c507750beb09f0ab415a74417fdc79667970e120
2855,spring,0.8,201,0.16000000000000003,relative_20pct,relative,1.0,0.2,10.0,40.0,polarized,0.0959289304516573,0.0,215.0,0.09592892923054001,0.4454278140050102,215.0,2,45,0,False,0.0,False,work/cases/case_2855/duration_0.checkpoint.npz,94031f31b887bede11eb7c31c507750beb09f0ab415a74417fdc79667970e120
2856,spring,0.9,201,0.1,fixed_10pct,physical,1.0,0.1,0.1,0.4,polarized,0.1003843584407529,0.0011083684117236788,235.00110836841174,0.10038435509477882,0.4653255815664159,235.0,2,60,0,False,0.005400576516366813,False,work/cases/case_2856/duration_0p00110836841172.checkpoint.npz,878fcba593706b59d7b7a0e1b20f34324a34ae5102b856282a2ec1f4c7da2a13
2857,spring,0.9,201,0.1,fixed_10pct,physical,1.0,0.1,0.25,1.0,polarized,0.10038435738630766,0.0029122912184773773,240.00291229121848,0.10038435520300704,0.4653255817685661,240.0,2,50,0,False,0.009840549971331016,False,work/cases/case_2857/duration_0p00291229121848.checkpoint.npz,ffc578c04609405eb74ba0e0e4c29ed25c3c8fd7eee0263511893062066c7cc4
2858,spring,0.9,201,0.1,fixed_10pct,physical,1.0,0.1,0.5,2.0,polarized,0.10038435766446367,0.0019256059436361251,235.00192560594363,0.10038435486776587,0.4653255811423992,235.0,2,52,0,False,0.0054005765163669065,False,work/cases/case_2858/duration_0p00192560594364.checkpoint.npz,033c38df16402a91a6cf962c36837eedcd76817d0c5120dbaa333c2f349191e3
2859,spring,0.9,201,0.1,fixed_10pct,physical,1.0,0.1,1.0,4.0,polarized,0.1003843573693478,0.02346664237199514,235.023466642372,0.10038435495680394,0.46532558130870594,235.0,2,45,0,False,0.00984054997133109,False,work/cases/case_2859/duration_0p023466642372.checkpoint.npz,37b311ba22b8d993626ae213d83f2c009bc9844e04a5fc5dfec9ed2b448d18b5
2860,spring,0.9,201,0.1,fixed_10pct,physical,1.0,0.1,2.0,8.0,polarized,0.10038435801062942,0.009636365380887801,235.00963636538089,0.10038435515588724,0.4653255816805555,235.0,2,48,0,False,0.009840549971331013,False,work/cases/case_2860/duration_0p00963636538089.checkpoint.npz,1466c72f25f702e422dc38e3e104c603048139351bec4909d88f267ec730e1e6
2861,spring,0.9,201,0.1,fixed_10pct,physical,1.0,0.1,4.0,16.0,polarized,0.10038435775891204,0.0031833806365571173,235.00318338063656,0.10038435509875884,0.4653255815738503,235.0,2,49,0,False,0.00984054997133106,False,work/cases/case_2861/duration_0p00318338063656.checkpoint.npz,d338fb174e649cde8b9eb5d5513378f8e9f093743ae8cf43e3551a8c088be4bd
2862,spring,0.9,201,0.1,fixed_10pct,physical,1.0,0.1,10.0,40.0,polarized,0.10038435780807897,0.0010330248790212284,240.00103302487904,0.10038435634443643,0.4653255839005366,240.0,2,57,0,False,0.005400576516366815,False,work/cases/case_2862/duration_0p00103302487902.checkpoint.npz,3c0eabea4e68e3258e67d4fdde0aa8dd1ae2a51a9d9254295183d44c001dd451
2863,spring,0.9,201,0.2,fixed_20pct,physical,1.0,0.2,0.1,0.4,polarized,0.10038435717187837,0.002039950936710208,235.0020399509367,0.1003843551034641,0.46532558158263904,235.0,2,51,0,False,0.009840549971330909,False,work/cases/case_2863/duration_0p00203995093671.checkpoint.npz,94f482707a0c85d121d25e8184a97e724cfedc95a4fb73fddcb3b2f8d775ba8c
2864,spring,0.9,201,0.2,fixed_20pct,physical,1.0,0.2,0.25,1.0,polarized,0.10038435813468599,0.0022969845905719166,240.00229698459057,0.10038435499181925,0.46532558137410784,240.0,2,50,0,False,0.009840549971331014,False,work/cases/case_2864/duration_0p00229698459057.checkpoint.npz,d6439a33907a6ac37cd1f1a1ef6ff9cb0b19abd99d922a5541aca6b3a5a8549e
2865,spring,0.9,201,0.2,fixed_20pct,physical,1.0,0.2,0.5,2.0,polarized,0.10038435800819444,0.002389667817840324,240.00238966781785,0.10038435449730769,0.465325580450456,240.0,2,56,0,False,0.009840549971331054,False,work/cases/case_2865/duration_0p00238966781784.checkpoint.npz,7d239877d669de5d0f22d5ece87579327ff556df29df68ffa7f502f10e776f1d
2866,spring,0.9,201,0.2,fixed_20pct,physical,1.0,0.2,1.0,4.0,polarized,0.10038435761519626,0.0014929077282912649,235.00149290772828,0.10038435509750304,0.4653255815715047,235.0,2,69,0,False,0.005400576516366751,False,work/cases/case_2866/duration_0p00149290772829.checkpoint.npz,85f19ecb215dc74fc2992da19ae6f56d99f7c4c5a1c249485f8e464ad6274bab
2867,spring,0.9,201,0.2,fixed_20pct,physical,1.0,0.2,2.0,8.0,polarized,0.10038435768560558,0.007985660747139653,235.00798566074715,0.10038435506215646,0.46532558150548387,235.0,2,39,0,False,0.00984054997133094,False,work/cases/case_2867/duration_0p00798566074714.checkpoint.npz,80a15bf853f837217c95f823ae443a73120ac2e6faabf850d51723e23f9b0bdd
2868,spring,0.9,201,0.2,fixed_20pct,physical,1.0,0.2,4.0,16.0,polarized,0.10038435735894223,0.0029704655995529193,235.00297046559956,0.10038435509867623,0.4653255815736963,235.0,2,39,0,False,0.009840549971330936,False,work/cases/case_2868/duration_0p00297046559955.checkpoint.npz,0a0d09d116b5cc0294f49e5e168a876445a02191b86f4484a9a44ea6456cf83d
2869,spring,0.9,201,0.2,fixed_20pct,physical,1.0,0.2,10.0,40.0,polarized,0.10038435861931859,0.0007795022001189185,240.00077950220012,0.10038435488350898,0.46532558117180556,240.0,2,47,0,False,0.010771986806024496,True,work/cases/case_2869/duration_0p000779502200119.checkpoint.npz,abc47ee1ff2ac648d9854f33fc8dce37e4eed7e8fe8841695fa4c0b2b9d7c3fe
2870,spring,0.9,201,0.18000000000000002,relative_20pct,relative,1.0,0.2,0.1,0.4,polarized,0.10038435778073593,0.002122262867342898,240.00212226286735,0.10038435517513448,0.4653255817165055,240.0,2,50,0,False,0.009840549971330935,False,work/cases/case_2870/duration_0p00212226286734.checkpoint.npz,26471966291c001c768d264985e18f8d4e3eda460f1b0cc9e02eaf895751666f
2871,spring,0.9,201,0.18000000000000002,relative_20pct,relative,1.0,0.2,0.25,1.0,polarized,0.10038435706802727,0.0010556451783605572,240.00105564517835,0.10038435520469596,0.46532558177172023,240.0,2,46,0,False,0.005400576516366949,False,work/cases/case_2871/duration_0p00105564517836.checkpoint.npz,a0edd0231956fc60c90a5517374d58254ef7b5e44f23ad2d2a451b3d85112780
2872,spring,0.9,201,0.18000000000000002,relative_20pct,relative,1.0,0.2,0.5,2.0,polarized,0.10038435798412904,0.00047880164034928683,240.00047880164036,0.10038435518537646,0.4653255817356352,240.0,2,46,0,False,0.021427937912299827,True,work/cases/case_2872/duration_0p000478801640349.checkpoint.npz,063f5ec49cdeb271616d84f6466e052095cb7c51f621802da8d5bc007de1a906
2873,spring,0.9,201,0.18000000000000002,relative_20pct,relative,1.0,0.2,1.0,4.0,polarized,0.10038435719712155,0.0035142868155087904,240.00351428681552,0.1003843551098172,0.46532558159450543,240.0,2,45,0,False,0.009840549971331,False,work/cases/case_2873/duration_0p00351428681551.checkpoint.npz,364ac4b3314dde511a0593cea4ef936504e948c0ca8ea12f681a6d94c2448771
2874,spring,0.9,201,0.18000000000000002,relative_20pct,relative,1.0,0.2,2.0,8.0,polarized,0.10038435742837803,0.001785016611318935,235.0017850166113,0.10038435515866923,0.4653255816857511,235.0,2,53,0,False,0.005400576516366885,False,work/cases/case_2874/duration_0p00178501661132.checkpoint.npz,f9da7e86d06150f58dc76b3eb59c4ec0bc47db41bc4884dc1fbc41c8757365a6
2875,spring,0.9,201,0.18000000000000002,relative_20pct,relative,1.0,0.2,4.0,16.0,polarized,0.10038435750329845,0.005819360085737894,240.00581936008572,0.10038435515904656,0.4653255816864561,240.0,2,40,0,False,0.009840549971330959,False,work/cases/case_2875/duration_0p00581936008574.checkpoint.npz,13aaa1b7a22a9d9e360600ae483bb9af2dab58f2b5964e723f24b0cbbaf32912
2876,spring,0.9,201,0.18000000000000002,relative_20pct,relative,1.0,0.2,10.0,40.0,polarized,0.10038435806481877,0.004455679273611843,240.0044556792736,0.10038435559819864,0.4653255825067074,240.0,2,33,0,False,0.009840549971330952,False,work/cases/case_2876/duration_0p00445567927361.checkpoint.npz,647771068402f140a31a5ee6bda29ec0519b7e0f3fbead588d1c93cd90b2422e
2877,spring,1.0,201,0.1,fixed_10pct,physical,1.0,0.1,0.1,0.4,polarized,0.1047858983231105,0.001303881265191936,245.0013038812652,0.10478589631172686,0.4792319706095378,245.0,2,59,0,False,0.00540057651636678,False,work/cases/case_2877/duration_0p00130388126519.checkpoint.npz,ab8ea8ff537d158e1e69b0307388d702001525424c3250668f451519305efb39
2878,spring,1.0,201,0.1,fixed_10pct,physical,1.0,0.1,0.25,1.0,polarized,0.10478589833536699,0.0019784560263879513,250.0019784560264,0.10478589622903611,0.47923197050149113,250.0,2,59,0,False,0.005400576516366868,False,work/cases/case_2878/duration_0p00197845602639.checkpoint.npz,f5c6a825ff6d8bd462d9584c769e17d0ee73b1f2b14253d17977b36c2a2502b8
2879,spring,1.0,201,0.1,fixed_10pct,physical,1.0,0.1,0.5,2.0,polarized,0.10478589852608342,0.0009785720620877003,250.00097857206208,0.10478589627265876,0.4792319705584892,250.0,2,52,0,False,0.010771986806024534,True,work/cases/case_2879/duration_0p000978572062088.checkpoint.npz,58ebeea680f6c24f7fa24c70b68c0520337eae2d6b86e660db9e5243b2a41f5a
2880,spring,1.0,201,0.1,fixed_10pct,physical,1.0,0.1,1.0,4.0,polarized,0.10478589831042052,0.0012086843236265815,245.00120868432361,0.10478589675628087,0.47923197119041183,245.0,2,47,0,False,0.005400576516366785,False,work/cases/case_2880/duration_0p00120868432363.checkpoint.npz,b89f4c2d85179238e5ad8c2f6f290cad288a5a56a46c0ed713a897509b474d0c
2881,spring,1.0,201,0.1,fixed_10pct,physical,1.0,0.1,2.0,8.0,polarized,0.10478589837562206,0.05332423182712672,250.05332423182713,0.10478589608269541,0.479231970310274,250.0,2,44,0,False,0.009840549971331098,False,work/cases/case_2881/duration_0p0533242318271.checkpoint.npz,5b44df0c3f489293318f806dea53a08caa65620ed3b941e971c009e13cc312bd
2882,spring,1.0,201,0.1,fixed_10pct,physical,1.0,0.1,4.0,16.0,polarized,0.10478589836920105,0.02859882699883985,250.02859882699883,0.10478589658042871,0.4792319709606351,250.0,2,46,0,False,0.009840549971331061,False,work/cases/case_2882/duration_0p0285988269988.checkpoint.npz,d84869d06ebfd883ceb4407aa2a68e4e0d9baed1ff40e1ab4bb74bcc035f1ac0
2883,spring,1.0,201,0.1,fixed_10pct,physical,1.0,0.1,10.0,40.0,polarized,0.10478589799617574,0.003996413578982949,250.003996413579,0.1047858973160597,0.47923197192184364,250.0,2,37,0,False,0.009840549971331044,False,work/cases/case_2883/duration_0p00399641357898.checkpoint.npz,4a48a95bc0f7a9ec50a6cc7b608c45b4e52593f8066a1649e908c359c460fdad
2884,spring,1.0,201,0.2,fixed_20pct,physical,1.0,0.2,0.1,0.4,polarized,0.10478589840289834,0.00017677669529663688,250.0001767766953,0.10478589571203081,0.47923196982594696,250.0,2,46,0,False,0.04239671930142639,True,work/cases/case_2884/duration_0p000176776695297.checkpoint.npz,c917d3c8c2bff558df07cce284459261cee88d4cb8f68a26619463a05911f582
2885,spring,1.0,201,0.2,fixed_20pct,physical,1.0,0.2,0.25,1.0,polarized,0.104785898402134,2.209708691207961e-05,245.0000220970869,0.10478589627808209,0.4792319705655753,245.0,2,62,0,False,0.2928932188134524,True,work/cases/case_2885/duration_2p20970869121e-05.checkpoint.npz,f0b3bc6953229ba416eabc90450b1db8b0569c8e6f773698a7d2113a2980f3ac
2886,spring,1.0,201,0.2,fixed_20pct,physical,1.0,0.2,0.5,2.0,polarized,0.10478589841643889,0.0016368674497669645,250.00163686744978,0.10478589617933234,0.4792319704365443,250.0,2,57,0,False,0.005400576516366782,False,work/cases/case_2886/duration_0p00163686744977.checkpoint.npz,fbf2fb511ab233d9ede5095fe19732b3251d9fa3f988c14662db1f70386b9d18
2887,spring,1.0,201,0.2,fixed_20pct,physical,1.0,0.2,1.0,4.0,polarized,0.10478589825501565,1.5625e-05,245.000015625,0.10478589626766892,0.4792319705519692,245.0,2,57,0,False,0.5,True,work/cases/case_2887/duration_1p5625e-05.checkpoint.npz,1711398530d402b729e40c418f55c52abd4ef30c6cbb3a119b8964b64d9af3d5
2888,spring,1.0,201,0.2,fixed_20pct,physical,1.0,0.2,2.0,8.0,polarized,0.10478589862428808,0.0019784560263879513,250.0019784560264,0.10478589626889334,0.47923197055356936,250.0,2,45,0,False,0.005400576516366868,False,work/cases/case_2888/duration_0p00197845602639.checkpoint.npz,d62b543ab1527fe6c9616ecd03ae95627d802980b6715b453af1c3896b924484
2889,spring,1.0,201,0.2,fixed_20pct,physical,1.0,0.2,4.0,16.0,polarized,0.10478589803604607,0.0023428679335730476,250.00234286793358,0.10478589620072815,0.47923197046449995,250.0,2,43,0,False,0.009840549971330955,False,work/cases/case_2889/duration_0p00234286793357.checkpoint.npz,38246180361471b1a179fd95a5c5a6b3d98da0ad1291efc116fa7a05ed91dc29
2890,spring,1.0,201,0.2,fixed_20pct,physical,1.0,0.2,10.0,40.0,polarized,0.10478589787681582,0.0001846032682424374,250.00018460326825,0.104785896271266,0.47923197055666933,250.0,2,51,0,False,0.042396719301426355,True,work/cases/case_2890/duration_0p000184603268242.checkpoint.npz,0eb310631c1a9f097f4cff9fc19cf493ce6b35c6e4967f4594d2668df1846c47
2891,spring,1.0,201,0.2,relative_20pct,relative,1.0,0.2,0.1,0.4,polarized,0.10478589831707195,0.02168163597253417,245.02168163597253,0.10478589549071163,0.4792319695367606,245.0,2,44,0,False,0.009840549971331061,False,work/cases/case_2891/duration_0p0216816359725.checkpoint.npz,a435f68dda980654a8b9b1a4a2718b841726f63326cb6a213a86d1cf54919bf1
2892,spring,1.0,201,0.2,relative_20pct,relative,1.0,0.2,0.25,1.0,polarized,0.104785898858435,0.0009170040432046713,250.0009170040432,0.10478589606626515,0.4792319702888058,250.0,2,56,0,False,0.010771986806024538,True,work/cases/case_2892/duration_0p000917004043205.checkpoint.npz,066f379cd39a0785250839197250924a8a5834e3b326b20fc37547c1f02b4f38
2893,spring,1.0,201,0.2,relative_20pct,relative,1.0,0.2,0.5,2.0,polarized,0.1047858983237807,0.0017186192981224779,245.00171861929812,0.10478589621845973,0.4792319704876704,245.0,2,46,0,False,0.005400576516366809,False,work/cases/case_2893/duration_0p00171861929812.checkpoint.npz,8b4bbfddc8bcf9c4037be7fc3602f282005e668ff3e03e5e78ca8c7d3c2c0194
2894,spring,1.0,201,0.2,relative_20pct,relative,1.0,0.2,1.0,4.0,polarized,0.10478589817817845,0.05658401856814768,250.05658401856815,0.10478589591346363,0.47923197008914953,250.0,2,43,0,False,0.009840549971331044,False,work/cases/case_2894/duration_0p0565840185681.checkpoint.npz,bf24ddfd5716115a4d118953a4831d1d7823a3cef66d77a5b389080005e22b95
2895,spring,1.0,201,0.2,relative_20pct,relative,1.0,0.2,2.0,8.0,polarized,0.1047858983312271,0.0015338819978409559,245.00153388199783,0.10478589623645934,0.47923197051119015,245.0,2,49,0,False,0.005400576516366712,False,work/cases/case_2895/duration_0p00153388199784.checkpoint.npz,e73da87c23618256cfa49a837a2319231027a4878c4d5b4e7389201555f9ab81
2896,spring,1.0,201,0.2,relative_20pct,relative,1.0,0.2,4.0,16.0,polarized,0.10478589835402305,0.006488117810445715,250.00648811781045,0.10478589548362684,0.479231969527505,250.0,2,51,0,False,0.00984054997133102,False,work/cases/case_2896/duration_0p00648811781045.checkpoint.npz,ed0b06c4af7b06b3a67808a3cf7f7169c20a3fb6046b6c85029ce335d18afe32
2897,spring,1.0,201,0.2,relative_20pct,relative,1.0,0.2,10.0,40.0,polarized,0.10478589827522161,0.001339667524053303,245.00133966752406,0.1047858954346578,0.4792319694635201,245.0,2,46,0,False,0.005400576516366831,False,work/cases/case_2897/duration_0p00133966752405.checkpoint.npz,6a8057e22556470f0fb274ffb3d60151752339b1fce0ea497b9f28f5fdcd1d3b
2898,spring,1.1,201,0.1,fixed_10pct,physical,1.0,0.1,0.1,0.4,polarized,0.10870852881226338,0.0,250.0,0.10870852689789784,0.48795232371392294,250.0,2,44,0,False,0.0,False,work/cases/case_2898/duration_0.checkpoint.npz,cb99298578e3a68bc31914a0cdc833ae71aacb7e9e5c35ab30255516dec48ed5
2899,spring,1.1,201,0.1,fixed_10pct,physical,1.0,0.1,0.25,1.0,polarized,0.10870852897657106,0.0,250.0,0.10870852689789784,0.48795232371392294,250.0,2,43,0,False,0.0,False,work/cases/case_2899/duration_0.checkpoint.npz,cb99298578e3a68bc31914a0cdc833ae71aacb7e9e5c35ab30255516dec48ed5
2900,spring,1.1,201,0.1,fixed_10pct,physical,1.0,0.1,0.5,2.0,polarized,0.10870852878386811,0.0,250.0,0.10870852689789784,0.48795232371392294,250.0,2,44,0,False,0.0,False,work/cases/case_2900/duration_0.checkpoint.npz,cb99298578e3a68bc31914a0cdc833ae71aacb7e9e5c35ab30255516dec48ed5
2901,spring,1.1,201,0.1,fixed_10pct,physical,1.0,0.1,1.0,4.0,polarized,0.1087085286197569,0.0,250.0,0.10870852689789784,0.48795232371392294,250.0,2,44,0,False,0.0,False,work/cases/case_2901/duration_0.checkpoint.npz,cb99298578e3a68bc31914a0cdc833ae71aacb7e9e5c35ab30255516dec48ed5
2902,spring,1.1,201,0.1,fixed_10pct,physical,1.0,0.1,2.0,8.0,polarized,0.10870852869024397,0.0,250.0,0.10870852689789784,0.48795232371392294,250.0,2,48,0,False,0.0,False,work/cases/case_2902/duration_0.checkpoint.npz,cb99298578e3a68bc31914a0cdc833ae71aacb7e9e5c35ab30255516dec48ed5
2903,spring,1.1,201,0.1,fixed_10pct,physical,1.0,0.1,4.0,16.0,polarized,0.10870852870105484,0.0,250.0,0.10870852689789784,0.48795232371392294,250.0,2,46,0,False,0.0,False,work/cases/case_2903/duration_0.checkpoint.npz,cb99298578e3a68bc31914a0cdc833ae71aacb7e9e5c35ab30255516dec48ed5
2904,spring,1.1,201,0.1,fixed_10pct,physical,1.0,0.1,10.0,40.0,polarized,0.10870852873721908,0.0,250.0,0.10870852689789784,0.48795232371392294,250.0,2,41,0,False,0.0,False,work/cases/case_2904/duration_0.checkpoint.npz,cb99298578e3a68bc31914a0cdc833ae71aacb7e9e5c35ab30255516dec48ed5
2905,spring,1.1,201,0.2,fixed_20pct,physical,1.0,0.2,0.1,0.4,polarized,0.10870852910142288,0.0,250.0,0.10870852689789784,0.48795232371392294,250.0,2,55,0,False,0.0,False,work/cases/case_2905/duration_0.checkpoint.npz,cb99298578e3a68bc31914a0cdc833ae71aacb7e9e5c35ab30255516dec48ed5
2906,spring,1.1,201,0.2,fixed_20pct,physical,1.0,0.2,0.25,1.0,polarized,0.1087085298943822,0.0,250.0,0.10870852689789784,0.48795232371392294,250.0,2,46,0,False,0.0,False,work/cases/case_2906/duration_0.checkpoint.npz,cb99298578e3a68bc31914a0cdc833ae71aacb7e9e5c35ab30255516dec48ed5
2907,spring,1.1,201,0.2,fixed_20pct,physical,1.0,0.2,0.5,2.0,polarized,0.10870852879842709,0.0,250.0,0.10870852689789784,0.48795232371392294,250.0,2,43,0,False,0.0,False,work/cases/case_2907/duration_0.checkpoint.npz,cb99298578e3a68bc31914a0cdc833ae71aacb7e9e5c35ab30255516dec48ed5
2908,spring,1.1,201,0.2,fixed_20pct,physical,1.0,0.2,1.0,4.0,polarized,0.10870852873635908,0.0,250.0,0.10870852689789784,0.48795232371392294,250.0,2,50,0,False,0.0,False,work/cases/case_2908/duration_0.checkpoint.npz,cb99298578e3a68bc31914a0cdc833ae71aacb7e9e5c35ab30255516dec48ed5
2909,spring,1.1,201,0.2,fixed_20pct,physical,1.0,0.2,2.0,8.0,polarized,0.10870852868818345,0.0,250.0,0.10870852689789784,0.48795232371392294,250.0,2,49,0,False,0.0,False,work/cases/case_2909/duration_0.checkpoint.npz,cb99298578e3a68bc31914a0cdc833ae71aacb7e9e5c35ab30255516dec48ed5
2910,spring,1.1,201,0.2,fixed_20pct,physical,1.0,0.2,4.0,16.0,polarized,0.10870852872784954,0.0,250.0,0.10870852689789784,0.48795232371392294,250.0,2,45,0,False,0.0,False,work/cases/case_2910/duration_0.checkpoint.npz,cb99298578e3a68bc31914a0cdc833ae71aacb7e9e5c35ab30255516dec48ed5
2911,spring,1.1,201,0.2,fixed_20pct,physical,1.0,0.2,10.0,40.0,polarized,0.10870852949376719,0.0,250.0,0.10870852689789784,0.48795232371392294,250.0,2,43,0,False,0.0,False,work/cases/case_2911/duration_0.checkpoint.npz,cb99298578e3a68bc31914a0cdc833ae71aacb7e9e5c35ab30255516dec48ed5
2912,spring,1.1,201,0.22000000000000003,relative_20pct,relative,1.0,0.2,0.1,0.4,polarized,0.10870852868668703,0.0,250.0,0.10870852689789784,0.48795232371392294,250.0,2,59,0,False,0.0,False,work/cases/case_2912/duration_0.checkpoint.npz,cb99298578e3a68bc31914a0cdc833ae71aacb7e9e5c35ab30255516dec48ed5
2913,spring,1.1,201,0.22000000000000003,relative_20pct,relative,1.0,0.2,0.25,1.0,polarized,0.10870852894188679,0.0,250.0,0.10870852689789784,0.48795232371392294,250.0,2,65,0,False,0.0,False,work/cases/case_2913/duration_0.checkpoint.npz,cb99298578e3a68bc31914a0cdc833ae71aacb7e9e5c35ab30255516dec48ed5
2914,spring,1.1,201,0.22000000000000003,relative_20pct,relative,1.0,0.2,0.5,2.0,polarized,0.1087085287593293,0.0,250.0,0.10870852689789784,0.48795232371392294,250.0,2,50,0,False,0.0,False,work/cases/case_2914/duration_0.checkpoint.npz,cb99298578e3a68bc31914a0cdc833ae71aacb7e9e5c35ab30255516dec48ed5
2915,spring,1.1,201,0.22000000000000003,relative_20pct,relative,1.0,0.2,1.0,4.0,polarized,0.10870852864778714,0.0,250.0,0.10870852689789784,0.48795232371392294,250.0,2,38,0,False,0.0,False,work/cases/case_2915/duration_0.checkpoint.npz,cb99298578e3a68bc31914a0cdc833ae71aacb7e9e5c35ab30255516dec48ed5
2916,spring,1.1,201,0.22000000000000003,relative_20pct,relative,1.0,0.2,2.0,8.0,polarized,0.10870852905130989,0.0,250.0,0.10870852689789784,0.48795232371392294,250.0,2,43,0,False,0.0,False,work/cases/case_2916/duration_0.checkpoint.npz,cb99298578e3a68bc31914a0cdc833ae71aacb7e9e5c35ab30255516dec48ed5
2917,spring,1.1,201,0.22000000000000003,relative_20pct,relative,1.0,0.2,4.0,16.0,polarized,0.10870852884849387,0.0,250.0,0.10870852689789784,0.48795232371392294,250.0,2,41,0,False,0.0,False,work/cases/case_2917/duration_0.checkpoint.npz,cb99298578e3a68bc31914a0cdc833ae71aacb7e9e5c35ab30255516dec48ed5
2918,spring,1.1,201,0.22000000000000003,relative_20pct,relative,1.0,0.2,10.0,40.0,polarized,0.10870852892612323,0.0,250.0,0.10870852689789784,0.48795232371392294,250.0,2,46,0,False,0.0,False,work/cases/case_2918/duration_0.checkpoint.npz,cb99298578e3a68bc31914a0cdc833ae71aacb7e9e5c35ab30255516dec48ed5
2919,spring,1.2,201,0.1,fixed_10pct,physical,1.0,0.1,0.1,0.4,polarized,0.11203834559808112,0.0,250.0,0.11203834559808112,0.49309845463027,250.0,2,43,0,False,0.0,False,work/cases/case_2919/duration_0.checkpoint.npz,55f21e130b9af9d190fa65e961d7fcd2831b9e8b7db5725ba117eabaa7684978
2920,spring,1.2,201,0.1,fixed_10pct,physical,1.0,0.1,0.25,1.0,polarized,0.11203834559808112,0.0,250.0,0.11203834559808112,0.49309845463027,250.0,2,61,0,False,0.0,False,work/cases/case_2920/duration_0.checkpoint.npz,55f21e130b9af9d190fa65e961d7fcd2831b9e8b7db5725ba117eabaa7684978
2921,spring,1.2,201,0.1,fixed_10pct,physical,1.0,0.1,0.5,2.0,polarized,0.1120383458426442,0.0,250.0,0.11203834559808112,0.49309845463027,250.0,2,46,0,False,0.0,False,work/cases/case_2921/duration_0.checkpoint.npz,55f21e130b9af9d190fa65e961d7fcd2831b9e8b7db5725ba117eabaa7684978
2922,spring,1.2,201,0.1,fixed_10pct,physical,1.0,0.1,1.0,4.0,polarized,0.11203834561787442,0.0,250.0,0.11203834559808112,0.49309845463027,250.0,2,51,0,False,0.0,False,work/cases/case_2922/duration_0.checkpoint.npz,55f21e130b9af9d190fa65e961d7fcd2831b9e8b7db5725ba117eabaa7684978
2923,spring,1.2,201,0.1,fixed_10pct,physical,1.0,0.1,2.0,8.0,polarized,0.11203834563780328,0.0,250.0,0.11203834559808112,0.49309845463027,250.0,2,44,0,False,0.0,False,work/cases/case_2923/duration_0.checkpoint.npz,55f21e130b9af9d190fa65e961d7fcd2831b9e8b7db5725ba117eabaa7684978
2924,spring,1.2,201,0.1,fixed_10pct,physical,1.0,0.1,4.0,16.0,polarized,0.11203834569788741,0.0,250.0,0.11203834559808112,0.49309845463027,250.0,2,44,0,False,0.0,False,work/cases/case_2924/duration_0.checkpoint.npz,55f21e130b9af9d190fa65e961d7fcd2831b9e8b7db5725ba117eabaa7684978
2925,spring,1.2,201,0.1,fixed_10pct,physical,1.0,0.1,10.0,40.0,polarized,0.11203834559808112,0.0,250.0,0.11203834559808112,0.49309845463027,250.0,2,50,0,False,0.0,False,work/cases/case_2925/duration_0.checkpoint.npz,55f21e130b9af9d190fa65e961d7fcd2831b9e8b7db5725ba117eabaa7684978
2926,spring,1.2,201,0.2,fixed_20pct,physical,1.0,0.2,0.1,0.4,polarized,0.11203834588659413,0.0,250.0,0.11203834559808112,0.49309845463027,250.0,2,57,0,False,0.0,False,work/cases/case_2926/duration_0.checkpoint.npz,55f21e130b9af9d190fa65e961d7fcd2831b9e8b7db5725ba117eabaa7684978
2927,spring,1.2,201,0.2,fixed_20pct,physical,1.0,0.2,0.25,1.0,polarized,0.11203834559808112,0.0,250.0,0.11203834559808112,0.49309845463027,250.0,2,42,0,False,0.0,False,work/cases/case_2927/duration_0.checkpoint.npz,55f21e130b9af9d190fa65e961d7fcd2831b9e8b7db5725ba117eabaa7684978
2928,spring,1.2,201,0.2,fixed_20pct,physical,1.0,0.2,0.5,2.0,polarized,0.11203834559808112,0.0,250.0,0.11203834559808112,0.49309845463027,250.0,2,39,0,False,0.0,False,work/cases/case_2928/duration_0.checkpoint.npz,55f21e130b9af9d190fa65e961d7fcd2831b9e8b7db5725ba117eabaa7684978
2929,spring,1.2,201,0.2,fixed_20pct,physical,1.0,0.2,1.0,4.0,polarized,0.1120383456131524,0.0,250.0,0.11203834559808112,0.49309845463027,250.0,2,58,0,False,0.0,False,work/cases/case_2929/duration_0.checkpoint.npz,55f21e130b9af9d190fa65e961d7fcd2831b9e8b7db5725ba117eabaa7684978
2930,spring,1.2,201,0.2,fixed_20pct,physical,1.0,0.2,2.0,8.0,polarized,0.11203834566391858,0.0,250.0,0.11203834559808112,0.49309845463027,250.0,2,48,0,False,0.0,False,work/cases/case_2930/duration_0.checkpoint.npz,55f21e130b9af9d190fa65e961d7fcd2831b9e8b7db5725ba117eabaa7684978
2931,spring,1.2,201,0.2,fixed_20pct,physical,1.0,0.2,4.0,16.0,polarized,0.1120383456138648,0.0,250.0,0.11203834559808112,0.49309845463027,250.0,2,42,0,False,0.0,False,work/cases/case_2931/duration_0.checkpoint.npz,55f21e130b9af9d190fa65e961d7fcd2831b9e8b7db5725ba117eabaa7684978
2932,spring,1.2,201,0.2,fixed_20pct,physical,1.0,0.2,10.0,40.0,polarized,0.11203834559808112,0.0,250.0,0.11203834559808112,0.49309845463027,250.0,2,42,0,False,0.0,False,work/cases/case_2932/duration_0.checkpoint.npz,55f21e130b9af9d190fa65e961d7fcd2831b9e8b7db5725ba117eabaa7684978
2933,spring,1.2,201,0.24,relative_20pct,relative,1.0,0.2,0.1,0.4,polarized,0.11203834606850227,0.0,250.0,0.11203834559808112,0.49309845463027,250.0,2,41,0,False,0.0,False,work/cases/case_2933/duration_0.checkpoint.npz,55f21e130b9af9d190fa65e961d7fcd2831b9e8b7db5725ba117eabaa7684978
2934,spring,1.2,201,0.24,relative_20pct,relative,1.0,0.2,0.25,1.0,polarized,0.11203834587214087,0.0,250.0,0.11203834559808112,0.49309845463027,250.0,2,45,0,False,0.0,False,work/cases/case_2934/duration_0.checkpoint.npz,55f21e130b9af9d190fa65e961d7fcd2831b9e8b7db5725ba117eabaa7684978
2935,spring,1.2,201,0.24,relative_20pct,relative,1.0,0.2,0.5,2.0,polarized,0.11203834566516892,0.0,250.0,0.11203834559808112,0.49309845463027,250.0,2,51,0,False,0.0,False,work/cases/case_2935/duration_0.checkpoint.npz,55f21e130b9af9d190fa65e961d7fcd2831b9e8b7db5725ba117eabaa7684978
2936,spring,1.2,201,0.24,relative_20pct,relative,1.0,0.2,1.0,4.0,polarized,0.11203834559808112,0.0,250.0,0.11203834559808112,0.49309845463027,250.0,2,47,0,False,0.0,False,work/cases/case_2936/duration_0.checkpoint.npz,55f21e130b9af9d190fa65e961d7fcd2831b9e8b7db5725ba117eabaa7684978
2937,spring,1.2,201,0.24,relative_20pct,relative,1.0,0.2,2.0,8.0,polarized,0.11203834562977878,0.0,250.0,0.11203834559808112,0.49309845463027,250.0,2,47,0,False,0.0,False,work/cases/case_2937/duration_0.checkpoint.npz,55f21e130b9af9d190fa65e961d7fcd2831b9e8b7db5725ba117eabaa7684978
2938,spring,1.2,201,0.24,relative_20pct,relative,1.0,0.2,4.0,16.0,polarized,0.11203834559808112,0.0,250.0,0.11203834559808112,0.49309845463027,250.0,2,50,0,False,0.0,False,work/cases/case_2938/duration_0.checkpoint.npz,55f21e130b9af9d190fa65e961d7fcd2831b9e8b7db5725ba117eabaa7684978
2939,spring,1.2,201,0.24,relative_20pct,relative,1.0,0.2,10.0,40.0,polarized,0.11203834563798272,0.0,250.0,0.11203834559808112,0.49309845463027,250.0,2,51,0,False,0.0,False,work/cases/case_2939/duration_0.checkpoint.npz,55f21e130b9af9d190fa65e961d7fcd2831b9e8b7db5725ba117eabaa7684978
2940,spring,1.3,201,0.1,fixed_10pct,physical,1.0,0.1,0.1,0.4,polarized,0.1148105671777017,0.0,245.0,0.11481056712106946,0.4960366420498813,245.0,2,46,0,False,0.0,False,work/cases/case_2940/duration_0.checkpoint.npz,d1a7283dd1b79fbb8ddb640760c1a27f01a90dbfab30cb6c39ff375ddafcbf59
2941,spring,1.3,201,0.1,fixed_10pct,physical,1.0,0.1,0.25,1.0,polarized,0.11481056721795033,0.0,245.0,0.11481056712106946,0.4960366420498813,245.0,2,41,0,False,0.0,False,work/cases/case_2941/duration_0.checkpoint.npz,d1a7283dd1b79fbb8ddb640760c1a27f01a90dbfab30cb6c39ff375ddafcbf59
2942,spring,1.3,201,0.1,fixed_10pct,physical,1.0,0.1,0.5,2.0,polarized,0.114810567175698,0.0,245.0,0.11481056712106946,0.4960366420498813,245.0,2,53,0,False,0.0,False,work/cases/case_2942/duration_0.checkpoint.npz,d1a7283dd1b79fbb8ddb640760c1a27f01a90dbfab30cb6c39ff375ddafcbf59
2943,spring,1.3,201,0.1,fixed_10pct,physical,1.0,0.1,1.0,4.0,polarized,0.11481056722985983,0.0,245.0,0.11481056712106946,0.4960366420498813,245.0,2,41,0,False,0.0,False,work/cases/case_2943/duration_0.checkpoint.npz,d1a7283dd1b79fbb8ddb640760c1a27f01a90dbfab30cb6c39ff375ddafcbf59
2944,spring,1.3,201,0.1,fixed_10pct,physical,1.0,0.1,2.0,8.0,polarized,0.11481056715951013,0.0,245.0,0.11481056712106946,0.4960366420498813,245.0,2,42,0,False,0.0,False,work/cases/case_2944/duration_0.checkpoint.npz,d1a7283dd1b79fbb8ddb640760c1a27f01a90dbfab30cb6c39ff375ddafcbf59
2945,spring,1.3,201,0.1,fixed_10pct,physical,1.0,0.1,4.0,16.0,polarized,0.1148105672243888,0.0,245.0,0.11481056712106946,0.4960366420498813,245.0,2,45,0,False,0.0,False,work/cases/case_2945/duration_0.checkpoint.npz,d1a7283dd1b79fbb8ddb640760c1a27f01a90dbfab30cb6c39ff375ddafcbf59
2946,spring,1.3,201,0.1,fixed_10pct,physical,1.0,0.1,10.0,40.0,polarized,0.11481056715812918,0.0,245.0,0.11481056712106946,0.4960366420498813,245.0,2,47,0,False,0.0,False,work/cases/case_2946/duration_0.checkpoint.npz,d1a7283dd1b79fbb8ddb640760c1a27f01a90dbfab30cb6c39ff375ddafcbf59
2947,spring,1.3,201,0.2,fixed_20pct,physical,1.0,0.2,0.1,0.4,polarized,0.11481056717296541,0.0,245.0,0.11481056712106946,0.4960366420498813,245.0,2,47,0,False,0.0,False,work/cases/case_2947/duration_0.checkpoint.npz,d1a7283dd1b79fbb8ddb640760c1a27f01a90dbfab30cb6c39ff375ddafcbf59
2948,spring,1.3,201,0.2,fixed_20pct,physical,1.0,0.2,0.25,1.0,polarized,0.11481056753209554,0.0,245.0,0.11481056712106946,0.4960366420498813,245.0,2,44,0,False,0.0,False,work/cases/case_2948/duration_0.checkpoint.npz,d1a7283dd1b79fbb8ddb640760c1a27f01a90dbfab30cb6c39ff375ddafcbf59
2949,spring,1.3,201,0.2,fixed_20pct,physical,1.0,0.2,0.5,2.0,polarized,0.11481056716826889,0.0,245.0,0.11481056712106946,0.4960366420498813,245.0,2,42,0,False,0.0,False,work/cases/case_2949/duration_0.checkpoint.npz,d1a7283dd1b79fbb8ddb640760c1a27f01a90dbfab30cb6c39ff375ddafcbf59
2950,spring,1.3,201,0.2,fixed_20pct,physical,1.0,0.2,1.0,4.0,polarized,0.11481056717355098,0.0,245.0,0.11481056712106946,0.4960366420498813,245.0,2,32,0,False,0.0,False,work/cases/case_2950/duration_0.checkpoint.npz,d1a7283dd1b79fbb8ddb640760c1a27f01a90dbfab30cb6c39ff375ddafcbf59
2951,spring,1.3,201,0.2,fixed_20pct,physical,1.0,0.2,2.0,8.0,polarized,0.1148105672250751,0.0,245.0,0.11481056712106946,0.4960366420498813,245.0,2,52,0,False,0.0,False,work/cases/case_2951/duration_0.checkpoint.npz,d1a7283dd1b79fbb8ddb640760c1a27f01a90dbfab30cb6c39ff375ddafcbf59
2952,spring,1.3,201,0.2,fixed_20pct,physical,1.0,0.2,4.0,16.0,polarized,0.11481056743118412,0.0,245.0,0.11481056712106946,0.4960366420498813,245.0,2,44,0,False,0.0,False,work/cases/case_2952/duration_0.checkpoint.npz,d1a7283dd1b79fbb8ddb640760c1a27f01a90dbfab30cb6c39ff375ddafcbf59
2953,spring,1.3,201,0.2,fixed_20pct,physical,1.0,0.2,10.0,40.0,polarized,0.1148105672843559,0.0,245.0,0.11481056712106946,0.4960366420498813,245.0,2,44,0,False,0.0,False,work/cases/case_2953/duration_0.checkpoint.npz,d1a7283dd1b79fbb8ddb640760c1a27f01a90dbfab30cb6c39ff375ddafcbf59
2954,spring,1.3,201,0.26,relative_20pct,relative,1.0,0.2,0.1,0.4,polarized,0.1148105671667523,0.0,245.0,0.11481056712106946,0.4960366420498813,245.0,2,52,0,False,0.0,False,work/cases/case_2954/duration_0.checkpoint.npz,d1a7283dd1b79fbb8ddb640760c1a27f01a90dbfab30cb6c39ff375ddafcbf59
2955,spring,1.3,201,0.26,relative_20pct,relative,1.0,0.2,0.25,1.0,polarized,0.11481056718827118,0.0,245.0,0.11481056712106946,0.4960366420498813,245.0,2,38,0,False,0.0,False,work/cases/case_2955/duration_0.checkpoint.npz,d1a7283dd1b79fbb8ddb640760c1a27f01a90dbfab30cb6c39ff375ddafcbf59
2956,spring,1.3,201,0.26,relative_20pct,relative,1.0,0.2,0.5,2.0,polarized,0.11481056724371556,0.0,245.0,0.11481056712106946,0.4960366420498813,245.0,2,50,0,False,0.0,False,work/cases/case_2956/duration_0.checkpoint.npz,d1a7283dd1b79fbb8ddb640760c1a27f01a90dbfab30cb6c39ff375ddafcbf59
2957,spring,1.3,201,0.26,relative_20pct,relative,1.0,0.2,1.0,4.0,polarized,0.11481056741901942,0.0,245.0,0.11481056712106946,0.4960366420498813,245.0,2,43,0,False,0.0,False,work/cases/case_2957/duration_0.checkpoint.npz,d1a7283dd1b79fbb8ddb640760c1a27f01a90dbfab30cb6c39ff375ddafcbf59
2958,spring,1.3,201,0.26,relative_20pct,relative,1.0,0.2,2.0,8.0,polarized,0.11481056716007423,0.0,245.0,0.11481056712106946,0.4960366420498813,245.0,2,36,0,False,0.0,False,work/cases/case_2958/duration_0.checkpoint.npz,d1a7283dd1b79fbb8ddb640760c1a27f01a90dbfab30cb6c39ff375ddafcbf59
2959,spring,1.3,201,0.26,relative_20pct,relative,1.0,0.2,4.0,16.0,polarized,0.11481056716637704,0.0,245.0,0.11481056712106946,0.4960366420498813,245.0,2,35,0,False,0.0,False,work/cases/case_2959/duration_0.checkpoint.npz,d1a7283dd1b79fbb8ddb640760c1a27f01a90dbfab30cb6c39ff375ddafcbf59
2960,spring,1.3,201,0.26,relative_20pct,relative,1.0,0.2,10.0,40.0,polarized,0.11481056725265713,0.0,245.0,0.11481056712106946,0.4960366420498813,245.0,2,49,0,False,0.0,False,work/cases/case_2960/duration_0.checkpoint.npz,d1a7283dd1b79fbb8ddb640760c1a27f01a90dbfab30cb6c39ff375ddafcbf59
2961,spring,1.4,201,0.1,fixed_10pct,physical,1.0,0.1,0.1,0.4,polarized,0.11710548745718105,0.0029412345843823993,245.00294123458437,0.11710548652543566,0.49768308487999746,245.0,2,53,0,False,0.009840549971331018,False,work/cases/case_2961/duration_0p00294123458438.checkpoint.npz,d0bd18a79ca21b91a5c54914f342d094617e8a61397d36f4d9d873cc560654a3
2962,spring,1.4,201,0.1,fixed_10pct,physical,1.0,0.1,0.25,1.0,polarized,0.11710548769447318,0.0038036111295582944,245.00380361112957,0.11710548649452292,0.4976830848726457,245.0,2,53,0,False,0.009840549971330978,False,work/cases/case_2962/duration_0p00380361112956.checkpoint.npz,b25cd58f5eef7c51242dea9e6b832f1faedb41fd0f4ba970409259b1ee94fcca
2963,spring,1.4,201,0.1,fixed_10pct,physical,1.0,0.1,0.5,2.0,polarized,0.11710548796659954,0.006953168758656177,245.00695316875866,0.11710548654882544,0.4976830848855598,245.0,2,40,0,False,0.009840549971330922,False,work/cases/case_2963/duration_0p00695316875866.checkpoint.npz,7e13fd3d5ce9738f614679a02817bb3d7939707c47649fd5c2ca04c29470db0c
2964,spring,1.4,201,0.1,fixed_10pct,physical,1.0,0.1,1.0,4.0,polarized,0.11710548779175195,0.0012152473599804689,245.00121524736,0.11710548723770496,0.49768308504937764,245.0,2,51,0,False,0.005400576516366873,False,work/cases/case_2964/duration_0p00121524735998.checkpoint.npz,44f0ad1385e7bebc7926aeaf444834a037dc64c80ee7ee4178280aed7149eb2c
2965,spring,1.4,201,0.1,fixed_10pct,physical,1.0,0.1,2.0,8.0,polarized,0.11710548752353377,0.003377985258791783,245.0033779852588,0.11710548721923128,0.4976830850449838,245.0,2,44,0,False,0.009840549971330931,False,work/cases/case_2965/duration_0p00337798525879.checkpoint.npz,5dcf9326c9db6e808571ec207dc5d598bbf5ce2983822c230610305389ef3d4f
2966,spring,1.4,201,0.1,fixed_10pct,physical,1.0,0.1,4.0,16.0,polarized,0.11710548756537573,0.0023428679335730476,245.00234286793358,0.11710548723831742,0.49768308504952397,245.0,2,42,0,False,0.009840549971330955,False,work/cases/case_2966/duration_0p00234286793357.checkpoint.npz,4516c2446867a06077bdea60647b0fa1a53f06b53e4dad7141cdc57f38a35d56
2967,spring,1.4,201,0.1,fixed_10pct,physical,1.0,0.1,10.0,40.0,polarized,0.11710548753305143,0.3100346781151636,240.31003467811516,0.11710548744881993,0.49768308509958015,240.0,2,38,0,False,0.009840549971330973,False,work/cases/case_2967/duration_0p310034678115.checkpoint.npz,32ba98720b867e858b9c7243fbd956d6442bc8b6070e4254677849d605e8ad97
2968,spring,1.4,201,0.2,fixed_20pct,physical,1.0,0.2,0.1,0.4,polarized,0.11710548751442248,0.16141700921354454,240.16141700921355,0.11710548710329217,0.49768308501741243,240.0,2,40,0,False,0.009840549971330954,False,work/cases/case_2968/duration_0p161417009214.checkpoint.npz,3e0467456a2cf3964fb767c8c201625c258c7747b65896af51414d821a546ac6
2969,spring,1.4,201,0.2,fixed_20pct,physical,1.0,0.2,0.25,1.0,polarized,0.11710548746401724,0.0016280274218573479,245.00162802742184,0.11710548720919267,0.49768308504259573,245.0,2,59,0,False,0.005400576516366804,False,work/cases/case_2969/duration_0p00162802742186.checkpoint.npz,83d16d6659d8439f3ed697a55526db95c141b181328a84e6f214fa9e9f5fd429
2970,spring,1.4,201,0.2,fixed_20pct,physical,1.0,0.2,0.5,2.0,polarized,0.1171054879082216,0.0008973545375015536,245.0008973545375,0.11710548723499849,0.49768308504873426,245.0,2,53,0,False,0.010771986806024555,True,work/cases/case_2970/duration_0p000897354537502.checkpoint.npz,017e1c5c583510a08cc968dfc4dd815f45a12efa71b6953ecd0d1b4ebcd05e51
2971,spring,1.4,201,0.2,fixed_20pct,physical,1.0,0.2,1.0,4.0,polarized,0.11710548748016243,0.0005165124395106142,240.0005165124395,0.11710548653020514,0.4976830848811319,240.0,2,56,0,False,0.010771986806024496,True,work/cases/case_2971/duration_0p000516512439511.checkpoint.npz,96f0443451b3bcb0e328c0ebbd1fcabe54258f7ba966871c1c6a3128ab11cc04
2972,spring,1.4,201,0.2,fixed_20pct,physical,1.0,0.2,2.0,8.0,polarized,0.11710548747430628,0.002,245.002,0.11710548724709496,0.4976830850516091,245.0,2,40,0,False,0.005400576516366787,False,work/cases/case_2972/duration_0p002.checkpoint.npz,5ac8cfcd3f27a633b65b5f85639385bcbf2e365c0bb0e1a4345f43c820ef5893
2973,spring,1.4,201,0.2,fixed_20pct,physical,1.0,0.2,4.0,16.0,polarized,0.11710548747535768,0.2646625306295756,245.26466253062958,0.11710548742806433,0.497683085094646,245.0,2,32,0,False,0.009840549971331087,False,work/cases/case_2973/duration_0p26466253063.checkpoint.npz,7486ddcbf5d4a378fe17af6b0c723ca0bbc9c610f29170e8a7ddc48bab330c8b
2974,spring,1.4,201,0.2,fixed_20pct,physical,1.0,0.2,10.0,40.0,polarized,0.11710548757703633,0.40093753775694807,240.40093753775696,0.11710548738896223,0.4976830850853451,240.0,2,33,0,False,0.009840549971330936,False,work/cases/case_2974/duration_0p400937537757.checkpoint.npz,e0dfb576cb0aece9f95eda4b5f71831613bfd66659a92239e0b60320291ecc90
2975,spring,1.4,201,0.27999999999999997,relative_20pct,relative,1.0,0.2,0.1,0.4,polarized,0.1171054875550187,0.0017001063537185235,240.00170010635372,0.11710548724106759,0.49768308505017744,240.0,2,49,0,False,0.005400576516366728,False,work/cases/case_2975/duration_0p00170010635372.checkpoint.npz,111db484af5f4ff722fb96cdae28da46139f08443a4ad33ff4c64ede49910bb0
2976,spring,1.4,201,0.27999999999999997,relative_20pct,relative,1.0,0.2,0.25,1.0,polarized,0.1171054874814245,0.0023428679335730476,245.00234286793358,0.11710548723591965,0.4976830850489532,245.0,2,44,0,False,0.009840549971330955,False,work/cases/case_2976/duration_0p00234286793357.checkpoint.npz,5134e6c041338aedf237a8d627d26f8a91f34aa13fd2bad321c379316c59ce5d
2977,spring,1.4,201,0.27999999999999997,relative_20pct,relative,1.0,0.2,0.5,2.0,polarized,0.11710548803953857,0.002535751637543426,240.00253575163754,0.11710548721427337,0.4976830850438053,240.0,2,57,0,False,0.009840549971331094,False,work/cases/case_2977/duration_0p00253575163754.checkpoint.npz,ffb13197234f55b3b8b7885f10503c87a8936263ae6e0b7b167a4899d80b5e68
2978,spring,1.4,201,0.27999999999999997,relative_20pct,relative,1.0,0.2,1.0,4.0,polarized,0.11710548776811061,0.0012898358734066658,245.0012898358734,0.11710548721557959,0.49768308504411707,245.0,2,56,0,False,0.005400576516366842,False,work/cases/case_2978/duration_0p00128983587341.checkpoint.npz,db5c314ed069650fe824b7f43515c7ebafc7c4fd9bbc9134b174087b4a1e9b2a
2979,spring,1.4,201,0.27999999999999997,relative_20pct,relative,1.0,0.2,2.0,8.0,polarized,0.11710548799756773,0.003729120206873514,240.00372912020688,0.11710548723149385,0.49768308504790093,240.0,2,55,0,False,0.009840549971331,False,work/cases/case_2979/duration_0p00372912020687.checkpoint.npz,26cf14de60732835d41c446be930f331dfbe82a1a66b36f5273a1075f669c69f
2980,spring,1.4,201,0.27999999999999997,relative_20pct,relative,1.0,0.2,4.0,16.0,polarized,0.11710548747477503,0.0015173590411982148,245.0015173590412,0.11710548656798288,0.49768308489011537,245.0,2,40,0,False,0.005400576516366834,False,work/cases/case_2980/duration_0p0015173590412.checkpoint.npz,9fa54653540b2053eadab686cb2bb0874e95409946857601257371cf9e828ad7
2981,spring,1.4,201,0.27999999999999997,relative_20pct,relative,1.0,0.2,10.0,40.0,polarized,0.11710548764470546,0.0037661815041663653,240.00376618150418,0.11710548724537165,0.4976830850511995,240.0,2,50,0,False,0.009840549971330952,False,work/cases/case_2981/duration_0p00376618150417.checkpoint.npz,019184af1e749729b724364d6595dd6b239826328a63677dcc48b1991a55a85e
2982,spring,1.5,201,0.1,fixed_10pct,physical,1.0,0.1,0.1,0.4,polarized,0.11900748045361183,0.0,240.0,0.11900747924877172,0.49859564616838925,240.0,2,52,0,False,0.0,False,work/cases/case_2982/duration_0.checkpoint.npz,8154b59e545d81c04a1d4fb090886e708aeedc945e10b834bb85fff18f8009e1
2983,spring,1.5,201,0.1,fixed_10pct,physical,1.0,0.1,0.25,1.0,polarized,0.1190074800605965,0.0,240.0,0.11900747924877172,0.49859564616838925,240.0,2,51,0,False,0.0,False,work/cases/case_2983/duration_0.checkpoint.npz,8154b59e545d81c04a1d4fb090886e708aeedc945e10b834bb85fff18f8009e1
2984,spring,1.5,201,0.1,fixed_10pct,physical,1.0,0.1,0.5,2.0,polarized,0.11900748026108172,0.0,240.0,0.11900747924877172,0.49859564616838925,240.0,2,47,0,False,0.0,False,work/cases/case_2984/duration_0.checkpoint.npz,8154b59e545d81c04a1d4fb090886e708aeedc945e10b834bb85fff18f8009e1
2985,spring,1.5,201,0.1,fixed_10pct,physical,1.0,0.1,1.0,4.0,polarized,0.11900748033745183,0.0,240.0,0.11900747924877172,0.49859564616838925,240.0,2,46,0,False,0.0,False,work/cases/case_2985/duration_0.checkpoint.npz,8154b59e545d81c04a1d4fb090886e708aeedc945e10b834bb85fff18f8009e1
2986,spring,1.5,201,0.1,fixed_10pct,physical,1.0,0.1,2.0,8.0,polarized,0.11900748005993725,0.0,240.0,0.11900747924877172,0.49859564616838925,240.0,2,48,0,False,0.0,False,work/cases/case_2986/duration_0.checkpoint.npz,8154b59e545d81c04a1d4fb090886e708aeedc945e10b834bb85fff18f8009e1
2987,spring,1.5,201,0.1,fixed_10pct,physical,1.0,0.1,4.0,16.0,polarized,0.11900748006167003,0.0,240.0,0.11900747924877172,0.49859564616838925,240.0,2,39,0,False,0.0,False,work/cases/case_2987/duration_0.checkpoint.npz,8154b59e545d81c04a1d4fb090886e708aeedc945e10b834bb85fff18f8009e1
2988,spring,1.5,201,0.1,fixed_10pct,physical,1.0,0.1,10.0,40.0,polarized,0.11900748038680112,0.0,240.0,0.11900747924877172,0.49859564616838925,240.0,2,39,0,False,0.0,False,work/cases/case_2988/duration_0.checkpoint.npz,8154b59e545d81c04a1d4fb090886e708aeedc945e10b834bb85fff18f8009e1
2989,spring,1.5,201,0.2,fixed_20pct,physical,1.0,0.2,0.1,0.4,polarized,0.11900748014095264,0.0,240.0,0.11900747924877172,0.49859564616838925,240.0,2,50,0,False,0.0,False,work/cases/case_2989/duration_0.checkpoint.npz,8154b59e545d81c04a1d4fb090886e708aeedc945e10b834bb85fff18f8009e1
2990,spring,1.5,201,0.2,fixed_20pct,physical,1.0,0.2,0.25,1.0,polarized,0.11900748042318596,0.0,240.0,0.11900747924877172,0.49859564616838925,240.0,2,35,0,False,0.0,False,work/cases/case_2990/duration_0.checkpoint.npz,8154b59e545d81c04a1d4fb090886e708aeedc945e10b834bb85fff18f8009e1
2991,spring,1.5,201,0.2,fixed_20pct,physical,1.0,0.2,0.5,2.0,polarized,0.11900748017086239,0.0,240.0,0.11900747924877172,0.49859564616838925,240.0,2,38,0,False,0.0,False,work/cases/case_2991/duration_0.checkpoint.npz,8154b59e545d81c04a1d4fb090886e708aeedc945e10b834bb85fff18f8009e1
2992,spring,1.5,201,0.2,fixed_20pct,physical,1.0,0.2,1.0,4.0,polarized,0.11900748035511194,0.0,240.0,0.11900747924877172,0.49859564616838925,240.0,2,45,0,False,0.0,False,work/cases/case_2992/duration_0.checkpoint.npz,8154b59e545d81c04a1d4fb090886e708aeedc945e10b834bb85fff18f8009e1
2993,spring,1.5,201,0.2,fixed_20pct,physical,1.0,0.2,2.0,8.0,polarized,0.1190074800540919,0.0,240.0,0.11900747924877172,0.49859564616838925,240.0,2,38,0,False,0.0,False,work/cases/case_2993/duration_0.checkpoint.npz,8154b59e545d81c04a1d4fb090886e708aeedc945e10b834bb85fff18f8009e1
2994,spring,1.5,201,0.2,fixed_20pct,physical,1.0,0.2,4.0,16.0,polarized,0.11900748031058196,0.0,240.0,0.11900747924877172,0.49859564616838925,240.0,2,37,0,False,0.0,False,work/cases/case_2994/duration_0.checkpoint.npz,8154b59e545d81c04a1d4fb090886e708aeedc945e10b834bb85fff18f8009e1
2995,spring,1.5,201,0.2,fixed_20pct,physical,1.0,0.2,10.0,40.0,polarized,0.11900748042419197,0.0,240.0,0.11900747924877172,0.49859564616838925,240.0,2,32,0,False,0.0,False,work/cases/case_2995/duration_0.checkpoint.npz,8154b59e545d81c04a1d4fb090886e708aeedc945e10b834bb85fff18f8009e1
2996,spring,1.5,201,0.30000000000000004,relative_20pct,relative,1.0,0.2,0.1,0.4,polarized,0.1190074802727122,0.0,240.0,0.11900747924877172,0.49859564616838925,240.0,2,39,0,False,0.0,False,work/cases/case_2996/duration_0.checkpoint.npz,8154b59e545d81c04a1d4fb090886e708aeedc945e10b834bb85fff18f8009e1
2997,spring,1.5,201,0.30000000000000004,relative_20pct,relative,1.0,0.2,0.25,1.0,polarized,0.11900748028527107,0.0,240.0,0.11900747924877172,0.49859564616838925,240.0,2,44,0,False,0.0,False,work/cases/case_2997/duration_0.checkpoint.npz,8154b59e545d81c04a1d4fb090886e708aeedc945e10b834bb85fff18f8009e1
2998,spring,1.5,201,0.30000000000000004,relative_20pct,relative,1.0,0.2,0.5,2.0,polarized,0.11900748000995616,0.0,240.0,0.11900747924877172,0.49859564616838925,240.0,2,33,0,False,0.0,False,work/cases/case_2998/duration_0.checkpoint.npz,8154b59e545d81c04a1d4fb090886e708aeedc945e10b834bb85fff18f8009e1
2999,spring,1.5,201,0.30000000000000004,relative_20pct,relative,1.0,0.2,1.0,4.0,polarized,0.11900748002547604,0.0,240.0,0.11900747924877172,0.49859564616838925,240.0,2,48,0,False,0.0,False,work/cases/case_2999/duration_0.checkpoint.npz,8154b59e545d81c04a1d4fb090886e708aeedc945e10b834bb85fff18f8009e1
3000,spring,1.5,201,0.30000000000000004,relative_20pct,relative,1.0,0.2,2.0,8.0,polarized,0.11900748033366502,0.0,240.0,0.11900747924877172,0.49859564616838925,240.0,2,37,0,False,0.0,False,work/cases/case_3000/duration_0.checkpoint.npz,8154b59e545d81c04a1d4fb090886e708aeedc945e10b834bb85fff18f8009e1
3001,spring,1.5,201,0.30000000000000004,relative_20pct,relative,1.0,0.2,4.0,16.0,polarized,0.11900748041104735,0.0,240.0,0.11900747924877172,0.49859564616838925,240.0,2,43,0,False,0.0,False,work/cases/case_3001/duration_0.checkpoint.npz,8154b59e545d81c04a1d4fb090886e708aeedc945e10b834bb85fff18f8009e1
3002,spring,1.5,201,0.30000000000000004,relative_20pct,relative,1.0,0.2,10.0,40.0,polarized,0.11900748039618286,0.0,240.0,0.11900747924877172,0.49859564616838925,240.0,2,31,0,False,0.0,False,work/cases/case_3002/duration_0.checkpoint.npz,8154b59e545d81c04a1d4fb090886e708aeedc945e10b834bb85fff18f8009e1
3003,spring,1.6,201,0.1,fixed_10pct,physical,1.0,0.1,0.1,0.4,polarized,0.12059131042514104,0.002,240.002,0.12059130974106166,0.49909819060395433,240.0,2,43,0,False,0.005400576516366787,False,work/cases/case_3003/duration_0p002.checkpoint.npz,daba2d8079e83bbe09842eb2e2ff7be0411e1d7346a2fff3fbc531ffffc5b781
3004,spring,1.6,201,0.1,fixed_10pct,physical,1.0,0.1,0.25,1.0,polarized,0.12059131028082436,0.0067499130789198565,235.00674991307892,0.12059131019296473,0.4990981906459342,235.0,2,46,0,False,0.009840549971331004,False,work/cases/case_3004/duration_0p00674991307892.checkpoint.npz,b5647eed274b218d1f3c23d28c1dfa8189937ed6c4de4f1d3c2ce306aaf75abe
3005,spring,1.6,201,0.1,fixed_10pct,physical,1.0,0.1,0.5,2.0,polarized,0.12059131059414639,0.0019891988469672665,155.00198919884696,0.12059131018874143,0.4990981906455412,155.0,2,51,0,False,0.005400576516366741,False,work/cases/case_3005/duration_0p00198919884697.checkpoint.npz,e66e889b91dfa648bc5879808a347b7498301e91a693071ded9d959e47e62b57
3006,spring,1.6,201,0.1,fixed_10pct,physical,1.0,0.1,1.0,4.0,polarized,0.12059131052893841,0.005994594637061383,115.00599459463706,0.12059131002640687,0.49909819063046046,115.0,2,45,0,False,0.009840549971330985,False,work/cases/case_3006/duration_0p00599459463706.checkpoint.npz,418b2397ae1f0e1532ead87421ae8a2fcc8fc1755d8397895df0b0a011c666e2
3007,spring,1.6,201,0.1,fixed_10pct,physical,1.0,0.1,2.0,8.0,polarized,0.12059131027507711,0.5288504656280132,230.528850465628,0.12059130983073107,0.49909819061228555,230.0,2,33,0,False,0.009840549971330985,False,work/cases/case_3007/duration_0p528850465628.checkpoint.npz,ce67fbe804a9fad219fbd0fdaf394ee8facf120d76b1dbd0f6c3775a3cfd00cf
3008,spring,1.6,201,0.1,fixed_10pct,physical,1.0,0.1,4.0,16.0,polarized,0.12059131070244361,0.0009170040432046713,230.0009170040432,0.12059130933592688,0.49909819056632143,230.0,2,50,0,False,0.010771986806024538,True,work/cases/case_3008/duration_0p000917004043205.checkpoint.npz,5581a49443069b81aadbcc40d85749ca044a6c38ed188d09c3a12c1145dfed30
3009,spring,1.6,201,0.1,fixed_10pct,physical,1.0,0.1,10.0,40.0,polarized,0.12059131037948316,0.33555922272016675,225.33555922272018,0.12059131025645557,0.49909819065183136,225.0,2,36,0,False,0.009840549971331054,False,work/cases/case_3009/duration_0p33555922272.checkpoint.npz,3341ad93b4a812fe7bd97935367ff877be68e253ec823c572a2d846bd68a3d86
3010,spring,1.6,201,0.2,fixed_20pct,physical,1.0,0.2,0.1,0.4,polarized,0.12059131032338559,0.012097485615754524,95.01209748561575,0.12059130978003428,0.49909819060757477,95.0,2,46,0,False,0.009840549971331047,False,work/cases/case_3010/duration_0p0120974856158.checkpoint.npz,e522ae1a3e07f5ef7d9c28476eb8da004616e76f3f6723e67b9b1a3c8c071cf7
3011,spring,1.6,201,0.2,fixed_20pct,physical,1.0,0.2,0.25,1.0,polarized,0.12059131031540533,0.6014037251485004,235.6014037251485,0.12059131005134864,0.4990981906327798,235.0,2,32,0,False,0.009840549971330975,False,work/cases/case_3011/duration_0p601403725149.checkpoint.npz,42f759c537afe3b61bb72c0ffc0ec30760ea36012f4a10523926d84ccce4d7d6
3012,spring,1.6,201,0.2,fixed_20pct,physical,1.0,0.2,0.5,2.0,polarized,0.12059131048663688,0.007022271774970037,240.00702227177496,0.12059130938527299,0.4990981905709031,240.0,2,44,0,False,0.00984054997133102,False,work/cases/case_3012/duration_0p00702227177497.checkpoint.npz,3ba08acab5295b57d35b168821f26e246b52523cbf97f7b8ba870e3e6cce98fd
3013,spring,1.6,201,0.2,fixed_20pct,physical,1.0,0.2,1.0,4.0,polarized,0.12059131034425358,0.0065525989882315,230.00655259898824,0.12059130967102942,0.49909819059745,230.0,2,38,0,False,0.009840549971331018,False,work/cases/case_3013/duration_0p00655259898823.checkpoint.npz,4bbbf2f9ca0b45f31914288a7b4083000941fcc2617d51d0e0bdc48def60210a
3014,spring,1.6,201,0.2,fixed_20pct,physical,1.0,0.2,2.0,8.0,polarized,0.12059131059800814,0.3009717153956585,230.30097171539566,0.12059131059800814,0.4990981906835604,230.0,2,38,0,False,0.009840549971330985,False,work/cases/case_3014/duration_0p300971715396.checkpoint.npz,34f7a54c7b3884f1ab1c1d14f7bdb700edfe5f856e5d135c3c10e6248cf36b6a
3015,spring,1.6,201,0.2,fixed_20pct,physical,1.0,0.2,4.0,16.0,polarized,0.12059131026060702,0.14194368427263337,230.14194368427263,0.12059130994656389,0.49909819062304406,230.0,2,38,0,False,0.009840549971331042,False,work/cases/case_3015/duration_0p141943684273.checkpoint.npz,22dec0ff8f1baa2485978972a93be81a6fe3832b9537332f066efb95891ab74f
3016,spring,1.6,201,0.2,fixed_20pct,physical,1.0,0.2,10.0,40.0,polarized,0.12059131030448993,0.0037661815041663653,235.00376618150418,0.12059130964022693,0.49909819059458693,235.0,2,49,0,False,0.009840549971330952,False,work/cases/case_3016/duration_0p00376618150417.checkpoint.npz,c8821122dafd8095df1baa9574d611820641ede64a1abc77be57a48ba371fcc7
3017,spring,1.6,201,0.32000000000000006,relative_20pct,relative,1.0,0.2,0.1,0.4,polarized,0.12059131029314414,0.4089464528547853,230.4089464528548,0.12059131025942264,0.4990981906521057,230.0,2,33,0,False,0.009840549971330997,False,work/cases/case_3017/duration_0p408946452855.checkpoint.npz,e4c7db4d1084bdb7ca465ab163d0f018d167310adf8bd6d4669d0e336ab7ec5a
3018,spring,1.6,201,0.32000000000000006,relative_20pct,relative,1.0,0.2,0.25,1.0,polarized,0.12059131047663524,0.0019891988469672665,220.00198919884696,0.12059131017201818,0.49909819064398697,220.0,2,50,0,False,0.005400576516366741,False,work/cases/case_3018/duration_0p00198919884697.checkpoint.npz,ca9ad361205962f20a619c579cbd8b4dc4130531210f135c465d086c0164939f
3019,spring,1.6,201,0.32000000000000006,relative_20pct,relative,1.0,0.2,0.5,2.0,polarized,0.12059131042387451,0.6014037251485004,230.6014037251485,0.12059131006904628,0.4990981906344224,230.0,2,33,0,False,0.009840549971330975,False,work/cases/case_3019/duration_0p601403725149.checkpoint.npz,ce7d4dcf1756e168dddf0e6b6739881e2856a653634c7d9fbb322e7f061208f7
3020,spring,1.6,201,0.32000000000000006,relative_20pct,relative,1.0,0.2,1.0,4.0,polarized,0.12059131049073482,0.0065525989882315,240.00655259898824,0.12059130964854667,0.49909819059535965,240.0,2,37,0,False,0.009840549971331018,False,work/cases/case_3020/duration_0p00655259898823.checkpoint.npz,ec6d4cdf8fb74d891ceebbbe88c420f2f3d0da605c6c28a31b8c313e02d1e1ef
3021,spring,1.6,201,0.32000000000000006,relative_20pct,relative,1.0,0.2,2.0,8.0,polarized,0.12059131029657759,0.2980099881903503,230.29800998819036,0.12059130999036309,0.499098190627113,230.0,2,46,0,False,0.009840549971331115,False,work/cases/case_3021/duration_0p29800998819.checkpoint.npz,79b1f7004ace3108b26c66c04f8cac19d240a2ee7b4ffbf2172c43e63a346555
3022,spring,1.6,201,0.32000000000000006,relative_20pct,relative,1.0,0.2,4.0,16.0,polarized,0.1205913104854996,0.003729120206873514,205.00372912020688,0.1205913096658038,0.49909819059696336,205.0,2,45,0,False,0.009840549971331,False,work/cases/case_3022/duration_0p00372912020687.checkpoint.npz,d0a0a52ab0e6e0cb2c5a9970dc83bff50fbf0361b429869b3f3f87983c3f48e2
3023,spring,1.6,201,0.32000000000000006,relative_20pct,relative,1.0,0.2,10.0,40.0,polarized,0.12059131049595266,0.7932722933715738,230.7932722933716,0.12059131049595266,0.49909819067407946,230.0,2,31,0,False,0.009840549971331035,False,work/cases/case_3023/duration_0p793272293372.checkpoint.npz,93b051515756d59f7acabe51e4127cfe4ee8319c59d1bc92dd3087d63f6329b0
3024,spring,1.7,201,0.1,fixed_10pct,physical,1.0,0.1,0.1,0.4,polarized,0.12191889565002502,0.02441352036025736,205.02441352036027,0.12191889537542601,0.49937389315922154,205.0,2,44,0,False,0.009840549971330988,False,work/cases/case_3024/duration_0p0244135203603.checkpoint.npz,ef56a1539625cdd82c346740ca964cb0c19294227ee9ccd78a13593ee2f4e4ce
3025,spring,1.7,201,0.1,fixed_10pct,physical,1.0,0.1,0.25,1.0,polarized,0.12191889585395281,0.0037661815041663653,240.00376618150418,0.1219188954517407,0.49937389316359204,240.0,2,46,0,False,0.009840549971330952,False,work/cases/case_3025/duration_0p00376618150417.checkpoint.npz,36e36b00a541ec44a2b6e499148750df24cdff3908cb75ea885362a94b950afe
3026,spring,1.7,201,0.1,fixed_10pct,physical,1.0,0.1,0.5,2.0,polarized,0.12191889587422629,0.26729283917041097,225.2672928391704,0.12191889557817412,0.499373893170834,225.0,2,40,0,False,0.009840549971330916,False,work/cases/case_3026/duration_0p26729283917.checkpoint.npz,a931daa85ca0568afd78a6bb035b378a2ebf55573009cb3d2b4a6306c44ee450
3027,spring,1.7,201,0.1,fixed_10pct,physical,1.0,0.1,1.0,4.0,polarized,0.12191889562667765,0.5896256761139298,220.58962567611394,0.12191889494130187,0.4993738931343592,220.0,2,36,0,False,0.009840549971331086,False,work/cases/case_3027/duration_0p589625676114.checkpoint.npz,fd369b519368fa0181f39b6ade1a9c75b2f4e8b049a0bf0af5ad9812933a7f34
3028,spring,1.7,201,0.1,fixed_10pct,physical,1.0,0.1,2.0,8.0,polarized,0.12191889572093452,0.013354995539029555,225.01335499553903,0.12191889480723048,0.49937389312668223,225.0,2,39,0,False,0.009840549971331025,False,work/cases/case_3028/duration_0p013354995539.checkpoint.npz,4fed4acd13027d38dc96df6b3247205c0e13754c4bef85dd04855b94448d7632
3029,spring,1.7,201,0.1,fixed_10pct,physical,1.0,0.1,4.0,16.0,polarized,0.12191889576100598,0.08917795292374964,235.08917795292376,0.12191889506958387,0.49937389314170744,235.0,2,42,0,False,0.009840549971330954,False,work/cases/case_3029/duration_0p0891779529237.checkpoint.npz,c84250f44f5fecdfb54a4e5ae4fc7aca0df7f325aa7d3fcc724dc6236d67d5cb
3030,spring,1.7,201,0.1,fixed_10pct,physical,1.0,0.1,10.0,40.0,polarized,0.12191889547959055,0.002,240.002,0.12191889546598343,0.4993738931644086,240.0,2,51,0,False,0.005400576516366787,False,work/cases/case_3030/duration_0p002.checkpoint.npz,b054baa721e23dc5d80bf761f1fca5fd1b19fe253aadc2f5fb6578266c7fb0d9
3031,spring,1.7,201,0.2,fixed_20pct,physical,1.0,0.2,0.1,0.4,polarized,0.12191889572769914,0.060043080746110436,230.0600430807461,0.12191889483011314,0.49937389312799296,230.0,2,42,0,False,0.009840549971331006,False,work/cases/case_3031/duration_0p0600430807461.checkpoint.npz,f84f3b1c3e7fa12ee5e93d717c19f5d403addc399b4ec1dcbe0f897df4f511ad
3032,spring,1.7,201,0.2,fixed_20pct,physical,1.0,0.2,0.25,1.0,polarized,0.12191889578051192,0.02514866859365871,230.02514866859366,0.12191889505153176,0.4993738931406727,230.0,2,52,0,False,0.009840549971331033,False,work/cases/case_3032/duration_0p0251486685937.checkpoint.npz,f620f5022404e57bc7b3cc89d6e4b2767dca9f2c4feb5de96be3d87938e9fe78
3033,spring,1.7,201,0.2,fixed_20pct,physical,1.0,0.2,0.5,2.0,polarized,0.1219188957404707,0.13643840079744093,230.13643840079743,0.12191889533467318,0.49937389315688896,230.0,2,49,0,False,0.009840549971331072,False,work/cases/case_3033/duration_0p136438400797.checkpoint.npz,9d2975581254f8be708dace05530e0b908aa229f21980bfc46aab9ce685e10ee
3034,spring,1.7,201,0.2,fixed_20pct,physical,1.0,0.2,1.0,4.0,polarized,0.12191889574148214,0.0034797043004871865,210.00347970430047,0.12191889503862165,0.4993738931399343,210.0,2,52,0,False,0.009840549971331002,False,work/cases/case_3034/duration_0p00347970430049.checkpoint.npz,8e40d85bfdcbdf54291fd8297cebd4244882c10356e4d891e34437cf90f8a46e
3035,spring,1.7,201,0.2,fixed_20pct,physical,1.0,0.2,2.0,8.0,polarized,0.12191889569004179,0.0009170040432046713,210.0009170040432,0.12191889503397929,0.49937389313966885,210.0,2,52,0,False,0.010771986806024538,True,work/cases/case_3035/duration_0p000917004043205.checkpoint.npz,2db4018a4028f102a091a122233b47d6b6d5a3d863dd009806ac85349c1e1741
3036,spring,1.7,201,0.2,fixed_20pct,physical,1.0,0.2,4.0,16.0,polarized,0.12191889580404086,0.23504666922274378,230.23504666922275,0.12191889554854721,0.49937389316913616,230.0,2,40,0,False,0.009840549971331004,False,work/cases/case_3036/duration_0p235046669223.checkpoint.npz,5436f4bd2dbed03e4e13779783ee1826ec4881181e79f5e3d2aceeb39b2a9691
3037,spring,1.7,201,0.2,fixed_20pct,physical,1.0,0.2,10.0,40.0,polarized,0.1219188959060423,0.24941540909202894,220.24941540909202,0.12191889554802608,0.4993738931691063,220.0,2,39,0,False,0.009840549971331028,False,work/cases/case_3037/duration_0p249415409092.checkpoint.npz,5f833ae6ef54cf1ffddd275f17c0a058711f4835607ab9c02d8a1fd6dd790e98
3038,spring,1.7,201,0.34,relative_20pct,relative,1.0,0.2,0.1,0.4,polarized,0.1219188956326394,0.0037661815041663653,240.00376618150418,0.1219188954503452,0.4993738931635121,240.0,2,44,0,False,0.009840549971330952,False,work/cases/case_3038/duration_0p00376618150417.checkpoint.npz,3a002254df5d5e7f0d07b255207137c1f2171d8753412ddaa8e3a1ddc3f8164b
3039,spring,1.7,201,0.34,relative_20pct,relative,1.0,0.2,0.25,1.0,polarized,0.12191889575858608,0.007092061561162412,195.00709206156117,0.12191889547574568,0.49937389316496805,195.0,2,53,0,False,0.00984054997133106,False,work/cases/case_3039/duration_0p00709206156116.checkpoint.npz,9e1fbf81ad38478bfe5ec0837d9b3b5c873b3ec2c1936185154cbdd9d46ca622
3040,spring,1.7,201,0.34,relative_20pct,relative,1.0,0.2,0.5,2.0,polarized,0.12191889558870891,0.007022271774970037,200.00702227177496,0.12191889548255146,0.4993738931653583,200.0,2,45,0,False,0.00984054997133102,False,work/cases/case_3040/duration_0p00702227177497.checkpoint.npz,cf70df07b1a755e184895efd6c06988573ac8a77dc2a4d651757ce2d84992269
3041,spring,1.7,201,0.34,relative_20pct,relative,1.0,0.2,1.0,4.0,polarized,0.12191889573872335,0.0018843441790323346,205.00188434417902,0.1219188954453598,0.4993738931632272,205.0,2,41,0,False,0.0054005765163668285,False,work/cases/case_3041/duration_0p00188434417903.checkpoint.npz,2f871094080bcd1262473dfee2e8d3016ccd406ed00791a138f4418ea7edb1b5
3042,spring,1.7,201,0.34,relative_20pct,relative,1.0,0.2,2.0,8.0,polarized,0.12191889581415362,0.23044345331344027,220.23044345331343,0.1219188955742436,0.4993738931706081,220.0,2,43,0,False,0.00984054997133105,False,work/cases/case_3042/duration_0p230443453313.checkpoint.npz,12997f9d601878aa7b0493012e4efa7c2444dc3527dd2faf0331b15caec2720b
3043,spring,1.7,201,0.34,relative_20pct,relative,1.0,0.2,4.0,16.0,polarized,0.1219188956333302,0.15669845209699848,225.156698452097,0.12191889532843138,0.4993738931565309,225.0,2,39,0,False,0.009840549971331063,False,work/cases/case_3043/duration_0p156698452097.checkpoint.npz,0f2617f6bc35758920aa1578d902df36d320ff781b8e8061075f3b1071dee569
3044,spring,1.7,201,0.34,relative_20pct,relative,1.0,0.2,10.0,40.0,polarized,0.12191889586108173,0.3704399463531452,220.37043994635314,0.12191889557205089,0.49937389317048286,220.0,2,39,0,False,0.009840549971330987,False,work/cases/case_3044/duration_0p370439946353.checkpoint.npz,7e0675e59e0cf3123f7b6d88556f85457dc90cb3b5e6d34d2a0a82ecc6bf0e39
3045,spring,1.8,201,0.1,fixed_10pct,physical,1.0,0.1,0.1,0.4,polarized,0.123039934620603,0.0,230.0,0.12303993408971371,0.4995248151847418,230.0,2,47,0,False,0.0,False,work/cases/case_3045/duration_0.checkpoint.npz,c564d4d81f4c49bf68ac4278c87d8929084a95ab19dc075acf5c2df8c8f526fa
3046,spring,1.8,201,0.1,fixed_10pct,physical,1.0,0.1,0.25,1.0,polarized,0.12303993459629421,0.0,230.0,0.12303993408971371,0.4995248151847418,230.0,2,45,0,False,0.0,False,work/cases/case_3046/duration_0.checkpoint.npz,c564d4d81f4c49bf68ac4278c87d8929084a95ab19dc075acf5c2df8c8f526fa
3047,spring,1.8,201,0.1,fixed_10pct,physical,1.0,0.1,0.5,2.0,polarized,0.12303993476009696,0.0,230.0,0.12303993408971371,0.4995248151847418,230.0,2,40,0,False,0.0,False,work/cases/case_3047/duration_0.checkpoint.npz,c564d4d81f4c49bf68ac4278c87d8929084a95ab19dc075acf5c2df8c8f526fa
3048,spring,1.8,201,0.1,fixed_10pct,physical,1.0,0.1,1.0,4.0,polarized,0.12303993470983705,0.0,230.0,0.12303993408971371,0.4995248151847418,230.0,2,50,0,False,0.0,False,work/cases/case_3048/duration_0.checkpoint.npz,c564d4d81f4c49bf68ac4278c87d8929084a95ab19dc075acf5c2df8c8f526fa
3049,spring,1.8,201,0.1,fixed_10pct,physical,1.0,0.1,2.0,8.0,polarized,0.12303993482146335,0.0,230.0,0.12303993408971371,0.4995248151847418,230.0,2,57,0,False,0.0,False,work/cases/case_3049/duration_0.checkpoint.npz,c564d4d81f4c49bf68ac4278c87d8929084a95ab19dc075acf5c2df8c8f526fa
3050,spring,1.8,201,0.1,fixed_10pct,physical,1.0,0.1,4.0,16.0,polarized,0.12303993478092318,0.0,230.0,0.12303993408971371,0.4995248151847418,230.0,2,38,0,False,0.0,False,work/cases/case_3050/duration_0.checkpoint.npz,c564d4d81f4c49bf68ac4278c87d8929084a95ab19dc075acf5c2df8c8f526fa
3051,spring,1.8,201,0.1,fixed_10pct,physical,1.0,0.1,10.0,40.0,polarized,0.12303993473860497,0.0,230.0,0.12303993408971371,0.4995248151847418,230.0,2,50,0,False,0.0,False,work/cases/case_3051/duration_0.checkpoint.npz,c564d4d81f4c49bf68ac4278c87d8929084a95ab19dc075acf5c2df8c8f526fa
3052,spring,1.8,201,0.2,fixed_20pct,physical,1.0,0.2,0.1,0.4,polarized,0.12303993469604001,0.0,230.0,0.12303993408971371,0.4995248151847418,230.0,2,51,0,False,0.0,False,work/cases/case_3052/duration_0.checkpoint.npz,c564d4d81f4c49bf68ac4278c87d8929084a95ab19dc075acf5c2df8c8f526fa
3053,spring,1.8,201,0.2,fixed_20pct,physical,1.0,0.2,0.25,1.0,polarized,0.12303993475061348,0.0,230.0,0.12303993408971371,0.4995248151847418,230.0,2,46,0,False,0.0,False,work/cases/case_3053/duration_0.checkpoint.npz,c564d4d81f4c49bf68ac4278c87d8929084a95ab19dc075acf5c2df8c8f526fa
3054,spring,1.8,201,0.2,fixed_20pct,physical,1.0,0.2,0.5,2.0,polarized,0.12303993456445173,0.0,230.0,0.12303993408971371,0.4995248151847418,230.0,2,45,0,False,0.0,False,work/cases/case_3054/duration_0.checkpoint.npz,c564d4d81f4c49bf68ac4278c87d8929084a95ab19dc075acf5c2df8c8f526fa
3055,spring,1.8,201,0.2,fixed_20pct,physical,1.0,0.2,1.0,4.0,polarized,0.12303993476541657,0.0,230.0,0.12303993408971371,0.4995248151847418,230.0,2,48,0,False,0.0,False,work/cases/case_3055/duration_0.checkpoint.npz,c564d4d81f4c49bf68ac4278c87d8929084a95ab19dc075acf5c2df8c8f526fa
3056,spring,1.8,201,0.2,fixed_20pct,physical,1.0,0.2,2.0,8.0,polarized,0.1230399347767291,0.0,230.0,0.12303993408971371,0.4995248151847418,230.0,2,40,0,False,0.0,False,work/cases/case_3056/duration_0.checkpoint.npz,c564d4d81f4c49bf68ac4278c87d8929084a95ab19dc075acf5c2df8c8f526fa
3057,spring,1.8,201,0.2,fixed_20pct,physical,1.0,0.2,4.0,16.0,polarized,0.1230399347940353,0.0,230.0,0.12303993408971371,0.4995248151847418,230.0,2,44,0,False,0.0,False,work/cases/case_3057/duration_0.checkpoint.npz,c564d4d81f4c49bf68ac4278c87d8929084a95ab19dc075acf5c2df8c8f526fa
3058,spring,1.8,201,0.2,fixed_20pct,physical,1.0,0.2,10.0,40.0,polarized,0.12303993461065962,0.0,230.0,0.12303993408971371,0.4995248151847418,230.0,2,32,0,False,0.0,False,work/cases/case_3058/duration_0.checkpoint.npz,c564d4d81f4c49bf68ac4278c87d8929084a95ab19dc075acf5c2df8c8f526fa
3059,spring,1.8,201,0.36000000000000004,relative_20pct,relative,1.0,0.2,0.1,0.4,polarized,0.1230399347296581,0.0,230.0,0.12303993408971371,0.4995248151847418,230.0,2,45,0,False,0.0,False,work/cases/case_3059/duration_0.checkpoint.npz,c564d4d81f4c49bf68ac4278c87d8929084a95ab19dc075acf5c2df8c8f526fa
3060,spring,1.8,201,0.36000000000000004,relative_20pct,relative,1.0,0.2,0.25,1.0,polarized,0.1230399347399953,0.0,230.0,0.12303993408971371,0.4995248151847418,230.0,2,40,0,False,0.0,False,work/cases/case_3060/duration_0.checkpoint.npz,c564d4d81f4c49bf68ac4278c87d8929084a95ab19dc075acf5c2df8c8f526fa
3061,spring,1.8,201,0.36000000000000004,relative_20pct,relative,1.0,0.2,0.5,2.0,polarized,0.1230399349263767,0.0,230.0,0.12303993408971371,0.4995248151847418,230.0,2,39,0,False,0.0,False,work/cases/case_3061/duration_0.checkpoint.npz,c564d4d81f4c49bf68ac4278c87d8929084a95ab19dc075acf5c2df8c8f526fa
3062,spring,1.8,201,0.36000000000000004,relative_20pct,relative,1.0,0.2,1.0,4.0,polarized,0.12303993486167293,0.0,230.0,0.12303993408971371,0.4995248151847418,230.0,2,59,0,False,0.0,False,work/cases/case_3062/duration_0.checkpoint.npz,c564d4d81f4c49bf68ac4278c87d8929084a95ab19dc075acf5c2df8c8f526fa
3063,spring,1.8,201,0.36000000000000004,relative_20pct,relative,1.0,0.2,2.0,8.0,polarized,0.1230399347232912,0.0,230.0,0.12303993408971371,0.4995248151847418,230.0,2,53,0,False,0.0,False,work/cases/case_3063/duration_0.checkpoint.npz,c564d4d81f4c49bf68ac4278c87d8929084a95ab19dc075acf5c2df8c8f526fa
3064,spring,1.8,201,0.36000000000000004,relative_20pct,relative,1.0,0.2,4.0,16.0,polarized,0.12303993465078221,0.0,230.0,0.12303993408971371,0.4995248151847418,230.0,2,40,0,False,0.0,False,work/cases/case_3064/duration_0.checkpoint.npz,c564d4d81f4c49bf68ac4278c87d8929084a95ab19dc075acf5c2df8c8f526fa
3065,spring,1.8,201,0.36000000000000004,relative_20pct,relative,1.0,0.2,10.0,40.0,polarized,0.12303993476157432,0.0,230.0,0.12303993408971371,0.4995248151847418,230.0,2,48,0,False,0.0,False,work/cases/case_3065/duration_0.checkpoint.npz,c564d4d81f4c49bf68ac4278c87d8929084a95ab19dc075acf5c2df8c8f526fa
3066,spring,1.9,201,0.1,fixed_10pct,physical,1.0,0.1,0.1,0.4,polarized,0.12399376452373233,0.0006414350080393891,230.00064143500805,0.12399376425817435,0.49960732835370203,230.0,2,52,0,False,0.010771986806024442,True,work/cases/case_3066/duration_0p000641435008039.checkpoint.npz,179686b642fe449df1e219a8e4b9fd611768c1493f8a1bd410ad8258d76b0064
3067,spring,1.9,201,0.1,fixed_10pct,physical,1.0,0.1,0.25,1.0,polarized,0.1239937644512705,0.00011462550540058391,235.0001146255054,0.12399376436617096,0.4996073283560025,235.0,2,45,0,False,0.08299595679532878,True,work/cases/case_3067/duration_0p000114625505401.checkpoint.npz,8386e003d5f08bfd65ea79e47db6afb133efbbfde4cc000ff565586cea2862fa
3068,spring,1.9,201,0.1,fixed_10pct,physical,1.0,0.1,0.5,2.0,polarized,0.12399376450795972,0.0003772911068983557,230.0003772911069,0.12399376393958343,0.4996073283469127,230.0,2,51,0,False,0.021427937912299924,True,work/cases/case_3068/duration_0p000377291106898.checkpoint.npz,bf628c57b4efa4bd9ae7b415026e0235396dc81c31b8aa77e48c294bf6bda3d8
3069,spring,1.9,201,0.1,fixed_10pct,physical,1.0,0.1,1.0,4.0,polarized,0.12399376450409075,0.0025107984468392954,275.00251079844685,0.12399376395344364,0.49960732834720634,275.0,2,44,0,False,0.009840549971331054,False,work/cases/case_3069/duration_0p00251079844684.checkpoint.npz,d0f57f6017674581e143e8b682d98887d13e35ad8a53a73daacbf7d0284d95ac
3070,spring,1.9,201,0.1,fixed_10pct,physical,1.0,0.1,2.0,8.0,polarized,0.12399376447075094,0.0005054446430258502,225.00050544464304,0.12399376391836849,0.49960732834646204,225.0,2,57,0,False,0.010771986806024434,True,work/cases/case_3070/duration_0p000505444643026.checkpoint.npz,0e887ffab8fc04c09f1a2fb661aebfd4fd384f53a829179bfae7078274399776
3071,spring,1.9,201,0.1,fixed_10pct,physical,1.0,0.1,4.0,16.0,polarized,0.12399376449534602,0.0003855527063519852,280.00038555270635,0.12399376394305218,0.4996073283469866,280.0,2,53,0,False,0.021427937912299806,True,work/cases/case_3071/duration_0p000385552706352.checkpoint.npz,e8b72d883c4fe8332b02dd16bb08abfc43de2164132247c62e56d1070a09155d
3072,spring,1.9,201,0.1,fixed_10pct,physical,1.0,0.1,10.0,40.0,polarized,0.12399376445695504,0.0007225904034885233,230.00072259040348,0.12399376393896769,0.49960732834689947,230.0,2,42,0,False,0.010771986806024458,True,work/cases/case_3072/duration_0p000722590403489.checkpoint.npz,2848e1e83be0b3d025ed783f1d37e527dd1343b129f55ed44498225e907fb283
3073,spring,1.9,201,0.2,fixed_20pct,physical,1.0,0.2,0.1,0.4,polarized,0.12399376447418384,0.3009717153956585,220.30097171539566,0.123993764045701,0.499607328349175,220.0,2,33,0,False,0.009840549971330985,False,work/cases/case_3073/duration_0p300971715396.checkpoint.npz,908aaf42a89649332ec4bc99ae73b534e72fcf2c5901625eddc4428b4e915b79
3074,spring,1.9,201,0.2,fixed_20pct,physical,1.0,0.2,0.25,1.0,polarized,0.12399376450813748,0.0012828700160787783,205.00128287001607,0.12399376393616264,0.4996073283468395,205.0,2,48,0,False,0.005400576516366804,False,work/cases/case_3074/duration_0p00128287001608.checkpoint.npz,cc591a7222faef74cba3fd4c64b78be05c5440127fc75378a8c40116a156e145
3075,spring,1.9,201,0.2,fixed_20pct,physical,1.0,0.2,0.5,2.0,polarized,0.12399376451027674,0.0008052451659746272,285.00080524516596,0.12399376394413203,0.4996073283470095,285.0,2,53,0,False,0.010771986806024517,True,work/cases/case_3075/duration_0p000805245165975.checkpoint.npz,3ba5e44ebd8b4f006e9caf63e6e02942509d3856d68809f2356af80d57c7d8ff
3076,spring,1.9,201,0.2,fixed_20pct,physical,1.0,0.2,1.0,4.0,polarized,0.1239937644680153,0.003411556854498513,235.0034115568545,0.12399376427562718,0.4996073283540736,235.0,2,49,0,False,0.009840549971331065,False,work/cases/case_3076/duration_0p0034115568545.checkpoint.npz,4f668a0d578e6e8ee2355c76e21efc4d8e4fff00ee2f8bc92d3ed5a1add05deb
3077,spring,1.9,201,0.2,fixed_20pct,physical,1.0,0.2,2.0,8.0,polarized,0.12399376451233754,0.002389667817840324,285.00238966781785,0.12399376428387589,0.49960732835424826,285.0,2,46,0,False,0.009840549971331054,False,work/cases/case_3077/duration_0p00238966781784.checkpoint.npz,898271f4b21bd73b2ca3cbada6b3ebe5345f21705b55bc0940c38eaa56595a6b
3078,spring,1.9,201,0.2,fixed_20pct,physical,1.0,0.2,4.0,16.0,polarized,0.12399376447325142,0.23273368072866246,220.23273368072867,0.1239937641940564,0.4996073283523327,220.0,2,34,0,False,0.009840549971330992,False,work/cases/case_3078/duration_0p232733680729.checkpoint.npz,9eb4688b1c23c11d37933b3c46bb75f423f2a3f22a7886d3e11c58aa1b970a62
3079,spring,1.9,201,0.2,fixed_20pct,physical,1.0,0.2,10.0,40.0,polarized,0.12399376441244057,0.001241857812073484,285.0012418578121,0.12399376395246642,0.499607328347187,285.0,2,42,0,False,0.005400576516366824,False,work/cases/case_3079/duration_0p00124185781207.checkpoint.npz,4eb24308986b73a60a9404ae2099e7eb753d3eb5de21e0e34207eeac84a13172
3080,spring,1.9,201,0.38,relative_20pct,relative,1.0,0.2,0.1,0.4,polarized,0.12399376445508678,0.0008781260801866498,235.00087812608018,0.12399376415710983,0.49960732835154553,235.0,2,48,0,False,0.01077198680602451,True,work/cases/case_3080/duration_0p000878126080187.checkpoint.npz,d1d7671dea0ae6fdd480749bcee3d1c365cb14931e47e18a5665c6fcd89fd388
3081,spring,1.9,201,0.38,relative_20pct,relative,1.0,0.2,0.25,1.0,polarized,0.12399376438964983,0.0014065759938190155,215.00140657599383,0.12399376394270806,0.49960732834697785,215.0,2,52,0,False,0.005400576516366907,False,work/cases/case_3081/duration_0p00140657599382.checkpoint.npz,b95e5be2dd06ee08aa6db11108958d5fb2a78c38df022eca65c870f733c5e5a3
3082,spring,1.9,201,0.38,relative_20pct,relative,1.0,0.2,0.5,2.0,polarized,0.12399376458620766,0.0017562521603732995,275.00175625216036,0.12399376407176381,0.4996073283497293,275.0,2,46,0,False,0.005400576516366824,False,work/cases/case_3082/duration_0p00175625216037.checkpoint.npz,4448174e1acdc9c856efb79938c033c98c9faca4a8202c1fed935ba09266577f
3083,spring,1.9,201,0.38,relative_20pct,relative,1.0,0.2,1.0,4.0,polarized,0.12399376450541288,0.0019571441241754005,210.00195714412416,0.12399376393934938,0.49960732834690746,210.0,2,46,0,False,0.005400576516366822,False,work/cases/case_3083/duration_0p00195714412418.checkpoint.npz,86cea7cc60ea64217c544143e8b0144e1c6f52fdf1fb4ad82e3d1373eaf551be
3084,spring,1.9,201,0.38,relative_20pct,relative,1.0,0.2,2.0,8.0,polarized,0.12399376449430186,8.105247216568811e-05,285.0000810524722,0.12399376392937514,0.49960732834669663,285.0,2,54,0,False,0.08299595679532873,True,work/cases/case_3084/duration_8p10524721657e-05.checkpoint.npz,ce221832db39e2fad6016eee1c34cf855509b734e0ef50858b454ac232e6b9e4
3085,spring,1.9,201,0.38,relative_20pct,relative,1.0,0.2,4.0,16.0,polarized,0.12399376442814948,0.005323796683384187,275.0053237966834,0.12399376394006636,0.4996073283469218,275.0,2,46,0,False,0.00984054997133097,False,work/cases/case_3085/duration_0p00532379668338.checkpoint.npz,b97efdfbd1c8e6f9c8b8e1920be370a82268a362c463686f80368284f118ee10
3086,spring,1.9,201,0.38,relative_20pct,relative,1.0,0.2,10.0,40.0,polarized,0.12399376450409309,0.08917795292374964,220.08917795292376,0.12399376413341155,0.4996073283510434,220.0,2,39,0,False,0.009840549971330954,False,work/cases/case_3086/duration_0p0891779529237.checkpoint.npz,d95cbf7a786c5a45916b1fd2d1e255bf28f13ba7bb1aab93ae9325dcd278d1c2
3087,spring,2.0,201,0.1,fixed_10pct,physical,1.0,0.1,0.1,0.4,polarized,0.12481138033695006,0.0,200.0,0.12481138013563431,0.4996524098359427,200.0,2,55,0,False,0.0,False,work/cases/case_3087/duration_0.checkpoint.npz,1508de26f744934daa7f336ad198585c34d49d132a5fd239f0aefc0bbba0e061
3088,spring,2.0,201,0.1,fixed_10pct,physical,1.0,0.1,0.25,1.0,polarized,0.12481138031124622,0.0,200.0,0.12481138013563431,0.4996524098359427,200.0,2,44,0,False,0.0,False,work/cases/case_3088/duration_0.checkpoint.npz,1508de26f744934daa7f336ad198585c34d49d132a5fd239f0aefc0bbba0e061
3089,spring,2.0,201,0.1,fixed_10pct,physical,1.0,0.1,0.5,2.0,polarized,0.1248113801906537,0.0,200.0,0.12481138013563431,0.4996524098359427,200.0,2,51,0,False,0.0,False,work/cases/case_3089/duration_0.checkpoint.npz,1508de26f744934daa7f336ad198585c34d49d132a5fd239f0aefc0bbba0e061
3090,spring,2.0,201,0.1,fixed_10pct,physical,1.0,0.1,1.0,4.0,polarized,0.12481138024936926,0.0,200.0,0.12481138013563431,0.4996524098359427,200.0,2,54,0,False,0.0,False,work/cases/case_3090/duration_0.checkpoint.npz,1508de26f744934daa7f336ad198585c34d49d132a5fd239f0aefc0bbba0e061
3091,spring,2.0,201,0.1,fixed_10pct,physical,1.0,0.1,2.0,8.0,polarized,0.12481138027881374,0.0,200.0,0.12481138013563431,0.4996524098359427,200.0,2,46,0,False,0.0,False,work/cases/case_3091/duration_0.checkpoint.npz,1508de26f744934daa7f336ad198585c34d49d132a5fd239f0aefc0bbba0e061
3092,spring,2.0,201,0.1,fixed_10pct,physical,1.0,0.1,4.0,16.0,polarized,0.1248113804529645,0.0,200.0,0.12481138013563431,0.4996524098359427,200.0,2,51,0,False,0.0,False,work/cases/case_3092/duration_0.checkpoint.npz,1508de26f744934daa7f336ad198585c34d49d132a5fd239f0aefc0bbba0e061
3093,spring,2.0,201,0.1,fixed_10pct,physical,1.0,0.1,10.0,40.0,polarized,0.12481138033374718,0.0,200.0,0.12481138013563431,0.4996524098359427,200.0,2,49,0,False,0.0,False,work/cases/case_3093/duration_0.checkpoint.npz,1508de26f744934daa7f336ad198585c34d49d132a5fd239f0aefc0bbba0e061
3094,spring,2.0,201,0.2,fixed_20pct,physical,1.0,0.2,0.1,0.4,polarized,0.12481138033157832,0.0,200.0,0.12481138013563431,0.4996524098359427,200.0,2,41,0,False,0.0,False,work/cases/case_3094/duration_0.checkpoint.npz,1508de26f744934daa7f336ad198585c34d49d132a5fd239f0aefc0bbba0e061
3095,spring,2.0,201,0.2,fixed_20pct,physical,1.0,0.2,0.25,1.0,polarized,0.12481138025718368,0.0,200.0,0.12481138013563431,0.4996524098359427,200.0,2,56,0,False,0.0,False,work/cases/case_3095/duration_0.checkpoint.npz,1508de26f744934daa7f336ad198585c34d49d132a5fd239f0aefc0bbba0e061
3096,spring,2.0,201,0.2,fixed_20pct,physical,1.0,0.2,0.5,2.0,polarized,0.12481138029846131,0.0,200.0,0.12481138013563431,0.4996524098359427,200.0,2,47,0,False,0.0,False,work/cases/case_3096/duration_0.checkpoint.npz,1508de26f744934daa7f336ad198585c34d49d132a5fd239f0aefc0bbba0e061
3097,spring,2.0,201,0.2,fixed_20pct,physical,1.0,0.2,1.0,4.0,polarized,0.1248113804163369,0.0,200.0,0.12481138013563431,0.4996524098359427,200.0,2,50,0,False,0.0,False,work/cases/case_3097/duration_0.checkpoint.npz,1508de26f744934daa7f336ad198585c34d49d132a5fd239f0aefc0bbba0e061
3098,spring,2.0,201,0.2,fixed_20pct,physical,1.0,0.2,2.0,8.0,polarized,0.12481138030821494,0.0,200.0,0.12481138013563431,0.4996524098359427,200.0,2,54,0,False,0.0,False,work/cases/case_3098/duration_0.checkpoint.npz,1508de26f744934daa7f336ad198585c34d49d132a5fd239f0aefc0bbba0e061
3099,spring,2.0,201,0.2,fixed_20pct,physical,1.0,0.2,4.0,16.0,polarized,0.12481138018977793,0.0,200.0,0.12481138013563431,0.4996524098359427,200.0,2,36,0,False,0.0,False,work/cases/case_3099/duration_0.checkpoint.npz,1508de26f744934daa7f336ad198585c34d49d132a5fd239f0aefc0bbba0e061
3100,spring,2.0,201,0.2,fixed_20pct,physical,1.0,0.2,10.0,40.0,polarized,0.12481138025375316,0.0,200.0,0.12481138013563431,0.4996524098359427,200.0,2,40,0,False,0.0,False,work/cases/case_3100/duration_0.checkpoint.npz,1508de26f744934daa7f336ad198585c34d49d132a5fd239f0aefc0bbba0e061
3101,spring,2.0,201,0.4,relative_20pct,relative,1.0,0.2,0.1,0.4,polarized,0.12481138025973537,0.0,200.0,0.12481138013563431,0.4996524098359427,200.0,2,46,0,False,0.0,False,work/cases/case_3101/duration_0.checkpoint.npz,1508de26f744934daa7f336ad198585c34d49d132a5fd239f0aefc0bbba0e061
3102,spring,2.0,201,0.4,relative_20pct,relative,1.0,0.2,0.25,1.0,polarized,0.12481138025652902,0.0,200.0,0.12481138013563431,0.4996524098359427,200.0,2,36,0,False,0.0,False,work/cases/case_3102/duration_0.checkpoint.npz,1508de26f744934daa7f336ad198585c34d49d132a5fd239f0aefc0bbba0e061
3103,spring,2.0,201,0.4,relative_20pct,relative,1.0,0.2,0.5,2.0,polarized,0.12481138034005285,0.0,200.0,0.12481138013563431,0.4996524098359427,200.0,2,45,0,False,0.0,False,work/cases/case_3103/duration_0.checkpoint.npz,1508de26f744934daa7f336ad198585c34d49d132a5fd239f0aefc0bbba0e061
3104,spring,2.0,201,0.4,relative_20pct,relative,1.0,0.2,1.0,4.0,polarized,0.12481138023343707,0.0,200.0,0.12481138013563431,0.4996524098359427,200.0,2,38,0,False,0.0,False,work/cases/case_3104/duration_0.checkpoint.npz,1508de26f744934daa7f336ad198585c34d49d132a5fd239f0aefc0bbba0e061
3105,spring,2.0,201,0.4,relative_20pct,relative,1.0,0.2,2.0,8.0,polarized,0.12481138039142109,0.0,200.0,0.12481138013563431,0.4996524098359427,200.0,2,49,0,False,0.0,False,work/cases/case_3105/duration_0.checkpoint.npz,1508de26f744934daa7f336ad198585c34d49d132a5fd239f0aefc0bbba0e061
3106,spring,2.0,201,0.4,relative_20pct,relative,1.0,0.2,4.0,16.0,polarized,0.12481138030560282,0.0,200.0,0.12481138013563431,0.4996524098359427,200.0,2,46,0,False,0.0,False,work/cases/case_3106/duration_0.checkpoint.npz,1508de26f744934daa7f336ad198585c34d49d132a5fd239f0aefc0bbba0e061
3107,spring,2.0,201,0.4,relative_20pct,relative,1.0,0.2,10.0,40.0,polarized,0.12481138024276335,0.0,200.0,0.12481138013563431,0.4996524098359427,200.0,2,36,0,False,0.0,False,work/cases/case_3107/duration_0.checkpoint.npz,1508de26f744934daa7f336ad198585c34d49d132a5fd239f0aefc0bbba0e061
3108,spring,2.1,201,0.1,fixed_10pct,physical,1.0,0.1,0.1,0.4,polarized,0.12551722864581039,0.0004026225829873136,260.000402622583,0.1255172284332567,0.49967703184913637,260.0,2,50,0,False,0.02142793791229988,True,work/cases/case_3108/duration_0p000402622582987.checkpoint.npz,20d9bcf463fc89e0d55002aa31bdc6acf6a7a75254ec0e3fd38efe1a61128970
3109,spring,2.1,201,0.1,fixed_10pct,physical,1.0,0.1,0.25,1.0,polarized,0.1255172287168936,1.5625e-05,280.000015625,0.12551722844287733,0.49967703184921,280.0,2,42,0,False,0.5,True,work/cases/case_3109/duration_1p5625e-05.checkpoint.npz,63a51be64d29390d98a08d109b67666a840b8220c2dfda6495298974656c0b7f
3110,spring,2.1,201,0.1,fixed_10pct,physical,1.0,0.1,0.5,2.0,polarized,0.12551722863705178,0.0015845382652524937,175.00158453826526,0.12551722834135742,0.49967703184842627,175.0,2,49,0,False,0.00540057651636681,False,work/cases/case_3110/duration_0p00158453826525.checkpoint.npz,01d268d430396a7318bfb4ce85f56846164dbb06cadb83659d23480fbcd2525d
3111,spring,2.1,201,0.1,fixed_10pct,physical,1.0,0.1,1.0,4.0,polarized,0.12551722864429846,0.002122262867342898,275.0021222628673,0.12551722844825472,0.49967703184925183,275.0,2,39,0,False,0.009840549971330935,False,work/cases/case_3111/duration_0p00212226286734.checkpoint.npz,40ae8a6514cb0f0f0d8225910f58963ee307e553dc86334dff82b9c3675c605d
3112,spring,2.1,201,0.1,fixed_10pct,physical,1.0,0.1,2.0,8.0,polarized,0.12551722863319237,0.0028271588490861098,275.0028271588491,0.12551722854364422,0.4996770318499908,275.0,2,39,0,False,0.009840549971330879,False,work/cases/case_3112/duration_0p00282715884909.checkpoint.npz,1b66a6c91d1938dc03cc25fc615d3163ca5639024085b611eb6c2f77e3521c4c
3113,spring,2.1,201,0.1,fixed_10pct,physical,1.0,0.1,4.0,16.0,polarized,0.12551722864266882,0.0007384130729697496,215.00073841307298,0.1255172285524007,0.4996770318500571,215.0,2,43,0,False,0.010771986806024515,True,work/cases/case_3113/duration_0p00073841307297.checkpoint.npz,f1833361889eee1c11844487c3793e7ee0e01afcb6d37153f8aed44f2b0efe44
3114,spring,2.1,201,0.1,fixed_10pct,physical,1.0,0.1,10.0,40.0,polarized,0.125517228762766,0.0010274459491187637,280.0010274459491,0.12551722855352926,0.4996770318500675,280.0,2,43,0,False,0.005400576516366815,False,work/cases/case_3114/duration_0p00102744594912.checkpoint.npz,d48d9d801e4c607d91000b7be2ce0441bd3f0ee484bb558f4732ca0f7ab28653
3115,spring,2.1,201,0.2,fixed_20pct,physical,1.0,0.2,0.1,0.4,polarized,0.1255172286535106,0.0006554806057623822,230.00065548060576,0.1255172284091514,0.4996770318489494,230.0,2,47,0,False,0.01077198680602444,True,work/cases/case_3115/duration_0p000655480605762.checkpoint.npz,df0a6ffcaf3c96faaa4e90ea95f553a19804183beb9e7668644e3db9d4f3386f
3116,spring,2.1,201,0.2,fixed_20pct,physical,1.0,0.2,0.25,1.0,polarized,0.12551722867262974,0.0023428679335730476,230.00234286793358,0.12551722841195362,0.4996770318489714,230.0,2,41,0,False,0.009840549971330955,False,work/cases/case_3116/duration_0p00234286793357.checkpoint.npz,dbbae661a4ce776049bda79ccd1f33be55e2eff13cef3dd98eea229f68f2e741
3117,spring,2.1,201,0.2,fixed_20pct,physical,1.0,0.2,0.5,2.0,polarized,0.12551722882874117,0.001044273782427414,280.00104427378244,0.125517228438891,0.4996770318491791,280.0,2,47,0,False,0.005400576516366846,False,work/cases/case_3117/duration_0p00104427378243.checkpoint.npz,95790a7cf0debec01eb0f08c387d0cdb0eabe65bd6f75460b2595d508334bd4c
3118,spring,2.1,201,0.2,fixed_20pct,physical,1.0,0.2,1.0,4.0,polarized,0.12551722870865534,0.00016210494433137622,275.0001621049443,0.1255172285394736,0.49967703184995704,275.0,2,46,0,False,0.042396719301426404,True,work/cases/case_3118/duration_0p000162104944331.checkpoint.npz,d7a7c4904c8e084f0be1a88739b3b1cd6913b878bdf676523612ed2fde351641
3119,spring,2.1,201,0.2,fixed_20pct,physical,1.0,0.2,2.0,8.0,polarized,0.12551722869389145,0.0007384130729697496,275.00073841307295,0.125517228416881,0.4996770318490077,275.0,2,53,0,False,0.010771986806024515,True,work/cases/case_3119/duration_0p00073841307297.checkpoint.npz,4196a4d433c350e9235084efdd403c9a69fe0ab0a035fae958498afe4dde4825
3120,spring,2.1,201,0.2,fixed_20pct,physical,1.0,0.2,4.0,16.0,polarized,0.12551722861989265,0.0010556451783605572,220.00105564517835,0.12551722843432295,0.4996770318491449,220.0,2,43,0,False,0.005400576516366949,False,work/cases/case_3120/duration_0p00105564517836.checkpoint.npz,1a0f4ccba0f4e8f7daf270716ef8f665aa88d6f346d06fd3612853e0cac42901
3121,spring,2.1,201,0.2,fixed_20pct,physical,1.0,0.2,10.0,40.0,polarized,0.1255172286990954,8.105247216568811e-05,240.00008105247215,0.12551722841518292,0.49967703184899626,240.0,2,41,0,False,0.08299595679532873,True,work/cases/case_3121/duration_8p10524721657e-05.checkpoint.npz,b7c5c1f3651c26faa7210f29c49a376902b197eac348175a0faeae9df046827e
3122,spring,2.1,201,0.42000000000000004,relative_20pct,relative,1.0,0.2,0.1,0.4,polarized,0.12551722873592125,0.001241857812073484,295.0012418578121,0.12551722847882948,0.4996770318494911,295.0,2,42,0,False,0.005400576516366824,False,work/cases/case_3122/duration_0p00124185781207.checkpoint.npz,8186d3b22001a0b4f81db89b6bcdff51b7dcd3fb6e5e48a072f3d8f2af3ace75
3123,spring,2.1,201,0.42000000000000004,relative_20pct,relative,1.0,0.2,0.25,1.0,polarized,0.1255172286059979,0.00013631346658315722,280.00013631346656,0.1255172284309843,0.4996770318491167,280.0,2,49,0,False,0.04239671930142636,True,work/cases/case_3123/duration_0p000136313466583.checkpoint.npz,b9d2b752de1e9e070b34f22ee7f6fd2d798e614aeca152847d3f120a106f21b8
3124,spring,2.1,201,0.42000000000000004,relative_20pct,relative,1.0,0.2,0.5,2.0,polarized,0.1255172287097967,8.838834764831844e-05,265.00008838834765,0.12551722843761873,0.49967703184917245,265.0,2,52,0,False,0.0829959567953287,True,work/cases/case_3124/duration_8p83883476483e-05.checkpoint.npz,c52986d172dacc4d153d9916b693d2dfa3c015d3b420a073da0d1443ea78537d
3125,spring,2.1,201,0.42000000000000004,relative_20pct,relative,1.0,0.2,1.0,4.0,polarized,0.1255172285585381,0.007451553316204507,270.00745155331623,0.12551722844069568,0.4996770318491941,270.0,2,39,0,False,0.009840549971331037,False,work/cases/case_3125/duration_0p0074515533162.checkpoint.npz,07cdf5ada9e71a2faf6440df6d7c4942df3f54f0798981732c0eb1d6dcebfbd5
3126,spring,2.1,201,0.42000000000000004,relative_20pct,relative,1.0,0.2,2.0,8.0,polarized,0.1255172286480369,0.0024134171701044047,220.00241341717012,0.1255172286480369,0.4996770318508009,220.0,2,35,0,False,0.009840549971331042,False,work/cases/case_3126/duration_0p0024134171701.checkpoint.npz,5fa96933e071c1ed2b02adf01037b3e21f4f75cfef4d2a9a60fcfd2f4263139c
3127,spring,2.1,201,0.42000000000000004,relative_20pct,relative,1.0,0.2,4.0,16.0,polarized,0.12551722865061707,0.0012086843236265815,270.0012086843236,0.12551722845858282,0.4996770318493332,270.0,2,33,0,False,0.005400576516366785,False,work/cases/case_3127/duration_0p00120868432363.checkpoint.npz,afb259e37f2f57c308508b5faf75961bb8ce1016d1d97f1703bccdeba7d19ccd
3128,spring,2.1,201,0.42000000000000004,relative_20pct,relative,1.0,0.2,10.0,40.0,polarized,0.12551722864857234,7.432544468767007e-05,165.0000743254447,0.12551722844252108,0.4996770318492083,165.0,2,33,0,False,0.08299595679532874,True,work/cases/case_3128/duration_7p43254446877e-05.checkpoint.npz,7712e9aaf4e94def110ad51775ed8b88d7859cdc9fdecde06f8ec7a7394a9ebd
3129,spring,2.2,201,0.1,fixed_10pct,physical,1.0,0.1,0.1,0.4,polarized,0.1261306720750377,0.0,240.0,0.12613067182144996,0.4996904776322575,240.0,2,46,0,False,0.0,False,work/cases/case_3129/duration_0.checkpoint.npz,3150ff40c7b8b442a12de2f6942e8b56ee463435650e0012b13613a0eebd621f
3130,spring,2.2,201,0.1,fixed_10pct,physical,1.0,0.1,0.25,1.0,polarized,0.12613067206219347,0.0,240.0,0.12613067182144996,0.4996904776322575,240.0,2,41,0,False,0.0,False,work/cases/case_3130/duration_0.checkpoint.npz,3150ff40c7b8b442a12de2f6942e8b56ee463435650e0012b13613a0eebd621f
3131,spring,2.2,201,0.1,fixed_10pct,physical,1.0,0.1,0.5,2.0,polarized,0.12613067198824285,0.0,240.0,0.12613067182144996,0.4996904776322575,240.0,2,32,0,False,0.0,False,work/cases/case_3131/duration_0.checkpoint.npz,3150ff40c7b8b442a12de2f6942e8b56ee463435650e0012b13613a0eebd621f
3132,spring,2.2,201,0.1,fixed_10pct,physical,1.0,0.1,1.0,4.0,polarized,0.12613067206961087,0.0,240.0,0.12613067182144996,0.4996904776322575,240.0,2,34,0,False,0.0,False,work/cases/case_3132/duration_0.checkpoint.npz,3150ff40c7b8b442a12de2f6942e8b56ee463435650e0012b13613a0eebd621f
3133,spring,2.2,201,0.1,fixed_10pct,physical,1.0,0.1,2.0,8.0,polarized,0.12613067206848258,0.0,240.0,0.12613067182144996,0.4996904776322575,240.0,2,35,0,False,0.0,False,work/cases/case_3133/duration_0.checkpoint.npz,3150ff40c7b8b442a12de2f6942e8b56ee463435650e0012b13613a0eebd621f
3134,spring,2.2,201,0.1,fixed_10pct,physical,1.0,0.1,4.0,16.0,polarized,0.12613067200989952,0.0,240.0,0.12613067182144996,0.4996904776322575,240.0,1,28,0,False,0.0,False,work/cases/case_3134/duration_0.checkpoint.npz,3150ff40c7b8b442a12de2f6942e8b56ee463435650e0012b13613a0eebd621f
3135,spring,2.2,201,0.1,fixed_10pct,physical,1.0,0.1,10.0,40.0,polarized,0.12613067212273113,0.0,240.0,0.12613067182144996,0.4996904776322575,240.0,1,29,0,False,0.0,False,work/cases/case_3135/duration_0.checkpoint.npz,3150ff40c7b8b442a12de2f6942e8b56ee463435650e0012b13613a0eebd621f
3136,spring,2.2,201,0.2,fixed_20pct,physical,1.0,0.2,0.1,0.4,polarized,0.1261306720264051,0.0,240.0,0.12613067182144996,0.4996904776322575,240.0,2,45,0,False,0.0,False,work/cases/case_3136/duration_0.checkpoint.npz,3150ff40c7b8b442a12de2f6942e8b56ee463435650e0012b13613a0eebd621f
3137,spring,2.2,201,0.2,fixed_20pct,physical,1.0,0.2,0.25,1.0,polarized,0.12613067198162628,0.0,240.0,0.12613067182144996,0.4996904776322575,240.0,2,45,0,False,0.0,False,work/cases/case_3137/duration_0.checkpoint.npz,3150ff40c7b8b442a12de2f6942e8b56ee463435650e0012b13613a0eebd621f
3138,spring,2.2,201,0.2,fixed_20pct,physical,1.0,0.2,0.5,2.0,polarized,0.12613067200957745,0.0,240.0,0.12613067182144996,0.4996904776322575,240.0,2,39,0,False,0.0,False,work/cases/case_3138/duration_0.checkpoint.npz,3150ff40c7b8b442a12de2f6942e8b56ee463435650e0012b13613a0eebd621f
3139,spring,2.2,201,0.2,fixed_20pct,physical,1.0,0.2,1.0,4.0,polarized,0.12613067207966566,0.0,240.0,0.12613067182144996,0.4996904776322575,240.0,2,36,0,False,0.0,False,work/cases/case_3139/duration_0.checkpoint.npz,3150ff40c7b8b442a12de2f6942e8b56ee463435650e0012b13613a0eebd621f
3140,spring,2.2,201,0.2,fixed_20pct,physical,1.0,0.2,2.0,8.0,polarized,0.12613067208409215,0.0,240.0,0.12613067182144996,0.4996904776322575,240.0,2,32,0,False,0.0,False,work/cases/case_3140/duration_0.checkpoint.npz,3150ff40c7b8b442a12de2f6942e8b56ee463435650e0012b13613a0eebd621f
3141,spring,2.2,201,0.2,fixed_20pct,physical,1.0,0.2,4.0,16.0,polarized,0.12613067198031075,0.0,240.0,0.12613067182144996,0.4996904776322575,240.0,2,34,0,False,0.0,False,work/cases/case_3141/duration_0.checkpoint.npz,3150ff40c7b8b442a12de2f6942e8b56ee463435650e0012b13613a0eebd621f
3142,spring,2.2,201,0.2,fixed_20pct,physical,1.0,0.2,10.0,40.0,polarized,0.12613067202580217,0.0,240.0,0.12613067182144996,0.4996904776322575,240.0,2,33,0,False,0.0,False,work/cases/case_3142/duration_0.checkpoint.npz,3150ff40c7b8b442a12de2f6942e8b56ee463435650e0012b13613a0eebd621f
3143,spring,2.2,201,0.44000000000000006,relative_20pct,relative,1.0,0.2,0.1,0.4,polarized,0.12613067206263712,0.0,240.0,0.12613067182144996,0.4996904776322575,240.0,2,41,0,False,0.0,False,work/cases/case_3143/duration_0.checkpoint.npz,3150ff40c7b8b442a12de2f6942e8b56ee463435650e0012b13613a0eebd621f
3144,spring,2.2,201,0.44000000000000006,relative_20pct,relative,1.0,0.2,0.25,1.0,polarized,0.1261306720124599,0.0,240.0,0.12613067182144996,0.4996904776322575,240.0,2,44,0,False,0.0,False,work/cases/case_3144/duration_0.checkpoint.npz,3150ff40c7b8b442a12de2f6942e8b56ee463435650e0012b13613a0eebd621f
3145,spring,2.2,201,0.44000000000000006,relative_20pct,relative,1.0,0.2,0.5,2.0,polarized,0.12613067197606925,0.0,240.0,0.12613067182144996,0.4996904776322575,240.0,2,33,0,False,0.0,False,work/cases/case_3145/duration_0.checkpoint.npz,3150ff40c7b8b442a12de2f6942e8b56ee463435650e0012b13613a0eebd621f
3146,spring,2.2,201,0.44000000000000006,relative_20pct,relative,1.0,0.2,1.0,4.0,polarized,0.12613067209483395,0.0,240.0,0.12613067182144996,0.4996904776322575,240.0,2,34,0,False,0.0,False,work/cases/case_3146/duration_0.checkpoint.npz,3150ff40c7b8b442a12de2f6942e8b56ee463435650e0012b13613a0eebd621f
3147,spring,2.2,201,0.44000000000000006,relative_20pct,relative,1.0,0.2,2.0,8.0,polarized,0.12613067198845143,0.0,240.0,0.12613067182144996,0.4996904776322575,240.0,1,29,0,False,0.0,False,work/cases/case_3147/duration_0.checkpoint.npz,3150ff40c7b8b442a12de2f6942e8b56ee463435650e0012b13613a0eebd621f
3148,spring,2.2,201,0.44000000000000006,relative_20pct,relative,1.0,0.2,4.0,16.0,polarized,0.12613067210975967,0.0,240.0,0.12613067182144996,0.4996904776322575,240.0,2,31,0,False,0.0,False,work/cases/case_3148/duration_0.checkpoint.npz,3150ff40c7b8b442a12de2f6942e8b56ee463435650e0012b13613a0eebd621f
3149,spring,2.2,201,0.44000000000000006,relative_20pct,relative,1.0,0.2,10.0,40.0,polarized,0.12613067210962098,0.0,240.0,0.12613067182144996,0.4996904776322575,240.0,2,33,0,False,0.0,False,work/cases/case_3149/duration_0.checkpoint.npz,3150ff40c7b8b442a12de2f6942e8b56ee463435650e0012b13613a0eebd621f
3150,spring,2.3,201,0.1,fixed_10pct,physical,1.0,0.1,0.1,0.4,polarized,0.12666713907553356,0.003377985258791783,275.0033779852588,0.126667138828373,0.4996978200247424,275.0,2,40,0,False,0.009840549971330931,False,work/cases/case_3150/duration_0p00337798525879.checkpoint.npz,54a9ef50feb28d26b381f52c1733ce9d73e1f5365dc9fb0eaf7c048133983b9b
3151,spring,2.3,201,0.1,fixed_10pct,physical,1.0,0.1,0.25,1.0,polarized,0.12666713915538805,0.0040361313310368725,100.00403613133103,0.12666713881869218,0.49969782002471574,100.0,2,50,0,False,0.009840549971331077,False,work/cases/case_3151/duration_0p00403613133104.checkpoint.npz,2cc824e86cf8c4ea8a4ed08f4aa439df581028cc9be69e5dd7f7109a23c05182
3152,spring,2.3,201,0.1,fixed_10pct,physical,1.0,0.1,0.5,2.0,polarized,0.1266671391054154,0.002164656062090718,235.0021646560621,0.1266671388190173,0.49969782002471663,235.0,2,40,0,False,0.009840549971330863,False,work/cases/case_3152/duration_0p00216465606209.checkpoint.npz,95f79fc371492245451ad8134ab102c05653ebab8e04a5bf85bc51b4ff5a8184
3153,spring,2.3,201,0.1,fixed_10pct,physical,1.0,0.1,1.0,4.0,polarized,0.12666713913264027,0.0047280613355878956,275.0047280613356,0.12666713882749014,0.49969782002473995,275.0,2,41,0,False,0.009840549971331106,False,work/cases/case_3153/duration_0p00472806133559.checkpoint.npz,8d87bde40a81406514be21bed2518fb02b365e458de7a20d557f7c3a9a69733b
3154,spring,2.3,201,0.1,fixed_10pct,physical,1.0,0.1,2.0,8.0,polarized,0.12666713901411905,0.002999987122747667,410.00299998712273,0.1266671389072787,0.4996978200249602,410.0,2,47,0,False,0.00984054997133094,False,work/cases/case_3154/duration_0p00299998712275.checkpoint.npz,13d310fdb1b9f676e1484b747e8a2fad63e393ab8455efff50d2694ff14adc6c
3155,spring,2.3,201,0.1,fixed_10pct,physical,1.0,0.1,4.0,16.0,polarized,0.12666713916955044,0.002039950936710208,125.0020399509367,0.12666713882759098,0.4996978200247404,125.0,2,41,0,False,0.009840549971330909,False,work/cases/case_3155/duration_0p00203995093671.checkpoint.npz,460ad9c39a4e8c5f2db589cc12dbb6caab727d6f586ffc8f031c6125b1c2181f
3156,spring,2.3,201,0.1,fixed_10pct,physical,1.0,0.1,10.0,40.0,polarized,0.12666713914361544,0.00026678510016920595,260.00026678510017,0.12666713882765163,0.4996978200247415,260.0,2,41,0,False,0.021427937912299938,True,work/cases/case_3156/duration_0p000266785100169.checkpoint.npz,67cbf1177cddb4d443f48aa7e1cc16e279b568d1c6717512a0511805f5d0daad
3157,spring,2.3,201,0.2,fixed_20pct,physical,1.0,0.2,0.1,0.4,polarized,0.1266671390871356,4.419417382415922e-05,275.0000441941738,0.1266671388320742,0.4996978200247528,275.0,2,49,0,False,0.15910358474628536,True,work/cases/case_3157/duration_4p41941738242e-05.checkpoint.npz,9c721414e0e1f78832f9ff7b767d209ee7a169406332b53341c93e07ed134498
3158,spring,2.3,201,0.2,fixed_20pct,physical,1.0,0.2,0.25,1.0,polarized,0.1266671390248404,0.0010054299011128028,240.0010054299011,0.12666713882082511,0.49969782002472085,240.0,2,41,0,False,0.005400576516366806,False,work/cases/case_3158/duration_0p00100542990111.checkpoint.npz,a2827f56029801a55f222371099bbe3074d3b978a09ce7c8bd68085b14d58fef
3159,spring,2.3,201,0.2,fixed_20pct,physical,1.0,0.2,0.5,2.0,polarized,0.1266671390785042,4.419417382415922e-05,275.0000441941738,0.12666713883138842,0.49969782002474994,275.0,2,49,0,False,0.15910358474628536,True,work/cases/case_3159/duration_4p41941738242e-05.checkpoint.npz,7a7043038b547e82630e326d611c7c7d1423f412860a63af9726df3d61d7b08d
3160,spring,2.3,201,0.2,fixed_20pct,physical,1.0,0.2,1.0,4.0,polarized,0.1266671390998576,0.0022078960807586953,235.00220789608076,0.12666713885115782,0.49969782002480545,235.0,2,34,0,False,0.009840549971330919,False,work/cases/case_3160/duration_0p00220789608076.checkpoint.npz,6e487f76c13d1f74c438ccacae8c453d9343b656d459ca8f2c33795ad81124e7
3161,spring,2.3,201,0.2,fixed_20pct,physical,1.0,0.2,2.0,8.0,polarized,0.12666713902651913,0.0024616263084134902,275.0024616263084,0.12666713871361074,0.49969782002442664,275.0,2,39,0,False,0.009840549971331086,False,work/cases/case_3161/duration_0p00246162630841.checkpoint.npz,1ae74eb456564fc6c4a6152e3ff98acf588308cd9cc5ef331d0a65f7d8bff74c
3162,spring,2.3,201,0.2,fixed_20pct,physical,1.0,0.2,4.0,16.0,polarized,0.12666713907280386,0.0002909312146943944,320.0002909312147,0.12666713882677103,0.49969782002473706,320.0,2,38,0,False,0.02142793791229977,True,work/cases/case_3162/duration_0p000290931214694.checkpoint.npz,71febf77dbdfb6551a91601ad45d3e1a9d359dee901082e6311afede1b2c9219
3163,spring,2.3,201,0.2,fixed_20pct,physical,1.0,0.2,10.0,40.0,polarized,0.12666713907659508,0.0005335702003384119,275.00053357020033,0.12666713883735825,0.4996978200247687,275.0,2,41,0,False,0.01077198680602461,True,work/cases/case_3163/duration_0p000533570200338.checkpoint.npz,59cc33e5eba79dd6107bc93fb0ab0817b3eb2396d8e21b768cd96bab4d452f15
3164,spring,2.3,201,0.45999999999999996,relative_20pct,relative,1.0,0.2,0.1,0.4,polarized,0.12666713901837132,0.0021861691690444837,270.002186169169,0.12666713882521868,0.4996978200247326,270.0,2,46,0,False,0.009840549971331103,False,work/cases/case_3164/duration_0p00218616916904.checkpoint.npz,55e8682aa3a03c9fa1b20ee3d925438b3119d7d9512f0e837e1560ad923c5908
3165,spring,2.3,201,0.45999999999999996,relative_20pct,relative,1.0,0.2,0.25,1.0,polarized,0.12666713902786594,0.0005755946149764914,260.000575594615,0.12666713882715147,0.4996978200247383,260.0,2,37,0,False,0.010771986806024463,True,work/cases/case_3165/duration_0p000575594614976.checkpoint.npz,a46e8e3653e5fcceff067fa26b95141da8e44cc4e074938585009c47880edb08
3166,spring,2.3,201,0.45999999999999996,relative_20pct,relative,1.0,0.2,0.5,2.0,polarized,0.12666713904326024,0.0010054299011128028,275.0010054299011,0.12666713885038638,0.49969782002480256,275.0,2,49,0,False,0.005400576516366806,False,work/cases/case_3166/duration_0p00100542990111.checkpoint.npz,bfa9c73f753ec234ecc40ff57a35bc2eea9f4b109926d69c4e74583dc48474a4
3167,spring,2.3,201,0.45999999999999996,relative_20pct,relative,1.0,0.2,1.0,4.0,polarized,0.12666713902457016,0.00026678510016920595,265.00026678510017,0.12666713885170616,0.49969782002480656,265.0,2,42,0,False,0.021427937912299938,True,work/cases/case_3167/duration_0p000266785100169.checkpoint.npz,b4e39efa9bf655106c83c5f82eac10e150e935a5991e167f476bf009c56c5951
3168,spring,2.3,201,0.45999999999999996,relative_20pct,relative,1.0,0.2,2.0,8.0,polarized,0.1266671390522413,1.5625e-05,235.000015625,0.1266671388303879,0.49969782002474783,235.0,2,43,0,False,0.5,True,work/cases/case_3168/duration_1p5625e-05.checkpoint.npz,66b13fc6b743cda6d504b6895ecb1ce694e759b4062ff09ccce844d293ebf0db
3169,spring,2.3,201,0.45999999999999996,relative_20pct,relative,1.0,0.2,4.0,16.0,polarized,0.12666713902076615,7.432544468767007e-05,255.0000743254447,0.12666713889813427,0.499697820024934,255.0,2,39,0,False,0.08299595679532874,True,work/cases/case_3169/duration_7p43254446877e-05.checkpoint.npz,dd08476cb4834955977947dd26ce2cbc834c7ce41af4e88dccc4e0d00dd6f658
3170,spring,2.3,201,0.45999999999999996,relative_20pct,relative,1.0,0.2,10.0,40.0,polarized,0.12666713905598015,5.255602595335716e-05,100.00005255602595,0.1266671388262473,0.4996978200247352,100.0,2,35,0,False,0.15910358474628553,True,work/cases/case_3170/duration_5p25560259534e-05.checkpoint.npz,15fa996bf1b1cd469e4e77a0f55d959f2dd697c0ab0bbad9bee28b973275bec1
3171,spring,2.4,201,0.1,fixed_10pct,physical,1.0,0.1,0.1,0.4,polarized,0.12713901024811436,0.014031951138399475,275.0140319511384,0.1271390099637632,0.4997018297027871,275.0,2,57,0,False,0.009840549971331049,False,work/cases/case_3171/duration_0p0140319511384.checkpoint.npz,6b8beef6a02229dfb2189aa2425d11a6837410e297dc9a55563da8bc1b30342f
3172,spring,2.4,201,0.1,fixed_10pct,physical,1.0,0.1,0.25,1.0,polarized,0.12713901027187613,0.000691954940981916,275.000691954941,0.12713900996938596,0.4997018297027963,275.0,2,60,0,False,0.010771986806024519,True,work/cases/case_3172/duration_0p000691954940982.checkpoint.npz,0db05716cdd5569a0b2b02c755e5b0f0988c2b40e27100b5114bc949a729e076
3173,spring,2.4,201,0.1,fixed_10pct,physical,1.0,0.1,0.5,2.0,polarized,0.12713901026425625,0.0010671404006768238,240.00106714040066,0.12713900996783067,0.49970182970279375,240.0,2,49,0,False,0.005400576516366753,False,work/cases/case_3173/duration_0p00106714040068.checkpoint.npz,bd1c328f6dca88e371557bf18175de31f39fd11a6aedd4e1db673b4ff8b3db91
3174,spring,2.4,201,0.1,fixed_10pct,physical,1.0,0.1,1.0,4.0,polarized,0.127139010165012,0.0011956643920398274,220.00119566439204,0.12713900995990704,0.4997018297027813,220.0,2,50,0,False,0.005400576516366754,False,work/cases/case_3174/duration_0p00119566439204.checkpoint.npz,b8204dce4e0d387f5b45cc09d47ce239430d77ea2526aaf2621ce46ef9a6c80e
3175,spring,2.4,201,0.1,fixed_10pct,physical,1.0,0.1,2.0,8.0,polarized,0.127139010150016,7.8125e-06,190.0000078125,0.12713900996552152,0.49970182970278976,190.0,2,56,0,False,1.0,True,work/cases/case_3175/duration_7p8125e-06.checkpoint.npz,df05eaa1c9ad3884c15abb7df889aabb8decf63daf4a0dcce9b5934e96c65ecc
3176,spring,2.4,201,0.1,fixed_10pct,physical,1.0,0.1,4.0,16.0,polarized,0.12713901022739654,0.002560952821760178,240.00256095282177,0.12713900996036287,0.4997018297027813,240.0,2,39,0,False,0.009840549971330922,False,work/cases/case_3176/duration_0p00256095282176.checkpoint.npz,a34ad80907df59ae2374f998e1c3030c56ac73613196df114fdabbf675354aef
3177,spring,2.4,201,0.1,fixed_10pct,physical,1.0,0.1,10.0,40.0,polarized,0.12713901024170698,4.419417382415922e-05,240.00004419417382,0.1271390099651209,0.49970182970279,240.0,2,44,0,False,0.15910358474628536,True,work/cases/case_3177/duration_4p41941738242e-05.checkpoint.npz,fa74d5148b50b6a05fa9f5eea5b2f7f7a8429d62d9ed826aba083dfb355787fe
3178,spring,2.4,201,0.2,fixed_20pct,physical,1.0,0.2,0.1,0.4,polarized,0.12713901014207213,0.0011083684117236788,165.00110836841174,0.1271390098585545,0.49970182970261523,165.0,2,47,0,False,0.005400576516366813,False,work/cases/case_3178/duration_0p00110836841172.checkpoint.npz,07478c9399031e5a92a38b3b1f6fe1b071d547fdd3035c382fe13f372b7e9c07
3179,spring,2.4,201,0.2,fixed_20pct,physical,1.0,0.2,0.25,1.0,polarized,0.127139010162821,0.0005054446430258502,240.00050544464304,0.12713900996897806,0.49970182970279486,240.0,2,45,0,False,0.010771986806024434,True,work/cases/case_3179/duration_0p000505444643026.checkpoint.npz,e64040477f8940c8684b4eb695bf0842e403103884bf33cef564a06027dac560
3180,spring,2.4,201,0.2,fixed_20pct,physical,1.0,0.2,0.5,2.0,polarized,0.12713901025563543,0.0003612952017442616,255.00036129520174,0.12713901011529719,0.4997018297030341,255.0,2,52,0,False,0.021427937912299803,True,work/cases/case_3180/duration_0p000361295201744.checkpoint.npz,b34a8c4fee2cede06625b97b146fd12df959f94e7597a3fee85794f984634c45
3181,spring,2.4,201,0.2,fixed_20pct,physical,1.0,0.2,1.0,4.0,polarized,0.12713901014913911,5.255602595335716e-05,610.0000525560259,0.12713901003757147,0.499701829702908,610.0,2,42,0,False,0.15910358474628553,True,work/cases/case_3181/duration_5p25560259534e-05.checkpoint.npz,a7fa0cee85bf27cc5dbed429f4a23a6e6ab5b00780a4cb395c72e973397243c1
3182,spring,2.4,201,0.2,fixed_20pct,physical,1.0,0.2,2.0,8.0,polarized,0.12713901013939694,3.716272234383504e-05,260.0000371627223,0.1271390099664831,0.49970182970279164,260.0,2,50,0,False,0.15910358474628553,True,work/cases/case_3182/duration_3p71627223438e-05.checkpoint.npz,81005b195ead098f16194f4aba4a60eb14a7b07c0ab374c118399912cf58ff74
3183,spring,2.4,201,0.2,fixed_20pct,physical,1.0,0.2,4.0,16.0,polarized,0.12713901016566528,3.716272234383504e-05,235.00003716272235,0.12713900996498417,0.4997018297027881,235.0,2,47,0,False,0.15910358474628553,True,work/cases/case_3183/duration_3p71627223438e-05.checkpoint.npz,52ca2bfca0f10a83beda1b09943dd4aa3cda71663fe7cd300fdbfce2fe1b6ce4
3184,spring,2.4,201,0.2,fixed_20pct,physical,1.0,0.2,10.0,40.0,polarized,0.12713901018130047,0.0014218926021691656,235.00142189260217,0.12713900996936733,0.4997018297027962,235.0,2,34,0,False,0.005400576516366843,False,work/cases/case_3184/duration_0p00142189260217.checkpoint.npz,711ad735264e1c3030df291708e4dac8ce05f9bc1f83c4191b95d5a7d66c007e
3185,spring,2.4,201,0.48,relative_20pct,relative,1.0,0.2,0.1,0.4,polarized,0.12713901013388273,0.0022969845905719166,200.00229698459057,0.12713900996333546,0.49970182970278565,200.0,2,47,0,False,0.009840549971331014,False,work/cases/case_3185/duration_0p00229698459057.checkpoint.npz,851e8147e5bb2814957be938654b95336ff1833f17507c4a850531cc0eadd52b
3186,spring,2.4,201,0.48,relative_20pct,relative,1.0,0.2,0.25,1.0,polarized,0.12713901013295298,7.8125e-06,240.0000078125,0.12713900996666627,0.49970182970279275,240.0,2,54,0,False,1.0,True,work/cases/case_3186/duration_7p8125e-06.checkpoint.npz,9936ff8e5163bfb2dc0fa37c529381ae50d5a8542e777fc93e0f537123e8bd3b
3187,spring,2.4,201,0.48,relative_20pct,relative,1.0,0.2,0.5,2.0,polarized,0.1271390102149106,0.0010108892860517004,260.0010108892861,0.12713900996244212,0.499701829702784,260.0,2,37,0,False,0.005400576516366761,False,work/cases/case_3187/duration_0p00101088928605.checkpoint.npz,3f9b91a4da8a1f9dd86f8b1a4517d2130aa7f1afd08185459eab4cd22d9d7390
3188,spring,2.4,201,0.48,relative_20pct,relative,1.0,0.2,1.0,4.0,polarized,0.12713901012326395,0.0001846032682424374,270.0001846032682,0.12713900997371674,0.4997018297028023,270.0,2,42,0,False,0.042396719301426355,True,work/cases/case_3188/duration_0p000184603268242.checkpoint.npz,79e043219854490985afb0e28f1bf6f4cedf313688ed5206e72a970982ee6f5b
3189,spring,2.4,201,0.48,relative_20pct,relative,1.0,0.2,2.0,8.0,polarized,0.12713901012433096,0.0010054299011128028,275.0010054299011,0.12713900996941946,0.4997018297027954,275.0,2,47,0,False,0.005400576516366806,False,work/cases/case_3189/duration_0p00100542990111.checkpoint.npz,9f636c638f37f5cf60458416157d17487bb12250fc9488a1ca0c2d08361c1f28
3190,spring,2.4,201,0.48,relative_20pct,relative,1.0,0.2,4.0,16.0,polarized,0.12713901016064105,0.0010054299011128028,260.0010054299011,0.1271390099704486,0.49970182970279875,260.0,2,44,0,False,0.005400576516366806,False,work/cases/case_3190/duration_0p00100542990111.checkpoint.npz,68d277de62496d3aacc6f364315a4ce2491c23c3108168eeef861269f81cbf61
3191,spring,2.4,201,0.48,relative_20pct,relative,1.0,0.2,10.0,40.0,polarized,0.12713901020734353,7.8125e-06,240.0000078125,0.12713900996576763,0.4997018297027903,240.0,2,44,0,False,1.0,True,work/cases/case_3191/duration_7p8125e-06.checkpoint.npz,8a7d26a496f1f3f1f26a9963828b57174bf75ff677a45ec3f6af76e68ea8b0eb
3192,spring,2.5,201,0.1,fixed_10pct,physical,1.0,0.1,0.1,0.4,polarized,0.12755629373441532,0.0,280.0,0.1275562935155766,0.4997040195877377,280.0,2,53,0,False,0.0,False,work/cases/case_3192/duration_0.checkpoint.npz,4b78c790d3e89099027765d720f5c674eb481c5b6585389f48398f5c5fa0a037
3193,spring,2.5,201,0.1,fixed_10pct,physical,1.0,0.1,0.25,1.0,polarized,0.12755629371037397,0.0,280.0,0.1275562935155766,0.4997040195877377,280.0,2,39,0,False,0.0,False,work/cases/case_3193/duration_0.checkpoint.npz,4b78c790d3e89099027765d720f5c674eb481c5b6585389f48398f5c5fa0a037
3194,spring,2.5,201,0.1,fixed_10pct,physical,1.0,0.1,0.5,2.0,polarized,0.12755629372576782,0.0,280.0,0.1275562935155766,0.4997040195877377,280.0,2,47,0,False,0.0,False,work/cases/case_3194/duration_0.checkpoint.npz,4b78c790d3e89099027765d720f5c674eb481c5b6585389f48398f5c5fa0a037
3195,spring,2.5,201,0.1,fixed_10pct,physical,1.0,0.1,1.0,4.0,polarized,0.1275562937473765,0.0,280.0,0.1275562935155766,0.4997040195877377,280.0,2,51,0,False,0.0,False,work/cases/case_3195/duration_0.checkpoint.npz,4b78c790d3e89099027765d720f5c674eb481c5b6585389f48398f5c5fa0a037
3196,spring,2.5,201,0.1,fixed_10pct,physical,1.0,0.1,2.0,8.0,polarized,0.1275562936889182,0.0,280.0,0.1275562935155766,0.4997040195877377,280.0,2,44,0,False,0.0,False,work/cases/case_3196/duration_0.checkpoint.npz,4b78c790d3e89099027765d720f5c674eb481c5b6585389f48398f5c5fa0a037
3197,spring,2.5,201,0.1,fixed_10pct,physical,1.0,0.1,4.0,16.0,polarized,0.12755629366528692,0.0,280.0,0.1275562935155766,0.4997040195877377,280.0,2,35,0,False,0.0,False,work/cases/case_3197/duration_0.checkpoint.npz,4b78c790d3e89099027765d720f5c674eb481c5b6585389f48398f5c5fa0a037
3198,spring,2.5,201,0.1,fixed_10pct,physical,1.0,0.1,10.0,40.0,polarized,0.12755629372700197,0.0,280.0,0.1275562935155766,0.4997040195877377,280.0,2,39,0,False,0.0,False,work/cases/case_3198/duration_0.checkpoint.npz,4b78c790d3e89099027765d720f5c674eb481c5b6585389f48398f5c5fa0a037
3199,spring,2.5,201,0.2,fixed_20pct,physical,1.0,0.2,0.1,0.4,polarized,0.12755629371358912,0.0,280.0,0.1275562935155766,0.4997040195877377,280.0,2,47,0,False,0.0,False,work/cases/case_3199/duration_0.checkpoint.npz,4b78c790d3e89099027765d720f5c674eb481c5b6585389f48398f5c5fa0a037
3200,spring,2.5,201,0.2,fixed_20pct,physical,1.0,0.2,0.25,1.0,polarized,0.12755629372595004,0.0,280.0,0.1275562935155766,0.4997040195877377,280.0,2,53,0,False,0.0,False,work/cases/case_3200/duration_0.checkpoint.npz,4b78c790d3e89099027765d720f5c674eb481c5b6585389f48398f5c5fa0a037
3201,spring,2.5,201,0.2,fixed_20pct,physical,1.0,0.2,0.5,2.0,polarized,0.12755629368940685,0.0,280.0,0.1275562935155766,0.4997040195877377,280.0,2,39,0,False,0.0,False,work/cases/case_3201/duration_0.checkpoint.npz,4b78c790d3e89099027765d720f5c674eb481c5b6585389f48398f5c5fa0a037
3202,spring,2.5,201,0.2,fixed_20pct,physical,1.0,0.2,1.0,4.0,polarized,0.12755629365768478,0.0,280.0,0.1275562935155766,0.4997040195877377,280.0,2,35,0,False,0.0,False,work/cases/case_3202/duration_0.checkpoint.npz,4b78c790d3e89099027765d720f5c674eb481c5b6585389f48398f5c5fa0a037
3203,spring,2.5,201,0.2,fixed_20pct,physical,1.0,0.2,2.0,8.0,polarized,0.1275562936595949,0.0,280.0,0.1275562935155766,0.4997040195877377,280.0,2,44,0,False,0.0,False,work/cases/case_3203/duration_0.checkpoint.npz,4b78c790d3e89099027765d720f5c674eb481c5b6585389f48398f5c5fa0a037
3204,spring,2.5,201,0.2,fixed_20pct,physical,1.0,0.2,4.0,16.0,polarized,0.12755629366275367,0.0,280.0,0.1275562935155766,0.4997040195877377,280.0,2,37,0,False,0.0,False,work/cases/case_3204/duration_0.checkpoint.npz,4b78c790d3e89099027765d720f5c674eb481c5b6585389f48398f5c5fa0a037
3205,spring,2.5,201,0.2,fixed_20pct,physical,1.0,0.2,10.0,40.0,polarized,0.12755629370999733,0.0,280.0,0.1275562935155766,0.4997040195877377,280.0,2,38,0,False,0.0,False,work/cases/case_3205/duration_0.checkpoint.npz,4b78c790d3e89099027765d720f5c674eb481c5b6585389f48398f5c5fa0a037
3206,spring,2.5,201,0.5,relative_20pct,relative,1.0,0.2,0.1,0.4,polarized,0.12755629371465663,0.0,280.0,0.1275562935155766,0.4997040195877377,280.0,2,41,0,False,0.0,False,work/cases/case_3206/duration_0.checkpoint.npz,4b78c790d3e89099027765d720f5c674eb481c5b6585389f48398f5c5fa0a037
3207,spring,2.5,201,0.5,relative_20pct,relative,1.0,0.2,0.25,1.0,polarized,0.12755629373849814,0.0,280.0,0.1275562935155766,0.4997040195877377,280.0,2,39,0,False,0.0,False,work/cases/case_3207/duration_0.checkpoint.npz,4b78c790d3e89099027765d720f5c674eb481c5b6585389f48398f5c5fa0a037
3208,spring,2.5,201,0.5,relative_20pct,relative,1.0,0.2,0.5,2.0,polarized,0.12755629378085673,0.0,280.0,0.1275562935155766,0.4997040195877377,280.0,2,41,0,False,0.0,False,work/cases/case_3208/duration_0.checkpoint.npz,4b78c790d3e89099027765d720f5c674eb481c5b6585389f48398f5c5fa0a037
3209,spring,2.5,201,0.5,relative_20pct,relative,1.0,0.2,1.0,4.0,polarized,0.12755629365723234,0.0,280.0,0.1275562935155766,0.4997040195877377,280.0,2,45,0,False,0.0,False,work/cases/case_3209/duration_0.checkpoint.npz,4b78c790d3e89099027765d720f5c674eb481c5b6585389f48398f5c5fa0a037
3210,spring,2.5,201,0.5,relative_20pct,relative,1.0,0.2,2.0,8.0,polarized,0.1275562936883868,0.0,280.0,0.1275562935155766,0.4997040195877377,280.0,2,38,0,False,0.0,False,work/cases/case_3210/duration_0.checkpoint.npz,4b78c790d3e89099027765d720f5c674eb481c5b6585389f48398f5c5fa0a037
3211,spring,2.5,201,0.5,relative_20pct,relative,1.0,0.2,4.0,16.0,polarized,0.12755629368736648,0.0,280.0,0.1275562935155766,0.4997040195877377,280.0,2,38,0,False,0.0,False,work/cases/case_3211/duration_0.checkpoint.npz,4b78c790d3e89099027765d720f5c674eb481c5b6585389f48398f5c5fa0a037
3212,spring,2.5,201,0.5,relative_20pct,relative,1.0,0.2,10.0,40.0,polarized,0.12755629375846586,0.0,280.0,0.1275562935155766,0.4997040195877377,280.0,2,35,0,False,0.0,False,work/cases/case_3212/duration_0.checkpoint.npz,4b78c790d3e89099027765d720f5c674eb481c5b6585389f48398f5c5fa0a037
3213,spring,2.6,201,0.1,fixed_10pct,physical,1.0,0.1,0.1,0.4,polarized,0.12792714105997627,0.00013631346658315722,405.00013631346656,0.12792714100584582,0.49970521573762516,405.0,2,55,0,False,0.04239671930142636,True,work/cases/case_3213/duration_0p000136313466583.checkpoint.npz,9765974cb8b029522650c96ad5f941b76b3feb438fcb32f11ed81eb4135cf4d0
3214,spring,2.6,201,0.1,fixed_10pct,physical,1.0,0.1,0.25,1.0,polarized,0.12792714107222056,0.0024134171701044047,240.00241341717012,0.12792714091024934,0.49970521573757,240.0,2,51,0,False,0.009840549971331042,False,work/cases/case_3214/duration_0p0024134171701.checkpoint.npz,a5758ff6f347932017ed5ba86c13372b595b987f4818b634d9ce39e33db1b50f
3215,spring,2.6,201,0.1,fixed_10pct,physical,1.0,0.1,0.5,2.0,polarized,0.12792714107243947,0.001102382583307841,270.0011023825833,0.12792714091002957,0.49970521573757065,270.0,2,46,0,False,0.005400576516366886,False,work/cases/case_3215/duration_0p00110238258331.checkpoint.npz,1d0f1a1e229036293a1207ae46a179dac6bc5b594ab5e7a53ffc74fc784df7e8
3216,spring,2.6,201,0.1,fixed_10pct,physical,1.0,0.1,1.0,4.0,polarized,0.12792714108724124,0.0006845012114872954,275.0006845012115,0.12792714090748494,0.49970521573756765,275.0,2,51,0,False,0.01077198680602464,True,work/cases/case_3216/duration_0p000684501211487.checkpoint.npz,0b89865a5df3322430f25ee3621d1baf318b389446f750183bd5272a009d3c69
3217,spring,2.6,201,0.1,fixed_10pct,physical,1.0,0.1,2.0,8.0,polarized,0.12792714105848302,0.0002554742871635292,270.00025547428714,0.12792714091052973,0.4997052157375709,270.0,2,47,0,False,0.02142793791229987,True,work/cases/case_3217/duration_0p000255474287164.checkpoint.npz,cbb9cf518170ae306bcf53f7095eea35686140b375c709004a8894e812ae95ca
3218,spring,2.6,201,0.1,fixed_10pct,physical,1.0,0.1,4.0,16.0,polarized,0.12792714107095662,0.0002554742871635292,275.00025547428714,0.1279271409214661,0.49970521573757554,275.0,2,46,0,False,0.02142793791229987,True,work/cases/case_3218/duration_0p000255474287164.checkpoint.npz,da1dcf13e7905ad4643105b087eb23ecbe77a0933b90ed02ed313e7c6df1ec98
3219,spring,2.6,201,0.1,fixed_10pct,physical,1.0,0.1,10.0,40.0,polarized,0.12792714105541164,0.0006076236799902344,260.00060762367997,0.1279271408257365,0.4997052157375207,260.0,2,40,0,False,0.010771986806024526,True,work/cases/case_3219/duration_0p00060762367999.checkpoint.npz,194da2762642aa2c42879eaa235a78472796a9ca4964a35eb1fbd4367bd20036
3220,spring,2.6,201,0.2,fixed_20pct,physical,1.0,0.2,0.1,0.4,polarized,0.12792714106416198,0.0020806999120924277,240.00208069991209,0.1279271409224926,0.4997052157375762,240.0,2,55,0,False,0.009840549971331007,False,work/cases/case_3220/duration_0p00208069991209.checkpoint.npz,3a8a11b80ad745c8986629c6c4528fc7043205064f1d15326ae9ae4f8e0b9c51
3221,spring,2.6,201,0.2,fixed_20pct,physical,1.0,0.2,0.25,1.0,polarized,0.12792714105524544,0.00035355339059327376,510.0003535533906,0.1279271409037319,0.4997052157375671,510.0,2,59,0,False,0.021427937912299782,True,work/cases/case_3221/duration_0p000353553390593.checkpoint.npz,8d2a82ae9317d6de55a16d8bd7713556022813f4942aa151776a29c904bb3eea
3222,spring,2.6,201,0.2,fixed_20pct,physical,1.0,0.2,0.5,2.0,polarized,0.12792714110797251,0.0001927763531759926,230.00019277635317,0.12792714082960277,0.49970521573752436,230.0,2,52,0,False,0.04239671930142635,True,work/cases/case_3222/duration_0p000192776353176.checkpoint.npz,a3886395a8fd3301a6b69b61eed732614d4ae8f54d063e57d3739ce560d112c1
3223,spring,2.6,201,0.2,fixed_20pct,physical,1.0,0.2,1.0,4.0,polarized,0.12792714103767164,0.0010386341019613789,190.00103863410197,0.12792714091941373,0.499705215737575,190.0,2,53,0,False,0.005400576516366904,False,work/cases/case_3223/duration_0p00103863410196.checkpoint.npz,83e8a30945844527042781052aa804bff677b9447931ed09de287faf46dbb1e6
3224,spring,2.6,201,0.2,fixed_20pct,physical,1.0,0.2,2.0,8.0,polarized,0.12792714107752431,0.00042965482453061947,270.00042965482453,0.1279271409982416,0.49970521573762183,270.0,2,45,0,False,0.02142793791229978,True,work/cases/case_3224/duration_0p000429654824531.checkpoint.npz,dc1cb0090632fbef5d491e85ff678b36b35c53ef417415384ad69aa53a3c66a6
3225,spring,2.6,201,0.2,fixed_20pct,physical,1.0,0.2,4.0,16.0,polarized,0.12792714105880154,3.716272234383504e-05,395.0000371627223,0.1279271409132065,0.499705215737573,395.0,2,41,0,False,0.15910358474628553,True,work/cases/case_3225/duration_3p71627223438e-05.checkpoint.npz,c87a8a4e59b0a50091601f7f448e81ec0b64c137c654c4aa8a15243e717188fb
3226,spring,2.6,201,0.2,fixed_20pct,physical,1.0,0.2,10.0,40.0,polarized,0.12792714106464315,4.419417382415922e-05,255.00004419417382,0.1279271409192186,0.49970521573757487,255.0,2,46,0,False,0.15910358474628536,True,work/cases/case_3226/duration_4p41941738242e-05.checkpoint.npz,350533ad03cc4da5cedcbd9031dba0299dd7e4fbf7d849cf3c806999f4bf27a7
3227,spring,2.6,201,0.52,relative_20pct,relative,1.0,0.2,0.1,0.4,polarized,0.12792714106846997,0.001016378314910953,255.00101637831492,0.1279271409075759,0.49970521573756843,255.0,2,46,0,False,0.00540057651636692,False,work/cases/case_3227/duration_0p00101637831491.checkpoint.npz,d1652beedf632e08a9679a1a088a86c86f445eac0692591645f37e6ff502be05
3228,spring,2.6,201,0.52,relative_20pct,relative,1.0,0.2,0.25,1.0,polarized,0.1279271410632295,0.0012021567314527031,260.00120215673144,0.12792714091430485,0.4997052157375723,260.0,2,48,0,False,0.005400576516366779,False,work/cases/case_3228/duration_0p00120215673145.checkpoint.npz,22ba0ae81eaf4560d74c128a4fc1d3f9b5533dd0aca760803e91f10631ca9619
3229,spring,2.6,201,0.52,relative_20pct,relative,1.0,0.2,0.5,2.0,polarized,0.12792714105972838,0.0005755946149764914,1055.000575594615,0.12792714091289886,0.4997052157375723,1055.0,2,40,0,False,0.010771986806024463,True,work/cases/case_3229/duration_0p000575594614976.checkpoint.npz,402ed5107ffce63c05df5963034f07b9e3b0f9ed94d967b903c525879cdd4b97
3230,spring,2.6,201,0.52,relative_20pct,relative,1.0,0.2,1.0,4.0,polarized,0.12792714108766673,0.0010108892860517004,170.00101088928605,0.12792714090820492,0.4997052157375679,170.0,2,40,0,False,0.005400576516366761,False,work/cases/case_3230/duration_0p00101088928605.checkpoint.npz,945c4cae7a74b0dd9de136a7f9e39e2a4b8b2368a17e870f5c6e0c27437fe0cf
3231,spring,2.6,201,0.52,relative_20pct,relative,1.0,0.2,2.0,8.0,polarized,0.12792714107854597,0.000125,240.000125,0.127927140920429,0.49970521573757576,240.0,2,41,0,False,0.08299595679532872,True,work/cases/case_3231/duration_0p000125.checkpoint.npz,370532ac33d7cd07b36a714f06db89f9d920f55cefebc3038583fd518c3b99b1
3232,spring,2.6,201,0.52,relative_20pct,relative,1.0,0.2,4.0,16.0,polarized,0.1279271410732255,2.209708691207961e-05,275.0000220970869,0.1279271409192417,0.499705215737575,275.0,2,47,0,False,0.2928932188134524,True,work/cases/case_3232/duration_2p20970869121e-05.checkpoint.npz,33c4b7a56fcd019e729ec9845930924506f8a84ed9e381de39ce925ab44d281f
3233,spring,2.6,201,0.52,relative_20pct,relative,1.0,0.2,10.0,40.0,polarized,0.12792714106336078,7.8125e-06,290.0000078125,0.12792714090998455,0.49970521573756965,290.0,2,39,0,False,1.0,True,work/cases/case_3233/duration_7p8125e-06.checkpoint.npz,42ceaaf20209f9a8f36aacbb58910886d9d1091acdd4c3c1b29270c962796a36
