"key","label","time","winner_mass","loser_mass","winner_fraction","loser_fraction"
"L10.00_M020.000","L=10, M=20",0,11.048945604696,6.99409794525297,0.612365955561152,0.387634044438848
"L10.00_M020.000","L=10, M=20",1,11.0494631076527,6.99372816518526,0.612389623352629,0.387610376647371
"L10.00_M020.000","L=10, M=20",2,11.0507047832535,6.99260304959031,0.612454483713798,0.387545516286202
"L10.00_M020.000","L=10, M=20",3,11.052057894999,6.99131573191032,0.612527242605911,0.387472757394089
"L10.00_M020.000","L=10, M=20",4,11.0523206088384,6.98999342665192,0.612577776170939,0.387422223829061
"L10.00_M020.000","L=10, M=20",5,11.0546586263521,6.98866412761395,0.612673107780118,0.387326892219882
"L10.00_M020.000","L=10, M=20",6,11.0560189344777,6.98733587559015,0.612747410382279,0.387252589617722
"L10.00_M020.000","L=10, M=20",7,11.057390993362,6.98600099094075,0.612822190139284,0.387177809860716
"L10.00_M020.000","L=10, M=20",8,11.0587143257689,6.98465879434515,0.612896172581005,0.387103827418995
"L10.00_M020.000","L=10, M=20",9,11.0599893531597,6.98331285486967,0.612969246185876,0.387030753814124
"L10.00_M020.000","L=10, M=20",10,11.0611426392489,6.98196404744668,0.61303980690892,0.38696019309108
"L10.00_M020.000","L=10, M=20",11,11.0627266762292,6.98061297603061,0.613119682355681,0.386880317644319
"L10.00_M020.000","L=10, M=20",12,11.0639691312627,6.97926013296407,0.613192293310742,0.386807706689258
"L10.00_M020.000","L=10, M=20",13,11.0633094142854,6.97790826618044,0.613224096634242,0.386775903365758
"L10.00_M020.000","L=10, M=20",14,11.0673713665272,6.97656134406802,0.613356940753196,0.386643059246804
"L10.00_M020.000","L=10, M=20",15,11.0687305303994,6.97523124447561,0.613431277925442,0.386568722074558
"L10.00_M020.000","L=10, M=20",16,11.0693868871022,6.97388727900408,0.613491031904604,0.386508968095396
"L10.00_M020.000","L=10, M=20",17,11.0707803457968,6.97252871233826,0.61356707409528,0.38643292590472
"L10.00_M020.000","L=10, M=20",18,11.0726472055282,6.97116517338727,0.613653421627616,0.386346578372384
"L10.00_M020.000","L=10, M=20",19,11.073516902137,6.96979962153514,0.613718486155744,0.386281513844256
"L10.00_M020.000","L=10, M=20",20,11.0749953625179,6.96842848706852,0.613796774649937,0.386203225350063
"L10.00_M020.000","L=10, M=20",21,11.0761271360355,6.96705606375735,0.61386768694798,0.38613231305202
"L10.00_M020.000","L=10, M=20",22,11.077534147185,6.96568186733773,0.613944550587258,0.386055449412741
"L10.00_M020.000","L=10, M=20",23,11.0794145064523,6.96430761744119,0.614031541296068,0.385968458703932
"L10.00_M020.000","L=10, M=20",24,11.0802995337061,6.9629321227406,0.614097282830552,0.385902717169448
"L10.00_M020.000","L=10, M=20",25,11.0816994695985,6.96155329424839,0.614174152223972,0.385825847776029
"L10.00_M020.000","L=10, M=20",26,11.0830510718412,6.96017266269233,0.614250049486943,0.385749950513057
"L10.00_M020.000","L=10, M=20",27,11.0842791123577,6.95879142960524,0.61432332631959,0.38567667368041
"L10.00_M020.000","L=10, M=20",28,11.0855191255442,6.95740909331565,0.614396897835948,0.385603102164052
"L10.00_M020.000","L=10, M=20",29,11.0871004665041,6.9560263242302,0.614477778441243,0.385522221558757
"L10.00_M020.000","L=10, M=20",30,11.0884688000051,6.95464268683909,0.614554136524072,0.385445863475928
"L10.00_M020.000","L=10, M=20",31,11.089978640977,6.95325674778008,0.614633595474085,0.385366404525915
"L10.00_M020.000","L=10, M=20",32,11.0914625124993,6.95186798216324,0.614712595093256,0.385287404906744
"L10.00_M020.000","L=10, M=20",33,11.0926522251546,6.95047694228855,0.6147853912818,0.3852146087182
"L10.00_M020.000","L=10, M=20",34,11.0939694203093,6.94908380525457,0.614860981765053,0.385139018234947
"L10.00_M020.000","L=10, M=20",35,11.0953936725675,6.94769002998501,0.6149388793778,0.3850611206222
"L10.00_M020.000","L=10, M=20",36,11.0967234564718,6.94629599840037,0.615014769796491,0.384985230203509
"L10.00_M020.000","L=10, M=20",37,11.0980977627043,6.94490106688852,0.615091641224408,0.384908358775592
"L10.00_M020.000","L=10, M=20",38,11.0995172995712,6.94350470429928,0.615169526323817,0.384830473676183
"L10.00_M020.000","L=10, M=20",39,11.1008911868803,6.94210677482938,0.615246491211621,0.384753508788379
"L10.00_M020.000","L=10, M=20",40,11.1025745081358,6.9407067300023,0.615330125468991,0.384669874531009
"L10.00_M020.000","L=10, M=20",41,11.1040107034486,6.93930496614431,0.615408548339116,0.384591451660884
"L10.00_M020.000","L=10, M=20",42,11.1050368741965,6.93789965111567,0.615478354015013,0.384521645984987
"L10.00_M020.000","L=10, M=20",43,11.10648393427,6.9364901853655,0.615557272355848,0.384442727644151
"L10.00_M020.000","L=10, M=20",44,11.1087756134237,6.93507972286059,0.615654216152195,0.384345783847805
"L10.00_M020.000","L=10, M=20",45,11.1093022527373,6.93366887996136,0.615713574612126,0.384286425387874
"L10.00_M020.000","L=10, M=20",46,11.1097816251334,6.93224967146284,0.615772217800628,0.384227782199373
"L10.00_M020.000","L=10, M=20",47,11.1119255034417,6.93083323194764,0.615866213499081,0.384133786500919
"L10.00_M020.000","L=10, M=20",48,11.1135317195953,6.92942285589606,0.615948550615505,0.384051449384495
"L10.00_M020.000","L=10, M=20",49,11.1148230265632,6.92801232824241,0.616024189546396,0.383975810453604
"L10.00_M020.000","L=10, M=20",50,11.1167871204235,6.92659932243131,0.616114228647237,0.383885771352763
"L10.00_M020.000","L=10, M=20",51,11.1177060367533,6.92518358718875,0.616182123178354,0.383817876821646
"L10.00_M020.000","L=10, M=20",52,11.1189405813303,6.92376460318266,0.616256845501987,0.383743154498013
"L10.00_M020.000","L=10, M=20",53,11.1204539097204,6.92234325768084,0.616337578178413,0.383662421821587
"L10.00_M020.000","L=10, M=20",54,11.1217819342787,6.92092036791921,0.616414423294223,0.383585576705777
"L10.00_M020.000","L=10, M=20",55,11.1230804053904,6.91949632585503,0.616490680409737,0.383509319590263
"L10.00_M020.000","L=10, M=20",56,11.1246772912842,6.91807028744359,0.61657334852925,0.38342665147075
"L10.00_M020.000","L=10, M=20",57,11.1260670731781,6.91664267722245,0.616651668573846,0.383348331426154
"L10.00_M020.000","L=10, M=20",58,11.1275574248015,6.9152137385752,0.616732170687187,0.383267829312813
"L10.00_M020.000","L=10, M=20",59,11.1288843478597,6.9137824800371,0.61680928069085,0.38319071930915
"L10.00_M020.000","L=10, M=20",60,11.1303249202238,6.91235025003605,0.616888838001705,0.383111161998295
"L10.00_M020.000","L=10, M=20",61,11.1318570472175,6.91091666947075,0.61697038504237,0.38302961495763
"L10.00_M020.000","L=10, M=20",62,11.1339561510406,6.90948067507057,0.617064047073799,0.382935952926201
"L10.00_M020.000","L=10, M=20",63,11.1346495644203,6.90804299642729,0.61712793292185,0.382872067078151
"L10.00_M020.000","L=10, M=20",64,11.1374125645788,6.90658581404223,0.617236397991184,0.382763602008816
"L10.00_M020.000","L=10, M=20",65,11.1372968295857,6.90514876642813,0.617283104461532,0.382716895538468
"L10.00_M020.000","L=10, M=20",66,11.1390050699469,6.90369353655621,0.617369126031518,0.382630873968482
"L10.00_M020.000","L=10, M=20",67,11.1403030170575,6.90224008805777,0.617446385033111,0.38255361496689
"L10.00_M020.000","L=10, M=20",68,11.1417878293157,6.90078924189734,0.61752751756801,0.382472482431989
"L10.00_M020.000","L=10, M=20",69,11.1430475249554,6.89933904581932,0.617603856410273,0.382396143589727
"L10.00_M020.000","L=10, M=20",70,11.1443878165845,6.89788921954574,0.61768189205096,0.38231810794904
"L10.00_M020.000","L=10, M=20",71,11.1456466741447,6.89643836156125,0.61775823870063,0.38224176129937
"L10.00_M020.000","L=10, M=20",72,11.1468130368105,6.89498896622405,0.617832577640285,0.382167422359715
"L10.00_M020.000","L=10, M=20",73,11.1487148618449,6.89354261967766,0.617922389881783,0.382077610118217
"L10.00_M020.000","L=10, M=20",74,11.1503732146251,6.89209862637014,0.61800696228827,0.38199303771173
"L10.00_M020.000","L=10, M=20",75,11.1519243709269,6.8906520957955,0.61808935057005,0.38191064942995
"L10.00_M020.000","L=10, M=20",76,11.1534937914969,6.88920126876883,0.618172271616977,0.381827728383023
"L10.00_M020.000","L=10, M=20",77,11.1546690067361,6.88774622068206,0.618246995545525,0.381753004454475
"L10.00_M020.000","L=10, M=20",78,11.15655689432,6.88628657368866,0.618336955264364,0.381663044735636
"L10.00_M020.000","L=10, M=20",79,11.15764876062,6.88482385372313,0.618410181304643,0.381589818695357
"L10.00_M020.000","L=10, M=20",80,11.1592745453141,6.8833580266302,0.618494806720524,0.381505193279476
"L10.00_M020.000","L=10, M=20",81,11.1607822643976,6.88189052374444,0.618576992192236,0.381423007807764
"L10.00_M020.000","L=10, M=20",82,11.1619364551218,6.88042063761875,0.618651786889467,0.381348213110533
"L10.00_M020.000","L=10, M=20",83,11.1643823990971,6.87894875340211,0.618753948743589,0.381246051256411
"L10.00_M020.000","L=10, M=20",84,11.1649271585989,6.87747435979019,0.618816023311499,0.381183976688501
"L10.00_M020.000","L=10, M=20",85,11.1671291913618,6.87599430871933,0.618913304634399,0.381086695365601
"L10.00_M020.000","L=10, M=20",86,11.1678376373885,6.87451356170967,0.618979062881046,0.381020937118954
"L10.00_M020.000","L=10, M=20",87,11.1700762290344,6.87302584193269,0.619077372898534,0.380922627101466
"L10.00_M020.000","L=10, M=20",88,11.1717086985984,6.87153707142606,0.619162917858058,0.380837082141942
"L10.00_M020.000","L=10, M=20",89,11.1727480960687,6.87004338075321,0.619236114900592,0.380763885099408
"L10.00_M020.000","L=10, M=20",90,11.1736902834267,6.86854526655946,0.619307416338174,0.380692583661826
"L10.00_M020.000","L=10, M=20",91,11.1742121935664,6.86704546354591,0.619369913447316,0.380630086552684
"L10.00_M020.000","L=10, M=20",92,11.1766178091184,6.86555114836114,0.619471962348797,0.380528037651203
"L10.00_M020.000","L=10, M=20",93,11.1782409279243,6.86406326584761,0.619557280925513,0.380442719074487
"L10.00_M020.000","L=10, M=20",94,11.1795819639151,6.86257587986443,0.61963663441563,0.38036336558437
"L10.00_M020.000","L=10, M=20",95,11.1811107397943,6.86108482068368,0.619720072444336,0.380279927555664
"L10.00_M020.000","L=10, M=20",96,11.1825435951925,6.85959158192516,0.619801563696021,0.380198436303979
"L10.00_M020.000","L=10, M=20",97,11.1835880229932,6.85809557908578,0.619874966752243,0.380125033247757
"L10.00_M020.000","L=10, M=20",98,11.1854824277841,6.85659919035547,0.619966291280834,0.380033708719166
"L10.00_M020.000","L=10, M=20",99,11.1868885824598,6.85510318843552,0.620047316533316,0.379952683466684
"L10.00_M020.000","L=10, M=20",100,11.1881337433054,6.85360560975191,0.62012500703872,0.37987499296128
"L10.00_M020.000","L=10, M=20",101,11.1890107190403,6.85210559232181,0.620195032609683,0.379804967390317
"L10.00_M020.000","L=10, M=20",102,11.1913470159495,6.85060582941345,0.620295769081664,0.379704230918337
"L10.00_M020.000","L=10, M=20",103,11.1928229068287,6.84910676209554,0.620378369288704,0.379621630711296
"L10.00_M020.000","L=10, M=20",104,11.1942960993973,6.84760496820589,0.620461006711663,0.379538993288337
"L10.00_M020.000","L=10, M=20",105,11.1958629719292,6.8460998042326,0.620545730574386,0.379454269425614
"L10.00_M020.000","L=10, M=20",106,11.1973640593099,6.84459148333515,0.620629179184214,0.379370820815786
"L10.00_M020.000","L=10, M=20",107,11.1988485892483,6.84308124300205,0.620712345817358,0.379287654182642
"L10.00_M020.000","L=10, M=20",108,11.2004175071045,6.84156806249328,0.620797387510281,0.379202612489719
"L10.00_M020.000","L=10, M=20",109,11.2017915234079,6.84005213892657,0.620878427563011,0.379121572436989
"L10.00_M020.000","L=10, M=20",110,11.2032643099636,6.8385347266655,0.620961595194488,0.379038404805512
"L10.00_M020.000","L=10, M=20",111,11.2048211567989,6.83701525128429,0.621046599878205,0.378953400121794
"L10.00_M020.000","L=10, M=20",112,11.2062467757431,6.83549379984016,0.621128916514244,0.378871083485756
"L10.00_M020.000","L=10, M=20",113,11.2079006781631,6.83397107346681,0.621216070730054,0.378783929269946
"L10.00_M020.000","L=10, M=20",114,11.2101861284263,6.83244662673771,0.621316538475672,0.378683461524328
"L10.00_M020.000","L=10, M=20",115,11.2109240381408,6.83092134132982,0.621384553649786,0.378615446350214
"L10.00_M020.000","L=10, M=20",116,11.2123638954164,6.82938945048074,0.621467530369835,0.378532469630165
"L10.00_M020.000","L=10, M=20",117,11.2140084708562,6.8278561219223,0.621554851672303,0.378445148327697
"L10.00_M020.000","L=10, M=20",118,11.2151695453837,6.82632249191265,0.621632042527254,0.378367957472746
"L10.00_M020.000","L=10, M=20",119,11.2164500011313,6.82478726792943,0.621711794698616,0.378288205301384
"L10.00_M020.000","L=10, M=20",120,11.2183610252581,6.82325419969027,0.621804693503556,0.378195306496444
"L10.00_M020.000","L=10, M=20",121,11.219938293193,6.82172191034215,0.621890566977563,0.378109433022437
"L10.00_M020.000","L=10, M=20",122,11.2214688815946,6.82018785826233,0.621975522724838,0.378024477275162
"L10.00_M020.000","L=10, M=20",123,11.223063368735,6.81865095085632,0.622061915510323,0.377938084489677
"L10.00_M020.000","L=10, M=20",124,11.224435178189,6.81711102153486,0.62214374832024,0.37785625167976
"L10.00_M020.000","L=10, M=20",125,11.2261233911625,6.8155682062922,0.622232307348956,0.377767692651044
"L10.00_M020.000","L=10, M=20",126,11.2275906887121,6.81402327863729,0.622316313220708,0.377683686779292
"L10.00_M020.000","L=10, M=20",127,11.2291053853286,6.81247576698901,0.622401400992846,0.377598599007154
"L10.00_M020.000","L=10, M=20",128,11.230634957559,6.81092701561928,0.622486843115644,0.377513156884356
"L10.00_M020.000","L=10, M=20",129,11.2339693306326,6.80937720306771,0.622610074558532,0.377389925441467
"L10.00_M020.000","L=10, M=20",130,11.2338662086333,6.80782014891944,0.622661650690458,0.377338349309542
"L10.00_M020.000","L=10, M=20",131,11.2354485002892,6.8062487772533,0.622748975744903,0.377251024255097
"L10.00_M020.000","L=10, M=20",132,11.2366603446701,6.8046771407341,0.622828565440937,0.377171434559063
"L10.00_M020.000","L=10, M=20",133,11.2384823164549,6.80310842324558,0.622920809955224,0.377079190044776
"L10.00_M020.000","L=10, M=20",134,11.2399413346686,6.8015420347713,0.623005387334597,0.376994612665403
"L10.00_M020.000","L=10, M=20",135,11.2423552558248,6.79997527239074,0.623109926860249,0.376890073139751
"L10.00_M020.000","L=10, M=20",136,11.2431792602624,6.79840663188517,0.623181317178767,0.376818682821233
"L10.00_M020.000","L=10, M=20",137,11.2448632054592,6.79683007322226,0.623270944238167,0.376729055761833
"L10.00_M020.000","L=10, M=20",138,11.2461479627005,6.79525278743385,0.623352261748121,0.376647738251879
"L10.00_M020.000","L=10, M=20",139,11.2470047120187,6.7936742718413,0.623424690505317,0.376575309494683
"L10.00_M020.000","L=10, M=20",140,11.249267240126,6.79209927672023,0.623526340403423,0.376473659596577
"L10.00_M020.000","L=10, M=20",141,11.2508442128436,6.79052788104961,0.62361355634652,0.37638644365348
"L10.00_M020.000","L=10, M=20",142,11.2523276691308,6.78895463702109,0.623698885599383,0.376301114400617
"L10.00_M020.000","L=10, M=20",143,11.2539744223076,6.78737873713515,0.623787712753537,0.376212287246463
"L10.00_M020.000","L=10, M=20",144,11.2554984743445,6.7857988802607,0.623874117981401,0.376125882018599
"L10.00_M020.000","L=10, M=20",145,11.2570203904552,6.784216458968,0.623960567915005,0.376039432084995
"L10.00_M020.000","L=10, M=20",146,11.2584919097265,6.78263203843178,0.624046037379829,0.375953962620171
"L10.00_M020.000","L=10, M=20",147,11.2601728618511,6.78104600676292,0.624135926948939,0.375864073051061
"L10.00_M020.000","L=10, M=20",148,11.2610702919172,6.77945816773693,0.624209557779943,0.375790442220057
"L10.00_M020.000","L=10, M=20",149,11.2633848359748,6.77787146757611,0.624312666837836,0.375687333162164
"L10.00_M020.000","L=10, M=20",150,11.264848366577,6.77628602995276,0.624398007297357,0.375601992702643
"L10.00_M020.000","L=10, M=20",151,11.2663602446293,6.77469722009177,0.624484471969585,0.375515528030415
"L10.00_M020.000","L=10, M=20",152,11.2681520122856,6.77310440206644,0.624576900493563,0.375423099506437
"L10.00_M020.000","L=10, M=20",153,11.2696202274252,6.77150851799199,0.624662701899286,0.375337298100714
"L10.00_M020.000","L=10, M=20",154,11.2712848762632,6.76990903439291,0.624752714930121,0.375247285069879
"L10.00_M020.000","L=10, M=20",155,11.272704393867,6.76830728117526,0.624837708489571,0.375162291510429
"L10.00_M020.000","L=10, M=20",156,11.2743504297169,6.76670367850368,0.624927477191015,0.375072522808985
"L10.00_M020.000","L=10, M=20",157,11.2775818831462,6.7650996577421,0.625050209836545,0.374949790163455
"L10.00_M020.000","L=10, M=20",158,11.2777359985207,6.76348417717539,0.625109382219796,0.374890617780204
"L10.00_M020.000","L=10, M=20",159,11.2792504468536,6.76185177083839,0.625197413703062,0.374802586296938
"L10.00_M020.000","L=10, M=20",160,11.2801590510601,6.76021982518709,0.625272846454023,0.374727153545977
"L10.00_M020.000","L=10, M=20",161,11.2823547685968,6.75859577823085,0.625374740610922,0.374625259389078
"L10.00_M020.000","L=10, M=20",162,11.2841331812417,6.75697761825844,0.62546776119541,0.37453223880459
"L10.00_M020.000","L=10, M=20",163,11.2859408659819,6.75535912715192,0.625561399138483,0.374438600861517
"L10.00_M020.000","L=10, M=20",164,11.2871412632454,6.75373778235127,0.625642532978476,0.374357467021524
"L10.00_M020.000","L=10, M=20",165,11.289000285529,6.75211246518048,0.625737472046177,0.374262527953823
"L10.00_M020.000","L=10, M=20",166,11.2907780603414,6.75048668772487,0.625830739585571,0.374169260414429
"L10.00_M020.000","L=10, M=20",167,11.2920330865742,6.74885892404239,0.625913235328339,0.374086764671661
"L10.00_M020.000","L=10, M=20",168,11.2936366088766,6.74722757185245,0.62600308365163,0.37399691634837
"L10.00_M020.000","L=10, M=20",169,11.2952585872751,6.74559408751305,0.626093388759838,0.373906611240162
"L10.00_M020.000","L=10, M=20",170,11.2965517330123,6.74395947285882,0.626176919495272,0.373823080504728
"L10.00_M020.000","L=10, M=20",171,11.2985250144364,6.74232455834842,0.626274553692892,0.373725446307108
"L10.00_M020.000","L=10, M=20",172,11.3000676323265,6.74068882021673,0.626363293692905,0.373636706307095
"L10.00_M020.000","L=10, M=20",173,11.301696485372,6.73905170688666,0.626453867928913,0.373546132071087
"L10.00_M020.000","L=10, M=20",174,11.3033086088946,6.73741193715724,0.626544188190326,0.373455811809674
"L10.00_M020.000","L=10, M=20",175,11.3053029654777,6.73572280817075,0.626644133616324,0.373355866383676
"L10.00_M020.000","L=10, M=20",176,11.3065738068637,6.73411403974383,0.626726314595031,0.373273685404969
"L10.00_M020.000","L=10, M=20",177,11.3084518822486,6.73246157017148,0.626822578140114,0.373177421859886
"L10.00_M020.000","L=10, M=20",178,11.3099710564785,6.73080763852613,0.626911468051551,0.373088531948449
"L10.00_M020.000","L=10, M=20",179,11.3113899371064,6.72915396323373,0.626998276747805,0.373001723252195
"L10.00_M020.000","L=10, M=20",180,11.3131408992687,6.72749817322575,0.627092025609957,0.372907974390043
"L10.00_M020.000","L=10, M=20",181,11.3148640663941,6.72584080917295,0.627185253815558,0.372814746184442
"L10.00_M020.000","L=10, M=20",182,11.3163708577117,6.72418216823148,0.627274055370598,0.372725944629402
"L10.00_M020.000","L=10, M=20",183,11.3180180527643,6.72252309922301,0.627365773421798,0.372634226578202
"L10.00_M020.000","L=10, M=20",184,11.3196750261861,6.72086190629584,0.627457767390784,0.372542232609216
"L10.00_M020.000","L=10, M=20",185,11.3213205707163,6.71919781047462,0.6275496264298,0.3724503735702
"L10.00_M020.000","L=10, M=20",186,11.3229463882556,6.7175307837912,0.627641180456145,0.372358819543855
"L10.00_M020.000","L=10, M=20",187,11.323739510285,6.71586072629469,0.627715656765129,0.372284343234871
"L10.00_M020.000","L=10, M=20",188,11.3262163194104,6.71419247430642,0.627824815330966,0.372175184669034
"L10.00_M020.000","L=10, M=20",189,11.3274697412647,6.71252559769292,0.627908684477477,0.372091315522524
"L10.00_M020.000","L=10, M=20",190,11.3295777262035,6.71085655923015,0.628010254462185,0.371989745537815
"L10.00_M020.000","L=10, M=20",191,11.331149182755,6.70918408700702,0.628100878920431,0.371899121079569
"L10.00_M020.000","L=10, M=20",192,11.3329707996923,6.70750810233339,0.628196782426866,0.371803217573134
"L10.00_M020.000","L=10, M=20",193,11.3343027674781,6.70582829859238,0.628282728432911,0.371717271567089
"L10.00_M020.000","L=10, M=20",194,11.336165764459,6.70414617656461,0.628379697730203,0.371620302269797
"L10.00_M020.000","L=10, M=20",195,11.3378294890986,6.70246138478994,0.628472654257973,0.371527345742027
"L10.00_M020.000","L=10, M=20",196,11.3394622351479,6.70077470827967,0.628565038846627,0.371434961153373
"L10.00_M020.000","L=10, M=20",197,11.3412945286552,6.69908499985952,0.628661637119612,0.371338362880388
"L10.00_M020.000","L=10, M=20",198,11.3428594283256,6.69739304168166,0.628752809706162,0.371247190293838
"L10.00_M020.000","L=10, M=20",199,11.3444386960277,6.69569752313142,0.628844403291123,0.371155596708877
"L10.00_M020.000","L=10, M=20",200,11.3461951844599,6.69399994081718,0.628939715211957,0.371060284788043
"L10.00_M020.000","L=10, M=20",201,11.3478147060022,6.69230054520535,0.629032273241304,0.370967726758696
"L10.00_M020.000","L=10, M=20",202,11.3490644868137,6.6905990522135,0.629117303782358,0.370882696217642
"L10.00_M020.000","L=10, M=20",203,11.3511305485741,6.68889678946111,0.629219143401275,0.370780856598725
"L10.00_M020.000","L=10, M=20",204,11.3525136302805,6.68719440034528,0.629306949480972,0.370693050519028
"L10.00_M020.000","L=10, M=20",205,11.3545731890851,6.68549008983284,0.629408722881494,0.370591277118506
"L10.00_M020.000","L=10, M=20",206,11.35626061788,6.68378394617663,0.629502913784729,0.370497086215271
"L10.00_M020.000","L=10, M=20",207,11.3579896723395,6.6820748755069,0.62959806170402,0.370401938295981
"L10.00_M020.000","L=10, M=20",208,11.3594798612518,6.68036250021071,0.629688421530689,0.370311578469311
"L10.00_M020.000","L=10, M=20",209,11.3613541875682,6.67864750198434,0.629786758509445,0.370213241490555
"L10.00_M020.000","L=10, M=20",210,11.3630470564643,6.67693000834554,0.629881458032999,0.370118541967001
"L10.00_M020.000","L=10, M=20",211,11.3640330180536,6.67520939367122,0.629961766613183,0.370038233386817
"L10.00_M020.000","L=10, M=20",212,11.3664271793219,6.67348922891181,0.630070945014693,0.369929054985306
"L10.00_M020.000","L=10, M=20",213,11.3678393743248,6.67176838930269,0.630160008093153,0.369839991906847
"L10.00_M020.000","L=10, M=20",214,11.3698535039879,6.67004522438807,0.630261492882087,0.369738507117913
"L10.00_M020.000","L=10, M=20",215,11.3713812411759,6.66831732150337,0.63035317367781,0.36964682632219
"L10.00_M020.000","L=10, M=20",216,11.3732627179147,6.66658727841193,0.630452177830226,0.369547822169774
"L10.00_M020.000","L=10, M=20",217,11.3749706254079,6.66485374801753,0.630547747580317,0.369452252419683
"L10.00_M020.000","L=10, M=20",218,11.3765529189139,6.66311697782479,0.630640858953335,0.369359141046665
"L10.00_M020.000","L=10, M=20",219,11.3780371384464,6.66137778910339,0.630732048913064,0.369267951086935
"L10.00_M020.000","L=10, M=20",220,11.3801726026867,6.65963754674066,0.630836605730462,0.369163394269538
"L10.00_M020.000","L=10, M=20",221,11.3818365126787,6.65789664509198,0.630931533916617,0.369068466083383
"L10.00_M020.000","L=10, M=20",222,11.3835540032454,6.65615251938586,0.631027671595681,0.368972328404319
"L10.00_M020.000","L=10, M=20",223,11.385294442514,6.65440524438323,0.631124388993209,0.368875611006791
"L10.00_M020.000","L=10, M=20",224,11.38702963675,6.65265554757065,0.631221083982503,0.368778916017497
"L10.00_M020.000","L=10, M=20",225,11.388752829384,6.65090363748747,0.631317611302555,0.368682388697445
"L10.00_M020.000","L=10, M=20",226,11.3904777138312,6.64914802595786,0.631414303053295,0.368585696946705
"L10.00_M020.000","L=10, M=20",227,11.3921788053167,6.64738919802299,0.631510621718194,0.368489378281806
"L10.00_M020.000","L=10, M=20",228,11.3939665276084,6.64562788948457,0.631608796970087,0.368391203029913
"L10.00_M020.000","L=10, M=20",229,11.3957272712571,6.64386459680462,0.631706490623699,0.368293509376301
"L10.00_M020.000","L=10, M=20",230,11.397477772674,6.64209982594748,0.631804027026938,0.368195972973062
"L10.00_M020.000","L=10, M=20",231,11.3993504168749,6.64033075634148,0.631904206477862,0.368095793522138
"L10.00_M020.000","L=10, M=20",232,11.4011068899062,6.63855837628008,0.63200213095287,0.36799786904713
"L10.00_M020.000","L=10, M=20",233,11.4027186276351,6.6367845019403,0.632097156209396,0.367902843790604
"L10.00_M020.000","L=10, M=20",234,11.4044472085313,6.63500629736592,0.632194717251447,0.367805282748554
"L10.00_M020.000","L=10, M=20",235,11.4063071695905,6.63322672063981,0.63229500490408,0.36770499509592
"L10.00_M020.000","L=10, M=20",236,11.4078826398915,6.63144469644836,0.632389580120904,0.367610419879096
"L10.00_M020.000","L=10, M=20",237,11.4086988931807,6.62965944592771,0.632468802243819,0.367531197756181
"L10.00_M020.000","L=10, M=20",238,11.4123232504577,6.62787427415087,0.632605227015402,0.367394772984598
"L10.00_M020.000","L=10, M=20",239,11.4131927839163,6.62609165002345,0.63268544967577,0.36731455032423
"L10.00_M020.000","L=10, M=20",240,11.4150279193244,6.62430140649385,0.632785604894245,0.367214395105755
"L10.00_M020.000","L=10, M=20",241,11.4167800506334,6.62250698875941,0.632884216859696,0.367115783140304
"L10.00_M020.000","L=10, M=20",242,11.4185984242821,6.62070990736353,0.632984270480644,0.367015729519356
"L10.00_M020.000","L=10, M=20",243,11.4202402321828,6.61891023799632,0.633080823349294,0.366919176650706
"L10.00_M020.000","L=10, M=20",244,11.4213107478789,6.61710814300946,0.633165845463766,0.366834154536234
"L10.00_M020.000","L=10, M=20",245,11.4237211453274,6.61530786699464,0.633278051580499,0.366721948419501
"L10.00_M020.000","L=10, M=20",246,11.4257681787199,6.6135098615701,0.633382785785601,0.366617214214399
"L10.00_M020.000","L=10, M=20",247,11.4277062877133,6.61170849630117,0.63348542203486,0.36651457796514
"L10.00_M020.000","L=10, M=20",248,11.4292165620155,6.60990222886839,0.633579538696273,0.366420461303726
"L10.00_M020.000","L=10, M=20",249,11.4308795081302,6.60808954706224,0.633676984153365,0.366323015846635
"L10.00_M020.000","L=10, M=20",250,11.4328279130051,6.6062732374886,0.633780354000188,0.366219645999812
"L10.00_M020.000","L=10, M=20",251,11.4357186341905,6.60445377226546,0.633902957052563,0.366097042947437
"L10.00_M020.000","L=10, M=20",252,11.4364788350019,6.602631049273,0.633982436404545,0.366017563595455
"L10.00_M020.000","L=10, M=20",253,11.438292681451,6.60079719502037,0.634083690462128,0.365916309537872
"L10.00_M020.000","L=10, M=20",254,11.4400743001735,6.59896203538834,0.634184337087936,0.365815662912064
"L10.00_M020.000","L=10, M=20",255,11.442293901234,6.59712689346329,0.634293862949163,0.365706137050837
"L10.00_M020.000","L=10, M=20",256,11.443614135724,6.5952909824328,0.634385183622126,0.365614816377874
"L10.00_M020.000","L=10, M=20",257,11.4427588212626,6.5934530442869,0.634432490955549,0.365567509044451
"L10.00_M020.000","L=10, M=20",258,11.4469545192236,6.59162600377594,0.634581779016841,0.365418220983159
"L10.00_M020.000","L=10, M=20",259,11.4489638976533,6.58982373960078,0.634685885098433,0.365314114901567
"L10.00_M020.000","L=10, M=20",260,11.4507157738167,6.58801431337358,0.634785027464218,0.365214972535782
"L10.00_M020.000","L=10, M=20",261,11.4516598913978,6.58619001153052,0.634868343678738,0.365131656321262
"L10.00_M020.000","L=10, M=20",262,11.4543129155892,6.58435924984586,0.634986478524593,0.365013521475407
"L10.00_M020.000","L=10, M=20",263,11.4558520545015,6.5825257651906,0.635082165869449,0.364917834130551
"L10.00_M020.000","L=10, M=20",264,11.4579805885385,6.58068833295003,0.635189915531362,0.364810084468638
"L10.00_M020.000","L=10, M=20",265,11.4593297210032,6.57884546701166,0.635282094866067,0.364717905133933
"L10.00_M020.000","L=10, M=20",266,11.4615715338111,6.57699873959335,0.63539245960694,0.36460754039306
"L10.00_M020.000","L=10, M=20",267,11.4634814736827,6.57514831855556,0.63549624365678,0.36450375634322
"L10.00_M020.000","L=10, M=20",268,11.4653157265278,6.57329274335986,0.635598679669064,0.364401320330936
"L10.00_M020.000","L=10, M=20",269,11.4672639276687,6.57143347626071,0.635703547262274,0.364296452737726
"L10.00_M020.000","L=10, M=20",270,11.4699286912632,6.56956958385412,0.635823043209809,0.364176956790191
"L10.00_M020.000","L=10, M=20",271,11.4709191784445,6.56770193821226,0.635908870432027,0.364091129567973
"L10.00_M020.000","L=10, M=20",272,11.472767166071,6.56582404186253,0.636012371133793,0.363987628866207
"L10.00_M020.000","L=10, M=20",273,11.4747822889231,6.56394300972322,0.636119354275228,0.363880645724772
"L10.00_M020.000","L=10, M=20",274,11.4763781585577,6.56206180836923,0.636217886890407,0.363782113109593
"L10.00_M020.000","L=10, M=20",275,11.4783332316326,6.56017804850007,0.636323754958352,0.363676245041648
"L10.00_M020.000","L=10, M=20",276,11.4818058013025,6.55829298264018,0.636460251067047,0.363539748932953
"L10.00_M020.000","L=10, M=20",277,11.4821212711067,6.55639709446432,0.636533502275991,0.363466497724009
"L10.00_M020.000","L=10, M=20",278,11.483628008467,6.55448362449667,0.636631385930736,0.363368614069264
"L10.00_M020.000","L=10, M=20",279,11.4857087576429,6.55257141276683,0.636740789539583,0.363259210460418
"L10.00_M020.000","L=10, M=20",280,11.487966484631,6.55066596227487,0.636853515278621,0.363146484721379
"L10.00_M020.000","L=10, M=20",281,11.4895235795005,6.54876156283448,0.636952098763265,0.363047901236735
"L10.00_M020.000","L=10, M=20",282,11.4918299644943,6.54685600467816,0.637065803137406,0.362934196862594
"L10.00_M020.000","L=10, M=20",283,11.4933644397416,6.54494900240237,0.637164027369043,0.362835972630957
"L10.00_M020.000","L=10, M=20",284,11.4952409930029,6.54303776078147,0.637269284387304,0.362730715612696
"L10.00_M020.000","L=10, M=20",285,11.4971361601743,6.54112416274555,0.637374999271175,0.362625000728825
"L10.00_M020.000","L=10, M=20",286,11.4989494240828,6.53920938210257,0.637479110126237,0.362520889873763
"L10.00_M020.000","L=10, M=20",287,11.4993446863665,6.53729210275078,0.637554818052599,0.362445181947401
"L10.00_M020.000","L=10, M=20",288,11.5029898670812,6.53537817374848,0.637695707341388,0.362304292658611
"L10.00_M020.000","L=10, M=20",289,11.5045617914173,6.53347195446934,0.637794670610414,0.362205329389586
"L10.00_M020.000","L=10, M=20",290,11.5065058283159,6.53155922006333,0.637901337945879,0.362098662054121
"L10.00_M020.000","L=10, M=20",291,11.5084003154096,6.52963972669343,0.638007249598491,0.361992750401509
"L10.00_M020.000","L=10, M=20",292,11.5103146072421,6.52771554719158,0.638113724652629,0.361886275347371
"L10.00_M020.000","L=10, M=20",293,11.5120093639261,6.52578667794833,0.638215962593277,0.361784037406723
"L10.00_M020.000","L=10, M=20",294,11.5142430130002,6.52385464171777,0.638329120587091,0.361670879412909
"L10.00_M020.000","L=10, M=20",295,11.5157204948774,6.52191945952528,0.638427229060341,0.361572770939659
"L10.00_M020.000","L=10, M=20",296,11.5179257067241,6.51998108907358,0.6385400388812,0.3614599611188
"L10.00_M020.000","L=10, M=20",297,11.5198113921972,6.51804059042127,0.638646519735157,0.361353480264843
"L10.00_M020.000","L=10, M=20",298,11.5210594876028,6.51609682397635,0.638740347346591,0.361259652653409
"L10.00_M020.000","L=10, M=20",299,11.5236873574735,6.51415248082091,0.638861829397591,0.361138170602409
"L10.00_M020.000","L=10, M=20",300,11.5254014574796,6.51220840853463,0.638965003849834,0.361034996150166
"L10.00_M020.000","L=10, M=20",301,11.527509415596,6.5102610188713,0.639076179479963,0.360923820520037
"L10.00_M020.000","L=10, M=20",302,11.5297286254708,6.50830933639991,0.639189730603886,0.360810269396114
"L10.00_M020.000","L=10, M=20",303,11.5313560749232,6.5063545436269,0.639291555274442,0.360708444725558
"L10.00_M020.000","L=10, M=20",304,11.5333403003419,6.50439413270568,0.639400715380933,0.360599284619067
"L10.00_M020.000","L=10, M=20",305,11.5357595801659,6.50243093153532,0.639518668609401,0.360481331390599
"L10.00_M020.000","L=10, M=20",306,11.5371797062256,6.50046430640462,0.639616775791068,0.360383224208932
"L10.00_M020.000","L=10, M=20",307,11.5391406044742,6.49849221783338,0.639725884108443,0.360274115891557
"L10.00_M020.000","L=10, M=20",308,11.5410724019508,6.4965168995223,0.639834526058771,0.360165473941229
"L10.00_M020.000","L=10, M=20",309,11.5430433615459,6.49453845045447,0.639944061341212,0.360055938658788
"L10.00_M020.000","L=10, M=20",310,11.5445910427304,6.49255664871631,0.640045268809596,0.359954731190404
"L10.00_M020.000","L=10, M=20",311,11.5470567028109,6.49057285065938,0.640164865820152,0.359835134179848
"L10.00_M020.000","L=10, M=20",312,11.5492448670063,6.48858685096569,0.640279000690488,0.359720999309512
"L10.00_M020.000","L=10, M=20",313,11.5509769466886,6.48659780548789,0.640384148389728,0.359615851610272
"L10.00_M020.000","L=10, M=20",314,11.5534469566668,6.48460261250393,0.640504224825564,0.359495775174436
"L10.00_M020.000","L=10, M=20",315,11.5549777974545,6.48260301101469,0.64060573976911,0.35939426023089
"L10.00_M020.000","L=10, M=20",316,11.5566770233701,6.48059850200569,0.640710788450926,0.359289211549074
"L10.00_M020.000","L=10, M=20",317,11.5591938470544,6.47859103708659,0.64083222642362,0.35916777357638
"L10.00_M020.000","L=10, M=20",318,11.5608624459287,6.47658123979149,0.640936855984817,0.359063144015183
"L10.00_M020.000","L=10, M=20",319,11.5626171178501,6.47456894781112,0.641043291107517,0.358956708892483
"L10.00_M020.000","L=10, M=20",320,11.5647835858857,6.47255437303149,0.641158003039377,0.358841996960623
"L10.00_M020.000","L=10, M=20",321,11.5667371632011,6.47053836184096,0.641268530113786,0.358731469886214
"L10.00_M020.000","L=10, M=20",322,11.5692477060011,6.46851942101125,0.641390235528412,0.358609764471588
"L10.00_M020.000","L=10, M=20",323,11.5733234390566,6.46649666985467,0.641543173334619,0.358456826665381
"L10.00_M020.000","L=10, M=20",324,11.5722666595256,6.46445912297091,0.641594644120816,0.358405355879184
"L10.00_M020.000","L=10, M=20",325,11.5748669210199,6.46239498409492,0.641719734509018,0.358280265490982
"L10.00_M020.000","L=10, M=20",326,11.5768490315973,6.46033436520314,0.641832417895739,0.358167582104261
"L10.00_M020.000","L=10, M=20",327,11.5786775675503,6.45828141192159,0.641941780802858,0.358058219197142
"L10.00_M020.000","L=10, M=20",328,11.5808359587979,6.45623319437965,0.642057523894215,0.357942476105785
"L10.00_M020.000","L=10, M=20",329,11.5829001821383,6.45418570645218,0.642171371455584,0.357828628544416
"L10.00_M020.000","L=10, M=20",330,11.5848538406134,6.45213603438447,0.642283103827199,0.357716896172801
"L10.00_M020.000","L=10, M=20",331,11.5868081248264,6.45008380701684,0.642394940802993,0.357605059197007
"L10.00_M020.000","L=10, M=20",332,11.5874441406481,6.44802858815119,0.642480755280959,0.357519244719041
"L10.00_M020.000","L=10, M=20",333,11.5902769821578,6.44597684416635,0.642609995055716,0.357390004944284
"L10.00_M020.000","L=10, M=20",334,11.5918161530794,6.44393304912798,0.642713314712798,0.357286685287202
"L10.00_M020.000","L=10, M=20",335,11.5949914386819,6.44189161488652,0.64284895590028,0.35715104409972
"L10.00_M020.000","L=10, M=20",336,11.5966961608353,6.43984792953482,0.642955551946721,0.357044448053279
"L10.00_M020.000","L=10, M=20",337,11.5984121853253,6.43779591691415,0.643062672573909,0.356937327426091
"L10.00_M020.000","L=10, M=20",338,11.6008873824068,6.4357381135723,0.643185022885406,0.356814977114594
"L10.00_M020.000","L=10, M=20",339,11.6029491254553,6.43367762147288,0.643299286959596,0.356700713040404
"L10.00_M020.000","L=10, M=20",340,11.6046623850246,6.43161123322334,0.643406871654672,0.356593128345328
"L10.00_M020.000","L=10, M=20",341,11.6070739575393,6.42953984719217,0.6435284407151,0.3564715592849
"L10.00_M020.000","L=10, M=20",342,11.6091682369101,6.42746298138869,0.643643931973959,0.356356068026041
"L10.00_M020.000","L=10, M=20",343,11.6111002655965,6.42538232185559,0.643756353784539,0.356243646215461
"L10.00_M020.000","L=10, M=20",344,11.6126345230403,6.42329722429677,0.643861081629722,0.356138918370278
"L10.00_M020.000","L=10, M=20",345,11.6153582600611,6.42120973774465,0.643989380988344,0.356010619011656
"L10.00_M020.000","L=10, M=20",346,11.6173133786393,6.41912145884273,0.644102533750019,0.355897466249981
"L10.00_M020.000","L=10, M=20",347,11.6192711881824,6.41702820610969,0.644215918918462,0.355784081081538
"L10.00_M020.000","L=10, M=20",348,11.6214315567659,6.41493171462203,0.644333415883324,0.355666584116676
"L10.00_M020.000","L=10, M=20",349,11.6235033803534,6.41283105758177,0.644449315372313,0.355550684627687
"L10.00_M020.000","L=10, M=20",350,11.6254370728415,6.41072575198691,0.644562659239139,0.355437340760861
"L10.00_M020.000","L=10, M=20",351,11.6277289272083,6.40861704685163,0.64468318272068,0.35531681727932
"L10.00_M020.000","L=10, M=20",352,11.6297279873555,6.40650533390917,0.644798045146382,0.355201954853618
"L10.00_M020.000","L=10, M=20",353,11.6318320773765,6.40439009354762,0.644915102904863,0.355084897095137
"L10.00_M020.000","L=10, M=20",354,11.633953015759,6.40227113905253,0.645032625226905,0.354967374773095
"L10.00_M020.000","L=10, M=20",355,11.6355965286923,6.40014779783093,0.645140911183859,0.354859088816141
"L10.00_M020.000","L=10, M=20",356,11.6380742964241,6.39802221505964,0.645265691997935,0.354734308002065
"L10.00_M020.000","L=10, M=20",357,11.640188719034,6.39589525411491,0.645383373484135,0.354616626515865
"L10.00_M020.000","L=10, M=20",358,11.6423193252564,6.3937642023734,0.645501519629875,0.354498480370125
"L10.00_M020.000","L=10, M=20",359,11.6443278207938,6.39162797156445,0.645617451875073,0.354382548124927
"L10.00_M020.000","L=10, M=20",360,11.6462933893826,6.38948781381137,0.645732683168731,0.354267316831269
"L10.00_M020.000","L=10, M=20",361,11.6486999169472,6.3873446189256,0.645856684029501,0.354143315970499
"L10.00_M020.000","L=10, M=20",362,11.6510723016348,6.38519799983351,0.645980133746737,0.354019866253263
"L10.00_M020.000","L=10, M=20",363,11.6526131495151,6.38304686689975,0.646087425628432,0.353912574371568
"L10.00_M020.000","L=10, M=20",364,11.6542299985947,6.38088969720149,0.646196432026519,0.353803567973481
"L10.00_M020.000","L=10, M=20",365,11.6570384257914,6.3787330102875,0.646328795366776,0.353671204633224
"L10.00_M020.000","L=10, M=20",366,11.6594767543569,6.37657678470699,0.646453878011834,0.353546121988166
"L10.00_M020.000","L=10, M=20",367,11.66156219837,6.37441618272804,0.646572198744232,0.353427801255768
"L10.00_M020.000","L=10, M=20",368,11.663407533338,6.37224899792071,0.646686052882157,0.353313947117842
"L10.00_M020.000","L=10, M=20",369,11.665599632201,6.37007698078393,0.646806875202136,0.353193124797864
"L10.00_M020.000","L=10, M=20",370,11.6677923936083,6.36789978511267,0.646927895973647,0.353072104026353
"L10.00_M020.000","L=10, M=20",371,11.6701186980251,6.36571878911829,0.647051666236402,0.352948333763598
"L10.00_M020.000","L=10, M=20",372,11.6717520315689,6.3635339811674,0.647162014693111,0.352837985306889
"L10.00_M020.000","L=10, M=20",373,11.6739967669694,6.36134457047785,0.647284492627282,0.352715507372718
"L10.00_M020.000","L=10, M=20",374,11.6759399082156,6.35915242233231,0.647401171794328,0.352598828205672
"L10.00_M020.000","L=10, M=20",375,11.6780540100091,6.35695880549358,0.647521248222834,0.352478751777166
"L10.00_M020.000","L=10, M=20",376,11.6807517414651,6.35476520484191,0.647652727462124,0.352347272537876
"L10.00_M020.000","L=10, M=20",377,11.6827261164956,6.35256864850373,0.647770178903203,0.352229821096797
"L10.00_M020.000","L=10, M=20",378,11.6852590084177,6.35036633948088,0.647898743903504,0.352101256096496
"L10.00_M020.000","L=10, M=20",379,11.6869763436882,6.34815911714371,0.64801156437497,0.351988435625029
"L10.00_M020.000","L=10, M=20",380,11.6893977726822,6.34594664479165,0.64813831674635,0.35186168325365
"L10.00_M020.000","L=10, M=20",381,11.6915336890038,6.34373068082652,0.648259623438712,0.351740376561288
"L10.00_M020.000","L=10, M=20",382,11.6937577240832,6.34151108625447,0.648382779711076,0.351617220288924
"L10.00_M020.000","L=10, M=20",383,11.695956758869,6.33928769760387,0.648505585111229,0.351494414888771
"L10.00_M020.000","L=10, M=20",384,11.698920988832,6.33705976153902,0.648643461686515,0.351356538313485
"L10.00_M020.000","L=10, M=20",385,11.7004251198759,6.33482779744489,0.648753037926015,0.351246962073985
"L10.00_M020.000","L=10, M=20",386,11.702426384657,6.33258478864947,0.64887269945126,0.35112730054874
"L10.00_M020.000","L=10, M=20",387,11.7047545039244,6.33034028749048,0.648998779285381,0.351001220714619
"L10.00_M020.000","L=10, M=20",388,11.7070075094185,6.32809259141714,0.649123511594819,0.35087648840518
"L10.00_M020.000","L=10, M=20",389,11.7091296340434,6.32584343685104,0.649245750909385,0.350754249090615
"L10.00_M020.000","L=10, M=20",390,11.7109069868645,6.32359103239135,0.649361405810159,0.350638594189841
"L10.00_M020.000","L=10, M=20",391,11.7135979642393,6.32133622664036,0.649494910281564,0.350505089718436
"L10.00_M020.000","L=10, M=20",392,11.7165657421789,6.31907736344955,0.649633931740558,0.350366068259442
"L10.00_M020.000","L=10, M=20",393,11.7188862577274,6.31681396877284,0.649760536633259,0.350239463366741
"L10.00_M020.000","L=10, M=20",394,11.7186978094965,6.31453875235678,0.64983885556549,0.35016114443451
"L10.00_M020.000","L=10, M=20",395,11.723302585231,6.31226583772707,0.650010152732865,0.349989847267135
"L10.00_M020.000","L=10, M=20",396,11.7247187861256,6.31000500848475,0.65011912129364,0.34988087870636
"L10.00_M020.000","L=10, M=20",397,11.7269696582055,6.30773340466935,0.650244676461901,0.349755323538099
"L10.00_M020.000","L=10, M=20",398,11.7291828985384,6.30545282970679,0.650369825888337,0.349630174111663
"L10.00_M020.000","L=10, M=20",399,11.7314789750033,6.30316815671388,0.650496729396573,0.349503270603427
"L10.00_M020.000","L=10, M=20",400,11.7336471082553,6.30087837228148,0.650621338549688,0.349378661450312
"L10.00_M020.000","L=10, M=20",401,11.7360231219567,6.29858520812744,0.650750097099665,0.349249902900335
"L10.00_M020.000","L=10, M=20",402,11.7381706539504,6.29628842817659,0.650874561887109,0.34912543811289
"L10.00_M020.000","L=10, M=20",403,11.7394055364429,6.29398619221236,0.650981563151476,0.349018436848524
"L10.00_M020.000","L=10, M=20",404,11.7426158812326,6.29168356372294,0.65112681072384,0.34887318927616
"L10.00_M020.000","L=10, M=20",405,11.7450688624116,6.28938230776319,0.651257349147141,0.348742650852859
"L10.00_M020.000","L=10, M=20",406,11.7472109778056,6.28707605667559,0.651382056598365,0.348617943401635
"L10.00_M020.000","L=10, M=20",407,11.7495973452794,6.28476307467381,0.651511729369657,0.348488270630343
"L10.00_M020.000","L=10, M=20",408,11.751774998497,6.28244376947216,0.651637597929637,0.348362402070363
"L10.00_M020.000","L=10, M=20",409,11.7542329060954,6.28011995536147,0.65176904302547,0.34823095697453
"L10.00_M020.000","L=10, M=20",410,11.7566337823821,6.27779188692781,0.651899539134698,0.348100460865302
"L10.00_M020.000","L=10, M=20",411,11.7585824135657,6.27545871324632,0.65202149262506,0.34797850737494
"L10.00_M020.000","L=10, M=20",412,11.7612169756136,6.27312059662221,0.652156860683378,0.347843139316622
"L10.00_M020.000","L=10, M=20",413,11.7639947050482,6.27077809238267,0.652295143231526,0.347704856768473
"L10.00_M020.000","L=10, M=20",414,11.7656451068951,6.26843144526104,0.652411842262497,0.347588157737503
"L10.00_M020.000","L=10, M=20",415,11.7679739935866,6.26607621590545,0.652541933558145,0.347458066441855
"L10.00_M020.000","L=10, M=20",416,11.7701097543166,6.26371698371138,0.652668450534513,0.347331549465487
"L10.00_M020.000","L=10, M=20",417,11.7725731060151,6.2613554552654,0.652801360835556,0.347198639164444
"L10.00_M020.000","L=10, M=20",418,11.7749015095196,6.25899164442386,0.652931755168172,0.347068244831828
"L10.00_M020.000","L=10, M=20",419,11.7771566208822,6.25662399752116,0.653060878918738,0.346939121081262
"L10.00_M020.000","L=10, M=20",420,11.7796735087198,6.25425272696347,0.653195169746878,0.346804830253122
"L10.00_M020.000","L=10, M=20",421,11.7818201767742,6.25187727294705,0.653322493050714,0.346677506949286
"L10.00_M020.000","L=10, M=20",422,11.7842080657153,6.249496818436,0.653454636272311,0.346545363727689
"L10.00_M020.000","L=10, M=20",423,11.7838769699699,6.24709729589747,0.653535233105889,0.346464766894111
"L10.00_M020.000","L=10, M=20",424,11.788439336931,6.24474311978056,0.653708205150644,0.346291794849356
"L10.00_M020.000","L=10, M=20",425,11.7909682818926,6.24240279012974,0.653841604811514,0.346158395188486
"L10.00_M020.000","L=10, M=20",426,11.7935141446124,6.24004846047395,0.653975833997774,0.346024166002226
"L10.00_M020.000","L=10, M=20",427,11.7961284057511,6.23767586855874,0.654112034616863,0.345887965383137
"L10.00_M020.000","L=10, M=20",428,11.7981203500934,6.23528862955311,0.654236831394962,0.345763168605038
"L10.00_M020.000","L=10, M=20",429,11.8005498378737,6.23288983256282,0.654370439224591,0.345629560775409
"L10.00_M020.000","L=10, M=20",430,11.8027369031485,6.23048285581558,0.654499698939316,0.345500301060684
"L10.00_M020.000","L=10, M=20",431,11.8054815983158,6.22806887456159,0.654639895569723,0.345360104430277
"L10.00_M020.000","L=10, M=20",432,11.807246305707,6.22564922748898,0.654761531999758,0.345238468000242
"L10.00_M020.000","L=10, M=20",433,11.8100620543697,6.22322428589224,0.654903484119919,0.345096515880081
"L10.00_M020.000","L=10, M=20",434,11.8122238573522,6.22079244978331,0.655033171166057,0.344966828833944
"L10.00_M020.000","L=10, M=20",435,11.8151026248709,6.21835650913742,0.655176721064537,0.344823278935463
"L10.00_M020.000","L=10, M=20",436,11.8171222999463,6.21591555895733,0.655304025445259,0.344695974554741
"L10.00_M020.000","L=10, M=20",437,11.8199920320134,6.2134686986807,0.655447792774185,0.344552207225815
"L10.00_M020.000","L=10, M=20",438,11.8221354043067,6.21101816305925,0.655577814503884,0.344422185496116
"L10.00_M020.000","L=10, M=20",439,11.8244664466049,6.20856015023023,0.65571169559968,0.34428830440032
"L10.00_M020.000","L=10, M=20",440,11.8268244404909,6.20609877980751,0.655846215059478,0.344153784940522
"L10.00_M020.000","L=10, M=20",441,11.8292973146204,6.20363417376054,0.655983045365769,0.344016954634231
"L10.00_M020.000","L=10, M=20",442,11.832089059051,6.20116446093857,0.656126141959648,0.343873858040352
"L10.00_M020.000","L=10, M=20",443,11.8344605899383,6.19868949807013,0.65626141479341,0.34373858520659
"L10.00_M020.000","L=10, M=20",444,11.8363286250663,6.19620974588617,0.656387269588885,0.343612730411114
"L10.00_M020.000","L=10, M=20",445,11.8376790538812,6.19372315148849,0.656503521969909,0.343496478030091
"L10.00_M020.000","L=10, M=20",446,11.8407113174292,6.19123775453565,0.656651772372103,0.343348227627897
"L10.00_M020.000","L=10, M=20",447,11.8433963497726,6.1887563247363,0.656793260547033,0.343206739452967
"L10.00_M020.000","L=10, M=20",448,11.8464027951424,6.18627390378096,0.656940896403344,0.343059103596656
"L10.00_M020.000","L=10, M=20",449,11.8487523473711,6.18378384924968,0.657076310186002,0.342923689813998
"L10.00_M020.000","L=10, M=20",450,11.8506564674363,6.18128433902486,0.657203603019261,0.342796396980739
"L10.00_M020.000","L=10, M=20",451,11.8540398647786,6.17878020968195,0.657359182636507,0.342640817363492
"L10.00_M020.000","L=10, M=20",452,11.8562232255115,6.17627188520812,0.657492108147775,0.342507891852225
"L10.00_M020.000","L=10, M=20",453,11.8586594749035,6.17375455169757,0.657630168507103,0.342369831492897
"L10.00_M020.000","L=10, M=20",454,11.8611171587478,6.1712318520834,0.657768832647558,0.342231167352442
"L10.00_M020.000","L=10, M=20",455,11.8635801685243,6.16870500466057,0.657907750159484,0.342092249840516
"L10.00_M020.000","L=10, M=20",456,11.8660580596529,6.16617352820909,0.658047119783015,0.341952880216985
"L10.00_M020.000","L=10, M=20",457,11.8681824410744,6.1636365846277,0.658179988616667,0.341820011383333
"L10.00_M020.000","L=10, M=20",458,11.8713222738002,6.16109545578201,0.658332257594347,0.341667742405653
"L10.00_M020.000","L=10, M=20",459,11.8735692404744,6.15855074320662,0.658467737083599,0.341532262916401
"L10.00_M020.000","L=10, M=20",460,11.8763304783515,6.15599837409991,0.658613237121447,0.341386762878553
"L10.00_M020.000","L=10, M=20",461,11.8783178793992,6.15344067589389,0.658744284035038,0.341255715964962
"L10.00_M020.000","L=10, M=20",462,11.8811401122038,6.15087843593534,0.658891298302814,0.341108701697186
"L10.00_M020.000","L=10, M=20",463,11.883366703596,6.1483122661174,0.659027188957594,0.340972811042406
"L10.00_M020.000","L=10, M=20",464,11.8863092620378,6.14574180787275,0.65917677450859,0.34082322549141
"L10.00_M020.000","L=10, M=20",465,11.8886619059959,6.14316690582503,0.659315371173122,0.340684628826878
"L10.00_M020.000","L=10, M=20",466,11.8911838884163,6.14058536057224,0.659457412315951,0.340542587684049
"L10.00_M020.000","L=10, M=20",467,11.8937387792966,6.13799840960121,0.659600273379074,0.340399726620926
"L10.00_M020.000","L=10, M=20",468,11.8962570944207,6.13540596093295,0.659742645916882,0.340257354083118
"L10.00_M020.000","L=10, M=20",469,11.8988243235539,6.13280855336675,0.659886123723362,0.340113876276638
"L10.00_M020.000","L=10, M=20",470,11.9010718761071,6.13020597363133,0.660023763999608,0.339976236000392
"L10.00_M020.000","L=10, M=20",471,11.9043285314695,6.12759686676065,0.660180666710052,0.339819333289948
"L10.00_M020.000","L=10, M=20",472,11.9066056472589,6.12498355119288,0.660319260616319,0.339680739383681
"L10.00_M020.000","L=10, M=20",473,11.9091270628416,6.1223621307537,0.660462756846045,0.339537243153955
"L10.00_M020.000","L=10, M=20",474,11.9116686287512,6.119736753344,0.660606778913597,0.339393221086403
"L10.00_M020.000","L=10, M=20",475,11.9141355338925,6.11710638849708,0.660749580376856,0.339250419623144
"L10.00_M020.000","L=10, M=20",476,11.9168502439091,6.11447247799726,0.660897174749762,0.339102825250239
"L10.00_M020.000","L=10, M=20",477,11.9193862038764,6.11183293517446,0.661041614100411,0.338958385899588
"L10.00_M020.000","L=10, M=20",478,11.9212517604202,6.10918833114072,0.661173643010517,0.338826356989483
"L10.00_M020.000","L=10, M=20",479,11.9249389177653,6.10654227996042,0.661339952442142,0.338660047557858
"L10.00_M020.000","L=10, M=20",480,11.9270915145615,6.10389467017977,0.661477491711175,0.338522508288825
"L10.00_M020.000","L=10, M=20",481,11.9280684150735,6.10123732265397,0.661593329692849,0.33840667030715
"L10.00_M020.000","L=10, M=20",482,11.931213365268,6.09857995637576,0.661749868809934,0.338250131190066
"L10.00_M020.000","L=10, M=20",483,11.934871965132,6.09593146861192,0.661915704920634,0.338084295079367
"L10.00_M020.000","L=10, M=20",484,11.9375885585795,6.09327870425251,0.662064025238934,0.337935974761065
"L10.00_M020.000","L=10, M=20",485,11.9402519021956,6.0906146330302,0.662211762195049,0.337788237804951
"L10.00_M020.000","L=10, M=20",486,11.9426923065712,6.0879396930893,0.66235572368157,0.33764427631843
"L10.00_M020.000","L=10, M=20",487,11.9448635798292,6.08525515428037,0.662495003831104,0.337504996168896
"L10.00_M020.000","L=10, M=20",488,11.9472908398799,6.08256340132836,0.662639346943454,0.337360653056546
"L10.00_M020.000","L=10, M=20",489,11.9506788078843,6.07987182062735,0.662801655595959,0.337198344404041
"L10.00_M020.000","L=10, M=20",490,11.9538734895207,6.07717670726575,0.662960468694783,0.337039531305217
"L10.00_M020.000","L=10, M=20",491,11.955639579037,6.07447423874157,0.66309285120808,0.33690714879192
"L10.00_M020.000","L=10, M=20",492,11.958683229106,6.07176097663183,0.663249506925647,0.336750493074353
"L10.00_M020.000","L=10, M=20",493,11.9618758490784,6.06904029606541,0.663409210757161,0.336590789242839
"L10.00_M020.000","L=10, M=20",494,11.963943529235,6.0663146946816,0.663548096796817,0.336451903203183
"L10.00_M020.000","L=10, M=20",495,11.9667233861517,6.06358089224107,0.663700578835624,0.336299421164376
"L10.00_M020.000","L=10, M=20",496,11.9693517173843,6.06084141648505,0.663850444003293,0.336149555996707
"L10.00_M020.000","L=10, M=20",497,11.9712679914678,6.05809475107828,0.663987305730876,0.336012694269124
"L10.00_M020.000","L=10, M=20",498,11.9751240819644,6.05534520919278,0.664160421372806,0.335839578627194
"L10.00_M020.000","L=10, M=20",499,11.9775035341988,6.05259003616855,0.664306232657824,0.335693767342176
"L10.00_M020.000","L=10, M=20",500,11.9797143349311,6.04982692986811,0.664449203614528,0.335550796385472
"L10.00_M020.000","L=10, M=20",501,11.9829094244179,6.04705839077294,0.664610694109055,0.335389305890945
"L10.00_M020.000","L=10, M=20",502,11.9856407057982,6.04428560756447,0.664763709927932,0.335236290072068
"L10.00_M020.000","L=10, M=20",503,11.9883469070643,6.04150700430701,0.66491647497506,0.33508352502494
"L10.00_M020.000","L=10, M=20",504,11.9911861454762,6.03872156363349,0.665071964811977,0.334928035188023
"L10.00_M020.000","L=10, M=20",505,11.9943553922637,6.03592937205058,0.665233830139113,0.334766169860887
"L10.00_M020.000","L=10, M=20",506,11.9965889205695,6.03313136514256,0.665378537795531,0.334621462204469
"L10.00_M020.000","L=10, M=20",507,11.9993666291813,6.03032517019177,0.665533652083756,0.334466347916244
"L10.00_M020.000","L=10, M=20",508,12.0020706644577,6.02751380568981,0.665687591654158,0.334312408345842
"L10.00_M020.000","L=10, M=20",509,12.0041791662756,6.02469535569361,0.665830756747894,0.334169243252106
"L10.00_M020.000","L=10, M=20",510,12.007640420908,6.02187300123385,0.665999139286896,0.334000860713104
"L10.00_M020.000","L=10, M=20",511,12.0103607953494,6.01904774468645,0.666153898985613,0.333846101014387
"L10.00_M020.000","L=10, M=20",512,12.0108201107392,6.01621579381217,0.666267054347341,0.333732945652658
"L10.00_M020.000","L=10, M=20",513,12.0156850424026,6.01339042467186,0.666461520134308,0.333538479865692
"L10.00_M020.000","L=10, M=20",514,12.0185258343693,6.01057542118921,0.666618133871975,0.333381866128025
"L10.00_M020.000","L=10, M=20",515,12.0210450954495,6.00774953752129,0.666769206714773,0.333230793285227
"L10.00_M020.000","L=10, M=20",516,12.024679483829,6.00490943608962,0.666941411545133,0.333058588454867
"L10.00_M020.000","L=10, M=20",517,12.0267736358465,6.00205706138866,0.667085616245255,0.332914383754745
"L10.00_M020.000","L=10, M=20",518,12.029889411659,5.99919349417441,0.667249103822505,0.332750896177495
"L10.00_M020.000","L=10, M=20",519,12.0322723421768,5.9963216961061,0.667399372165506,0.332600627834494
"L10.00_M020.000","L=10, M=20",520,12.035130001057,5.99344328194637,0.667558647716358,0.332441352283642
"L10.00_M020.000","L=10, M=20",521,12.0382396732522,5.99056025936034,0.66772273907572,0.33227726092428
"L10.00_M020.000","L=10, M=20",522,12.0410540709736,5.98767070236157,0.667881629031385,0.332118370968615
"L10.00_M020.000","L=10, M=20",523,12.0439378533167,5.98477393088589,0.668042065205681,0.331957934794319
"L10.00_M020.000","L=10, M=20",524,12.0467267418235,5.98186877228794,0.668201066045008,0.331798933954992
"L10.00_M020.000","L=10, M=20",525,12.0496415498713,5.97895681415433,0.668362637325995,0.331637362674005
"L10.00_M020.000","L=10, M=20",526,12.0525178071388,5.97603944214831,0.668523700509389,0.331476299490611
"L10.00_M020.000","L=10, M=20",527,12.0559202350943,5.97311361944567,0.668694747170739,0.331305252829261
"L10.00_M020.000","L=10, M=20",528,12.0582575963131,5.97018206798064,0.668846434902245,0.331153565097755
"L10.00_M020.000","L=10, M=20",529,12.0611164134146,5.96724202199352,0.669008021813361,0.330991978186639
"L10.00_M020.000","L=10, M=20",530,12.0639598352623,5.96429539836653,0.669169571815187,0.330830428184813
"L10.00_M020.000","L=10, M=20",531,12.0668918811547,5.96134336123753,0.669332950170307,0.330667049829693
"L10.00_M020.000","L=10, M=20",532,12.0699744510456,5.95838417074883,0.669499354004099,0.330500645995901
"L10.00_M020.000","L=10, M=20",533,12.0723072774866,5.95541868820272,0.669652251230289,0.330347748769711
"L10.00_M020.000","L=10, M=20",534,12.074132148062,5.95244540868695,0.669796144612129,0.330203855387871
"L10.00_M020.000","L=10, M=20",535,12.0784341183203,5.94947261408027,0.669985389740916,0.330014610259083
"L10.00_M020.000","L=10, M=20",536,12.0819691015673,5.94649995730796,0.670160570046821,0.329839429953179
"L10.00_M020.000","L=10, M=20",537,12.0845653678641,5.94351920310431,0.670318874991553,0.329681125008447
"L10.00_M020.000","L=10, M=20",538,12.0871278763992,5.94052404504867,0.67047710534165,0.32952289465835
"L10.00_M020.000","L=10, M=20",539,12.0908452695302,5.93751745529156,0.670656867408337,0.329343132591663
"L10.00_M020.000","L=10, M=20",540,12.0932023203951,5.93450617337867,0.670811951755916,0.329188048244084
"L10.00_M020.000","L=10, M=20",541,12.0954042972279,5.93148552939789,0.670964565355191,0.329035434644809
"L10.00_M020.000","L=10, M=20",542,12.0994452208296,5.92845943011057,0.671150943778628,0.328849056221372
"L10.00_M020.000","L=10, M=20",543,12.1019869194897,5.92543058004841,0.671310070885071,0.328689929114929
"L10.00_M020.000","L=10, M=20",544,12.1050161828875,5.9223921734505,0.671478447906334,0.328521552093666
"L10.00_M020.000","L=10, M=20",545,12.1080162493988,5.91934625448573,0.671646573190603,0.328353426809397
"L10.00_M020.000","L=10, M=20",546,12.1109678898163,5.91629320100066,0.671814083615041,0.328185916384959
"L10.00_M020.000","L=10, M=20",547,12.1139937401797,5.9132327905784,0.671983220464378,0.328016779535622
"L10.00_M020.000","L=10, M=20",548,12.1163292279964,5.91016433307685,0.672140102396877,0.327859897603123
"L10.00_M020.000","L=10, M=20",549,12.1198944764614,5.90709149701636,0.672319515547014,0.327680484452986
"L10.00_M020.000","L=10, M=20",550,12.1229992162613,5.90401238533692,0.672490786836046,0.327509213163954
"L10.00_M020.000","L=10, M=20",551,12.1257826066277,5.90092618258139,0.67265648701699,0.32734351298301
"L10.00_M020.000","L=10, M=20",552,12.1295188473857,5.8978322226439,0.67283977553147,0.32716022446853
"L10.00_M020.000","L=10, M=20",553,12.132565146885,5.89473040934191,0.673010830107249,0.326989169892751
"L10.00_M020.000","L=10, M=20",554,12.1352507786796,5.89161680072687,0.673175787486378,0.326824212513622
"L10.00_M020.000","L=10, M=20",555,12.1386923219236,5.88849615441098,0.673354712958086,0.326645287041914
"L10.00_M020.000","L=10, M=20",556,12.1410268122535,5.88536786353258,0.673513868447688,0.326486131552312
"L10.00_M020.000","L=10, M=20",557,12.1446967914667,5.88223267337533,0.673697471061422,0.326302528938578
"L10.00_M020.000","L=10, M=20",558,12.1473685941089,5.87909136267997,0.673863233448348,0.326136766551652
"L10.00_M020.000","L=10, M=20",559,12.1503058554683,5.87594093147661,0.674034145824957,0.325965854175043
"L10.00_M020.000","L=10, M=20",560,12.1522183689674,5.87278265885798,0.674186833621141,0.325813166378859
"L10.00_M020.000","L=10, M=20",561,12.1558314277574,5.86962243702872,0.674370338685596,0.325629661314404
"L10.00_M020.000","L=10, M=20",562,12.1597894723244,5.86646317769096,0.674560026890227,0.325439973109773
"L10.00_M020.000","L=10, M=20",563,12.1627841695105,5.86329857723045,0.674732516231764,0.325267483768236
"L10.00_M020.000","L=10, M=20",564,12.1653777175984,5.86011786156955,0.674898377365996,0.325101622634004
"L10.00_M020.000","L=10, M=20",565,12.1692196210711,5.85693247850694,0.675086926696683,0.324913073303317
"L10.00_M020.000","L=10, M=20",566,12.1716055659154,5.85373956265006,0.675249515562762,0.324750484437238
"L10.00_M020.000","L=10, M=20",567,12.1752427710791,5.85053741909452,0.675434996023982,0.324565003976018
"L10.00_M020.000","L=10, M=20",568,12.1785089684817,5.84732691296263,0.675614104587415,0.324385895412585
"L10.00_M020.000","L=10, M=20",569,12.1815418966736,5.84410862294246,0.675789308320234,0.324210691679766
"L10.00_M020.000","L=10, M=20",570,12.183003456207,5.84087714720355,0.675936759917378,0.324063240082622
"L10.00_M020.000","L=10, M=20",571,12.1877250027564,5.83764601967469,0.676142809354092,0.323857190645908
"L10.00_M020.000","L=10, M=20",572,12.1906343859161,5.83441889448193,0.676316136006834,0.323683863993166
"L10.00_M020.000","L=10, M=20",573,12.1942476302039,5.83118235191839,0.676502454715266,0.323497545284734
"L10.00_M020.000","L=10, M=20",574,12.197753237257,5.82793217223391,0.676687346980694,0.323312653019306
"L10.00_M020.000","L=10, M=20",575,12.2004912914741,5.82467081956293,0.676858894045873,0.323141105954127
"L10.00_M020.000","L=10, M=20",576,12.2037336913064,5.82139680470655,0.677039963400309,0.322960036599691
"L10.00_M020.000","L=10, M=20",577,12.2069266962829,5.81811243220243,0.677220538012151,0.322779461987849
"L10.00_M020.000","L=10, M=20",578,12.2091840350372,5.81482040383639,0.677384655360206,0.322615344639794
"L10.00_M020.000","L=10, M=20",579,12.2130620615456,5.81152200893777,0.677578024202257,0.322421975797743
"L10.00_M020.000","L=10, M=20",580,12.2164046504119,5.80821996903288,0.677761945579325,0.322238054420675
"L10.00_M020.000","L=10, M=20",581,12.219790410979,5.80491123773286,0.677946889170967,0.322053110829033
"L10.00_M020.000","L=10, M=20",582,12.2230371882718,5.80159120082451,0.678129774684615,0.321870225315385
"L10.00_M020.000","L=10, M=20",583,12.2261814074215,5.79826150943424,0.678311194627161,0.321688805372839
"L10.00_M020.000","L=10, M=20",584,12.2295598498425,5.79492319978719,0.678497120620263,0.321502879379737
"L10.00_M020.000","L=10, M=20",585,12.2330931642784,5.79157477865177,0.678686187341199,0.321313812658801
"L10.00_M020.000","L=10, M=20",586,12.2361351020182,5.78821862838117,0.678866786850786,0.321133213149214
"L10.00_M020.000","L=10, M=20",587,12.2394183111311,5.78485120336299,0.679052113667566,0.320947886332434
"L10.00_M020.000","L=10, M=20",588,12.2426842223429,5.78147518625794,0.679237458169666,0.320762541830334
"L10.00_M020.000","L=10, M=20",589,12.2460189239211,5.77809106846312,0.679424333800418,0.320575666199582
"L10.00_M020.000","L=10, M=20",590,12.2484880743057,5.77469661768856,0.679596213634007,0.320403786365993
"L10.00_M020.000","L=10, M=20",591,12.2520274600058,5.77129765250076,0.679787296934681,0.320212703065319
"L10.00_M020.000","L=10, M=20",592,12.2565533071252,5.76789487515616,0.679996035560956,0.320003964439044
"L10.00_M020.000","L=10, M=20",593,12.2592170620271,5.76448426659189,0.680172004546107,0.319827995453893
"L10.00_M020.000","L=10, M=20",594,12.2626333316251,5.76106021927948,0.680361841316908,0.319638158683092
"L10.00_M020.000","L=10, M=20",595,12.2648360816803,5.75762324377957,0.680530656787449,0.319469343212551
"L10.00_M020.000","L=10, M=20",596,12.2692801693396,5.75418179437421,0.680739371494834,0.319260628505166
"L10.00_M020.000","L=10, M=20",597,12.2726744907796,5.75073623969239,0.680929635034634,0.319070364965366
"L10.00_M020.000","L=10, M=20",598,12.2746959219223,5.74727720360444,0.681096117302281,0.318903882697719
"L10.00_M020.000","L=10, M=20",599,12.2784222570309,5.74381268857225,0.681292985808424,0.318707014191576
"L10.00_M020.000","L=10, M=20",600,12.2820707988631,5.74034460888486,0.681488608545942,0.318511391454058
"L10.00_M020.000","L=10, M=20",601,12.2864649303148,5.73687231886998,0.681697554700672,0.318302445299329
"L10.00_M020.000","L=10, M=20",602,12.2895616320236,5.73339024489781,0.681883950861596,0.318116049138404
"L10.00_M020.000","L=10, M=20",603,12.2930250279079,5.72989429519362,0.682077348709588,0.317922651290412
"L10.00_M020.000","L=10, M=20",604,12.2960067062954,5.72638313213518,0.682262830652771,0.317737169347229
"L10.00_M020.000","L=10, M=20",605,12.2987439320358,5.72286119366026,0.682444424137319,0.317555575862681
"L10.00_M020.000","L=10, M=20",606,12.3032484084119,5.71933484516969,0.682657321389646,0.317342678610354
"L10.00_M020.000","L=10, M=20",607,12.306719122425,5.71579906217346,0.68285236260391,0.31714763739609
"L10.00_M020.000","L=10, M=20",608,12.310222246386,5.71225187734552,0.683048407331389,0.316951592668611
"L10.00_M020.000","L=10, M=20",609,12.3142136377769,5.70869332153947,0.683253465468923,0.316746534531077
"L10.00_M020.000","L=10, M=20",610,12.3171630191846,5.70512493927042,0.683440584657071,0.316559415342929
"L10.00_M020.000","L=10, M=20",611,12.3195429497923,5.70154221867954,0.683618263529742,0.316381736470258
"L10.00_M020.000","L=10, M=20",612,12.3235540627615,5.69795376207462,0.683824804369474,0.316175195630526
"L10.00_M020.000","L=10, M=20",613,12.3275961190471,5.69436233967512,0.684031990600933,0.315968009399067
"L10.00_M020.000","L=10, M=20",614,12.3313311843368,5.6907589675348,0.684234241445972,0.315765758554028
"L10.00_M020.000","L=10, M=20",615,12.3340871563759,5.68714484470167,0.684419753080056,0.315580246919944
"L10.00_M020.000","L=10, M=20",616,12.337631623002,5.68352053903124,0.684619468947984,0.315380531052016
"L10.00_M020.000","L=10, M=20",617,12.3417043165939,5.67988884872864,0.684828705396704,0.315171294603296
"L10.00_M020.000","L=10, M=20",618,12.3451344679365,5.67624828840064,0.685027038982088,0.314972961017912
"L10.00_M020.000","L=10, M=20",619,12.3488018393783,5.67259394064518,0.685230044892906,0.314769955107094
"L10.00_M020.000","L=10, M=20",620,12.3518451602118,5.66892617589366,0.685422667533898,0.314577332466102
"L10.00_M020.000","L=10, M=20",621,12.3563126388578,5.66525042842031,0.685640451537373,0.314359548462627
"L10.00_M020.000","L=10, M=20",622,12.3595857651478,5.66156776739275,0.685837659771905,0.314162340228095
"L10.00_M020.000","L=10, M=20",623,12.3632059949484,5.65787028379867,0.686041488516909,0.313958511483091
"L10.00_M020.000","L=10, M=20",624,12.3667999565444,5.65416184197201,0.686245278959668,0.313754721040332
"L10.00_M020.000","L=10, M=20",625,12.3703916338975,5.65044207888421,0.686449463496437,0.313550536503563
"L10.00_M020.000","L=10, M=20",626,12.3740839632572,5.64671136185479,0.686655818459573,0.313344181540427
"L10.00_M020.000","L=10, M=20",627,12.3777078914908,5.64297032604436,0.6868613790266,0.3131386209734
"L10.00_M020.000","L=10, M=20",628,12.3808533704693,5.63921664651769,0.687059115685912,0.312940884314088
"L10.00_M020.000","L=10, M=20",629,12.3849990916814,5.63545609482534,0.687274486881718,0.312725513118282
"L10.00_M020.000","L=10, M=20",630,12.388666842904,5.63168513374663,0.687481957009291,0.312518042990709
"L10.00_M020.000","L=10, M=20",631,12.3921294211823,5.62790301423597,0.687686299433382,0.312313700566618
"L10.00_M020.000","L=10, M=20",632,12.3959659302998,5.62411059489205,0.687897518801898,0.312102481198102
"L10.00_M020.000","L=10, M=20",633,12.3998297040954,5.62030766323711,0.688109610450263,0.311890389549737
"L10.00_M020.000","L=10, M=20",634,12.4027128037682,5.61649282127012,0.68830519290674,0.31169480709326
"L10.00_M020.000","L=10, M=20",635,12.4071077967548,5.61266811467462,0.688527307872088,0.311472692127912
"L10.00_M020.000","L=10, M=20",636,12.4109017720166,5.6088337081489,0.688739398293466,0.311260601706534
"L10.00_M020.000","L=10, M=20",637,12.4144721885375,5.60498665822691,0.688948114042096,0.311051885957905
"L10.00_M020.000","L=10, M=20",638,12.4188302613084,5.60112840781065,0.689170851573075,0.310829148426925
"L10.00_M020.000","L=10, M=20",639,12.4219856346384,5.59725602020388,0.689373386104751,0.310626613895249
"L10.00_M020.000","L=10, M=20",640,12.4259561314534,5.59337727570387,0.689590222384021,0.310409777615979
"L10.00_M020.000","L=10, M=20",641,12.429715747653,5.58948300744351,0.689804020511034,0.310195979488966
"L10.00_M020.000","L=10, M=20",642,12.4333428843113,5.58557521039825,0.690016060840067,0.309983939159933
"L10.00_M020.000","L=10, M=20",643,12.4373300241285,5.58166006694967,0.690234578145789,0.309765421854211
"L10.00_M020.000","L=10, M=20",644,12.4408739046295,5.57773206683283,0.690445971477107,0.309554028522893
"L10.00_M020.000","L=10, M=20",645,12.4449796094164,5.57379438594583,0.690667390168695,0.309332609831305
"L10.00_M020.000","L=10, M=20",646,12.4487982565813,5.56984468638151,0.690884341067604,0.309115658932396
"L10.00_M020.000","L=10, M=20",647,12.4526779601538,5.56588360546876,0.691102778365625,0.308897221634375
"L10.00_M020.000","L=10, M=20",648,12.4565352498962,5.56190886297707,0.691321357818939,0.308678642181061
"L10.00_M020.000","L=10, M=20",649,12.4603480366265,5.55792372971241,0.69153957705891,0.30846042294109
"L10.00_M020.000","L=10, M=20",650,12.4639703433359,5.5539256868362,0.691755037461877,0.308244962538123
"L10.00_M020.000","L=10, M=20",651,12.4686143519941,5.54991641809077,0.691988404109787,0.308011595890213
"L10.00_M020.000","L=10, M=20",652,12.472074687183,5.54589423895102,0.692202031112007,0.307797968887993
"L10.00_M020.000","L=10, M=20",653,12.4760303396393,5.54185888825499,0.692424633198689,0.307575366801311
"L10.00_M020.000","L=10, M=20",654,12.4796626779022,5.537809755879,0.692642251779107,0.307357748220893
"L10.00_M020.000","L=10, M=20",655,12.483911063784,5.53375057011373,0.692870768551745,0.307129231448255
"L10.00_M020.000","L=10, M=20",656,12.4878525620508,5.52967971352724,0.693094502124329,0.306905497875671
"L10.00_M020.000","L=10, M=20",657,12.4917607759937,5.52559590082346,0.693318170920532,0.306681829079468
"L10.00_M020.000","L=10, M=20",658,12.4957952181964,5.52150015033842,0.693544450629305,0.306455549370695
"L10.00_M020.000","L=10, M=20",659,12.4995272759788,5.51739116897234,0.693766101798697,0.306233898201303
"L10.00_M020.000","L=10, M=20",660,12.5037918054957,5.51327050106128,0.693997256197819,0.306002743802181
"L10.00_M020.000","L=10, M=20",661,12.5079888803485,5.50913721697895,0.694227748242483,0.305772251757517
"L10.00_M020.000","L=10, M=20",662,12.5118117696317,5.50499178680224,0.694452361121717,0.305547638878283
"L10.00_M020.000","L=10, M=20",663,12.5151364131652,5.50082802705115,0.69466924486308,0.305330755136919
"L10.00_M020.000","L=10, M=20",664,12.5198623959284,5.49665841475049,0.694910106534417,0.305089893465583
"L10.00_M020.000","L=10, M=20",665,12.524301134218,5.49247606766145,0.695146584424184,0.304853415575816
"L10.00_M020.000","L=10, M=20",666,12.5280763896338,5.48828022454578,0.695372358458631,0.304627641541369
"L10.00_M020.000","L=10, M=20",667,12.5320279817131,5.48406963219274,0.695601691902478,0.304398308097522
"L10.00_M020.000","L=10, M=20",668,12.5362091762294,5.47984607047109,0.695835409281692,0.304164590718308
"L10.00_M020.000","L=10, M=20",669,12.540063029157,5.47560711338146,0.696064200217982,0.303935799782018
"L10.00_M020.000","L=10, M=20",670,12.544441264956,5.47135672433701,0.696302282719384,0.303697717280616
"L10.00_M020.000","L=10, M=20",671,12.5487498260442,5.46709057442671,0.696539797594798,0.303460202405202
"L10.00_M020.000","L=10, M=20",672,12.5521573111126,5.4628125418455,0.696762604298863,0.303237395701136
"L10.00_M020.000","L=10, M=20",673,12.5549901499641,5.4585194805461,0.696976347612972,0.303023652387028
"L10.00_M020.000","L=10, M=20",674,12.5609399448688,5.45422283537799,0.697242655983191,0.302757344016809
"L10.00_M020.000","L=10, M=20",675,12.5652288345386,5.44992099257352,0.697481228583979,0.302518771416021
"L10.00_M020.000","L=10, M=20",676,12.5689624871027,5.44560149044192,0.697711168739364,0.302288831260636
"L10.00_M020.000","L=10, M=20",677,12.5736086622184,5.44126399250371,0.697957121496642,0.302042878503358
"L10.00_M020.000","L=10, M=20",678,12.5778234171312,5.43691041116842,0.69819646168585,0.30180353831415
"L10.00_M020.000","L=10, M=20",679,12.5827086656734,5.43253905793861,0.698447718217143,0.301552281782856
"L10.00_M020.000","L=10, M=20",680,12.5863516297897,5.4281526349311,0.69867876711093,0.30132123288907
"L10.00_M020.000","L=10, M=20",681,12.5906338855587,5.4237460490685,0.698921302384491,0.301078697615509
"L10.00_M020.000","L=10, M=20",682,12.5944498747142,5.41932366775823,0.699156667259046,0.300843332740954
"L10.00_M020.000","L=10, M=20",683,12.5991864930625,5.41488998426207,0.699407849684766,0.300592150315234
"L10.00_M020.000","L=10, M=20",684,12.603461439999,5.41044169838878,0.699651893494471,0.300348106505529
"L10.00_M020.000","L=10, M=20",685,12.6076174312255,5.40597790826224,0.699894562613396,0.300105437386604
"L10.00_M020.000","L=10, M=20",686,12.6121429109658,5.40149936590237,0.70014396406447,0.29985603593553
"L10.00_M020.000","L=10, M=20",687,12.6164562551644,5.39700540626779,0.700390435347411,0.299609564652589
"L10.00_M020.000","L=10, M=20",688,12.6208854576091,5.39249708097918,0.70063939576993,0.29936060423007
"L10.00_M020.000","L=10, M=20",689,12.625255215006,5.38797315388825,0.700887978348603,0.299112021651397
"L10.00_M020.000","L=10, M=20",690,12.6295488211285,5.38343258755754,0.701135949379174,0.298864050620826
"L10.00_M020.000","L=10, M=20",691,12.6340847652293,5.37887922368725,0.701388442957145,0.298611557042855
"L10.00_M020.000","L=10, M=20",692,12.6382627722292,5.3743083380995,0.701635690697272,0.298364309302728
"L10.00_M020.000","L=10, M=20",693,12.6428962703391,5.36972534042407,0.701890959769261,0.298109040230739
"L10.00_M020.000","L=10, M=20",694,12.6474218651602,5.36512391728702,0.702145161373292,0.297854838626708
"L10.00_M020.000","L=10, M=20",695,12.6518078230593,5.36050736892499,0.702397647843155,0.297602352156845
"L10.00_M020.000","L=10, M=20",696,12.6563044491083,5.3558745041075,0.702652604217476,0.297347395782524
"L10.00_M020.000","L=10, M=20",697,12.661090738503,5.35122394614742,0.702913032565015,0.297086967434984
"L10.00_M020.000","L=10, M=20",698,12.6653358596608,5.34655825301936,0.70316512968753,0.29683487031247
"L10.00_M020.000","L=10, M=20",699,12.6698566484338,5.3418748936333,0.70342246767574,0.29657753232426
"L10.00_M020.000","L=10, M=20",700,12.6743872474149,5.33717537181241,0.703680603141285,0.296319396858715
"L10.00_M020.000","L=10, M=20",701,12.6792779082086,5.3324595190454,0.703945300081005,0.296054699918995
"L10.00_M020.000","L=10, M=20",702,12.6835384921138,5.32772822368059,0.704200248225262,0.295799751774738
"L10.00_M020.000","L=10, M=20",703,12.6884804832722,5.32297743128702,0.704467153267793,0.295532846732207
"L10.00_M020.000","L=10, M=20",704,12.6923175125847,5.3182100875949,0.704716585451841,0.295283414548159
"L10.00_M020.000","L=10, M=20",705,12.6973473766209,5.3134257709715,0.704986247540307,0.295013752459693
"L10.00_M020.000","L=10, M=20",706,12.7019563685394,5.30862366117394,0.705249711424289,0.294750288575711
"L10.00_M020.000","L=10, M=20",707,12.706645273694,5.30380613297965,0.705515091586524,0.294484908413476
"L10.00_M020.000","L=10, M=20",708,12.7114041542036,5.29896854667516,0.705782404690791,0.294217595309209
"L10.00_M020.000","L=10, M=20",709,12.7160022240686,5.29411762277266,0.706047618350459,0.293952381649541
"L10.00_M020.000","L=10, M=20",710,12.7207173295141,5.28924710711666,0.706315516295036,0.293684483704964
"L10.00_M020.000","L=10, M=20",711,12.7253491060888,5.28435892777367,0.706582754265764,0.293417245734236
"L10.00_M020.000","L=10, M=20",712,12.7301516887919,5.27945349409723,0.706853457336576,0.293146542663424
"L10.00_M020.000","L=10, M=20",713,12.7349129830788,5.274529157203,0.70712423427012,0.29287576572988
"L10.00_M020.000","L=10, M=20",714,12.7396858217898,5.26958661015333,0.707395918959689,0.292604081040311
"L10.00_M020.000","L=10, M=20",715,12.744767530824,5.26462436106028,0.707673396599654,0.292326603400346
"L10.00_M020.000","L=10, M=20",716,12.7494138760405,5.25964266226931,0.707944574937575,0.292055425062425
"L10.00_M020.000","L=10, M=20",717,12.7541032779875,5.25464586360372,0.708217054816534,0.291782945183466
"L10.00_M020.000","L=10, M=20",718,12.7588746149829,5.24962645150155,0.708491759968208,0.291508240031792
"L10.00_M020.000","L=10, M=20",719,12.7641967710459,5.24458775827298,0.708776139237237,0.291223860762763
"L10.00_M020.000","L=10, M=20",720,12.768697740643,5.23953408858867,0.709047832220616,0.290952167779384
"L10.00_M020.000","L=10, M=20",721,12.7735409014444,5.2344581027999,0.709325944455783,0.290674055544217
"L10.00_M020.000","L=10, M=20",722,12.7785005376975,5.22936206793193,0.709606732211674,0.290393267788326
"L10.00_M020.000","L=10, M=20",723,12.7834337345024,5.22424791016142,0.709887812698559,0.290112187301441
"L10.00_M020.000","L=10, M=20",724,12.7884620887488,5.21911222187397,0.710171279493474,0.289828720506526
"L10.00_M020.000","L=10, M=20",725,12.7933132590573,5.21395522147913,0.710452741507422,0.289547258492578
"L10.00_M020.000","L=10, M=20",726,12.7978546124301,5.20878257503476,0.710729853619708,0.289270146380292
"L10.00_M020.000","L=10, M=20",727,12.8026988426052,5.2035884655624,0.711012693704933,0.288987306295067
"L10.00_M020.000","L=10, M=20",728,12.808232313692,5.19837798340817,0.711307242305048,0.288692757694952
"L10.00_M020.000","L=10, M=20",729,12.8124698627456,5.19314883659862,0.711581761042859,0.288418238957141
"L10.00_M020.000","L=10, M=20",730,12.8187102234309,5.18790172214789,0.711889069535834,0.288110930464166
"L10.00_M020.000","L=10, M=20",731,12.8234722158213,5.18263825482874,0.71217336118889,0.28782663881111
"L10.00_M020.000","L=10, M=20",732,12.8301936430488,5.17734600905699,0.712490095311184,0.287509904688816
"L10.00_M020.000","L=10, M=20",733,12.8315576767113,5.17202611340466,0.71272241273184,0.28727758726816
"L10.00_M020.000","L=10, M=20",734,12.8387407549852,5.16668829968368,0.713048309818313,0.286951690181687
"L10.00_M020.000","L=10, M=20",735,12.8439207358001,5.16134349797095,0.713342529664729,0.286657470335271
"L10.00_M020.000","L=10, M=20",736,12.8482291443194,5.15597403282934,0.713623869820943,0.286376130179057
"L10.00_M020.000","L=10, M=20",737,12.8542415155463,5.15058306629605,0.713933171473919,0.286066828526081
"L10.00_M020.000","L=10, M=20",738,12.8600131511219,5.14516495850401,0.714239707756443,0.285760292243557
"L10.00_M020.000","L=10, M=20",739,12.8644609631888,5.13972583085092,0.714526077203752,0.285473922796248
"L10.00_M020.000","L=10, M=20",740,12.8700304559007,5.13425972854146,0.714831316539317,0.285168683460683
"L10.00_M020.000","L=10, M=20",741,12.8755038489694,5.12876880124205,0.715136017939507,0.284863982060493
"L10.00_M020.000","L=10, M=20",742,12.8805273237634,5.12325646692667,0.715434459417584,0.284565540582416
"L10.00_M020.000","L=10, M=20",743,12.8861451789816,5.11771830303872,0.715743328749989,0.284256671250011
"L10.00_M020.000","L=10, M=20",744,12.8912993599869,5.11216186459441,0.716045609184614,0.283954390815386
"L10.00_M020.000","L=10, M=20",745,12.8965493727015,5.10657690356897,0.716350547943451,0.283649452056549
"L10.00_M020.000","L=10, M=20",746,12.9026514146255,5.1009685887247,0.716669837078571,0.283330162921429
"L10.00_M020.000","L=10, M=20",747,12.9074771103501,5.09533859379603,0.716969907511603,0.283030092488397
"L10.00_M020.000","L=10, M=20",748,12.9127787832169,5.08968061907653,0.717278594810878,0.282721405189123
"L10.00_M020.000","L=10, M=20",749,12.9188814009812,5.08399800202196,0.717600841053578,0.282399158946422
"L10.00_M020.000","L=10, M=20",750,12.9239179092661,5.07829281131083,0.717907267605405,0.282092732394595
"L10.00_M020.000","L=10, M=20",751,12.9293616520872,5.07256095876956,0.7182211551276,0.2817788448724
"L10.00_M020.000","L=10, M=20",752,12.934871064804,5.06680287118646,0.718537126647068,0.281462873352932
"L10.00_M020.000","L=10, M=20",753,12.9404677450533,5.06102102815977,0.718855418464568,0.281144581535432
"L10.00_M020.000","L=10, M=20",754,12.9458465505905,5.05521545567757,0.719171265899906,0.280828734100094
"L10.00_M020.000","L=10, M=20",755,12.9515771484099,5.04938612577239,0.719493559935516,0.280506440064484
"L10.00_M020.000","L=10, M=20",756,12.9571419364863,5.04352771915465,0.719814439371474,0.280185560628526
"L10.00_M020.000","L=10, M=20",757,12.9628338303746,5.03764883205107,0.720138124820025,0.279861875179975
"L10.00_M020.000","L=10, M=20",758,12.9684875316367,5.03174127504224,0.720462371390789,0.279537628609211
"L10.00_M020.000","L=10, M=20",759,12.9737792158546,5.0258041934029,0.720782193724659,0.279217806275341
"L10.00_M020.000","L=10, M=20",760,12.9798566431902,5.01984727885403,0.721115008302652,0.278884991697349
"L10.00_M020.000","L=10, M=20",761,12.9860311384295,5.01385947306954,0.72145055871248,0.27854944128752
"L10.00_M020.000","L=10, M=20",762,12.9909496279829,5.00784697715268,0.721767677749979,0.278232322250021
"L10.00_M020.000","L=10, M=20",763,12.9971374539736,5.00180768484903,0.722105509724543,0.277894490275457
"L10.00_M020.000","L=10, M=20",764,13.0029300976894,4.99573749084198,0.722438482389373,0.277561517610627
"L10.00_M020.000","L=10, M=20",765,13.0088346507941,4.98964355220453,0.722774142573162,0.277225857426838
"L10.00_M020.000","L=10, M=20",766,13.0146675427333,4.983520364281,0.723109882504404,0.276890117495597
"L10.00_M020.000","L=10, M=20",767,13.0202853353887,4.97736557394194,0.723443598333075,0.276556401666925
"L10.00_M020.000","L=10, M=20",768,13.0264917503085,4.97118381990693,0.723787452412255,0.276212547587745
"L10.00_M020.000","L=10, M=20",769,13.0324081293567,4.96497271736426,0.724128040649379,0.275871959350621
"L10.00_M020.000","L=10, M=20",770,13.0388904143911,4.95873059494287,0.724478552339159,0.275521447660841
"L10.00_M020.000","L=10, M=20",771,13.043739314485,4.9524591913253,0.724805258748045,0.275194741251955
"L10.00_M020.000","L=10, M=20",772,13.0503602098224,4.94616114877631,0.725160154553255,0.274839845446745
"L10.00_M020.000","L=10, M=20",773,13.0564213709368,4.93983439250261,0.725507657957484,0.274492342042516
"L10.00_M020.000","L=10, M=20",774,13.0625499089075,4.93347599412302,0.725857474272016,0.274142525727984
"L10.00_M020.000","L=10, M=20",775,13.0686343469558,4.92708809173303,0.72620781919039,0.27379218080961
"L10.00_M020.000","L=10, M=20",776,13.0747592339356,4.92066780620107,0.726560098005671,0.273439901994329
"L10.00_M020.000","L=10, M=20",777,13.0812290365329,4.91421333089499,0.726919003681186,0.273080996318814
"L10.00_M020.000","L=10, M=20",778,13.0872355742774,4.90772885054271,0.727272100423073,0.272727899576927
"L10.00_M020.000","L=10, M=20",779,13.0933358897587,4.90121223935547,0.7276279346284,0.2723720653716
"L10.00_M020.000","L=10, M=20",780,13.0994400826021,4.8946601962001,0.727985277376373,0.272014722623627
"L10.00_M020.000","L=10, M=20",781,13.1058722320239,4.88807880180014,0.728348777174518,0.271651222825482
"L10.00_M020.000","L=10, M=20",782,13.1121614917235,4.88146364821184,0.728711495863174,0.271288504136826
"L10.00_M020.000","L=10, M=20",783,13.1186044065924,4.87481541447229,0.729077881639521,0.270922118360479
"L10.00_M020.000","L=10, M=20",784,13.1241453573668,4.86813334181695,0.729432084550925,0.270567915449075
"L10.00_M020.000","L=10, M=20",785,13.1316011271848,4.86141872738862,0.729816408436133,0.270183591563867
"L10.00_M020.000","L=10, M=20",786,13.1378168647392,4.85467168010682,0.7301834224873,0.2698165775127
"L10.00_M020.000","L=10, M=20",787,13.1441758635416,4.84788981145114,0.730554017586249,0.269445982413751
"L10.00_M020.000","L=10, M=20",788,13.1506381855682,4.84106709049892,0.730927835009692,0.269072164990307
"L10.00_M020.000","L=10, M=20",789,13.1571879048521,4.83421502334955,0.73130416551497,0.26869583448503
"L10.00_M020.000","L=10, M=20",790,13.1637546357559,4.8273230735637,0.731682384370833,0.268317615629167
"L10.00_M020.000","L=10, M=20",791,13.169966067213,4.82039505915383,0.732056792785053,0.267943207214947
"L10.00_M020.000","L=10, M=20",792,13.1764028231794,4.81342880477239,0.732436139241376,0.267563860758624
"L10.00_M020.000","L=10, M=20",793,13.1835932113935,4.80643385747492,0.732827869626032,0.267172130373968
"L10.00_M020.000","L=10, M=20",794,13.1903878614429,4.7993992637577,0.733215338772154,0.266784661227846
"L10.00_M020.000","L=10, M=20",795,13.1966409711876,4.79232510718988,0.733596412027805,0.266403587972195
"L10.00_M020.000","L=10, M=20",796,13.203795884923,4.78521488547474,0.73399232750757,0.26600767249243
"L10.00_M020.000","L=10, M=20",797,13.2105394151003,4.77806063863691,0.734383964045926,0.265616035954074
"L10.00_M020.000","L=10, M=20",798,13.2174788512784,4.77087451175691,0.734779809164707,0.265220190835293
"L10.00_M020.000","L=10, M=20",799,13.2242771881406,4.76364590139288,0.73517532415042,0.26482467584958
"L10.00_M020.000","L=10, M=20",800,13.2311961357045,4.75637523768547,0.735574350814149,0.264425649185851
"L10.00_M020.000","L=10, M=20",801,13.238154593131,4.74906212561172,0.735975709868265,0.264024290131735
"L10.00_M020.000","L=10, M=20",802,13.2452897801117,4.74170860105989,0.736381329414951,0.263618670585049
"L10.00_M020.000","L=10, M=20",803,13.252130915716,4.73431576847468,0.736784265864144,0.263215734135856
"L10.00_M020.000","L=10, M=20",804,13.2592343697739,4.7268785874687,0.737192877710395,0.262807122289605
"L10.00_M020.000","L=10, M=20",805,13.2655096665699,4.71939819061617,0.737591194345181,0.262408805654819
"L10.00_M020.000","L=10, M=20",806,13.2733679947038,4.71188123511342,0.738014126192828,0.261985873807172
"L10.00_M020.000","L=10, M=20",807,13.2805430688889,4.70432208316175,0.738428837614867,0.261571162385133
"L10.00_M020.000","L=10, M=20",808,13.2877479833483,4.6967180442851,0.738845844126342,0.261154155873658
"L10.00_M020.000","L=10, M=20",809,13.2949989213788,4.68906824358665,0.739265417517937,0.260734582482063
"L10.00_M020.000","L=10, M=20",810,13.302833029983,4.68136960543148,0.739695459379838,0.260304540620162
"L10.00_M020.000","L=10, M=20",811,13.3096423641234,4.67362915576279,0.740112406655562,0.259887593344438
"L10.00_M020.000","L=10, M=20",812,13.317540848799,4.66583445982683,0.74054734554815,0.25945265445185
"L10.00_M020.000","L=10, M=20",813,13.3244351755062,4.65799681064518,0.740969585524784,0.259030414475216
"L10.00_M020.000","L=10, M=20",814,13.3318665173685,4.65011020485076,0.74140161136429,0.25859838863571
"L10.00_M020.000","L=10, M=20",815,13.3393801071369,4.6421755509608,0.741836822173377,0.258163177826623
"L10.00_M020.000","L=10, M=20",816,13.3469107922836,4.63419317365231,0.74227426845251,0.25772573154749
"L10.00_M020.000","L=10, M=20",817,13.354526958765,4.62616229908478,0.742714963106037,0.257285036893963
"L10.00_M020.000","L=10, M=20",818,13.3621191111078,4.61808380275757,0.74315730334743,0.25684269665257
"L10.00_M020.000","L=10, M=20",819,13.3697923503716,4.60995356695063,0.743602963682081,0.256397036317919
"L10.00_M020.000","L=10, M=20",820,13.3775179800297,4.60177160811121,0.744051532984567,0.255948467015433
"L10.00_M020.000","L=10, M=20",821,13.3852719501003,4.59353947952453,0.744502605330436,0.255497394669564
"L10.00_M020.000","L=10, M=20",822,13.3930858334026,4.58525592277284,0.744956682604065,0.255043317395935
"L10.00_M020.000","L=10, M=20",823,13.4009419733432,4.57691840801002,0.74541361925598,0.25458638074402
"L10.00_M020.000","L=10, M=20",824,13.4088533585353,4.56852484841818,0.745873686595128,0.254126313404872
"L10.00_M020.000","L=10, M=20",825,13.4167966989455,4.56008015739024,0.746336352313439,0.253663647686561
"L10.00_M020.000","L=10, M=20",826,13.424799008996,4.55157901293614,0.746802219702824,0.253197780297176
"L10.00_M020.000","L=10, M=20",827,13.4328287687304,4.54301923146993,0.747270936457668,0.252729063542332
"L10.00_M020.000","L=10, M=20",828,13.4409523548511,4.53440851931832,0.747743116198893,0.252256883801107
"L10.00_M020.000","L=10, M=20",829,13.4491025793586,4.52573828038087,0.748218172517024,0.251781827482976
"L10.00_M020.000","L=10, M=20",830,13.4573115211024,4.51700669171191,0.748696632705009,0.251303367294991
"L10.00_M020.000","L=10, M=20",831,13.4655654072308,4.50821971358792,0.749178056637267,0.250821943362733
"L10.00_M020.000","L=10, M=20",832,13.4738707103751,4.49937221638537,0.749662749526063,0.250337250473937
"L10.00_M020.000","L=10, M=20",833,13.482233806293,4.49046259126805,0.750150868187068,0.249849131812932
"L10.00_M020.000","L=10, M=20",834,13.4906523534016,4.48148971482976,0.750642427718647,0.249357572281353
"L10.00_M020.000","L=10, M=20",835,13.4991209394629,4.47245827706561,0.751137158110608,0.248862841889392
"L10.00_M020.000","L=10, M=20",836,13.5076471688199,4.46336090560535,0.751635473807548,0.248364526192452
"L10.00_M020.000","L=10, M=20",837,13.5162315906313,4.45420007203436,0.752137279969287,0.247862720030713
"L10.00_M020.000","L=10, M=20",838,13.5248718338322,4.44497219719356,0.752642694643364,0.247357305356636
"L10.00_M020.000","L=10, M=20",839,13.5335721643459,4.43567888850477,0.753151710360177,0.246848289639823
"L10.00_M020.000","L=10, M=20",840,13.5423288424438,4.42631983006595,0.753664289911918,0.246335710088082
"L10.00_M020.000","L=10, M=20",841,13.5511450632179,4.41688982198989,0.754180696430744,0.245819303569256
"L10.00_M020.000","L=10, M=20",842,13.5600219590824,4.40739252000169,0.754700793198022,0.245299206801978
"L10.00_M020.000","L=10, M=20",843,13.5689618121286,4.39782408250073,0.755224773741232,0.244775226258768
"L10.00_M020.000","L=10, M=20",844,13.57796453201,4.38818488392799,0.755752622204333,0.244247377795667
"L10.00_M020.000","L=10, M=20",845,13.5870283153926,4.37847112033948,0.756284475363318,0.243715524636682
"L10.00_M020.000","L=10, M=20",846,13.5961583020771,4.36868483096301,0.756820318518211,0.24317968148179
"L10.00_M020.000","L=10, M=20",847,13.6053508325145,4.35882326057102,0.757360219401974,0.242639780598026
"L10.00_M020.000","L=10, M=20",848,13.614612017272,4.348886247257,0.757904268800228,0.242095731199772
"L10.00_M020.000","L=10, M=20",849,13.6239389738356,4.33887116380844,0.758452539966693,0.241547460033307
"L10.00_M020.000","L=10, M=20",850,13.6333347240316,4.32877693704917,0.759005120404162,0.240994879595838
"L10.00_M020.000","L=10, M=20",851,13.6427991979672,4.31860342822285,0.759562016502777,0.240437983497223
"L10.00_M020.000","L=10, M=20",852,13.6523334898135,4.30834794407607,0.760123358351718,0.239876641648282
"L10.00_M020.000","L=10, M=20",853,13.6619411924531,4.29800878788771,0.760689267364755,0.239310732635245
"L10.00_M020.000","L=10, M=20",854,13.6716182229195,4.28758874528433,0.761259572715245,0.238740427284755
"L10.00_M020.000","L=10, M=20",855,13.6813713438773,4.2770789232376,0.761834742997302,0.238165257002698
"L10.00_M020.000","L=10, M=20",856,13.6911955021765,4.26648485547009,0.762414478345843,0.237585521654157
"L10.00_M020.000","L=10, M=20",857,13.7010998597286,4.25580357569138,0.762999027588643,0.237000972411357
"L10.00_M020.000","L=10, M=20",858,13.7110802872998,4.2450294043594,0.763588579193674,0.236411420806326
"L10.00_M020.000","L=10, M=20",859,13.7211378576695,4.23416316558248,0.764183114496423,0.235816885503577
"L10.00_M020.000","L=10, M=20",860,13.7312775508593,4.22320607102314,0.764782649283435,0.235217350716565
"L10.00_M020.000","L=10, M=20",861,13.7414970316358,4.21215239344823,0.765387398755642,0.234612601244358
"L10.00_M020.000","L=10, M=20",862,13.7517980926884,4.20100139495998,0.765997420187849,0.234002579812151
"L10.00_M020.000","L=10, M=20",863,13.7621848893765,4.18975381590572,0.76661273834046,0.23338726165954
"L10.00_M020.000","L=10, M=20",864,13.7726568257799,4.17840398330022,0.767233589828481,0.232766410171519
"L10.00_M020.000","L=10, M=20",865,13.783214859305,4.16695181226852,0.767859993251905,0.232140006748095
"L10.00_M020.000","L=10, M=20",866,13.7938608946749,4.15539535611237,0.768492059055087,0.231507940944913
"L10.00_M020.000","L=10, M=20",867,13.8045980332105,4.14373385694656,0.769129862189645,0.230870137810355
"L10.00_M020.000","L=10, M=20",868,13.8154265831123,4.13196284641888,0.769773600631855,0.230226399368145
"L10.00_M020.000","L=10, M=20",869,13.8263474912604,4.12008243644333,0.770423284572984,0.229576715427016
"L10.00_M020.000","L=10, M=20",870,13.8373648738772,4.10808717001078,0.771079203802506,0.228920796197494
"L10.00_M020.000","L=10, M=20",871,13.8484772935286,4.09597819792222,0.771741293578195,0.228258706421805
"L10.00_M020.000","L=10, M=20",872,13.8596887227643,4.08375250141645,0.77240973732992,0.22759026267008
"L10.00_M020.000","L=10, M=20",873,13.8710006723076,4.07140634854647,0.773084718019474,0.226915281980526
"L10.00_M020.000","L=10, M=20",874,13.8824149041001,4.05893710477923,0.773766374865705,0.226233625134295
"L10.00_M020.000","L=10, M=20",875,13.893933053938,4.0463446642809,0.774454736552282,0.225545263447718
"L10.00_M020.000","L=10, M=20",876,13.9055578270125,4.03362384590838,0.775150064286538,0.224849935713462
"L10.00_M020.000","L=10, M=20",877,13.917290832462,4.02077236091309,0.775852480974755,0.224147519025245
"L10.00_M020.000","L=10, M=20",878,13.9291340593224,4.00778841409007,0.77656209307752,0.22343790692248
"L10.00_M020.000","L=10, M=20",879,13.941090079232,3.99466863277907,0.777279082701756,0.222720917298243
"L10.00_M020.000","L=10, M=20",880,13.9531615230387,3.98140909210813,0.778003656873413,0.221996343126587
"L10.00_M020.000","L=10, M=20",881,13.9653497802549,3.96800797953508,0.778735915901254,0.221264084098746
"L10.00_M020.000","L=10, M=20",882,13.977658438171,3.95446088146039,0.77947610034408,0.22052389965592
"L10.00_M020.000","L=10, M=20",883,13.9900886357123,3.94076603874332,0.780224305517497,0.219775694482503
"L10.00_M020.000","L=10, M=20",884,14.0026448261819,3.92691659561161,0.78098088942441,0.21901911057559
"L10.00_M020.000","L=10, M=20",885,14.0153274119003,3.91291379572535,0.781745808168789,0.218254191831211
"L10.00_M020.000","L=10, M=20",886,14.0281414443354,3.89874902486314,0.782519504341154,0.217480495658846
"L10.00_M020.000","L=10, M=20",887,14.0410880659068,3.88442182331144,0.783302017777032,0.216697982222968
"L10.00_M020.000","L=10, M=20",888,14.0541717595329,3.86992531589335,0.784093709177743,0.215906290822257
"L10.00_M020.000","L=10, M=20",889,14.0673938705072,3.85525882123115,0.784894630971214,0.215105369028786
"L10.00_M020.000","L=10, M=20",890,14.0807586365034,3.84041598332254,0.7857051189561,0.2142948810439
"L10.00_M020.000","L=10, M=20",891,14.0942702248898,3.8253900105363,0.786525527812535,0.213474472187465
"L10.00_M020.000","L=10, M=20",892,14.1079299405765,3.8101807949654,0.787355885271563,0.212644114728437
"L10.00_M020.000","L=10, M=20",893,14.1217429447559,3.79478029912067,0.788196613401675,0.211803386598325
"L10.00_M020.000","L=10, M=20",894,14.1357123805444,3.77918420924158,0.789047947315742,0.210952052684258
"L10.00_M020.000","L=10, M=20",895,14.1498425222169,3.76338604745157,0.789910231267639,0.210089768732361
"L10.00_M020.000","L=10, M=20",896,14.1641366177358,3.74738205867774,0.790783678013166,0.209216321986834
"L10.00_M020.000","L=10, M=20",897,14.1785994687654,3.73116468323885,0.791668686892156,0.208331313107844
"L10.00_M020.000","L=10, M=20",898,14.1932355429994,3.71472797088135,0.792565583015511,0.207434416984489
"L10.00_M020.000","L=10, M=20",899,14.20804773849,3.69806847748144,0.793474562943866,0.206525437056134
"L10.00_M020.000","L=10, M=20",900,14.223042977234,3.68117498224181,0.794396214871057,0.205603785128942
"L10.00_M020.000","L=10, M=20",901,14.2382243645414,3.66404406656615,0.795330738075663,0.204669261924337
"L10.00_M020.000","L=10, M=20",902,14.2535978181626,3.64666675707186,0.79627861131633,0.20372138868367
"L10.00_M020.000","L=10, M=20",903,14.2691681651779,3.62903631330556,0.797240202632155,0.202759797367845
"L10.00_M020.000","L=10, M=20",904,14.2849417980736,3.61114246390594,0.798216056035349,0.201783943964651
"L10.00_M020.000","L=10, M=20",905,14.300923275414,3.59297942049761,0.799206496114538,0.200793503885462
"L10.00_M020.000","L=10, M=20",906,14.3171194084027,3.57453691761797,0.800212073578713,0.199787926421287
"L10.00_M020.000","L=10, M=20",907,14.3335363159468,3.55580517119192,0.801233311256967,0.198766688743033
"L10.00_M020.000","L=10, M=20",908,14.3501804305895,3.53677538380637,0.802270692648557,0.197729307351443
"L10.00_M020.000","L=10, M=20",909,14.367059009471,3.51743593729442,0.803324838204023,0.196675161795977
"L10.00_M020.000","L=10, M=20",910,14.3841791295461,3.49777645149172,0.804396312492757,0.195603687507243
"L10.00_M020.000","L=10, M=20",911,14.4015476289013,3.47778702758768,0.805485657357755,0.194514342642245
"L10.00_M020.000","L=10, M=20",912,14.4191738825185,3.4574521168313,0.806593698556034,0.193406301443966
"L10.00_M020.000","L=10, M=20",913,14.4370658053625,3.43675952103825,0.807721097287331,0.192278902712669
"L10.00_M020.000","L=10, M=20",914,14.4552319484393,3.41569604157442,0.808868568913539,0.191131431086461
"L10.00_M020.000","L=10, M=20",915,14.4736812404028,3.3942488412123,0.810036818718876,0.189963181281124
"L10.00_M020.000","L=10, M=20",916,14.4924240672242,3.37240027341132,0.811226787954448,0.188773212045552
"L10.00_M020.000","L=10, M=20",917,14.5114715788203,3.35013185733104,0.812439467189688,0.187560532810312
"L10.00_M020.000","L=10, M=20",918,14.5308329791307,3.32742923806765,0.813675642254644,0.186324357745356
"L10.00_M020.000","L=10, M=20",919,14.5505210488802,3.30427201891321,0.814936414756132,0.185063585243869
"L10.00_M020.000","L=10, M=20",920,14.5705479675726,3.28063949661421,0.816222898157567,0.183777101842433
"L10.00_M020.000","L=10, M=20",921,14.5909265534922,3.25651022974791,0.817536250762576,0.182463749237424
"L10.00_M020.000","L=10, M=20",922,14.6116709018286,3.23186132068342,0.818877715444368,0.181122284555632
"L10.00_M020.000","L=10, M=20",923,14.6327955485961,3.2066672124663,0.820248666934894,0.179751333065107
"L10.00_M020.000","L=10, M=20",924,14.6543167015673,3.18090078934286,0.82165057471466,0.17834942528534
"L10.00_M020.000","L=10, M=20",925,14.6762503302332,3.15453385673765,0.823084962295561,0.176915037704439
"L10.00_M020.000","L=10, M=20",926,14.6986146502619,3.12753440184584,0.824553559341184,0.175446440658816
"L10.00_M020.000","L=10, M=20",927,14.7214291236721,3.09986716007564,0.826058266990231,0.173941733009769
"L10.00_M020.000","L=10, M=20",928,14.7447145379744,3.07149428203051,0.82760112922668,0.17239887077332
"L10.00_M020.000","L=10, M=20",929,14.7684923119407,3.04237655104477,0.829184270882627,0.170815729117373
"L10.00_M020.000","L=10, M=20",930,14.7927866470254,3.01246847588528,0.830810148178723,0.169189851821277
"L10.00_M020.000","L=10, M=20",931,14.8176234010206,2.98172088473938,0.832481419715846,0.167518580284154
"L10.00_M020.000","L=10, M=20",932,14.8430304190824,2.950080151793,0.834200988071089,0.165799011928911
"L10.00_M020.000","L=10, M=20",933,14.8690377093796,2.91748701038826,0.835972059952455,0.164027940047545
"L10.00_M020.000","L=10, M=20",934,14.8956786173832,2.88387473455995,0.837798246250952,0.162201753749048
"L10.00_M020.000","L=10, M=20",935,14.9229889825279,2.84916966759296,0.839683534021705,0.160316465978295
"L10.00_M020.000","L=10, M=20",936,14.9510077983494,2.81329022895107,0.841632344569565,0.158367655430435
"L10.00_M020.000","L=10, M=20",937,14.9797783973729,2.77614359779415,0.843649707486338,0.156350292513662
"L10.00_M020.000","L=10, M=20",938,15.0093489436798,2.73762402577477,0.84574135372344,0.15425864627656
"L10.00_M020.000","L=10, M=20",939,15.0397709933561,2.69761472002824,0.847913623596026,0.152086376403974
"L10.00_M020.000","L=10, M=20",940,15.0711029603494,2.65597893216329,0.85017393453318,0.14982606546682
"L10.00_M020.000","L=10, M=20",941,15.1034103750567,2.61255887871769,0.852530852741174,0.147469147258826
"L10.00_M020.000","L=10, M=20",942,15.1367665856419,2.56717335355883,0.854994235047392,0.145005764952608
"L10.00_M020.000","L=10, M=20",943,15.1712534720029,2.51961112533521,0.857575580239627,0.142424419760373
"L10.00_M020.000","L=10, M=20",944,15.2069643450862,2.4696212337614,0.860288559532864,0.139711440467136
"L10.00_M020.000","L=10, M=20",945,15.2440063391064,2.41690396343872,0.863149525022477,0.136850474977523
"L10.00_M020.000","L=10, M=20",946,15.2825025308833,2.36109821245735,0.866178211193738,0.133821788806262
"L10.00_M020.000","L=10, M=20",947,15.3225948442215,2.30176402377461,0.869398708854348,0.130601291145652
"L10.00_M020.000","L=10, M=20",948,15.3644495631279,2.23835293180527,0.872841103997527,0.127158896002473
"L10.00_M020.000","L=10, M=20",949,15.4082644581306,2.17017166331578,0.876543530475496,0.123456469524504
"L10.00_M020.000","L=10, M=20",950,15.454275532164,2.096329284796,0.880555154271936,0.119444845728064
"L10.00_M020.000","L=10, M=20",951,15.5027695383105,2.01565065857882,0.884941071402276,0.115058928597724
"L10.00_M020.000","L=10, M=20",952,15.5541004777841,1.92654571949912,0.889789788217409,0.110210211782591
"L10.00_M020.000","L=10, M=20",953,15.6087134102897,1.82679472850021,0.895225610062031,0.104774389937969
"L10.00_M020.000","L=10, M=20",954,15.6671806026043,1.71319494740562,0.901429348147506,0.0985706518524939
"L10.00_M020.000","L=10, M=20",955,15.7302575216063,1.5809520974176,0.908674660395757,0.0913253396042428
"L10.00_M020.000","L=10, M=20",956,15.7989718661867,1.42266829289245,0.917390661995546,0.0826093380044544
"L10.00_M020.000","L=10, M=20",957,15.8747706128442,1.22698544263029,0.928253833194076,0.0717461668059237
"L10.00_M020.000","L=10, M=20",958,15.9597597149017,0.979057954457269,0.942200336908502,0.0577996630914984
"L10.00_M020.000","L=10, M=20",959,16.0570369638411,0.675406985933276,0.959634887290784,0.0403651127092156
"L10.00_M020.000","L=10, M=20",960,16.1707805671423,0.371166478039395,0.977562104568125,0.0224378954318747
"L10.00_M020.000","L=10, M=20",961,16.3045471091944,0.163671648669238,0.990061362975818,0.00993863702418237
"L15.00_M030.000","L=15, M=30",0,16.5750502582842,10.5122392970439,0.611912470032422,0.388087529967578
"L15.00_M030.000","L=15, M=30",18,16.5759267910311,10.5109824165665,0.611953422370602,0.388046577629398
"L15.00_M030.000","L=15, M=30",36,16.5757124619983,10.5095741325258,0.611982169882207,0.388017830117793
"L15.00_M030.000","L=15, M=30",54,16.5784679295623,10.5081849963596,0.612053027552058,0.387946972447942
"L15.00_M030.000","L=15, M=30",72,16.5802319796952,10.5067779867641,0.612110085248458,0.387889914751542
"L15.00_M030.000","L=15, M=30",90,16.5816387731321,10.5053878931562,0.612161643927095,0.387838356072905
"L15.00_M030.000","L=15, M=30",109,16.5838870510713,10.5039192665272,0.612227024094493,0.387772975905507
"L15.00_M030.000","L=15, M=30",127,16.5845022221318,10.5025256758332,0.612267329018321,0.387732670981679
"L15.00_M030.000","L=15, M=30",145,16.5859493174851,10.501091300125,0.612320465407434,0.387679534592566
"L15.00_M030.000","L=15, M=30",163,16.5872618686499,10.499717459242,0.61237030780947,0.38762969219053
"L15.00_M030.000","L=15, M=30",181,16.5886414287393,10.4983347722048,0.61242130925493,0.38757869074507
"L15.00_M030.000","L=15, M=30",199,16.5899956340053,10.4969863410076,0.612471173396475,0.387528826603525
"L15.00_M030.000","L=15, M=30",217,16.592044878781,10.4955846728004,0.612532183637027,0.387467816362973
"L15.00_M030.000","L=15, M=30",235,16.5928903407025,10.4941534826705,0.61257664176645,0.38742335823355
"L15.00_M030.000","L=15, M=30",253,16.5942865054056,10.4927198965973,0.612629031762571,0.387370968237429
"L15.00_M030.000","L=15, M=30",271,16.5949730440837,10.4912906997256,0.61267117536196,0.38732882463804
"L15.00_M030.000","L=15, M=30",289,16.5959425873537,10.4898985907523,0.612716528839744,0.387283471160256
"L15.00_M030.000","L=15, M=30",307,16.5985258792503,10.4885122161973,0.612784824267661,0.387215175732339
"L15.00_M030.000","L=15, M=30",326,16.59996220605,10.4870228509963,0.612839050602707,0.387160949397293
"L15.00_M030.000","L=15, M=30",344,16.6013855804014,10.4856118427214,0.612891319073617,0.387108680926383
"L15.00_M030.000","L=15, M=30",362,16.6028092323205,10.4841873136686,0.612943897420734,0.387056102579266
"L15.00_M030.000","L=15, M=30",380,16.6050143224253,10.4827603433959,0.613007695437499,0.386992304562501
"L15.00_M030.000","L=15, M=30",398,16.6055589769695,10.4813282730329,0.613047886370479,0.386952113629521
"L15.00_M030.000","L=15, M=30",416,16.6070398220952,10.4799477277193,0.613100286311054,0.386899713688946
"L15.00_M030.000","L=15, M=30",434,16.6084407965442,10.4785386000103,0.613152192180455,0.386847807819545
"L15.00_M030.000","L=15, M=30",452,16.610063811403,10.4771195469056,0.613207493436488,0.386792506563512
"L15.00_M030.000","L=15, M=30",470,16.6111961014992,10.475679035625,0.613256273283903,0.386743726716097
"L15.00_M030.000","L=15, M=30",488,16.612775878467,10.4742042659461,0.613312218264887,0.386687781735113
"L15.00_M030.000","L=15, M=30",506,16.6141758686052,10.4727637646719,0.613364820593988,0.386635179406012
"L15.00_M030.000","L=15, M=30",524,16.6156015109056,10.4713419630943,0.613417365708115,0.386582634291885
"L15.00_M030.000","L=15, M=30",543,16.6175662809926,10.4698558892178,0.613479059637794,0.386520940362206
"L15.00_M030.000","L=15, M=30",561,16.6185894069962,10.4684246436141,0.613526074743619,0.386473925256381
"L15.00_M030.000","L=15, M=30",579,16.6199967448787,10.4669826560939,0.613578815815909,0.386421184184091
"L15.00_M030.000","L=15, M=30",597,16.6215802570682,10.4655470787503,0.613633924742133,0.386366075257867
"L15.00_M030.000","L=15, M=30",615,16.6215723397265,10.4641137235355,0.613666284874775,0.386333715125225
"L15.00_M030.000","L=15, M=30",633,16.624290043095,10.4626748185101,0.613737645691688,0.386262354308312
"L15.00_M030.000","L=15, M=30",651,16.6236943432069,10.4612358345928,0.613761757334438,0.386238242665562
"L15.00_M030.000","L=15, M=30",669,16.6258635903361,10.4598013229452,0.613825196596289,0.386174803403711
"L15.00_M030.000","L=15, M=30",687,16.6302291603553,10.4583796898902,0.613919646161696,0.386080353838304
"L15.00_M030.000","L=15, M=30",705,16.6291980841504,10.4569238982617,0.6139379455999,0.3860620544001
"L15.00_M030.000","L=15, M=30",723,16.6315015410023,10.455467725077,0.6140037808449,0.3859962191551
"L15.00_M030.000","L=15, M=30",741,16.6329890510591,10.4540097403694,0.614058027584896,0.385941972415104
"L15.00_M030.000","L=15, M=30",760,16.6352941893919,10.4524840930359,0.614125455987781,0.385874544012219
"L15.00_M030.000","L=15, M=30",778,16.6359915972719,10.4510252860526,0.614168465613261,0.385831534386739
"L15.00_M030.000","L=15, M=30",796,16.6377449983799,10.4495675157449,0.614226494034949,0.385773505965051
"L15.00_M030.000","L=15, M=30",814,16.6388496617173,10.4480888973899,0.614275756022009,0.385724243977991
"L15.00_M030.000","L=15, M=30",832,16.6400963169675,10.446632422741,0.614326538906616,0.385673461093384
"L15.00_M030.000","L=15, M=30",850,16.6417953482991,10.4451523589506,0.614384297860368,0.385615702139632
"L15.00_M030.000","L=15, M=30",868,16.6432778941226,10.4436706804537,0.614439011035149,0.385560988964851
"L15.00_M030.000","L=15, M=30",886,16.6444467896837,10.4421830318019,0.614489395667859,0.385510604332141
"L15.00_M030.000","L=15, M=30",904,16.646230745582,10.4407011896429,0.614548402358356,0.385451597641644
"L15.00_M030.000","L=15, M=30",922,16.6472753584139,10.4392309917103,0.614596623987928,0.385403376012072
"L15.00_M030.000","L=15, M=30",940,16.650054299084,10.4377775488424,0.614669139728825,0.385330860271175
"L15.00_M030.000","L=15, M=30",959,16.6512254485213,10.4362228749362,0.614721078548454,0.385278921451546
"L15.00_M030.000","L=15, M=30",977,16.6523781699398,10.4347569081808,0.614770743451219,0.385229256548781
"L15.00_M030.000","L=15, M=30",995,16.6536229683858,10.4332935004662,0.614821660765125,0.385178339234875
"L15.00_M030.000","L=15, M=30",1013,16.6547958752013,10.4318177452158,0.614871837011305,0.385128162988695
"L15.00_M030.000","L=15, M=30",1031,16.6565358187792,10.4303669550177,0.614929508843376,0.385070491156624
"L15.00_M030.000","L=15, M=30",1049,16.6588313604065,10.4288942348334,0.614995574354678,0.385004425645322
"L15.00_M030.000","L=15, M=30",1067,16.6595215429823,10.4274289360541,0.615038653239157,0.384961346760843
"L15.00_M030.000","L=15, M=30",1085,16.6609371940769,10.4259748903576,0.615091788319832,0.384908211680168
"L15.00_M030.000","L=15, M=30",1103,16.6632216642996,10.4244919426004,0.615157923851315,0.384842076148685
"L15.00_M030.000","L=15, M=30",1121,16.663826084612,10.4230355654499,0.615199586422886,0.384800413577114
"L15.00_M030.000","L=15, M=30",1139,16.6651943947296,10.4215597979627,0.615252542854532,0.384747457145467
"L15.00_M030.000","L=15, M=30",1157,16.6668229286635,10.4200814598386,0.615309253859893,0.384690746140107
"L15.00_M030.000","L=15, M=30",1176,16.6683679400662,10.4185091360586,0.615366913403178,0.384633086596822
"L15.00_M030.000","L=15, M=30",1194,16.6697988175737,10.4170440771413,0.615420515501502,0.384579484498498
"L15.00_M030.000","L=15, M=30",1212,16.671385755251,10.4155372330875,0.615477282614508,0.384522717385492
"L15.00_M030.000","L=15, M=30",1230,16.6728850324603,10.4140325003249,0.615532757179918,0.384467242820082
"L15.00_M030.000","L=15, M=30",1248,16.6732063375808,10.4125344713303,0.615571361153075,0.384428638846925
"L15.00_M030.000","L=15, M=30",1266,16.675635187931,10.411067974773,0.615639160209497,0.384360839790503
"L15.00_M030.000","L=15, M=30",1284,16.6773190266302,10.4095643114966,0.6156972294836,0.3843027705164
"L15.00_M030.000","L=15, M=30",1302,16.6788530153878,10.4080638483697,0.615753099523269,0.384246900476731
"L15.00_M030.000","L=15, M=30",1320,16.6803406683422,10.4065488196487,0.615808643356319,0.384191356643682
"L15.00_M030.000","L=15, M=30",1338,16.6822759511128,10.4050544436569,0.615870065746088,0.384129934253912
"L15.00_M030.000","L=15, M=30",1356,16.6832904927293,10.4035645363595,0.615918329197427,0.384081670802573
"L15.00_M030.000","L=15, M=30",1374,16.6847730184661,10.4020914576405,0.615972846660925,0.384027153339075
"L15.00_M030.000","L=15, M=30",1393,16.6871883209303,10.4005030885914,0.61604320828406,0.38395679171594
"L15.00_M030.000","L=15, M=30",1411,16.6879312034498,10.3989963342338,0.616088007037099,0.383911992962901
"L15.00_M030.000","L=15, M=30",1429,16.6894660543877,10.3974576190513,0.616144758836276,0.383855241163724
"L15.00_M030.000","L=15, M=30",1447,16.6909407260548,10.3959311551536,0.616200379255835,0.383799620744165
"L15.00_M030.000","L=15, M=30",1465,16.6925085943824,10.3943751248206,0.616257992887842,0.383742007112158
"L15.00_M030.000","L=15, M=30",1483,16.6939264133322,10.3928798666806,0.61631209825023,0.38368790174977
"L15.00_M030.000","L=15, M=30",1501,16.6954064893043,10.3914212152918,0.61636625268124,0.38363374731876
"L15.00_M030.000","L=15, M=30",1519,16.6970093190816,10.3898939666125,0.616423706430113,0.383576293569887
"L15.00_M030.000","L=15, M=30",1537,16.6984618296127,10.3883598834778,0.616479187055847,0.383520812944153
"L15.00_M030.000","L=15, M=30",1555,16.7001111444357,10.3868311603796,0.616537332139807,0.383462667860193
"L15.00_M030.000","L=15, M=30",1573,16.7012391323329,10.38529794648,0.616588199655711,0.383411800344289
"L15.00_M030.000","L=15, M=30",1591,16.7022522007673,10.3837966422055,0.616636715734952,0.383363284265048
"L15.00_M030.000","L=15, M=30",1610,16.704431435788,10.3821967209693,0.616703981725416,0.383296018274584
"L15.00_M030.000","L=15, M=30",1628,16.7061949814573,10.3806666354782,0.616763773438119,0.383236226561881
"L15.00_M030.000","L=15, M=30",1646,16.7064534554775,10.3791457644107,0.616802062226867,0.383197937773133
"L15.00_M030.000","L=15, M=30",1664,16.709208498136,10.3776640342129,0.616874778665598,0.383125221334402
"L15.00_M030.000","L=15, M=30",1682,16.7106807309787,10.3761830777141,0.616929329619025,0.383070670380975
"L15.00_M030.000","L=15, M=30",1700,16.7122601056301,10.374620921418,0.616987245188612,0.383012754811388
"L15.00_M030.000","L=15, M=30",1718,16.7138097513811,10.373085036611,0.617044141906976,0.382955858093024
"L15.00_M030.000","L=15, M=30",1736,16.7136935322666,10.3715286397018,0.617077955873824,0.382922044126176
"L15.00_M030.000","L=15, M=30",1754,16.716838061999,10.3699986923828,0.617157264009233,0.382842735990768
"L15.00_M030.000","L=15, M=30",1772,16.7188896564928,10.3684522035896,0.617221495665871,0.382778504334129
"L15.00_M030.000","L=15, M=30",1790,16.7194619576933,10.3668706207399,0.617265623143303,0.382734376856697
"L15.00_M030.000","L=15, M=30",1809,16.7215598209104,10.3652349316552,0.617332540585171,0.38266745941483
"L15.00_M030.000","L=15, M=30",1827,16.722551882398,10.3636893858136,0.617381781281834,0.382618218718166
"L15.00_M030.000","L=15, M=30",1845,16.7245770112431,10.3621445441795,0.617445598834198,0.382554401165802
"L15.00_M030.000","L=15, M=30",1863,16.7261988619791,10.3606174872493,0.617503314022932,0.382496685977068
"L15.00_M030.000","L=15, M=30",1881,16.7281292136458,10.359065247952,0.617565958606813,0.382434041393187
"L15.00_M030.000","L=15, M=30",1899,16.7292995724174,10.3575114496422,0.61761790853833,0.38238209146167
"L15.00_M030.000","L=15, M=30",1917,16.7308233233415,10.3559672493248,0.617674629205603,0.382325370794397
"L15.00_M030.000","L=15, M=30",1935,16.7318653760095,10.3544102469073,0.617724843715804,0.382275156284196
"L15.00_M030.000","L=15, M=30",1953,16.7339522126869,10.3528619308763,0.617789605082201,0.382210394917799
"L15.00_M030.000","L=15, M=30",1971,16.7354214755203,10.35132536351,0.617845383019773,0.382154616980227
"L15.00_M030.000","L=15, M=30",1989,16.7370061318077,10.3497821623982,0.617902940356641,0.382097059643359
"L15.00_M030.000","L=15, M=30",2007,16.7385577138858,10.3482279128002,0.617960283090768,0.382039716909231
"L15.00_M030.000","L=15, M=30",2026,16.7402127117837,10.3465998362592,0.618020768670813,0.381979231329187
"L15.00_M030.000","L=15, M=30",2044,16.7418274754792,10.3449926401589,0.618080210375583,0.381919789624417
"L15.00_M030.000","L=15, M=30",2062,16.7432977384368,10.3434023552512,0.618137228991526,0.381862771008474
"L15.00_M030.000","L=15, M=30",2080,16.7449685801586,10.3418229043458,0.618196828138096,0.381803171861904
"L15.00_M030.000","L=15, M=30",2098,16.7460612471265,10.3402471304763,0.618248194389367,0.381751805610633
"L15.00_M030.000","L=15, M=30",2116,16.7470881349846,10.3386834001277,0.618298360571888,0.381701639428112
"L15.00_M030.000","L=15, M=30",2134,16.7498443321029,10.3371156180596,0.61837298696203,0.38162701303797
"L15.00_M030.000","L=15, M=30",2152,16.7511639556336,10.3354987892713,0.618428490559788,0.381571509440212
"L15.00_M030.000","L=15, M=30",2170,16.7528926526374,10.3338870950834,0.618489639915466,0.381510360084534
"L15.00_M030.000","L=15, M=30",2188,16.7545798246487,10.3323155142213,0.618549287950535,0.381450712049465
"L15.00_M030.000","L=15, M=30",2206,16.7559640258708,10.3307603455006,0.618604294714226,0.381395705285774
"L15.00_M030.000","L=15, M=30",2224,16.7558270414662,10.3291925329846,0.618638173600284,0.381361826399717
"L15.00_M030.000","L=15, M=30",2243,16.7612009413412,10.3275712669501,0.618750854134725,0.381249145865275
"L15.00_M030.000","L=15, M=30",2261,16.760723521624,10.325978663293,0.6187805147781,0.3812194852219
"L15.00_M030.000","L=15, M=30",2279,16.7623684367712,10.3244142293454,0.618839403829955,0.381160596170045
"L15.00_M030.000","L=15, M=30",2297,16.7647811948849,10.3228141055512,0.618909910936796,0.381090089063204
"L15.00_M030.000","L=15, M=30",2315,16.7644425866584,10.3211842923446,0.618942388210123,0.381057611789877
"L15.00_M030.000","L=15, M=30",2333,16.7670996036243,10.3195779920094,0.619016472006413,0.380983527993587
"L15.00_M030.000","L=15, M=30",2351,16.7688144684481,10.3179616247701,0.619077531070469,0.380922468929531
"L15.00_M030.000","L=15, M=30",2369,16.770466710445,10.3163668828605,0.619137214864044,0.380862785135956
"L15.00_M030.000","L=15, M=30",2387,16.7719919937359,10.3147339272598,0.619195987091797,0.380804012908203
"L15.00_M030.000","L=15, M=30",2405,16.7736401860718,10.3131352387851,0.619255704046596,0.380744295953404
"L15.00_M030.000","L=15, M=30",2423,16.7753346145152,10.3115602071613,0.619315529703709,0.380684470296291
"L15.00_M030.000","L=15, M=30",2441,16.7767115946715,10.309982812894,0.619370948046936,0.380629051953064
"L15.00_M030.000","L=15, M=30",2460,16.7783928217151,10.308310838478,0.619432804825668,0.380567195174332
"L15.00_M030.000","L=15, M=30",2478,16.7793957886436,10.3067200862395,0.619483275717767,0.380516724282233
"L15.00_M030.000","L=15, M=30",2496,16.7816334780179,10.3052634243513,0.619548024954828,0.380451975045172
"L15.00_M030.000","L=15, M=30",2514,16.7830964253686,10.3036547405211,0.619605368048107,0.380394631951893
"L15.00_M030.000","L=15, M=30",2532,16.784731571152,10.3020142733595,0.619665856781132,0.380334143218868
"L15.00_M030.000","L=15, M=30",2550,16.7862661553195,10.300390225689,0.619724558070187,0.380275441929813
"L15.00_M030.000","L=15, M=30",2568,16.7874922310212,10.2987751634911,0.619778723532145,0.380221276467855
"L15.00_M030.000","L=15, M=30",2586,16.7894826195742,10.297198156068,0.619842747018017,0.380157252981983
"L15.00_M030.000","L=15, M=30",2604,16.7911311033005,10.2955887115297,0.619902713140894,0.380097286859106
"L15.00_M030.000","L=15, M=30",2622,16.7927650135523,10.2939578362083,0.619962965128531,0.380037034871469
"L15.00_M030.000","L=15, M=30",2640,16.7944686600686,10.2923188425227,0.6200243812029,0.3799756187971
"L15.00_M030.000","L=15, M=30",2659,16.7961598966573,10.2905799939407,0.620087908862275,0.379912091137725
"L15.00_M030.000","L=15, M=30",2677,16.7977524569091,10.2889379227267,0.620147837239573,0.379852162760427
"L15.00_M030.000","L=15, M=30",2695,16.7994947321295,10.2873071137569,0.620209607162642,0.379790392837358
"L15.00_M030.000","L=15, M=30",2713,16.800956426929,10.2856852757837,0.620267237678506,0.379732762321494
"L15.00_M030.000","L=15, M=30",2731,16.8026271588704,10.2840564007385,0.620327960117131,0.37967203988287
"L15.00_M030.000","L=15, M=30",2749,16.8035058908272,10.282423814322,0.620377667436416,0.379622332563584
"L15.00_M030.000","L=15, M=30",2767,16.8058196641669,10.2808264938357,0.620446679376056,0.379553320623944
"L15.00_M030.000","L=15, M=30",2785,16.8075150103999,10.2791809467977,0.620508128306205,0.379491871693795
"L15.00_M030.000","L=15, M=30",2803,16.8092218747446,10.2775743649602,0.620568845646832,0.379431154353168
"L15.00_M030.000","L=15, M=30",2821,16.810355043099,10.2759264073926,0.620622475396819,0.379377524603181
"L15.00_M030.000","L=15, M=30",2839,16.8124079143455,10.2743149216526,0.620688151022902,0.379311848977098
"L15.00_M030.000","L=15, M=30",2857,16.8138394506491,10.2727178382465,0.620744794966694,0.379255205033306
"L15.00_M030.000","L=15, M=30",2876,16.8151807369481,10.270991736882,0.620803133155652,0.379196866844348
"L15.00_M030.000","L=15, M=30",2894,16.8174250098492,10.2693133136829,0.620873019445046,0.379126980554954
"L15.00_M030.000","L=15, M=30",2912,16.8190423954059,10.2676521347894,0.620933734703459,0.379066265296541
"L15.00_M030.000","L=15, M=30",2930,16.8206472049324,10.2659681389663,0.620994797296492,0.379005202703508
"L15.00_M030.000","L=15, M=30",2948,16.8214363935821,10.2643024317407,0.62104402992528,0.37895597007472
"L15.00_M030.000","L=15, M=30",2966,16.8234868795466,10.2626413561683,0.621110803771639,0.378889196228361
"L15.00_M030.000","L=15, M=30",2984,16.8233755331567,10.2609716160867,0.6211475373748,0.3788524626252
"L15.00_M030.000","L=15, M=30",3002,16.8260448511736,10.2593367995909,0.621222365190437,0.378777634809563
"L15.00_M030.000","L=15, M=30",3020,16.8286761482487,10.2576917225221,0.621296891061156,0.378703108938844
"L15.00_M030.000","L=15, M=30",3038,16.8307017836394,10.2560290273562,0.621363349496836,0.378636650503164
"L15.00_M030.000","L=15, M=30",3056,16.832378268952,10.2543573923532,0.621425131452733,0.378574868547268
"L15.00_M030.000","L=15, M=30",3074,16.8337639704569,10.252680442233,0.621482971850314,0.378517028149686
"L15.00_M030.000","L=15, M=30",3093,16.8355860319159,10.2509003894498,0.621549276270696,0.378450723729304
"L15.00_M030.000","L=15, M=30",3111,16.8377182909099,10.2492138956441,0.62161776663908,0.37838223336092
"L15.00_M030.000","L=15, M=30",3129,16.8389240729382,10.2474658125975,0.62167472830812,0.37832527169188
"L15.00_M030.000","L=15, M=30",3147,16.8410613149976,10.2457598375268,0.621743733610029,0.378256266389971
"L15.00_M030.000","L=15, M=30",3165,16.8426031792773,10.2440695438276,0.621804063993086,0.378195936006914
"L15.00_M030.000","L=15, M=30",3183,16.8442690281562,10.2423711870935,0.621866311004231,0.378133688995769
"L15.00_M030.000","L=15, M=30",3201,16.8458467554611,10.2407165255281,0.62192632489794,0.37807367510206
"L15.00_M030.000","L=15, M=30",3219,16.8476540320579,10.2390455920627,0.621989916300289,0.37801008369971
"L15.00_M030.000","L=15, M=30",3237,16.8492954346934,10.237338391915,0.62205202545846,0.37794797454154
"L15.00_M030.000","L=15, M=30",3255,16.8510309005257,10.2356568609405,0.622114857634907,0.377885142365093
"L15.00_M030.000","L=15, M=30",3273,16.8525080359285,10.2339622284856,0.622174387117141,0.377825612882859
"L15.00_M030.000","L=15, M=30",3291,16.8543668080792,10.2322507210458,0.622239627740764,0.377760372259236
"L15.00_M030.000","L=15, M=30",3310,16.856216692648,10.2304443851,0.622306922372781,0.377693077627219
"L15.00_M030.000","L=15, M=30",3328,16.8579599088926,10.2287229117853,0.622370779784939,0.377629220215061
"L15.00_M030.000","L=15, M=30",3346,16.8596272580762,10.2270126375505,0.622433322222381,0.377566677777619
"L15.00_M030.000","L=15, M=30",3364,16.8611770974594,10.2252956086467,0.622494382358555,0.377505617641445
"L15.00_M030.000","L=15, M=30",3382,16.8619532290056,10.2236188927366,0.622543734842142,0.377456265157858
"L15.00_M030.000","L=15, M=30",3400,16.8646181514973,10.2219287064581,0.622619717453725,0.377380282546275
"L15.00_M030.000","L=15, M=30",3418,16.8665768819482,10.2202078122036,0.622686563665483,0.377313436334517
"L15.00_M030.000","L=15, M=30",3436,16.8681330218107,10.2184759412597,0.622748054022139,0.377251945977861
"L15.00_M030.000","L=15, M=30",3454,16.869814270693,10.2167602589596,0.622810915135284,0.377189084864716
"L15.00_M030.000","L=15, M=30",3472,16.8715771958234,10.2150431857675,0.622874945568697,0.377125054431303
"L15.00_M030.000","L=15, M=30",3490,16.873729080548,10.2132983664892,0.622945028336567,0.377054971663433
"L15.00_M030.000","L=15, M=30",3509,16.8749940941217,10.211503600581,0.623003914508369,0.376996085491631
"L15.00_M030.000","L=15, M=30",3527,16.8767824769701,10.2097814000559,0.623068417005247,0.376931582994753
"L15.00_M030.000","L=15, M=30",3545,16.8783852576479,10.2080820801394,0.623129810438645,0.376870189561355
"L15.00_M030.000","L=15, M=30",3563,16.8802338355688,10.2063441558288,0.623195511848333,0.376804488151667
"L15.00_M030.000","L=15, M=30",3581,16.8818637974768,10.2046242712308,0.623257756954472,0.376742243045528
"L15.00_M030.000","L=15, M=30",3599,16.8837092861453,10.2028788619764,0.623323587076289,0.376676412923711
"L15.00_M030.000","L=15, M=30",3617,16.8854103143551,10.2011453105586,0.623387135233401,0.376612864766599
"L15.00_M030.000","L=15, M=30",3635,16.8873058970544,10.1993648534454,0.623454467793639,0.376545532206361
"L15.00_M030.000","L=15, M=30",3653,16.888950451547,10.1976097879547,0.623517726216008,0.376482273783992
"L15.00_M030.000","L=15, M=30",3671,16.8906287528839,10.1958766685827,0.623580948891907,0.376419051108093
"L15.00_M030.000","L=15, M=30",3689,16.8924035315376,10.1941292601645,0.62364584132793,0.37635415867207
"L15.00_M030.000","L=15, M=30",3707,16.8942713073645,10.1923776232679,0.623712122921884,0.376287877078116
"L15.00_M030.000","L=15, M=30",3726,16.895177244068,10.190478220983,0.623768446950382,0.376231553049618
"L15.00_M030.000","L=15, M=30",3744,16.8980063277996,10.1887114759798,0.623848428230084,0.376151571769916
"L15.00_M030.000","L=15, M=30",3762,16.8996285871744,10.186938346795,0.623911794668246,0.376088205331754
"L15.00_M030.000","L=15, M=30",3780,16.9008080767633,10.1851883338706,0.623968482478572,0.376031517521428
"L15.00_M030.000","L=15, M=30",3798,16.9024992970733,10.1834062311838,0.62403301523148,0.37596698476852
"L15.00_M030.000","L=15, M=30",3816,16.9049175469143,10.1816422893081,0.6241072195631,0.3758927804369
"L15.00_M030.000","L=15, M=30",3834,16.9071503999917,10.1798755599673,0.62417891225801,0.37582108774199
"L15.00_M030.000","L=15, M=30",3852,16.9082947101575,10.1781135659587,0.624235392813842,0.375764607186158
"L15.00_M030.000","L=15, M=30",3870,16.9101569577949,10.1763614784582,0.624301605892695,0.375698394107305
"L15.00_M030.000","L=15, M=30",3888,16.9128750666921,10.1746360632383,0.62437907216969,0.37562092783031
"L15.00_M030.000","L=15, M=30",3906,16.9136783561519,10.1728751092851,0.624430803931335,0.375569196068665
"L15.00_M030.000","L=15, M=30",3924,16.9153982239094,10.1711264289069,0.624494963481799,0.375505036518201
"L15.00_M030.000","L=15, M=30",3943,16.9171981480235,10.1692761535327,0.624562575390315,0.375437424609685
"L15.00_M030.000","L=15, M=30",3961,16.9188682801802,10.1675084540881,0.624626484603801,0.375373515396199
"L15.00_M030.000","L=15, M=30",3979,16.9207306332618,10.1657663149706,0.624692468191832,0.375307531808168
"L15.00_M030.000","L=15, M=30",3997,16.9225049489898,10.1639944476464,0.624757917263068,0.375242082736932
"L15.00_M030.000","L=15, M=30",4015,16.9234167436287,10.1622053523878,0.624811816528947,0.375188183471053
"L15.00_M030.000","L=15, M=30",4033,16.9263011194011,10.1604222206252,0.624892900736686,0.375107099263314
"L15.00_M030.000","L=15, M=30",4051,16.9278742482588,10.1586263186622,0.624956118138485,0.375043881861515
"L15.00_M030.000","L=15, M=30",4069,16.9295932521899,10.1568455221489,0.625021007495037,0.374978992504963
"L15.00_M030.000","L=15, M=30",4087,16.931513212637,10.1550185763394,0.625089743661007,0.374910256338993
"L15.00_M030.000","L=15, M=30",4105,16.9333379911738,10.1531999970133,0.625156969065546,0.374843030934454
"L15.00_M030.000","L=15, M=30",4123,16.9350371005489,10.1514135097658,0.625221714878359,0.374778285121641
"L15.00_M030.000","L=15, M=30",4141,16.9371803980423,10.1496406108782,0.625292292235562,0.374707707764438
"L15.00_M030.000","L=15, M=30",4160,16.93875351582,10.1477403328988,0.625357922307143,0.374642077692857
"L15.00_M030.000","L=15, M=30",4178,16.940469883073,10.1459318293483,0.625423415887111,0.374576584112889
"L15.00_M030.000","L=15, M=30",4196,16.9438972500805,10.1441314636138,0.625512377780172,0.374487622219828
"L15.00_M030.000","L=15, M=30",4214,16.9458671773768,10.1423120453765,0.6255816250338,0.3744183749662
"L15.00_M030.000","L=15, M=30",4232,16.9451013810322,10.1404508468244,0.625614026196767,0.374385973803233
"L15.00_M030.000","L=15, M=30",4250,16.9478075808981,10.1386834318226,0.625692252752077,0.374307747247923
"L15.00_M030.000","L=15, M=30",4268,16.9494877751234,10.1369011740512,0.625756641349561,0.374243358650439
"L15.00_M030.000","L=15, M=30",4286,16.9514170498094,10.1350850225829,0.625825254383326,0.374174745616674
"L15.00_M030.000","L=15, M=30",4304,16.9535210613984,10.1332949130224,0.625895678451401,0.374104321548599
"L15.00_M030.000","L=15, M=30",4322,16.954892110507,10.1314965242466,0.62595617079616,0.37404382920384
"L15.00_M030.000","L=15, M=30",4340,16.9568470115151,10.1296393180897,0.626026085671427,0.373973914328573
"L15.00_M030.000","L=15, M=30",4359,16.9587597083204,10.1276988867625,0.626097341178407,0.373902658821593
"L15.00_M030.000","L=15, M=30",4377,16.9606006469616,10.1258577677309,0.626165310624798,0.373834689375202
"L15.00_M030.000","L=15, M=30",4395,16.96276549179,10.1240140055708,0.626237810716582,0.373762189283418
"L15.00_M030.000","L=15, M=30",4413,16.9643266160541,10.1221414613812,0.626302645570334,0.373697354429666
"L15.00_M030.000","L=15, M=30",4431,16.9659157518134,10.120280860646,0.6263675921192,0.3736324078808
"L15.00_M030.000","L=15, M=30",4449,16.9681329601718,10.1184233008316,0.626441131780228,0.373558868219772
"L15.00_M030.000","L=15, M=30",4467,16.9697552360958,10.116581101202,0.626506110858872,0.373493889141128
"L15.00_M030.000","L=15, M=30",4485,16.9719070103973,10.1147410294209,0.626578341677718,0.373421658322283
"L15.00_M030.000","L=15, M=30",4503,16.9734935290621,10.1128942901376,0.626642933799786,0.373357066200214
"L15.00_M030.000","L=15, M=30",4521,16.9739667046979,10.1111105557974,0.6266907249866,0.3733092750134
"L15.00_M030.000","L=15, M=30",4539,16.9775330489738,10.1092990128848,0.626781788664024,0.373218211335976
"L15.00_M030.000","L=15, M=30",4557,16.9775528136379,10.1074627557324,0.626824554342783,0.373175445657217
"L15.00_M030.000","L=15, M=30",4576,16.9808912290943,10.1055278179903,0.626915326074525,0.373084673925475
"L15.00_M030.000","L=15, M=30",4594,16.9827070226596,10.1036683245418,0.626983374666049,0.373016625333951
"L15.00_M030.000","L=15, M=30",4612,16.985037845656,10.1017978464563,0.62705876901679,0.37294123098321
"L15.00_M030.000","L=15, M=30",4630,16.986428639727,10.0999561499092,0.627120554169575,0.372879445830425
"L15.00_M030.000","L=15, M=30",4648,16.9882256655301,10.0981047723462,0.627188156937439,0.372811843062561
"L15.00_M030.000","L=15, M=30",4666,16.9901427866412,10.0962590921692,0.62725728070706,0.37274271929294
"L15.00_M030.000","L=15, M=30",4684,16.9920113661086,10.0943923885279,0.62732622314987,0.37267377685013
"L15.00_M030.000","L=15, M=30",4702,16.9938572156483,10.0925302823559,0.62739474641646,0.37260525358354
"L15.00_M030.000","L=15, M=30",4720,16.9963607270392,10.0906585026124,0.627472538891752,0.372527461108248
"L15.00_M030.000","L=15, M=30",4738,16.9975802420143,10.0887755404695,0.627532931285141,0.372467068714859
"L15.00_M030.000","L=15, M=30",4756,16.9994805433571,10.0868951953686,0.627602626033601,0.372397373966399
"L15.00_M030.000","L=15, M=30",4774,17.0013157450051,10.085008461149,0.627671573876472,0.372328426123528
"L15.00_M030.000","L=15, M=30",4793,17.0033700863739,10.083001485618,0.627746320365621,0.372253679634379
"L15.00_M030.000","L=15, M=30",4811,17.0050944388257,10.0811046744617,0.627813978908679,0.372186021091321
"L15.00_M030.000","L=15, M=30",4829,17.0066654692148,10.0792089103702,0.627879507631217,0.372120492368783
"L15.00_M030.000","L=15, M=30",4847,17.009680069382,10.0773151545902,0.627964819602004,0.372035180397996
"L15.00_M030.000","L=15, M=30",4865,17.0110079238316,10.0753954914644,0.628027562870354,0.371972437129646
"L15.00_M030.000","L=15, M=30",4883,17.0128835021577,10.073487122739,0.628097567509474,0.371902432490526
"L15.00_M030.000","L=15, M=30",4901,17.0151438755964,10.0715978367455,0.628172412034467,0.371827587965533
"L15.00_M030.000","L=15, M=30",4919,17.0153104609937,10.0697018685514,0.628218671417511,0.371781328582489
"L15.00_M030.000","L=15, M=30",4937,17.0184481893506,10.0678019750197,0.62830580409159,0.37169419590841
"L15.00_M030.000","L=15, M=30",4955,17.0204401701916,10.0659065815106,0.628377105492159,0.371622894507841
"L15.00_M030.000","L=15, M=30",4973,17.0214065437709,10.0640184033965,0.628434169926177,0.371565830073823
"L15.00_M030.000","L=15, M=30",4991,17.0242690055717,10.0620871388318,0.628518244196873,0.371481755803127
"L15.00_M030.000","L=15, M=30",5010,17.0275287163893,10.0600913639012,0.628609256402664,0.371390743597336
"L15.00_M030.000","L=15, M=30",5028,17.0281941460742,10.0581885630501,0.628662539732117,0.371337460267883
"L15.00_M030.000","L=15, M=30",5046,17.0299052737172,10.056269659878,0.628730535613385,0.371269464386615
"L15.00_M030.000","L=15, M=30",5064,17.0325719944844,10.0543586448233,0.62881144494708,0.37118855505292
"L15.00_M030.000","L=15, M=30",5082,17.0332458764726,10.0524255655072,0.628865557679067,0.371134442320933
"L15.00_M030.000","L=15, M=30",5100,17.0357527966272,10.050497951739,0.628944661071438,0.371055338928562
"L15.00_M030.000","L=15, M=30",5118,17.0377754104043,10.0485752011934,0.62901701505367,0.37098298494633
"L15.00_M030.000","L=15, M=30",5136,17.039668544499,10.0466436624379,0.629087799561546,0.370912200438454
"L15.00_M030.000","L=15, M=30",5154,17.0415620962009,10.0447386293382,0.629157974316248,0.370842025683752
"L15.00_M030.000","L=15, M=30",5172,17.0435802749552,10.0427546165696,0.629231689824822,0.370768310175178
"L15.00_M030.000","L=15, M=30",5190,17.0442589493463,10.0407840656001,0.629286759483481,0.370713240516519
"L15.00_M030.000","L=15, M=30",5209,17.0476497784396,10.0387113780763,0.629381321467709,0.370618678532291
"L15.00_M030.000","L=15, M=30",5227,17.0491004555115,10.0367709392499,0.629446260267224,0.370553739732776
"L15.00_M030.000","L=15, M=30",5245,17.0514328667728,10.0348460801372,0.629522899774982,0.370477100225018
"L15.00_M030.000","L=15, M=30",5263,17.0534208545803,10.0328558129982,0.62959634740026,0.37040365259974
"L15.00_M030.000","L=15, M=30",5281,17.0553836902957,10.0308991975323,0.629668668858214,0.370331331141786
"L15.00_M030.000","L=15, M=30",5299,17.0573409089784,10.0289499282098,0.629740742706619,0.370259257293381
"L15.00_M030.000","L=15, M=30",5317,17.0592787373615,10.0269904886881,0.629812787984663,0.370187212015337
"L15.00_M030.000","L=15, M=30",5335,17.0612409329555,10.0250309478634,0.629885168694528,0.370114831305472
"L15.00_M030.000","L=15, M=30",5353,17.0635987679148,10.023076417498,0.629962837857051,0.37003716214295
"L15.00_M030.000","L=15, M=30",5371,17.0649116660428,10.0211115285898,0.630026473189479,0.369973526810521
"L15.00_M030.000","L=15, M=30",5389,17.0677243430696,10.0191397965519,0.630110752396164,0.369889247603836
"L15.00_M030.000","L=15, M=30",5407,17.0686889479044,10.0171759809475,0.630169610338816,0.369830389661184
"L15.00_M030.000","L=15, M=30",5426,17.0712385558551,10.01508299015,0.630253116018735,0.369746883981265
"L15.00_M030.000","L=15, M=30",5444,17.073252657278,10.0131125933352,0.630326457585204,0.369673542414796
"L15.00_M030.000","L=15, M=30",5462,17.0751359470163,10.0111277028599,0.630398351272576,0.369601648727424
"L15.00_M030.000","L=15, M=30",5480,17.0771401784238,10.009130590486,0.63047217995123,0.36952782004877
"L15.00_M030.000","L=15, M=30",5498,17.0791450368142,10.0071216842713,0.630546291693967,0.369453708306033
"L15.00_M030.000","L=15, M=30",5516,17.082264870723,10.0051206595629,0.630635424434876,0.369364575565124
"L15.00_M030.000","L=15, M=30",5534,17.0831081366158,10.0031225800207,0.630693444035507,0.369306555964493
"L15.00_M030.000","L=15, M=30",5552,17.085216670316,10.0011212011746,0.63076879389808,0.36923120610192
"L15.00_M030.000","L=15, M=30",5570,17.087099089471,9.99913156612715,0.630840787953619,0.369159212046381
"L15.00_M030.000","L=15, M=30",5588,17.0891282265363,9.99710758619929,0.630915581798975,0.369084418201025
"L15.00_M030.000","L=15, M=30",5606,17.0910038642182,9.99510474352003,0.630987791998127,0.369012208001873
"L15.00_M030.000","L=15, M=30",5624,17.0931465451361,9.99309037581555,0.631063908767418,0.368936091232582
"L15.00_M030.000","L=15, M=30",5643,17.0952753349078,9.99095116735553,0.631142744578294,0.368857255421706
"L15.00_M030.000","L=15, M=30",5661,17.0967687391931,9.98891120329638,0.631210616661437,0.368789383338563
"L15.00_M030.000","L=15, M=30",5679,17.0994454581022,9.98686143409827,0.631294828274503,0.368705171725496
"L15.00_M030.000","L=15, M=30",5697,17.1021002349915,9.98479882223231,0.631379036738815,0.368620963261185
"L15.00_M030.000","L=15, M=30",5715,17.103430012437,9.98277963737479,0.631444201073584,0.368555798926416
"L15.00_M030.000","L=15, M=30",5733,17.1054980112325,9.98074813834573,0.631519698845344,0.368480301154656
"L15.00_M030.000","L=15, M=30",5751,17.1083408526539,9.97870426414113,0.631606023428744,0.368393976571256
"L15.00_M030.000","L=15, M=30",5769,17.109593557506,9.9766614976155,0.631670695069783,0.368329304930217
"L15.00_M030.000","L=15, M=30",5787,17.1116112929646,9.97461567193035,0.631745843197064,0.368254156802936
"L15.00_M030.000","L=15, M=30",5805,17.1136100538164,9.97256133559975,0.631820932082837,0.368179067917163
"L15.00_M030.000","L=15, M=30",5823,17.1165639952077,9.97054237909964,0.631908176483669,0.368091823516331
"L15.00_M030.000","L=15, M=30",5841,17.1176844663941,9.96848122528389,0.631971489107939,0.368028510892061
"L15.00_M030.000","L=15, M=30",5860,17.1200301353875,9.96632980325608,0.632053556630276,0.367946443369724
"L15.00_M030.000","L=15, M=30",5878,17.1218695675604,9.96426319158661,0.632126768328651,0.367873231671349
"L15.00_M030.000","L=15, M=30",5896,17.1238252635723,9.9622207758622,0.632200995252012,0.367799004747988
"L15.00_M030.000","L=15, M=30",5914,17.1261548457236,9.96015860627385,0.632280759656522,0.367719240343478
"L15.00_M030.000","L=15, M=30",5932,17.1266077627253,9.95809526802168,0.632335076492546,0.367664923507454
"L15.00_M030.000","L=15, M=30",5950,17.1290168258781,9.95600326291368,0.632416618844096,0.367583381155904
"L15.00_M030.000","L=15, M=30",5968,17.1320317059526,9.95393611826953,0.632505798468532,0.367494201531468
"L15.00_M030.000","L=15, M=30",5986,17.1341846850827,9.95200861276797,0.632580019520215,0.367419980479785
"L15.00_M030.000","L=15, M=30",6004,17.1359300418287,9.94995830412627,0.63265157941138,0.36734842058862
"L15.00_M030.000","L=15, M=30",6022,17.1386814931416,9.9478747158713,0.63273756031927,0.36726243968073
"L15.00_M030.000","L=15, M=30",6040,17.1404717961146,9.94577983218835,0.632810771727609,0.367189228272391
"L15.00_M030.000","L=15, M=30",6059,17.1423696476539,9.94361165647824,0.632887154988869,0.367112845011131
"L15.00_M030.000","L=15, M=30",6077,17.1447308453573,9.94150752761987,0.632968321746068,0.367031678253932
"L15.00_M030.000","L=15, M=30",6095,17.1448524631299,9.93926812460361,0.633022305730498,0.366977694269502
"L15.00_M030.000","L=15, M=30",6113,17.1489712940321,9.93713974865988,0.633127851650709,0.366872148349291
"L15.00_M030.000","L=15, M=30",6131,17.1517733245438,9.93501315147962,0.63321551043813,0.36678448956187
"L15.00_M030.000","L=15, M=30",6149,17.1538160639109,9.93284871666421,0.633293770306213,0.366706229693787
"L15.00_M030.000","L=15, M=30",6167,17.1535103675111,9.93072827134184,0.633339212382511,0.366660787617489
"L15.00_M030.000","L=15, M=30",6185,17.1574955434107,9.92862279252997,0.633442390327459,0.366557609672541
"L15.00_M030.000","L=15, M=30",6203,17.1595342886539,9.92649191905609,0.633519814130929,0.366480185869071
"L15.00_M030.000","L=15, M=30",6221,17.1616932907286,9.92439547341362,0.633598059881131,0.366401940118869
"L15.00_M030.000","L=15, M=30",6239,17.1648765022408,9.92225139870658,0.63369127081356,0.36630872918644
"L15.00_M030.000","L=15, M=30",6257,17.1658776023131,9.92014126024002,0.633754177364367,0.366245822635633
"L15.00_M030.000","L=15, M=30",6276,17.1681974817906,9.9178896448609,0.633838228516139,0.366161771483861
"L15.00_M030.000","L=15, M=30",6294,17.1703458979854,9.91573923907051,0.633917593151733,0.366082406848267
"L15.00_M030.000","L=15, M=30",6312,17.172432176337,9.91359956483291,0.633995866963245,0.366004133036755
"L15.00_M030.000","L=15, M=30",6330,17.1745674792132,9.91144672834688,0.634075111517129,0.365924888482871
"L15.00_M030.000","L=15, M=30",6348,17.175240621518,9.9092696293008,0.634135174033608,0.365864825966392
"L15.00_M030.000","L=15, M=30",6366,17.1802491264516,9.90704513283679,0.63425490054476,0.36574509945524
"L15.00_M030.000","L=15, M=30",6384,17.1812076776217,9.90485178175043,0.634319204068526,0.365680795931474
"L15.00_M030.000","L=15, M=30",6402,17.1833129895088,9.90271353393034,0.634397702248392,0.365602297751608
"L15.00_M030.000","L=15, M=30",6420,17.1842689919955,9.90054993350661,0.634461283985746,0.365538716014254
"L15.00_M030.000","L=15, M=30",6438,17.1883303404701,9.89840418999084,0.634566352807888,0.365433647192112
"L15.00_M030.000","L=15, M=30",6456,17.189825436286,9.89624033122948,0.634637218407034,0.365362781592966
"L15.00_M030.000","L=15, M=30",6474,17.1920002485407,9.89405495166328,0.634717758694194,0.365282241305806
"L15.00_M030.000","L=15, M=30",6493,17.194279781234,9.89175330248731,0.634802435930264,0.365197564069736
"L15.00_M030.000","L=15, M=30",6511,17.1964022123209,9.88959272394811,0.634881688960753,0.365118311039247
"L15.00_M030.000","L=15, M=30",6529,17.1986330525786,9.887443722569,0.634962131849192,0.365037868150808
"L15.00_M030.000","L=15, M=30",6547,17.2012556518002,9.88526444444502,0.635048562557309,0.364951437442691
"L15.00_M030.000","L=15, M=30",6565,17.202026279363,9.88309606465302,0.635109786873954,0.364890213126046
"L15.00_M030.000","L=15, M=30",6583,17.2050173596824,9.88094964700583,0.635200410435191,0.364799589564809
"L15.00_M030.000","L=15, M=30",6601,17.2068781765744,9.87880605939553,0.635275742959581,0.364724257040419
"L15.00_M030.000","L=15, M=30",6619,17.2093851639321,9.87661671403896,0.63536084954378,0.36463915045622
"L15.00_M030.000","L=15, M=30",6637,17.2115281075594,9.87441261091327,0.63544140063118,0.36455859936882
"L15.00_M030.000","L=15, M=30",6655,17.2132890730787,9.8722174690414,0.635516601703966,0.364483398296034
"L15.00_M030.000","L=15, M=30",6673,17.2159525321641,9.87001511459589,0.635604116370695,0.364395883629305
"L15.00_M030.000","L=15, M=30",6691,17.2182532843082,9.86777609627594,0.635687610109831,0.364312389890169
"L15.00_M030.000","L=15, M=30",6710,17.2205697570178,9.86542549159272,0.635773934055504,0.364226065944496
"L15.00_M030.000","L=15, M=30",6728,17.2227072244647,9.86324350118171,0.63585389336758,0.36414610663242
"L15.00_M030.000","L=15, M=30",6746,17.2249606352547,9.86106693831727,0.63593528391964,0.36406471608036
"L15.00_M030.000","L=15, M=30",6764,17.2269501863723,9.8588604319027,0.636013831343455,0.363986168656545
"L15.00_M030.000","L=15, M=30",6782,17.2287701141552,9.85665204155785,0.636090145285817,0.363909854714183
"L15.00_M030.000","L=15, M=30",6800,17.2312825393555,9.85445231120252,0.636175560103015,0.363824439896985
"L15.00_M030.000","L=15, M=30",6818,17.2338681003888,9.85224375154608,0.636262162491133,0.363737837508867
"L15.00_M030.000","L=15, M=30",6836,17.2358151876233,9.85000108176364,0.63634099176489,0.363659008235109
"L15.00_M030.000","L=15, M=30",6854,17.2381330977739,9.84775506865845,0.636424878957345,0.363575121042655
"L15.00_M030.000","L=15, M=30",6872,17.2404265102768,9.84552985670637,0.636507948129618,0.363492051870383
"L15.00_M030.000","L=15, M=30",6890,17.242605915707,9.84325783429717,0.636590587431584,0.363409412568416
"L15.00_M030.000","L=15, M=30",6909,17.2450517147885,9.84089260739719,0.636678991496831,0.363321008503169
"L15.00_M030.000","L=15, M=30",6927,17.2484751815485,9.83861500447355,0.636778445491696,0.363221554508304
"L15.00_M030.000","L=15, M=30",6945,17.2497662645679,9.83636999972632,0.636848537430829,0.363151462569171
"L15.00_M030.000","L=15, M=30",6963,17.2508972191884,9.83413689520905,0.636916207907541,0.363083792092459
"L15.00_M030.000","L=15, M=30",6981,17.254054194315,9.83188644963687,0.637011445204054,0.362988554795946
"L15.00_M030.000","L=15, M=30",6999,17.2563336844021,9.82964235944764,0.63709477024072,0.36290522975928
"L15.00_M030.000","L=15, M=30",7017,17.2585004279943,9.82740023515295,0.637176538547822,0.362823461452178
"L15.00_M030.000","L=15, M=30",7035,17.2607205083536,9.82514119539821,0.637259419587258,0.362740580412742
"L15.00_M030.000","L=15, M=30",7053,17.2630217509556,9.82287668240252,0.637343516347791,0.362656483652209
"L15.00_M030.000","L=15, M=30",7071,17.2639396631394,9.820595938443,0.637409476650978,0.362590523349022
"L15.00_M030.000","L=15, M=30",7089,17.2687182887733,9.8182807264391,0.637527925447739,0.362472074552261
"L15.00_M030.000","L=15, M=30",7107,17.2699399871538,9.81593924230445,0.637599386781997,0.362400613218003
"L15.00_M030.000","L=15, M=30",7126,17.272362352349,9.81351717120348,0.637688812627622,0.362311187372378
"L15.00_M030.000","L=15, M=30",7144,17.2746660918934,9.81122849310996,0.637773511141769,0.362226488858231
"L15.00_M030.000","L=15, M=30",7162,17.2776451411177,9.80892767547838,0.637867524182742,0.362132475817258
"L15.00_M030.000","L=15, M=30",7180,17.2792480325948,9.80660951887597,0.637943546729482,0.362056453270518
"L15.00_M030.000","L=15, M=30",7198,17.2808457419426,9.80429987138438,0.638019303593469,0.361980696406531
"L15.00_M030.000","L=15, M=30",7216,17.2839006454632,9.80197156142277,0.638114974236242,0.361885025763758
"L15.00_M030.000","L=15, M=30",7234,17.2861080344554,9.79965079777639,0.638199141531347,0.361800858468654
"L15.00_M030.000","L=15, M=30",7252,17.2885155608303,9.79731834485455,0.638286257717977,0.361713742282023
"L15.00_M030.000","L=15, M=30",7270,17.290840290417,9.79498811469578,0.638372215603091,0.361627784396909
"L15.00_M030.000","L=15, M=30",7288,17.2931696119209,9.7926725760083,0.638457888513712,0.361542111486288
"L15.00_M030.000","L=15, M=30",7306,17.2954868039616,9.79032789912756,0.638544086399182,0.361455913600818
"L15.00_M030.000","L=15, M=30",7324,17.2977834172497,9.78799183647841,0.63862980679753,0.36137019320247
"L15.00_M030.000","L=15, M=30",7343,17.3003122128807,9.78550313320433,0.638722223858817,0.361277776141183
"L15.00_M030.000","L=15, M=30",7361,17.3025306061136,9.78314872709847,0.638807334062229,0.361192665937771
"L15.00_M030.000","L=15, M=30",7379,17.3041583004276,9.78081293340565,0.638884130650731,0.361115869349269
"L15.00_M030.000","L=15, M=30",7397,17.3072646585526,9.77852565696665,0.638979496516153,0.361020503483847
"L15.00_M030.000","L=15, M=30",7415,17.309600288042,9.77619960433527,0.639065501363074,0.360934498636926
"L15.00_M030.000","L=15, M=30",7433,17.3118728951135,9.77385191193006,0.639151177176976,0.360848822823024
"L15.00_M030.000","L=15, M=30",7451,17.3151231932072,9.77151426559972,0.639249638111776,0.360750361888224
"L15.00_M030.000","L=15, M=30",7469,17.316588739553,9.76916033424815,0.639324712503617,0.360675287496383
"L15.00_M030.000","L=15, M=30",7487,17.3189567140471,9.76680180189942,0.639411914709744,0.360588085290256
"L15.00_M030.000","L=15, M=30",7505,17.3213841898014,9.76442362073883,0.639500372702966,0.360499627297034
"L15.00_M030.000","L=15, M=30",7523,17.3238055889841,9.76198409829608,0.639590197996685,0.360409802003315
"L15.00_M030.000","L=15, M=30",7541,17.3274594018981,9.75957271766567,0.639695752765148,0.360304247234852
"L15.00_M030.000","L=15, M=30",7560,17.3286723286279,9.75703171883294,0.639771899532823,0.360228100467177
"L15.00_M030.000","L=15, M=30",7578,17.3310880463706,9.75462757454151,0.639860814051734,0.360139185948266
"L15.00_M030.000","L=15, M=30",7596,17.333487285372,9.75223111238009,0.639949327938466,0.360050672061534
"L15.00_M030.000","L=15, M=30",7614,17.3361997096607,9.74984052692387,0.640041865043273,0.359958134956728
"L15.00_M030.000","L=15, M=30",7632,17.3383358665151,9.74742520889909,0.640127328090963,0.359872671909037
"L15.00_M030.000","L=15, M=30",7650,17.3407453440305,9.74499825744744,0.640216698465842,0.359783301534158
"L15.00_M030.000","L=15, M=30",7668,17.3419779353062,9.74258001842137,0.640290233458267,0.359709766541733
"L15.00_M030.000","L=15, M=30",7686,17.3454644289259,9.74017414845338,0.640393409199961,0.359606590800039
"L15.00_M030.000","L=15, M=30",7704,17.3480003027361,9.73775251692029,0.640484332048784,0.359515667951216
"L15.00_M030.000","L=15, M=30",7722,17.3502363346609,9.73529471716083,0.640572130613401,0.359427869386598
"L15.00_M030.000","L=15, M=30",7740,17.3528000642855,9.73287477952536,0.640663382557391,0.359336617442609
"L15.00_M030.000","L=15, M=30",7759,17.3553593768197,9.73029504373276,0.6407583552292,0.3592416447708
"L15.00_M030.000","L=15, M=30",7777,17.3578879209606,9.72784547408826,0.640849840312374,0.359150159687626
"L15.00_M030.000","L=15, M=30",7795,17.3603413265394,9.7253923313592,0.640940413348444,0.359059586651556
"L15.00_M030.000","L=15, M=30",7813,17.3620641332139,9.72298121254495,0.641020308866958,0.358979691133042
"L15.00_M030.000","L=15, M=30",7831,17.3642920715856,9.72052433795038,0.641107984969469,0.358892015030531
"L15.00_M030.000","L=15, M=30",7849,17.3676846307792,9.71802948987776,0.641211989221053,0.358788010778947
"L15.00_M030.000","L=15, M=30",7867,17.3700889988932,9.71555690282385,0.641302373291089,0.358697626708911
"L15.00_M030.000","L=15, M=30",7885,17.3724172177546,9.71304657469587,0.641392643333536,0.358607356666464
"L15.00_M030.000","L=15, M=30",7903,17.3767908372428,9.71057749156671,0.641509009893783,0.358490990106217
"L15.00_M030.000","L=15, M=30",7921,17.3775858989668,9.70808364198614,0.641578598331943,0.358421401668057
"L15.00_M030.000","L=15, M=30",7939,17.3800401944078,9.70559612910822,0.641669997589028,0.358330002410972
"L15.00_M030.000","L=15, M=30",7957,17.3824950592117,9.70313463694684,0.64176078807121,0.35823921192879
"L15.00_M030.000","L=15, M=30",7976,17.3852231956394,9.70050353981411,0.641859211142496,0.358140788857504
"L15.00_M030.000","L=15, M=30",7994,17.3873041948866,9.69799733425338,0.641946118863779,0.358053881136221
"L15.00_M030.000","L=15, M=30",8012,17.3912477524994,9.6955010902756,0.642057407976383,0.357942592023617
"L15.00_M030.000","L=15, M=30",8030,17.3924523660426,9.69305895420931,0.642131217697863,0.357868782302137
"L15.00_M030.000","L=15, M=30",8048,17.3950036844731,9.69059121690799,0.642223430860887,0.357776569139113
"L15.00_M030.000","L=15, M=30",8066,17.3975195466881,9.68809227392277,0.642315915250968,0.357684084749032
"L15.00_M030.000","L=15, M=30",8084,17.3985820027712,9.68557836361311,0.642389565244399,0.357610434755601
"L15.00_M030.000","L=15, M=30",8102,17.4023845846553,9.68306896911487,0.64249928656753,0.35750071343247
"L15.00_M030.000","L=15, M=30",8120,17.4060618216049,9.68059838418868,0.642606422842854,0.357393577157146
"L15.00_M030.000","L=15, M=30",8138,17.4075224594282,9.6780654064775,0.642685790893988,0.357314209106012
"L15.00_M030.000","L=15, M=30",8156,17.4101048049588,9.67549906993603,0.642780751183322,0.357219248816678
"L15.00_M030.000","L=15, M=30",8174,17.4143878953121,9.67294899335025,0.642897748379282,0.357102251620718
"L15.00_M030.000","L=15, M=30",8193,17.4152889768074,9.67024745183385,0.642973751791448,0.357026248208552
"L15.00_M030.000","L=15, M=30",8211,17.4180980464363,9.66771707825067,0.64307084598539,0.35692915401461
"L15.00_M030.000","L=15, M=30",8229,17.4204039214856,9.66517875845733,0.643161497662205,0.356838502337795
"L15.00_M030.000","L=15, M=30",8247,17.422561409054,9.66261889485763,0.643250708083263,0.356749291916737
"L15.00_M030.000","L=15, M=30",8265,17.4255276588615,9.66003411541846,0.643351162662925,0.356648837337075
"L15.00_M030.000","L=15, M=30",8283,17.427549145728,9.65746888548527,0.643438713079098,0.356561286920902
"L15.00_M030.000","L=15, M=30",8301,17.4307013851531,9.65494196394071,0.643540238660651,0.356459761339349
"L15.00_M030.000","L=15, M=30",8319,17.4331192345106,9.6523964061253,0.64363254020374,0.35636745979626
"L15.00_M030.000","L=15, M=30",8337,17.4353565730395,9.6498191431076,0.643723221726977,0.356276778273023
"L15.00_M030.000","L=15, M=30",8355,17.4386198383046,9.64726426341928,0.643826864680216,0.356173135319784
"L15.00_M030.000","L=15, M=30",8373,17.440887984428,9.64468933233969,0.643917896984643,0.356082103015357
"L15.00_M030.000","L=15, M=30",8391,17.4434503564928,9.6420860654069,0.644013472164026,0.355986527835974
"L15.00_M030.000","L=15, M=30",8410,17.4463133702743,9.63934536617969,0.644116266103348,0.355883733896652
"L15.00_M030.000","L=15, M=30",8428,17.4487088149064,9.63674171748847,0.644209657655032,0.355790342344968
"L15.00_M030.000","L=15, M=30",8446,17.4513958348391,9.63412693016557,0.644307144678295,0.355692855321705
"L15.00_M030.000","L=15, M=30",8464,17.4544621828788,9.63151120741359,0.644409633405846,0.355590366594154
"L15.00_M030.000","L=15, M=30",8482,17.4567217028014,9.62889330052532,0.644501581398736,0.355498418601264
"L15.00_M030.000","L=15, M=30",8500,17.4594144466288,9.62622608836543,0.644600389792203,0.355399610207797
"L15.00_M030.000","L=15, M=30",8518,17.4619943554109,9.62355627362567,0.644697779807773,0.355302220192227
"L15.00_M030.000","L=15, M=30",8536,17.4646278142834,9.62090247219868,0.64479549152485,0.35520450847515
"L15.00_M030.000","L=15, M=30",8554,17.4670303105812,9.61826071452959,0.644889888551964,0.355110111448036
"L15.00_M030.000","L=15, M=30",8572,17.4698380621286,9.61562000193167,0.64498957414013,0.35501042585987
"L15.00_M030.000","L=15, M=30",8590,17.4744246820468,9.61293778652282,0.645113554423136,0.354886445576864
"L15.00_M030.000","L=15, M=30",8609,17.4752584007902,9.61013849089596,0.645191151182807,0.354808848817193
"L15.00_M030.000","L=15, M=30",8627,17.4779195097927,9.60748885459507,0.645289126700887,0.354710873299113
"L15.00_M030.000","L=15, M=30",8645,17.4806144511112,9.60482073947808,0.645387985391675,0.354612014608325
"L15.00_M030.000","L=15, M=30",8663,17.4832145908482,9.60216781720368,0.645485240985589,0.354514759014411
"L15.00_M030.000","L=15, M=30",8681,17.4859968201439,9.59950197591767,0.645585187550118,0.354414812449882
"L15.00_M030.000","L=15, M=30",8699,17.4896644131592,9.59678390300908,0.645697959695933,0.354302040304067
"L15.00_M030.000","L=15, M=30",8717,17.4914110321818,9.59406528399333,0.645785616911457,0.354214383088543
"L15.00_M030.000","L=15, M=30",8735,17.4934669453136,9.59133414368898,0.645877622945387,0.354122377054613
"L15.00_M030.000","L=15, M=30",8753,17.4966648062185,9.58864073602372,0.64598365999345,0.35401634000655
"L15.00_M030.000","L=15, M=30",8771,17.4994327616886,9.58596209015391,0.646083723623405,0.353916276376595
"L15.00_M030.000","L=15, M=30",8789,17.5035975007388,9.58323834380499,0.64620310770867,0.35379689229133
"L15.00_M030.000","L=15, M=30",8807,17.5041134178823,9.58048675794859,0.646275496195148,0.353724503804852
"L15.00_M030.000","L=15, M=30",8826,17.5067484298193,9.57765720134798,0.646377427226001,0.353622572773999
"L15.00_M030.000","L=15, M=30",8844,17.5103559710324,9.57493868649352,0.646489402919122,0.353510597080878
"L15.00_M030.000","L=15, M=30",8862,17.5131067440065,9.57223771729691,0.646589773633018,0.353410226366982
"L15.00_M030.000","L=15, M=30",8880,17.5156917354067,9.56950780468795,0.646688672515702,0.353311327484298
"L15.00_M030.000","L=15, M=30",8898,17.5195821926803,9.56676894160072,0.646804809766612,0.353195190233388
"L15.00_M030.000","L=15, M=30",8916,17.5213246234358,9.56403319570721,0.646892861465257,0.353107138534743
"L15.00_M030.000","L=15, M=30",8934,17.5237781856739,9.56126736142366,0.646990907037693,0.353009092962306
"L15.00_M030.000","L=15, M=30",8952,17.5267600784201,9.55853540344899,0.647095029483895,0.352904970516105
"L15.00_M030.000","L=15, M=30",8970,17.5293111165857,9.55579189362432,0.647193813882777,0.352806186117223
"L15.00_M030.000","L=15, M=30",8988,17.5311510473989,9.55303981833745,0.647283543905947,0.352716456094053
"L15.00_M030.000","L=15, M=30",9006,17.5350314262447,9.55029836135704,0.647399590987123,0.352600409012877
"L15.00_M030.000","L=15, M=30",9024,17.5377031539233,9.5475264131104,0.647500627990578,0.352499372009422
"L15.00_M030.000","L=15, M=30",9043,17.541195404671,9.54461022920935,0.647615789678766,0.352384210321234
"L15.00_M030.000","L=15, M=30",9061,17.5434408747105,9.54181481685209,0.647711842726872,0.352288157273128
"L15.00_M030.000","L=15, M=30",9079,17.5462315817064,9.53903772325113,0.647814551302794,0.352185448697206
"L15.00_M030.000","L=15, M=30",9097,17.548929961891,9.53627693332854,0.647915669604441,0.352084330395559
"L15.00_M030.000","L=15, M=30",9115,17.5522232568581,9.533493089121,0.648025070950865,0.351974929049135
"L15.00_M030.000","L=15, M=30",9133,17.555070396988,9.53070255450108,0.648128832373709,0.351871167626291
"L15.00_M030.000","L=15, M=30",9151,17.5565985023767,9.52790747975185,0.648215570701612,0.351784429298388
"L15.00_M030.000","L=15, M=30",9169,17.5600652852494,9.5251320096979,0.648327021362521,0.351672978637479
"L15.00_M030.000","L=15, M=30",9187,17.5622489309996,9.52230210495334,0.64842311425753,0.35157688574247
"L15.00_M030.000","L=15, M=30",9205,17.5656848250142,9.51947518304791,0.648535390589741,0.351464609410259
"L15.00_M030.000","L=15, M=30",9223,17.5685765883148,9.51663659167057,0.648640882815614,0.351359117184386
"L15.00_M030.000","L=15, M=30",9241,17.5713626058409,9.51381438630897,0.648744610785953,0.351255389214047
"L15.00_M030.000","L=15, M=30",9260,17.5743081191331,9.51084122742102,0.648854023076265,0.351145976923735
"L15.00_M030.000","L=15, M=30",9278,17.5775215894627,9.50801162641158,0.648963468777527,0.351036531222473
"L15.00_M030.000","L=15, M=30",9296,17.5800769259606,9.5051429267603,0.649065321291626,0.350934678708374
"L15.00_M030.000","L=15, M=30",9314,17.5829023853958,9.50225814356213,0.6491710605369,0.3508289394631
"L15.00_M030.000","L=15, M=30",9332,17.5867780230089,9.49936091011584,0.649290696855332,0.350709303144668
"L15.00_M030.000","L=15, M=30",9350,17.5878127663195,9.49648239731017,0.649373102015865,0.350626897984135
"L15.00_M030.000","L=15, M=30",9368,17.5915437652822,9.49360366431194,0.649490419463661,0.350509580536339
"L15.00_M030.000","L=15, M=30",9386,17.5943781460896,9.49071856860998,0.649596282834789,0.350403717165211
"L15.00_M030.000","L=15, M=30",9404,17.5972881635998,9.48782773080093,0.649703262567086,0.350296737432914
"L15.00_M030.000","L=15, M=30",9422,17.6002113642392,9.48492612162675,0.649810671015559,0.350189328984441
"L15.00_M030.000","L=15, M=30",9440,17.6033628493914,9.48201423561414,0.649921276493382,0.350078723506618
"L15.00_M030.000","L=15, M=30",9458,17.6060958784015,9.47907679270314,0.650027086487223,0.349972913512777
"L15.00_M030.000","L=15, M=30",9477,17.6093425055881,9.47596352371794,0.650143752724631,0.349856247275369
"L15.00_M030.000","L=15, M=30",9495,17.6120299357467,9.4730414091334,0.65024860785814,0.34975139214186
"L15.00_M030.000","L=15, M=30",9513,17.6149937399305,9.47009407556879,0.650357638118877,0.349642361881123
"L15.00_M030.000","L=15, M=30",9531,17.6180962671932,9.46718906759141,0.650467441986551,0.349532558013449
"L15.00_M030.000","L=15, M=30",9549,17.6207497702858,9.46427175956336,0.650571746855242,0.349428253144758
"L15.00_M030.000","L=15, M=30",9567,17.6236955261865,9.46134222625478,0.650680116722304,0.349319883277696
"L15.00_M030.000","L=15, M=30",9585,17.6265391716933,9.45841288207435,0.650787165386227,0.349212834613773
"L15.00_M030.000","L=15, M=30",9603,17.6294953300871,9.45545736139808,0.650896294001258,0.349103705998742
"L15.00_M030.000","L=15, M=30",9621,17.6325609203933,9.45247583082609,0.651007457820765,0.348992542179235
"L15.00_M030.000","L=15, M=30",9639,17.6354947578715,9.44949754359359,0.651116845874738,0.348883154125262
"L15.00_M030.000","L=15, M=30",9657,17.6383571643548,9.44652216083037,0.651225244631369,0.348774755368632
"L15.00_M030.000","L=15, M=30",9676,17.6415562397535,9.44337303315245,0.651342156444211,0.348657843555789
"L15.00_M030.000","L=15, M=30",9694,17.644527504628,9.44041579467376,0.651451520855976,0.348548479144024
"L15.00_M030.000","L=15, M=30",9712,17.647585822053,9.4374162935182,0.65156302173251,0.34843697826749
"L15.00_M030.000","L=15, M=30",9730,17.6505408289687,9.43441022840235,0.651673351433477,0.348326648566523
"L15.00_M030.000","L=15, M=30",9748,17.6535594158957,9.43139679548833,0.65178467626526,0.34821532373474
"L15.00_M030.000","L=15, M=30",9766,17.6567300343603,9.42834685356476,0.651898833716509,0.348101166283491
"L15.00_M030.000","L=15, M=30",9784,17.6596262491659,9.42530209767676,0.652009339770859,0.347990660229141
"L15.00_M030.000","L=15, M=30",9802,17.6626678944136,9.42227491182643,0.652121291921072,0.347878708078928
"L15.00_M030.000","L=15, M=30",9820,17.6666998637112,9.41924048627685,0.652246133434279,0.347753866565721
"L15.00_M030.000","L=15, M=30",9838,17.6695087877452,9.41617992150413,0.652355898253802,0.347644101746198
"L15.00_M030.000","L=15, M=30",9856,17.6728885153345,9.41311410967716,0.652473115357932,0.347526884642068
"L15.00_M030.000","L=15, M=30",9874,17.6747112973228,9.41005003476783,0.652570317331222,0.347429682668778
"L15.00_M030.000","L=15, M=30",9893,17.6780306564596,9.40681942385991,0.652690733160264,0.347309266839736
"L15.00_M030.000","L=15, M=30",9911,17.6810832437404,9.40377362642299,0.652803274113582,0.347196725886418
"L15.00_M030.000","L=15, M=30",9929,17.6841656901503,9.40072256871606,0.652916324451192,0.347083675548807
"L15.00_M030.000","L=15, M=30",9947,17.6871654974154,9.39767219501534,0.653028299385318,0.346971700614682
"L15.00_M030.000","L=15, M=30",9965,17.6902721679189,9.39457751861573,0.653142711613929,0.346857288386071
"L15.00_M030.000","L=15, M=30",9983,17.693202552629,9.39148756099867,0.653254753087488,0.346745246912512
"L15.00_M030.000","L=15, M=30",10001,17.6964575579594,9.3884076685193,0.653370707588347,0.346629292411653
"L15.00_M030.000","L=15, M=30",10019,17.699336962551,9.38535460284682,0.653481208003227,0.346518791996773
"L15.00_M030.000","L=15, M=30",10037,17.7025198690831,9.3822833687654,0.653596029981324,0.346403970018676
"L15.00_M030.000","L=15, M=30",10055,17.7056373996534,9.37917168177324,0.653710991516459,0.346289008483541
"L15.00_M030.000","L=15, M=30",10073,17.7087230661138,9.37604169740266,0.653825987441016,0.346174012558984
"L15.00_M030.000","L=15, M=30",10091,17.7120174157104,9.37291048940917,0.653943679590246,0.346056320409754
"L15.00_M030.000","L=15, M=30",10110,17.7151893655991,9.36960170034938,0.654064095324367,0.345935904675633
"L15.00_M030.000","L=15, M=30",10128,17.7181185791706,9.36645517707592,0.65417749375082,0.34582250624918
"L15.00_M030.000","L=15, M=30",10146,17.7215048354351,9.36330086619242,0.654296915793279,0.345703084206721
"L15.00_M030.000","L=15, M=30",10164,17.7246560287892,9.36010267820977,0.654414396692003,0.345585603307997
"L15.00_M030.000","L=15, M=30",10182,17.7277979196056,9.35692332359389,0.654531304214798,0.345468695785202
"L15.00_M030.000","L=15, M=30",10200,17.7309649277252,9.35375379113407,0.654648294921335,0.345351705078665
"L15.00_M030.000","L=15, M=30",10218,17.7331285324191,9.35057152097166,0.654752803252928,0.345247196747072
"L15.00_M030.000","L=15, M=30",10236,17.7373527946837,9.34737319613291,0.654883966730833,0.345116033269167
"L15.00_M030.000","L=15, M=30",10254,17.7404348029044,9.34418945276868,0.655000218405781,0.344999781594219
"L15.00_M030.000","L=15, M=30",10272,17.7437071358449,9.34098331319779,0.655119436171073,0.344880563828927
"L15.00_M030.000","L=15, M=30",10290,17.7472323507048,9.33775335853221,0.655242448389121,0.344757551610879
"L15.00_M030.000","L=15, M=30",10308,17.7502308514059,9.33451450618763,0.655358971149766,0.344641028850234
"L15.00_M030.000","L=15, M=30",10327,17.753578337985,9.33110742818975,0.655484006395854,0.344515993604146
"L15.00_M030.000","L=15, M=30",10345,17.7563208131142,9.32786854752889,0.65559727768395,0.34440272231605
"L15.00_M030.000","L=15, M=30",10363,17.7599907641753,9.32464669656945,0.655721930556236,0.344278069443764
"L15.00_M030.000","L=15, M=30",10381,17.7632499828563,9.32139974655228,0.655841968063885,0.344158031936115
"L15.00_M030.000","L=15, M=30",10399,17.7673892914697,9.31812756201477,0.655973795426539,0.344026204573461
"L15.00_M030.000","L=15, M=30",10417,17.7698105029613,9.31484383576969,0.656084079225279,0.343915920774721
"L15.00_M030.000","L=15, M=30",10435,17.7722009303996,9.31156541867609,0.656193850638729,0.343806149361271
"L15.00_M030.000","L=15, M=30",10453,17.776327063132,9.30828926178645,0.656325600107444,0.343674399892556
"L15.00_M030.000","L=15, M=30",10471,17.7795596582984,9.30501218292705,0.656446029958506,0.343553970041494
"L15.00_M030.000","L=15, M=30",10489,17.7828410381058,9.30172935903169,0.65656721806395,0.34343278193605
"L15.00_M030.000","L=15, M=30",10507,17.7856381052195,9.29851802885755,0.656680533710325,0.343319466289675
"L15.00_M030.000","L=15, M=30",10526,17.7894940888595,9.29504980156654,0.656813500748957,0.343186499251043
"L15.00_M030.000","L=15, M=30",10544,17.7928334687334,9.29174271954645,0.656936012033033,0.343063987966967
"L15.00_M030.000","L=15, M=30",10562,17.7940862960303,9.28841095414355,0.657032700184843,0.342967299815157
"L15.00_M030.000","L=15, M=30",10580,17.8008491188891,9.28509916808338,0.657198667378788,0.342801332621212
"L15.00_M030.000","L=15, M=30",10598,17.8027727246876,9.28179530112593,0.657303181196033,0.342696818803967
"L15.00_M030.000","L=15, M=30",10616,17.8061252760855,9.27844201159295,0.657426979983026,0.342573020016974
"L15.00_M030.000","L=15, M=30",10634,17.8103981965491,9.27507461017171,0.657562757853345,0.342437242146655
"L15.00_M030.000","L=15, M=30",10652,17.8135328115841,9.27166687515465,0.657685120198905,0.342314879801095
"L15.00_M030.000","L=15, M=30",10670,17.8160572194277,9.26828042043165,0.657799258609457,0.342200741390543
"L15.00_M030.000","L=15, M=30",10688,17.8197606532184,9.26490049721226,0.657928137045756,0.342071862954244
"L15.00_M030.000","L=15, M=30",10706,17.8226936632621,9.26152016033008,0.65804729571797,0.34195270428203
"L15.00_M030.000","L=15, M=30",10724,17.8263138234348,9.2581444652854,0.6581750180641,0.3418249819359
"L15.00_M030.000","L=15, M=30",10743,17.8298596737276,9.25455958563794,0.658306884965318,0.341693115034682
"L15.00_M030.000","L=15, M=30",10761,17.8332196912435,9.25114252508074,0.658432328913956,0.341567671086044
"L15.00_M030.000","L=15, M=30",10779,17.8366594468061,9.2477422517271,0.658558370435485,0.341441629564515
"L15.00_M030.000","L=15, M=30",10797,17.8386469204236,9.24431578110755,0.658666746212928,0.341333253787072
"L15.00_M030.000","L=15, M=30",10815,17.8434221761213,9.24090135890421,0.658809962635624,0.341190037364376
"L15.00_M030.000","L=15, M=30",10833,17.8469523638804,9.23748988070991,0.658937415166636,0.341062584833364
"L15.00_M030.000","L=15, M=30",10851,17.8503829175421,9.23401664903387,0.659065115091962,0.340934884908038
"L15.00_M030.000","L=15, M=30",10869,17.8538006387297,9.23056421156448,0.659192147846723,0.340807852153278
"L15.00_M030.000","L=15, M=30",10887,17.8572511565503,9.22709983584909,0.659319884074812,0.340680115925188
"L15.00_M030.000","L=15, M=30",10905,17.8607412927184,9.22362200512146,0.659448446186768,0.340551553813232
"L15.00_M030.000","L=15, M=30",10923,17.8640821868591,9.22014037405612,0.659575224900067,0.340424775099933
"L15.00_M030.000","L=15, M=30",10941,17.8677017158454,9.21666150830965,0.659705438446867,0.340294561553133
"L15.00_M030.000","L=15, M=30",10960,17.8713364970938,9.21297863920407,0.659840812188121,0.340159187811879
"L15.00_M030.000","L=15, M=30",10978,17.8747949175627,9.20947030804198,0.659969719269489,0.340030280730511
"L15.00_M030.000","L=15, M=30",10996,17.8778305720822,9.2059159788625,0.660094442194468,0.339905557805532
"L15.00_M030.000","L=15, M=30",11014,17.8820622716621,9.2023121883596,0.660235380294907,0.339764619705093
"L15.00_M030.000","L=15, M=30",11032,17.8843382480787,9.19871708572644,0.66035157509557,0.33964842490443
"L15.00_M030.000","L=15, M=30",11050,17.8900185099222,9.19512702273059,0.660510333546287,0.339489666453714
"L15.00_M030.000","L=15, M=30",11068,17.8928577235919,9.19154893413404,0.660633180918803,0.339366819081197
"L15.00_M030.000","L=15, M=30",11086,17.8963555690881,9.18796104727085,0.660764523712541,0.339235476287459
"L15.00_M030.000","L=15, M=30",11104,17.8998977870565,9.18434305023742,0.660897157671447,0.339102842328553
"L15.00_M030.000","L=15, M=30",11122,17.9045273168298,9.18074118495383,0.66104300629882,0.33895699370118
"L15.00_M030.000","L=15, M=30",11140,17.9069653309186,9.17713308974591,0.661161580968706,0.338838419031294
"L15.00_M030.000","L=15, M=30",11158,17.9107154415232,9.17349619875485,0.661297278259612,0.338702721740388
"L15.00_M030.000","L=15, M=30",11177,17.9146315865232,9.16961511003192,0.66144101356165,0.33855898643835
"L15.00_M030.000","L=15, M=30",11195,17.9182625659842,9.16592704011782,0.661576470500977,0.338423529499023
"L15.00_M030.000","L=15, M=30",11213,17.9218232080271,9.16227888344365,0.661710074326998,0.338289925673002
"L15.00_M030.000","L=15, M=30",11231,17.9255735671278,9.15863861358578,0.661845854977183,0.338154145022817
"L15.00_M030.000","L=15, M=30",11249,17.9292677559599,9.15493128447488,0.661982572539538,0.338017427460462
"L15.00_M030.000","L=15, M=30",11267,17.9327894225032,9.15122541286867,0.662117102339011,0.33788289766099
"L15.00_M030.000","L=15, M=30",11285,17.9366185833759,9.14753033910421,0.662255204500383,0.337744795499617
"L15.00_M030.000","L=15, M=30",11303,17.9402026235591,9.1438203745137,0.662390614010173,0.337609385989827
"L15.00_M030.000","L=15, M=30",11321,17.9439687949095,9.14008590192965,0.66252889368901,0.33747110631099
"L15.00_M030.000","L=15, M=30",11339,17.9488120558685,9.13642472164474,0.662678794477809,0.337321205522191
"L15.00_M030.000","L=15, M=30",11357,17.95132879325,9.13271753768537,0.662800844966286,0.337199155033714
"L15.00_M030.000","L=15, M=30",11376,17.9559652627366,9.12878084598375,0.662954904235022,0.337045095764978
"L15.00_M030.000","L=15, M=30",11394,17.9603441675552,9.12501415889588,0.663101589836286,0.336898410163714
"L15.00_M030.000","L=15, M=30",11412,17.9620354500409,9.12125435654033,0.663214682496812,0.336785317503188
"L15.00_M030.000","L=15, M=30",11430,17.9664591000687,9.11749994807539,0.663361625533836,0.336638374466164
"L15.00_M030.000","L=15, M=30",11448,17.9720295320939,9.11376720872565,0.663522277157505,0.336477722842495
"L15.00_M030.000","L=15, M=30",11466,17.971948390146,9.10998126752817,0.663614026670855,0.336385973329145
"L15.00_M030.000","L=15, M=30",11484,17.9781224087235,9.10622061199085,0.663782850297446,0.336217149702554
"L15.00_M030.000","L=15, M=30",11502,17.9813630395407,9.10242879458841,0.663916011083863,0.336083988916137
"L15.00_M030.000","L=15, M=30",11520,17.9853515340194,9.09860978907458,0.664059120431679,0.335940879568321
"L15.00_M030.000","L=15, M=30",11538,17.9891679632597,9.09476695132382,0.664200679110822,0.335799320889178
"L15.00_M030.000","L=15, M=30",11556,17.9929743662346,9.09091308420072,0.664342384347982,0.335657615652018
"L15.00_M030.000","L=15, M=30",11574,17.9970805344488,9.08706911398592,0.664487560734213,0.335512439265787
"L15.00_M030.000","L=15, M=30",11593,18.0027691755256,9.08293049068687,0.66465955826804,0.33534044173196
"L15.00_M030.000","L=15, M=30",11611,18.0043852180366,9.07903045115761,0.664775279379385,0.335224720620615
"L15.00_M030.000","L=15, M=30",11629,18.0086196814733,9.07516838235943,0.664922485696221,0.335077514303779
"L15.00_M030.000","L=15, M=30",11647,18.0114232707155,9.07134882741182,0.665050948457412,0.334949051542588
"L15.00_M030.000","L=15, M=30",11665,18.0150738772946,9.06751331535922,0.665190284412015,0.334809715587985
"L15.00_M030.000","L=15, M=30",11683,18.0201353252586,9.06362730273672,0.66534829642289,0.33465170357711
"L15.00_M030.000","L=15, M=30",11701,18.0236743124851,9.05970938599599,0.665488275510268,0.334511724489732
"L15.00_M030.000","L=15, M=30",11719,18.0280064137232,9.05578448191245,0.66563822188674,0.33436177811326
"L15.00_M030.000","L=15, M=30",11737,18.0318674478027,9.05184641735604,0.665782674325156,0.334217325674844
"L15.00_M030.000","L=15, M=30",11755,18.0357629170826,9.04792430668391,0.665927160067624,0.334072839932376
"L15.00_M030.000","L=15, M=30",11773,18.0397257079477,9.0439951102989,0.66607265039426,0.33392734960574
"L15.00_M030.000","L=15, M=30",11791,18.043677991426,9.04004989169279,0.666218404988206,0.333781595011794
"L15.00_M030.000","L=15, M=30",11810,18.0478578441442,9.03585487031301,0.666373108975945,0.333626891024055
"L15.00_M030.000","L=15, M=30",11828,18.0518615475296,9.03184425898799,0.666521105955356,0.333478894044644
"L15.00_M030.000","L=15, M=30",11846,18.0559325793573,9.02781941388837,0.666670282014848,0.333329717985152
"L15.00_M030.000","L=15, M=30",11864,18.0595754522494,9.02378885868198,0.666814330927129,0.333185669072871
"L15.00_M030.000","L=15, M=30",11882,18.0638752165059,9.01975822460427,0.666966463557537,0.333033536442463
"L15.00_M030.000","L=15, M=30",11900,18.067873239037,9.01574299464941,0.667114505062449,0.332885494937551
"L15.00_M030.000","L=15, M=30",11918,18.0731823648075,9.01166194553128,0.66728027518728,0.33271972481272
"L15.00_M030.000","L=15, M=30",11936,18.0767459482833,9.00757336791199,0.667424783220384,0.332575216779616
"L15.00_M030.000","L=15, M=30",11954,18.0800965746938,9.00349629427407,0.667566399412605,0.332433600587395
"L15.00_M030.000","L=15, M=30",11972,18.0840888145998,8.99942658299792,0.667715713751245,0.332284286248755
"L15.00_M030.000","L=15, M=30",11990,18.088224136593,8.99538072449211,0.667866195411192,0.332133804588808
"L15.00_M030.000","L=15, M=30",12008,18.0922819787947,8.99127280885129,0.668017256990481,0.331982743009519
"L15.00_M030.000","L=15, M=30",12027,18.0966287188894,8.98691252120359,0.668178084928574,0.331821915071426
"L15.00_M030.000","L=15, M=30",12045,18.1006411061098,8.98275227161779,0.668329882214654,0.331670117785347
"L15.00_M030.000","L=15, M=30",12063,18.1049117630153,8.97857056334807,0.668485372185385,0.331514627814615
"L15.00_M030.000","L=15, M=30",12081,18.1090562333202,8.97443399210805,0.668638202926959,0.331361797073041
"L15.00_M030.000","L=15, M=30",12099,18.1133441686589,8.97025798261427,0.668793761903913,0.331206238096087
"L15.00_M030.000","L=15, M=30",12117,18.1174023133787,8.9660725042981,0.66894674466047,0.33105325533953
"L15.00_M030.000","L=15, M=30",12135,18.1216166922256,8.96186662036374,0.669102141813569,0.330897858186431
"L15.00_M030.000","L=15, M=30",12153,18.1247806721231,8.95766528858791,0.669244598453812,0.330755401546188
"L15.00_M030.000","L=15, M=30",12171,18.1298771980339,8.95343900247948,0.669411273856126,0.330588726143875
"L15.00_M030.000","L=15, M=30",12189,18.1342958811703,8.94920987142252,0.669569739118217,0.330430260881783
"L15.00_M030.000","L=15, M=30",12207,18.1384019483115,8.94498842758998,0.669724199834703,0.330275800165297
"L15.00_M030.000","L=15, M=30",12226,18.1434188476411,8.94049773162322,0.669896423382571,0.330103576617429
"L15.00_M030.000","L=15, M=30",12244,18.148895324445,8.93623084620831,0.670068701548428,0.329931298451572
"L15.00_M030.000","L=15, M=30",12262,18.1514472435637,8.93191841946892,0.670206482805772,0.329793517194228
"L15.00_M030.000","L=15, M=30",12280,18.1557225325157,8.92758902882431,0.670365678561703,0.329634321438297
"L15.00_M030.000","L=15, M=30",12298,18.1596585115186,8.92329206864124,0.670519944190344,0.329480055809656
"L15.00_M030.000","L=15, M=30",12316,18.1641810621239,8.91898611947844,0.670681569121017,0.329318430878983
"L15.00_M030.000","L=15, M=30",12334,18.1687910500993,8.91465195752602,0.670844952947227,0.329155047052773
"L15.00_M030.000","L=15, M=30",12352,18.1720565655183,8.91031757832982,0.67099200642445,0.32900799357555
"L15.00_M030.000","L=15, M=30",12370,18.1772305008824,8.90598388535821,0.671162227705039,0.328837772294961
"L15.00_M030.000","L=15, M=30",12388,18.181576674028,8.90162871171982,0.67132292559417,0.32867707440583
"L15.00_M030.000","L=15, M=30",12406,18.1863113703303,8.89727103576802,0.671488398308614,0.328511601691386
"L15.00_M030.000","L=15, M=30",12424,18.1905550998211,8.89287624202434,0.671648834677594,0.328351165322406
"L15.00_M030.000","L=15, M=30",12443,18.1947103511749,8.88821272790608,0.671814866439901,0.328185133560099
"L15.00_M030.000","L=15, M=30",12461,18.1992909791915,8.88378464132074,0.671980215031696,0.328019784968304
"L15.00_M030.000","L=15, M=30",12479,18.2034988804433,8.87935806563281,0.672141012179319,0.327858987820681
"L15.00_M030.000","L=15, M=30",12497,18.2082133434015,8.87491577035538,0.672308331394123,0.327691668605877
"L15.00_M030.000","L=15, M=30",12515,18.2126752839527,8.87041592724469,0.672474022331053,0.327525977668947
"L15.00_M030.000","L=15, M=30",12533,18.2162509277703,8.86591741007884,0.672628967537724,0.327371032462276
"L15.00_M030.000","L=15, M=30",12551,18.2218906814346,8.86144022113971,0.672808331699798,0.327191668300202
"L15.00_M030.000","L=15, M=30",12569,18.2260854326891,8.85693403939389,0.672970953311777,0.327029046688223
"L15.00_M030.000","L=15, M=30",12587,18.2292841729969,8.85238791106268,0.67312255005579,0.32687744994421
"L15.00_M030.000","L=15, M=30",12605,18.2352543663847,8.84784683347417,0.673307470655529,0.326692529344471
"L15.00_M030.000","L=15, M=30",12623,18.2407774769891,8.84329033862252,0.673487365382938,0.326512634617062
"L15.00_M030.000","L=15, M=30",12641,18.2442482188988,8.83871611976736,0.673642958383681,0.326357041616319
"L15.00_M030.000","L=15, M=30",12660,18.2490599483254,8.83387305554631,0.673821404266538,0.326178595733462
"L15.00_M030.000","L=15, M=30",12678,18.2536322704102,8.82926821606471,0.67399104019623,0.32600895980377
"L15.00_M030.000","L=15, M=30",12696,18.2582413272072,8.82464403640612,0.674161599920875,0.325838400079125
"L15.00_M030.000","L=15, M=30",12714,18.2628940448374,8.81999607841368,0.674333276903798,0.325666723096202
"L15.00_M030.000","L=15, M=30",12732,18.2675109547754,8.81533588101509,0.674504828297243,0.325495171702757
"L15.00_M030.000","L=15, M=30",12750,18.2721371285587,8.81067167322706,0.674676591423335,0.325323408576665
"L15.00_M030.000","L=15, M=30",12768,18.2767982753914,8.80600897819789,0.674848737217563,0.325151262782437
"L15.00_M030.000","L=15, M=30",12786,18.281468497416,8.80131608228239,0.675021744666537,0.324978255333463
"L15.00_M030.000","L=15, M=30",12804,18.2862148029517,8.7966154297523,0.675195858255246,0.324804141744754
"L15.00_M030.000","L=15, M=30",12822,18.290852734063,8.79188739669259,0.675369355011889,0.324630644988111
"L15.00_M030.000","L=15, M=30",12840,18.2965546546522,8.7871424319304,0.675556021622927,0.324443978377073
"L15.00_M030.000","L=15, M=30",12858,18.3003744665974,8.78236786706035,0.675720879412353,0.324279120587647
"L15.00_M030.000","L=15, M=30",12877,18.3054649288477,8.77729132955718,0.675908491520938,0.324091508479062
"L15.00_M030.000","L=15, M=30",12895,18.3103006015857,8.77247082573252,0.676086664569203,0.323913335430797
"L15.00_M030.000","L=15, M=30",12913,18.3151530368641,8.76757164925441,0.676267002272917,0.323732997727083
"L15.00_M030.000","L=15, M=30",12931,18.3199676045531,8.76271182143423,0.676445905384608,0.323554094615392
"L15.00_M030.000","L=15, M=30",12949,18.3240639965025,8.75782987743364,0.676616786174535,0.323383213825465
"L15.00_M030.000","L=15, M=30",12967,18.3313606487257,8.75293500616308,0.676826190435447,0.323173809564553
"L15.00_M030.000","L=15, M=30",12985,18.3344962037395,8.74804679129062,0.676985769287029,0.323014230712971
"L15.00_M030.000","L=15, M=30",13003,18.3393459889087,8.74316699526608,0.677165593888019,0.322834406111981
"L15.00_M030.000","L=15, M=30",13021,18.3436567293025,8.73827384465547,0.677339330710116,0.322660669289884
"L15.00_M030.000","L=15, M=30",13039,18.3494297027916,8.73335363823865,0.67753116331261,0.32246883668739
"L15.00_M030.000","L=15, M=30",13057,18.3541202418491,8.72838644077246,0.677711278979455,0.322288721020545
"L15.00_M030.000","L=15, M=30",13076,18.3592800886476,8.72316682290673,0.677903298346903,0.322096701653097
"L15.00_M030.000","L=15, M=30",13094,18.3657199484888,8.71822762045794,0.678103511378309,0.321896488621691
"L15.00_M030.000","L=15, M=30",13112,18.3690934003663,8.71326373004496,0.678267896398845,0.321732103601155
"L15.00_M030.000","L=15, M=30",13130,18.3741670820048,8.70825416695729,0.678453632823135,0.321546367176865
"L15.00_M030.000","L=15, M=30",13148,18.3791643413104,8.70321602336145,0.678639177717387,0.321360822282613
"L15.00_M030.000","L=15, M=30",13166,18.3841565169498,8.69816337669368,0.678825026406426,0.321174973593574
"L15.00_M030.000","L=15, M=30",13184,18.3893793600609,8.6930769980573,0.679014455590492,0.320985544409508
"L15.00_M030.000","L=15, M=30",13202,18.3943299856484,8.68799860934733,0.679200458008153,0.320799541991847
"L15.00_M030.000","L=15, M=30",13220,18.3995725452818,8.68287316565235,0.679391098635277,0.320608901364723
"L15.00_M030.000","L=15, M=30",13238,18.4047522686978,8.67773405029524,0.679581337249323,0.320418662750677
"L15.00_M030.000","L=15, M=30",13256,18.4103288095051,8.67256282210944,0.679777073287634,0.320222926712366
"L15.00_M030.000","L=15, M=30",13274,18.4149421202033,8.66734019113073,0.679962711728198,0.320037288271802
"L15.00_M030.000","L=15, M=30",13293,18.421840536546,8.66182208870773,0.680182765213182,0.319817234786818
"L15.00_M030.000","L=15, M=30",13311,18.4257108848236,8.65661216041045,0.680359319769143,0.319640680230858
"L15.00_M030.000","L=15, M=30",13329,18.430731133939,8.65139737871852,0.680549578122153,0.319450421877847
"L15.00_M030.000","L=15, M=30",13347,18.4359207892615,8.64616745425429,0.680742216903291,0.319257783096709
"L15.00_M030.000","L=15, M=30",13365,18.4410371572109,8.64092526955141,0.680934301089921,0.319065698910079
"L15.00_M030.000","L=15, M=30",13383,18.4462468006644,8.63563192611984,0.681128772001363,0.318871227998637
"L15.00_M030.000","L=15, M=30",13401,18.4517458114682,8.63029962531237,0.681327629205162,0.318672370794838
"L15.00_M030.000","L=15, M=30",13419,18.4569335745931,8.62496179355081,0.681522962986695,0.318477037013304
"L15.00_M030.000","L=15, M=30",13437,18.4608186173088,8.6195692170133,0.681704365914261,0.318295634085739
"L15.00_M030.000","L=15, M=30",13455,18.4677202532276,8.61421480563781,0.681920262089326,0.318079737910674
"L15.00_M030.000","L=15, M=30",13473,18.4732400946968,8.60884177965458,0.682120384260127,0.317879615739873
"L15.00_M030.000","L=15, M=30",13491,18.4784864991261,8.60342880891958,0.682318303153263,0.317681696846737
"L15.00_M030.000","L=15, M=30",13510,18.484644470531,8.5976753652078,0.682535491148657,0.317464508851343
"L15.00_M030.000","L=15, M=30",13528,18.4905689750082,8.59221213602102,0.682742621564743,0.317257378435257
"L15.00_M030.000","L=15, M=30",13546,18.4951282691691,8.58671266447053,0.68293467620938,0.31706532379062
"L15.00_M030.000","L=15, M=30",13564,18.5005991461911,8.58120205972596,0.683137691083448,0.316862308916552
"L15.00_M030.000","L=15, M=30",13582,18.5060915996012,8.57567764277405,0.683341307356111,0.316658692643889
"L15.00_M030.000","L=15, M=30",13600,18.5115919112773,8.57012877417969,0.68354563309628,0.31645436690372
"L15.00_M030.000","L=15, M=30",13618,18.5193894744002,8.56453732536857,0.683777858776309,0.316222141223691
"L15.00_M030.000","L=15, M=30",13636,18.5225368566844,8.55892487743474,0.68395631810924,0.31604368189076
"L15.00_M030.000","L=15, M=30",13654,18.5284030757554,8.55331964154126,0.684166338647342,0.315833661352658
"L15.00_M030.000","L=15, M=30",13672,18.5350431163795,8.5476747202599,0.68438637614516,0.31561362385484
"L15.00_M030.000","L=15, M=30",13690,18.5387936581239,8.54200680708717,0.684573326476796,0.315426673523204
"L15.00_M030.000","L=15, M=30",13708,18.5452690707274,8.53631050402748,0.68479273963824,0.31520726036176
"L15.00_M030.000","L=15, M=30",13727,18.5513975143726,8.53029293901944,0.685016230663289,0.314983769336711
"L15.00_M030.000","L=15, M=30",13745,18.5570047584995,8.52456150251376,0.685226422269905,0.314773577730095
"L15.00_M030.000","L=15, M=30",13763,18.5609806784143,8.5188081390089,0.685418221078302,0.314581778921698
"L15.00_M030.000","L=15, M=30",13781,18.5681729893589,8.51308870058791,0.685646525702746,0.314353474297254
"L15.00_M030.000","L=15, M=30",13799,18.5743062109706,8.50730813776999,0.68586406895032,0.31413593104968
"L15.00_M030.000","L=15, M=30",13817,18.5798701615645,8.50150904262282,0.686075477230187,0.313924522769813
"L15.00_M030.000","L=15, M=30",13835,18.5854343318999,8.4956821703101,0.686287595652978,0.313712404347022
"L15.00_M030.000","L=15, M=30",13853,18.5915057948505,8.48982955170371,0.686506243393794,0.313493756606206
"L15.00_M030.000","L=15, M=30",13871,18.597140274006,8.48393863845631,0.686720803632675,0.313279196367325
"L15.00_M030.000","L=15, M=30",13889,18.6022829323404,8.47800687085659,0.68693071852371,0.31306928147629
"L15.00_M030.000","L=15, M=30",13907,18.6092720958527,8.47208211701904,0.687161799575286,0.312838200424714
"L15.00_M030.000","L=15, M=30",13926,18.614540648059,8.46582305716878,0.687381486108531,0.312618513891469
"L15.00_M030.000","L=15, M=30",13944,18.6213964457798,8.45979895695181,0.687613532890853,0.312386467109147
"L15.00_M030.000","L=15, M=30",13962,18.6274490288646,8.45376551849088,0.687836544269156,0.312163455730844
"L15.00_M030.000","L=15, M=30",13980,18.6335557235498,8.44768271846846,0.688061432768106,0.311938567231894
"L15.00_M030.000","L=15, M=30",13998,18.6394554476706,8.44158835259457,0.688284232511307,0.311715767488693
"L15.00_M030.000","L=15, M=30",14016,18.6456184886666,8.43550047821267,0.688509899146728,0.311490100853272
"L15.00_M030.000","L=15, M=30",14034,18.6513473514096,8.42937241668747,0.688731596173531,0.311268403826469
"L15.00_M030.000","L=15, M=30",14052,18.6577826646921,8.4232199458358,0.688962034863465,0.311037965136535
"L15.00_M030.000","L=15, M=30",14070,18.6638515400808,8.41703850157957,0.689189000485912,0.310810999514088
"L15.00_M030.000","L=15, M=30",14088,18.670114900935,8.41084918911461,0.689418398800469,0.310581601199531
"L15.00_M030.000","L=15, M=30",14106,18.6760455161067,8.40462931984328,0.689644760673172,0.310355239326828
"L15.00_M030.000","L=15, M=30",14124,18.6824489364789,8.39838266725487,0.689877224224645,0.310122775775355
"L15.00_M030.000","L=15, M=30",14143,18.6890538682986,8.3917457706754,0.690121935742318,0.309878064257682
"L15.00_M030.000","L=15, M=30",14161,18.6951188004809,8.38543943192387,0.690352046661661,0.309647953338339
"L15.00_M030.000","L=15, M=30",14179,18.7028651241106,8.37915604987419,0.69060078654974,0.30939921345026
"L15.00_M030.000","L=15, M=30",14197,18.7069506674961,8.37277508113403,0.690810196570858,0.309189803429142
"L15.00_M030.000","L=15, M=30",14215,18.7143131636292,8.36633566994121,0.691058522217905,0.308941477782095
"L15.00_M030.000","L=15, M=30",14233,18.7206986848619,8.35990213373595,0.691295544373789,0.308704455626211
"L15.00_M030.000","L=15, M=30",14251,18.7269381149242,8.35344354640416,0.691531542986591,0.308468457013409
"L15.00_M030.000","L=15, M=30",14269,18.7337314307701,8.34696042543532,0.691774476451471,0.308225523548529
"L15.00_M030.000","L=15, M=30",14287,18.7400734543725,8.34044322956069,0.692013142625559,0.307986857374441
"L15.00_M030.000","L=15, M=30",14305,18.7464410772439,8.33389803720496,0.692252818475292,0.307747181524708
"L15.00_M030.000","L=15, M=30",14323,18.753107929109,8.32735883711294,0.692495742078573,0.307504257921427
"L15.00_M030.000","L=15, M=30",14341,18.7596382602875,8.32073564865748,0.69273926288333,0.30726073711667
"L15.00_M030.000","L=15, M=30",14360,18.7665112587788,8.31374180521179,0.69299615533258,0.30700384466742
"L15.00_M030.000","L=15, M=30",14378,18.7733329162402,8.30696872213714,0.693246817075156,0.306753182924844
"L15.00_M030.000","L=15, M=30",14396,18.7798927312683,8.30024640463235,0.693493214234318,0.306506785765682
"L15.00_M030.000","L=15, M=30",14414,18.7866318931491,8.29355599709837,0.693740825185147,0.306259174814853
"L15.00_M030.000","L=15, M=30",14432,18.7937353283862,8.28678174252917,0.693994700292144,0.306005299707857
"L15.00_M030.000","L=15, M=30",14450,18.8002086902063,8.27997514610886,0.694242284463179,0.305757715536821
"L15.00_M030.000","L=15, M=30",14468,18.8056982102541,8.27312599266609,0.694479866235333,0.305520133764667
"L15.00_M030.000","L=15, M=30",14486,18.8137406899412,8.26626309158758,0.694746604975514,0.305253395024486
"L15.00_M030.000","L=15, M=30",14504,18.8206125512512,8.25937980644901,0.695000659625354,0.304999340374646
"L15.00_M030.000","L=15, M=30",14522,18.8276911057911,8.25244714613113,0.695258308160766,0.304741691839234
"L15.00_M030.000","L=15, M=30",14540,18.8343427778647,8.24546762424028,0.695512357664094,0.304487642335906
"L15.00_M030.000","L=15, M=30",14558,18.8414110677285,8.23847163638182,0.695771516944888,0.304228483055112
"L15.00_M030.000","L=15, M=30",14577,18.8488004047107,8.23103846858355,0.696045515370445,0.303954484629555
"L15.00_M030.000","L=15, M=30",14595,18.855842531584,8.22393632297192,0.696307109184966,0.303692890815034
"L15.00_M030.000","L=15, M=30",14613,18.8629698184431,8.2168116011583,0.696570239107962,0.303429760892038
"L15.00_M030.000","L=15, M=30",14631,18.8700254834449,8.2096508396401,0.696833494548031,0.303166505451969
"L15.00_M030.000","L=15, M=30",14649,18.8771547407601,8.20245022596605,0.697098601104235,0.302901398895765
"L15.00_M030.000","L=15, M=30",14667,18.8849309607705,8.19522325441676,0.697371618001324,0.302628381998676
"L15.00_M030.000","L=15, M=30",14685,18.8915687969399,8.18792935995793,0.697633637354824,0.302366362645176
"L15.00_M030.000","L=15, M=30",14703,18.8988971580554,8.18060246762452,0.697904223464059,0.302095776535941
"L15.00_M030.000","L=15, M=30",14721,18.9061678774233,8.17327577434005,0.69817416194192,0.30182583805808
"L15.00_M030.000","L=15, M=30",14739,18.9134905762755,8.16589289620739,0.698446129524873,0.301553870475127
"L15.00_M030.000","L=15, M=30",14757,18.9208486432441,8.15848841630915,0.698719049200987,0.301280950799013
"L15.00_M030.000","L=15, M=30",14776,18.9286534356468,8.15063158202797,0.699008612055008,0.300991387944992
"L15.00_M030.000","L=15, M=30",14794,18.9351992102602,8.14313539816414,0.699274880973266,0.300725119026734
"L15.00_M030.000","L=15, M=30",14812,18.9435634842411,8.13558510785364,0.699562743629662,0.300437256370338
"L15.00_M030.000","L=15, M=30",14830,18.9511145389284,8.12800468836384,0.699842353802562,0.300157646197438
"L15.00_M030.000","L=15, M=30",14848,18.9587080821595,8.12039274628177,0.700123250113501,0.299876749886499
"L15.00_M030.000","L=15, M=30",14866,18.9663588183457,8.11268187214698,0.700407338469885,0.299592661530115
"L15.00_M030.000","L=15, M=30",14884,18.9740904525492,8.10493791532274,0.700693178306984,0.299306821693016
"L15.00_M030.000","L=15, M=30",14902,18.981694341866,8.09717075672257,0.700978208383459,0.299021791616541
"L15.00_M030.000","L=15, M=30",14920,18.989485892545,8.08940339524048,0.701265317448254,0.298734682551746
"L15.00_M030.000","L=15, M=30",14938,18.9972637536117,8.08158635481054,0.70155356219144,0.29844643780856
"L15.00_M030.000","L=15, M=30",14956,19.003188604513,8.07368015616055,0.701823714273537,0.298176285726463
"L15.00_M030.000","L=15, M=30",14974,19.0129952926855,8.06575303763943,0.702137154227075,0.297862845772925
"L15.00_M030.000","L=15, M=30",14993,19.0216811046436,8.05732994451528,0.702451100230798,0.297548899769202
"L15.00_M030.000","L=15, M=30",15011,19.0289296358734,8.04930141330729,0.702739023140478,0.297260976859522
"L15.00_M030.000","L=15, M=30",15029,19.0371571621808,8.0412440473617,0.703038448055495,0.296961551944505
"L15.00_M030.000","L=15, M=30",15047,19.045338019589,8.03314443826063,0.703338455145519,0.296661544854481
"L15.00_M030.000","L=15, M=30",15065,19.0531786299219,8.02500303966072,0.703635822464573,0.296364177535427
"L15.00_M030.000","L=15, M=30",15083,19.0616063997032,8.01677023180525,0.703941992501984,0.296058007498016
"L15.00_M030.000","L=15, M=30",15101,19.0697736909771,8.0085074603365,0.704246092446381,0.295753907553619
"L15.00_M030.000","L=15, M=30",15119,19.0778350783731,8.00019832060661,0.704550245480233,0.295449754519767
"L15.00_M030.000","L=15, M=30",15137,19.0892159777534,7.99185851103019,0.704891380349762,0.295108619650238
"L15.00_M030.000","L=15, M=30",15155,19.0947404947933,7.98341736118488,0.705171326511698,0.294828673488301
"L15.00_M030.000","L=15, M=30",15173,19.1017424729586,7.97496415755637,0.705467719306427,0.294532280693573
"L15.00_M030.000","L=15, M=30",15191,19.1115363262689,7.96648145543288,0.705795249871787,0.294204750128213
"L15.00_M030.000","L=15, M=30",15210,19.1203869439618,7.95746247276016,0.706126496595183,0.293873503404817
"L15.00_M030.000","L=15, M=30",15228,19.1289519459879,7.94889099946437,0.706442975702413,0.293557024297587
"L15.00_M030.000","L=15, M=30",15246,19.1375734542806,7.94025768998172,0.706761680886534,0.293238319113466
"L15.00_M030.000","L=15, M=30",15264,19.1461954487029,7.93152888631109,0.707082885246199,0.292917114753801
"L15.00_M030.000","L=15, M=30",15282,19.1550579455657,7.92274626800447,0.707408096848785,0.292591903151215
"L15.00_M030.000","L=15, M=30",15300,19.1636796902116,7.91392377097116,0.707731750251967,0.292268249748033
"L15.00_M030.000","L=15, M=30",15318,19.1719848621913,7.90504371173577,0.708053500399684,0.291946499600316
"L15.00_M030.000","L=15, M=30",15336,19.1813464511112,7.89610961583516,0.708388055498537,0.291611944501463
"L15.00_M030.000","L=15, M=30",15354,19.1901681249046,7.88707727772864,0.708719363419381,0.291280636580619
"L15.00_M030.000","L=15, M=30",15372,19.2006658248823,7.87801455313685,0.709069480374984,0.290930519625016
"L15.00_M030.000","L=15, M=30",15390,19.2083736913425,7.86886641496716,0.709391858842603,0.290608141157397
"L15.00_M030.000","L=15, M=30",15408,19.2174782848646,7.85968380023412,0.709730149137028,0.290269850862972
"L15.00_M030.000","L=15, M=30",15427,19.2266537567682,7.84993594558501,0.710084023435833,0.289915976564167
"L15.00_M030.000","L=15, M=30",15445,19.2360680398882,7.84065594576425,0.71042819102049,0.28957180897951
"L15.00_M030.000","L=15, M=30",15463,19.2455924797045,7.83132473545732,0.710774876134269,0.28922512386573
"L15.00_M030.000","L=15, M=30",15481,19.254567830603,7.82192851502131,0.711117405473128,0.288882594526872
"L15.00_M030.000","L=15, M=30",15499,19.264242858644,7.81247122965459,0.711469006018319,0.288530993981681
"L15.00_M030.000","L=15, M=30",15517,19.2735382044251,7.8029140373445,0.711819186366399,0.288180813633601
"L15.00_M030.000","L=15, M=30",15535,19.2844471852762,7.7933067846082,0.712187842711185,0.287812157288815
"L15.00_M030.000","L=15, M=30",15553,19.292953035873,7.78360499543605,0.712533439943299,0.287466560056701
"L15.00_M030.000","L=15, M=30",15571,19.3025757433952,7.77386316943482,0.712891965060028,0.287108034939972
"L15.00_M030.000","L=15, M=30",15589,19.3123253594519,7.76404570674415,0.713253829777902,0.286746170222098
"L15.00_M030.000","L=15, M=30",15607,19.322077603035,7.75417141384079,0.713617221905152,0.286382778094848
"L15.00_M030.000","L=15, M=30",15626,19.3320251783163,7.74368996177161,0.71399869138428,0.28600130861572
"L15.00_M030.000","L=15, M=30",15644,19.3424842854715,7.73363198076554,0.714374399019364,0.285625600980636
"L15.00_M030.000","L=15, M=30",15662,19.3510179231915,7.72347278894182,0.714732481173485,0.285267518826515
"L15.00_M030.000","L=15, M=30",15680,19.3626157618338,7.71328722492219,0.715123546250883,0.284876453749117
"L15.00_M030.000","L=15, M=30",15698,19.3724879082632,7.70302987357958,0.71549833559433,0.28450166440567
"L15.00_M030.000","L=15, M=30",15716,19.3830234727655,7.69267798998505,0.715882596778951,0.284117403221049
"L15.00_M030.000","L=15, M=30",15734,19.3933955254473,7.68226118226248,0.716266856785972,0.283733143214028
"L15.00_M030.000","L=15, M=30",15752,19.4038572751282,7.67175988873171,0.716654292963935,0.283345707036065
"L15.00_M030.000","L=15, M=30",15770,19.4142351826618,7.66119435485081,0.717042555345748,0.282957444654252
"L15.00_M030.000","L=15, M=30",15788,19.4233323579428,7.65053819842465,0.717419857552457,0.282580142447543
"L15.00_M030.000","L=15, M=30",15806,19.4334870851681,7.63980815342347,0.717810185790264,0.282189814209735
"L15.00_M030.000","L=15, M=30",15824,19.446062582863,7.62901651164875,0.718227360111565,0.281772639888435
"L15.00_M030.000","L=15, M=30",15843,19.4574528372482,7.61752900372495,0.718650632954547,0.281349367045453
"L15.00_M030.000","L=15, M=30",15861,19.4683621455095,7.60656678681056,0.719054967574434,0.280945032425566
"L15.00_M030.000","L=15, M=30",15879,19.4792760877123,7.59549628275125,0.719462229309918,0.280537770690082
"L15.00_M030.000","L=15, M=30",15897,19.4902154925185,7.58433899834514,0.719872066559599,0.280127933440401
"L15.00_M030.000","L=15, M=30",15915,19.5014944345778,7.57311067427718,0.720287308205269,0.279712691794731
"L15.00_M030.000","L=15, M=30",15933,19.5107030488124,7.56180693532356,0.720683197097179,0.279316802902821
"L15.00_M030.000","L=15, M=30",15951,19.5238392170106,7.55042742942185,0.721121627114625,0.278878372885375
"L15.00_M030.000","L=15, M=30",15969,19.5351524406744,7.53891676502713,0.721544747937651,0.27845525206235
"L15.00_M030.000","L=15, M=30",15987,19.5471351159564,7.52730825480941,0.721977358805567,0.278022641194433
"L15.00_M030.000","L=15, M=30",16005,19.5584770664107,7.51558358142682,0.722406487922708,0.277593512077292
"L15.00_M030.000","L=15, M=30",16023,19.5701470178912,7.50372025517906,0.72284268887427,0.277157311125731
"L15.00_M030.000","L=15, M=30",16041,19.5819238163392,7.49178472457843,0.723281917094743,0.276718082905257
"L15.00_M030.000","L=15, M=30",16060,19.5941495764828,7.47909311793265,0.723745943463381,0.276254056536619
"L15.00_M030.000","L=15, M=30",16078,19.6064216096524,7.46697084900471,0.724195227457834,0.275804772542166
"L15.00_M030.000","L=15, M=30",16096,19.6186109577885,7.45475487361223,0.724646173658765,0.275353826341235
"L15.00_M030.000","L=15, M=30",16114,19.6307741897226,7.4424127456972,0.725100234285299,0.274899765714701
"L15.00_M030.000","L=15, M=30",16132,19.6434840910117,7.42996935238032,0.725562556401765,0.274437443598235
"L15.00_M030.000","L=15, M=30",16150,19.6555100516596,7.41738632725197,0.726021692565198,0.273978307434802
"L15.00_M030.000","L=15, M=30",16168,19.6680381680124,7.40471157674765,0.726488382356475,0.273511617643526
"L15.00_M030.000","L=15, M=30",16186,19.6806242967927,7.39195276982594,0.726957919386978,0.273042080613022
"L15.00_M030.000","L=15, M=30",16204,19.6915122878484,7.37902427721246,0.727414923620822,0.272585076379178
"L15.00_M030.000","L=15, M=30",16222,19.7068426768876,7.36599617750436,0.727919328404329,0.272080671595671
"L15.00_M030.000","L=15, M=30",16240,19.7193192448928,7.35283457372414,0.728398611245044,0.271601388754956
"L15.00_M030.000","L=15, M=30",16258,19.7312296653758,7.33957055909817,0.728875005606127,0.271124994393873
"L15.00_M030.000","L=15, M=30",16277,19.7463899252772,7.32543481679137,0.729407423157261,0.270592576842739
"L15.00_M030.000","L=15, M=30",16295,19.7603892102881,7.31190009550631,0.729912013981717,0.270087986018283
"L15.00_M030.000","L=15, M=30",16313,19.77267334893,7.29822154150103,0.730403388176104,0.269596611823896
"L15.00_M030.000","L=15, M=30",16331,19.7869342281744,7.28442366264481,0.730917684586661,0.269082315413339
"L15.00_M030.000","L=15, M=30",16349,19.8000978620217,7.27049278539042,0.73142467114638,0.26857532885362
"L15.00_M030.000","L=15, M=30",16367,19.8145530838713,7.25644490473058,0.731947639766149,0.268052360233851
"L15.00_M030.000","L=15, M=30",16385,19.8285260172099,7.24223595289253,0.732470184589152,0.267529815410848
"L15.00_M030.000","L=15, M=30",16403,19.8427627579643,7.22787662470991,0.732999412295525,0.267000587704475
"L15.00_M030.000","L=15, M=30",16421,19.8571953468554,7.21338152332797,0.733534251674072,0.266465748325928
"L15.00_M030.000","L=15, M=30",16439,19.8715327134666,7.19873147852542,0.734072359712878,0.265927640287122
"L15.00_M030.000","L=15, M=30",16457,19.8869252693625,7.18392104637307,0.734625177115455,0.265374822884545
"L15.00_M030.000","L=15, M=30",16476,19.901844062542,7.1681035205181,0.73520068708948,0.26479931291052
"L15.00_M030.000","L=15, M=30",16494,19.9167680304253,7.15293219966711,0.735758721416669,0.264241278583331
"L15.00_M030.000","L=15, M=30",16512,19.9318491020975,7.1375990003136,0.736322699550056,0.263677300449944
"L15.00_M030.000","L=15, M=30",16530,19.9470932735259,7.12211952802614,0.736892255410627,0.263107744589373
"L15.00_M030.000","L=15, M=30",16548,19.9629654579321,7.10651345283575,0.737471361149517,0.262528638850483
"L15.00_M030.000","L=15, M=30",16566,19.9782337041689,7.09069136889047,0.738050500721673,0.261949499278327
"L15.00_M030.000","L=15, M=30",16584,19.9936281303186,7.07466299794885,0.738636511465595,0.261363488534405
"L15.00_M030.000","L=15, M=30",16602,20.0098612741546,7.05847231348363,0.739235062600708,0.260764937399292
"L15.00_M030.000","L=15, M=30",16620,20.0259444606188,7.04208563287515,0.739837527572138,0.260162472427862
"L15.00_M030.000","L=15, M=30",16638,20.0404926892946,7.0254926970072,0.740430928461122,0.259569071538878
"L15.00_M030.000","L=15, M=30",16656,20.058878292074,7.00873358933571,0.741065683221601,0.258934316778399
"L15.00_M030.000","L=15, M=30",16674,20.0756054603122,6.99173577421373,0.741691076576987,0.258308923423013
"L15.00_M030.000","L=15, M=30",16693,20.0935493641454,6.97359123029407,0.742359515000758,0.257640484999242
"L15.00_M030.000","L=15, M=30",16711,20.1106590629656,6.95615972040365,0.743000469464932,0.256999530535068
"L15.00_M030.000","L=15, M=30",16729,20.128042177425,6.93851670733041,0.74364983975712,0.25635016024288
"L15.00_M030.000","L=15, M=30",16747,20.1454720217856,6.92064462110704,0.744305963340908,0.255694036659092
"L15.00_M030.000","L=15, M=30",16765,20.1634512363516,6.90253671620744,0.744973775636562,0.255026224363438
"L15.00_M030.000","L=15, M=30",16783,20.1807971225004,6.8841836111552,0.745642397498749,0.254357602501251
"L15.00_M030.000","L=15, M=30",16801,20.1998189755206,6.86557601925189,0.746333795587394,0.253666204412606
"L15.00_M030.000","L=15, M=30",16819,20.2183257171928,6.84671747694311,0.747027284315343,0.252972715684657
"L15.00_M030.000","L=15, M=30",16837,20.2372173575176,6.82758350540826,0.747731988127765,0.252268011872235
"L15.00_M030.000","L=15, M=30",16855,20.2563604373104,6.80819116162777,0.748446186638655,0.251553813361344
"L15.00_M030.000","L=15, M=30",16873,20.275567476654,6.78852655336827,0.749168527650039,0.250831472349961
"L15.00_M030.000","L=15, M=30",16891,20.2948714352419,6.76856579331669,0.749899994736286,0.250100005263714
"L15.00_M030.000","L=15, M=30",16910,20.3157683995049,6.7471751048917,0.750685837119101,0.249314162880899
"L15.00_M030.000","L=15, M=30",16928,20.3364083539457,6.72661836965062,0.751446191205743,0.248553808794257
"L15.00_M030.000","L=15, M=30",16946,20.3570086056997,6.70578232932066,0.752213940335211,0.247786059664789
"L15.00_M030.000","L=15, M=30",16964,20.3775891734366,6.68460534756134,0.752991009565959,0.247008990434041
"L15.00_M030.000","L=15, M=30",16982,20.3986406981284,6.66309853947079,0.753781585101775,0.246218414898226
"L15.00_M030.000","L=15, M=30",17000,20.4201409654313,6.64125761921808,0.754585573304946,0.245414426695054
"L15.00_M030.000","L=15, M=30",17018,20.4419126001052,6.61904756099035,0.755402338956684,0.244597661043317
"L15.00_M030.000","L=15, M=30",17036,20.4639337564966,6.59648234692879,0.756231303993371,0.243768696006629
"L15.00_M030.000","L=15, M=30",17054,20.4870819436631,6.5735682939305,0.757080179662562,0.242919820337438
"L15.00_M030.000","L=15, M=30",17072,20.5093060207354,6.55026124194041,0.757931781452566,0.242068218547434
"L15.00_M030.000","L=15, M=30",17090,20.5325504787669,6.52656171750762,0.758803553118562,0.241196446881439
"L15.00_M030.000","L=15, M=30",17108,20.5560913437725,6.50245002239242,0.759689558487312,0.240310441512688
"L15.00_M030.000","L=15, M=30",17127,20.581445107758,6.47655972699627,0.760641637602283,0.239358362397717
"L15.00_M030.000","L=15, M=30",17145,20.6059805458359,6.45157245600801,0.761561126552414,0.238438873447586
"L15.00_M030.000","L=15, M=30",17163,20.6308750091398,6.42611436242129,0.762497065945718,0.237502934054282
"L15.00_M030.000","L=15, M=30",17181,20.6563904305249,6.40018499942763,0.763451771049251,0.236548228950749
"L15.00_M030.000","L=15, M=30",17199,20.6839546516449,6.37373532064095,0.764439043866298,0.235560956133702
"L15.00_M030.000","L=15, M=30",17217,20.7081813903084,6.34676136901406,0.765412130956103,0.234587869043897
"L15.00_M030.000","L=15, M=30",17235,20.7352596983471,6.31926371698921,0.766424873948915,0.233575126051085
"L15.00_M030.000","L=15, M=30",17253,20.7626484829323,6.29120370425067,0.767456269786556,0.232543730213444
"L15.00_M030.000","L=15, M=30",17271,20.7904476921403,6.2625617027558,0.768507761508511,0.231492238491489
"L15.00_M030.000","L=15, M=30",17289,20.8189633540306,6.23329982057862,0.769583055571148,0.230416944428852
"L15.00_M030.000","L=15, M=30",17307,20.8480689960768,6.20342798307856,0.770680787541679,0.229319212458321
"L15.00_M030.000","L=15, M=30",17326,20.8812877190239,6.17117116322934,0.771881321764887,0.228118678235113
"L15.00_M030.000","L=15, M=30",17344,20.9103029802895,6.13987830852139,0.773018958987122,0.226981041012878
"L15.00_M030.000","L=15, M=30",17362,20.9410364618599,6.10786247859851,0.774191825994711,0.225808174005289
"L15.00_M030.000","L=15, M=30",17380,20.9729290817285,6.07507903691851,0.775396435468743,0.224603564531257
"L15.00_M030.000","L=15, M=30",17398,21.0046057807423,6.04149424168567,0.776622350850002,0.223377649149998
"L15.00_M030.000","L=15, M=30",17416,21.0388029829971,6.00705937466181,0.777893590700734,0.222106409299266
"L15.00_M030.000","L=15, M=30",17434,21.0732036026443,5.97174365008431,0.779191891399167,0.220808108600833
"L15.00_M030.000","L=15, M=30",17452,21.1085298059716,5.93549777188453,0.780524636916708,0.219475363083292
"L15.00_M030.000","L=15, M=30",17470,21.1443472857525,5.89825414948211,0.7818902828706,0.2181097171294
"L15.00_M030.000","L=15, M=30",17488,21.1815714824994,5.85995259439968,0.783297990981,0.216702009019
"L15.00_M030.000","L=15, M=30",17506,21.2193829454203,5.82056233275169,0.784742081654642,0.215257918345358
"L15.00_M030.000","L=15, M=30",17524,21.2585184233107,5.78001405628866,0.786230481974209,0.213769518025791
"L15.00_M030.000","L=15, M=30",17543,21.3009965840882,5.73588321809625,0.787849660905294,0.212150339094707
"L15.00_M030.000","L=15, M=30",17561,21.3426866098487,5.69270072600791,0.7894352074454,0.2105647925546
"L15.00_M030.000","L=15, M=30",17579,21.3855050143793,5.64809461715049,0.791071307774973,0.208928692225027
"L15.00_M030.000","L=15, M=30",17597,21.4284198345311,5.60196611726833,0.79275301036183,0.20724698963817
"L15.00_M030.000","L=15, M=30",17615,21.4755558085303,5.55419877762493,0.794515382671295,0.205484617328705
"L15.00_M030.000","L=15, M=30",17633,21.5230708263281,5.50466936783673,0.796332607599019,0.203667392400981
"L15.00_M030.000","L=15, M=30",17651,21.5728147452361,5.45323095638599,0.798223128289216,0.201776871710784
"L15.00_M030.000","L=15, M=30",17669,21.6233525796066,5.39975829457798,0.800179989649659,0.199820010350342
"L15.00_M030.000","L=15, M=30",17687,21.6763402485949,5.34407194027777,0.802220931978287,0.197779068021713
"L15.00_M030.000","L=15, M=30",17705,21.7318885068706,5.28597912536743,0.804352467880917,0.195647532119083
"L15.00_M030.000","L=15, M=30",17723,21.7891885896673,5.22523269652397,0.806576174956044,0.193423825043956
"L15.00_M030.000","L=15, M=30",17741,21.8484547997719,5.16157089754186,0.808901666537282,0.191098333462718
"L15.00_M030.000","L=15, M=30",17760,21.9161118866613,5.09089952627382,0.811497116491923,0.188502883508077
"L15.00_M030.000","L=15, M=30",17778,21.9824021377242,5.02028575310964,0.81408199904374,0.18591800095626
"L15.00_M030.000","L=15, M=30",17796,22.052452201103,4.94565780459843,0.816814665783864,0.183185334216137
"L15.00_M030.000","L=15, M=30",17814,22.1263494604097,4.86653843961484,0.819710345271711,0.180289654728289
"L15.00_M030.000","L=15, M=30",17832,22.2045766003143,4.78234102048696,0.822790394676242,0.177209605323758
"L15.00_M030.000","L=15, M=30",17850,22.287874160703,4.6922953703762,0.826083547585904,0.173916452414097
"L15.00_M030.000","L=15, M=30",17868,22.3769540117794,4.59551524928978,0.829622004392355,0.170377995607645
"L15.00_M030.000","L=15, M=30",17886,22.4724867958782,4.49084376054558,0.833446252081211,0.166553747918789
"L15.00_M030.000","L=15, M=30",17904,22.5754595238601,4.37680255828403,0.837609082868645,0.162390917131355
"L15.00_M030.000","L=15, M=30",17922,22.6883991740627,4.25141496069394,0.842188407855089,0.157811592144912
"L15.00_M030.000","L=15, M=30",17940,22.8123713310739,4.11200729145593,0.847275684646067,0.152724315353933
"L15.00_M030.000","L=15, M=30",17958,22.9495744874826,3.95477121788689,0.853006229506722,0.146993770493278
"L15.00_M030.000","L=15, M=30",17977,23.1137714728802,3.76309158313139,0.859987693679538,0.140012306320462
"L15.00_M030.000","L=15, M=30",17995,23.2934882253081,3.54733755808357,0.867837987299237,0.132162012700763
"L15.00_M030.000","L=15, M=30",18013,23.5064620308301,3.28100282578729,0.877517232655304,0.122482767344696
"L15.00_M030.000","L=15, M=30",18031,23.7706689683675,2.92706079424338,0.890362932718623,0.109637067281377
"L15.00_M030.000","L=15, M=30",18049,24.1283242349076,2.37038959802912,0.91054699435703,0.0894530056429696
"L15.00_M030.000","L=15, M=30",18067,24.7772766475927,0.184065039625376,0.992625995752479,0.00737400424752126
"L20.00_M040.000","L=20, M=40",0,22.0997231531284,14.0186504881024,0.611869276635992,0.388130723364008
"L20.00_M040.000","L=20, M=40",100,22.102553499813,14.0182009910643,0.611907304023654,0.388092695976346
"L20.00_M040.000","L=20, M=40",200,22.0983311289899,14.0176948394439,0.611870507245296,0.388129492754704
"L20.00_M040.000","L=20, M=40",300,22.101169512542,14.0172078202757,0.611909259070189,0.388090740929811
"L20.00_M040.000","L=20, M=40",400,22.1016471052273,14.0166641722914,0.611923601173019,0.388076398826981
"L20.00_M040.000","L=20, M=40",501,22.1014413020177,14.0161386684296,0.611930293228447,0.388069706771553
"L20.00_M040.000","L=20, M=40",601,22.1027251844817,14.0156524120484,0.611952326081366,0.388047673918634
"L20.00_M040.000","L=20, M=40",701,22.1031785863824,14.0151022320832,0.611966519045449,0.388033480954551
"L20.00_M040.000","L=20, M=40",801,22.1039978005743,14.0145760739107,0.61198423496419,0.38801576503581
"L20.00_M040.000","L=20, M=40",901,22.1042062475098,14.0141348545169,0.611993950250099,0.388006049749901
"L20.00_M040.000","L=20, M=40",1001,22.1048543618312,14.0136403286466,0.612009291950335,0.387990708049665
"L20.00_M040.000","L=20, M=40",1101,22.1053242270842,14.013135502658,0.612022893348392,0.387977106651608
"L20.00_M040.000","L=20, M=40",1201,22.1060123781543,14.0126346297638,0.612038772474176,0.387961227525824
"L20.00_M040.000","L=20, M=40",1301,22.1054931174964,14.0121288268329,0.612041765971447,0.387958234028553
"L20.00_M040.000","L=20, M=40",1401,22.1068003678947,14.0115883813861,0.612064965614915,0.387935034385085
"L20.00_M040.000","L=20, M=40",1502,22.1072947290025,14.0110683946039,0.612079087121019,0.387920912878981
"L20.00_M040.000","L=20, M=40",1602,22.1077735173557,14.0105638246126,0.612092780131029,0.387907219868971
"L20.00_M040.000","L=20, M=40",1702,22.1085384626096,14.0100846516675,0.612109115916725,0.387890884083275
"L20.00_M040.000","L=20, M=40",1802,22.1088754973159,14.0095782637025,0.612121317363186,0.387878682636814
"L20.00_M040.000","L=20, M=40",1902,22.1092536584932,14.0090783168465,0.612133851407884,0.387866148592116
"L20.00_M040.000","L=20, M=40",2002,22.1092414656901,14.0085832327774,0.612142111278042,0.387857888721958
"L20.00_M040.000","L=20, M=40",2102,22.1101924001299,14.0080909459584,0.612160666338106,0.387839333661894
"L20.00_M040.000","L=20, M=40",2202,22.110730328013,14.0076012265632,0.612174742750861,0.387825257249139
"L20.00_M040.000","L=20, M=40",2302,22.1112587916886,14.007094852647,0.612188999792804,0.387811000207196
"L20.00_M040.000","L=20, M=40",2402,22.1117245604618,14.0066204307134,0.612202042088704,0.387797957911296
"L20.00_M040.000","L=20, M=40",2503,22.1122297076264,14.0061181906986,0.612215978700728,0.387784021299272
"L20.00_M040.000","L=20, M=40",2603,22.1134710090844,14.0055801681511,0.612238425106296,0.387761574893704
"L20.00_M040.000","L=20, M=40",2703,22.1132051629363,14.0051164259809,0.612243431868708,0.387756568131292
"L20.00_M040.000","L=20, M=40",2803,22.1137893705702,14.00465377022,0.612257546217326,0.387742453782675
"L20.00_M040.000","L=20, M=40",2903,22.114204366613,14.0041601488533,0.612270368918377,0.387729631081623
"L20.00_M040.000","L=20, M=40",3003,22.1146675345624,14.0036446854951,0.612284079051777,0.387715920948223
"L20.00_M040.000","L=20, M=40",3103,22.1151675717411,14.0031649113259,0.612297579964667,0.387702420035333
"L20.00_M040.000","L=20, M=40",3203,22.1157213735765,14.0026624282656,0.612312042944972,0.387687957055028
"L20.00_M040.000","L=20, M=40",3303,22.1162464284194,14.0021178171897,0.612326911540797,0.387673088459203
"L20.00_M040.000","L=20, M=40",3403,22.1166736126327,14.0015914878031,0.6123404197608,0.3876595802392
"L20.00_M040.000","L=20, M=40",3504,22.1172288956616,14.001087652203,0.61235492153549,0.38764507846451
"L20.00_M040.000","L=20, M=40",3604,22.1178256211201,14.000547840784,0.612370477990901,0.387629522009099
"L20.00_M040.000","L=20, M=40",3704,22.1182639915722,14.0000172930285,0.612384177898368,0.387615822101632
"L20.00_M040.000","L=20, M=40",3804,22.1189704986934,13.9994772067629,0.612400917090131,0.387599082909869
"L20.00_M040.000","L=20, M=40",3904,22.1192484417712,13.9989574646521,0.61241271227809,0.38758728772191
"L20.00_M040.000","L=20, M=40",4004,22.1191972433018,13.9984699919515,0.61242042846311,0.38757957153689
"L20.00_M040.000","L=20, M=40",4104,22.1203274514374,13.997946742157,0.612441428759086,0.387558571240914
"L20.00_M040.000","L=20, M=40",4204,22.1209306591884,13.9973917778528,0.612457311597125,0.387542688402875
"L20.00_M040.000","L=20, M=40",4304,22.1214382323749,13.996870461676,0.61247159770852,0.38752840229148
"L20.00_M040.000","L=20, M=40",4404,22.1220571768109,13.9963698412591,0.612486727778684,0.387513272221316
"L20.00_M040.000","L=20, M=40",4505,22.1198558020108,13.9958915303836,0.612471219228245,0.387528780771755
"L20.00_M040.000","L=20, M=40",4605,22.122925763535,13.9954128766171,0.612512274829312,0.387487725170688
"L20.00_M040.000","L=20, M=40",4705,22.1234784058461,13.9949019875958,0.612526867618435,0.387473132381565
"L20.00_M040.000","L=20, M=40",4805,22.12400823105,13.9944179444183,0.612540760319083,0.387459239680917
"L20.00_M040.000","L=20, M=40",4905,22.1243006257603,13.9939395274254,0.612552010616411,0.387447989383589
"L20.00_M040.000","L=20, M=40",5005,22.125040466757,13.9934084260347,0.612568954232489,0.387431045767511
"L20.00_M040.000","L=20, M=40",5105,22.1254786941346,13.9928791800617,0.612582631004425,0.387417368995574
"L20.00_M040.000","L=20, M=40",5205,22.1260142761571,13.9923996062943,0.61259650958558,0.38740349041442
"L20.00_M040.000","L=20, M=40",5305,22.1265929164519,13.9918972974209,0.612611235559156,0.387388764440844
"L20.00_M040.000","L=20, M=40",5405,22.1277600476414,13.9913517330344,0.612633006647745,0.387366993352255
"L20.00_M040.000","L=20, M=40",5506,22.1272958996014,13.9907960033066,0.612637454909955,0.387362545090045
"L20.00_M040.000","L=20, M=40",5606,22.1280412061803,13.9902955504941,0.612653936842515,0.387346063157485
"L20.00_M040.000","L=20, M=40",5706,22.1285262057662,13.9898174856772,0.61266724728046,0.38733275271954
"L20.00_M040.000","L=20, M=40",5806,22.1287309106227,13.9893121727615,0.612678014130916,0.387321985869084
"L20.00_M040.000","L=20, M=40",5906,22.1295499637275,13.9887717648696,0.612695964392116,0.387304035607884
"L20.00_M040.000","L=20, M=40",6006,22.1301046643846,13.9882444266953,0.612710858089858,0.387289141910142
"L20.00_M040.000","L=20, M=40",6106,22.1306896403434,13.9876955271545,0.612726442162711,0.387273557837289
"L20.00_M040.000","L=20, M=40",6206,22.1311738902219,13.9871590245482,0.612740735915076,0.387259264084924
"L20.00_M040.000","L=20, M=40",6306,22.1316156015594,13.986662255088,0.612753899546354,0.387246100453646
"L20.00_M040.000","L=20, M=40",6406,22.1322162197751,13.9862240488053,0.612767773336768,0.387232226663232
"L20.00_M040.000","L=20, M=40",6507,22.1322142975518,13.9857191524812,0.612776318672007,0.387223681327993
"L20.00_M040.000","L=20, M=40",6607,22.1327206959568,13.9852175816628,0.612790257456952,0.387209742543048
"L20.00_M040.000","L=20, M=40",6707,22.1335794566217,13.9847633526971,0.61280717040293,0.38719282959707
"L20.00_M040.000","L=20, M=40",6807,22.1340620625494,13.9842312798964,0.612821371505328,0.387178628494672
"L20.00_M040.000","L=20, M=40",6907,22.1347380334318,13.9836822484159,0.612837933129545,0.387162066870455
"L20.00_M040.000","L=20, M=40",7007,22.1347747915001,13.9832482482196,0.612845691115431,0.387154308884569
"L20.00_M040.000","L=20, M=40",7107,22.1355772260477,13.9827695454993,0.612862414939919,0.387137585060081
"L20.00_M040.000","L=20, M=40",7207,22.1360853971227,13.982250065021,0.612876676454925,0.387123323545075
"L20.00_M040.000","L=20, M=40",7307,22.1363886675288,13.9818066274126,0.612887451511986,0.387112548488014
"L20.00_M040.000","L=20, M=40",7407,22.1371356129963,13.9813171600082,0.61290376285282,0.38709623714718
"L20.00_M040.000","L=20, M=40",7508,22.1373014313779,13.9807936275395,0.612914424065461,0.387085575934539
"L20.00_M040.000","L=20, M=40",7608,22.1379426144682,13.9802756988047,0.612930084824612,0.387069915175388
"L20.00_M040.000","L=20, M=40",7708,22.1387577321547,13.9797427355028,0.61294786454324,0.38705213545676
"L20.00_M040.000","L=20, M=40",7808,22.1393049041882,13.9792705239737,0.612961741755906,0.387038258244094
"L20.00_M040.000","L=20, M=40",7908,22.1398076770272,13.9787525089027,0.612975920497845,0.387024079502155
"L20.00_M040.000","L=20, M=40",8008,22.1399560665765,13.9782620504166,0.612985834319438,0.387014165680562
"L20.00_M040.000","L=20, M=40",8108,22.1405973081652,13.9777654736157,0.613001133022938,0.386998866977062
"L20.00_M040.000","L=20, M=40",8208,22.1364566603078,13.9771938067561,0.612966464868914,0.387033535131086
"L20.00_M040.000","L=20, M=40",8308,22.1415482450312,13.9767551799168,0.613028468821638,0.386971531178362
"L20.00_M040.000","L=20, M=40",8408,22.1423086239856,13.9762055494105,0.613045944184908,0.386954055815091
"L20.00_M040.000","L=20, M=40",8509,22.1439431293088,13.9756237158182,0.613073330149757,0.386926669850243
"L20.00_M040.000","L=20, M=40",8609,22.1433139508164,13.9750822719625,0.613075780392797,0.386924219607203
"L20.00_M040.000","L=20, M=40",8709,22.1435256726202,13.9745791900817,0.613086587925802,0.386913412074199
"L20.00_M040.000","L=20, M=40",8809,22.1441904659774,13.9740609508942,0.613102506275634,0.386897493724366
"L20.00_M040.000","L=20, M=40",8909,22.1448289470353,13.9735022940731,0.61311882875228,0.38688117124772
"L20.00_M040.000","L=20, M=40",9009,22.1445823979154,13.9729399541274,0.613125733877005,0.386874266122995
"L20.00_M040.000","L=20, M=40",9109,22.1458808795529,13.9724583248658,0.613147818182171,0.386852181817829
"L20.00_M040.000","L=20, M=40",9209,22.1464488278514,13.9718854393837,0.613163626649905,0.386836373350095
"L20.00_M040.000","L=20, M=40",9309,22.1468973138998,13.9714168120025,0.613176385716661,0.386823614283339
"L20.00_M040.000","L=20, M=40",9409,22.1472542426875,13.9709371867404,0.613188350971602,0.386811649028398
"L20.00_M040.000","L=20, M=40",9510,22.1478949603081,13.9704326238181,0.613203778849438,0.386796221150562
"L20.00_M040.000","L=20, M=40",9610,22.1484675227174,13.9698726537548,0.613219417462187,0.386780582537813
"L20.00_M040.000","L=20, M=40",9710,22.1490906002115,13.9693084522874,0.613235668835081,0.386764331164919
"L20.00_M040.000","L=20, M=40",9810,22.1495541143495,13.9687769134356,0.613249657004094,0.386750342995906
"L20.00_M040.000","L=20, M=40",9910,22.151718538848,13.9682501156721,0.613281776369313,0.386718223630687
"L20.00_M040.000","L=20, M=40",10010,22.1505902881983,13.9676907184113,0.613279194658926,0.386720805341074
"L20.00_M040.000","L=20, M=40",10110,22.1511829419528,13.9671975089657,0.61329391477157,0.38670608522843
"L20.00_M040.000","L=20, M=40",10210,22.1521425379967,13.9666753481891,0.613313054923349,0.386686945076651
"L20.00_M040.000","L=20, M=40",10310,22.1521002917893,13.9661972540481,0.613320720991245,0.386679279008755
"L20.00_M040.000","L=20, M=40",10410,22.1526319003513,13.9656679763422,0.613335399949044,0.386664600050956
"L20.00_M040.000","L=20, M=40",10511,22.1525264473383,13.9651848499857,0.613342475246476,0.386657524753524
"L20.00_M040.000","L=20, M=40",10611,22.153620051131,13.9647088531283,0.613362265730918,0.386637734269082
"L20.00_M040.000","L=20, M=40",10711,22.1535953319935,13.9641860166549,0.613370880069923,0.386629119930077
"L20.00_M040.000","L=20, M=40",10811,22.1546699163362,13.9636820714606,0.61339094108783,0.386609058912169
"L20.00_M040.000","L=20, M=40",10911,22.1552139485826,13.9630968026593,0.613406703906296,0.386593296093704
"L20.00_M040.000","L=20, M=40",11011,22.1556519102093,13.9625841774473,0.613420097715707,0.386579902284292
"L20.00_M040.000","L=20, M=40",11111,22.1563272454582,13.9620762338752,0.613435952619993,0.386564047380007
"L20.00_M040.000","L=20, M=40",11211,22.1561969543701,13.9616113558009,0.613442453764028,0.386557546235972
"L20.00_M040.000","L=20, M=40",11311,22.1570833027784,13.9610982716135,0.613460654356087,0.386539345643913
"L20.00_M040.000","L=20, M=40",11411,22.1574202236347,13.9606002221723,0.613472719438781,0.386527280561219
"L20.00_M040.000","L=20, M=40",11512,22.1582432926388,13.9600926475947,0.613490148862477,0.386509851137523
"L20.00_M040.000","L=20, M=40",11612,22.1587317999198,13.9595559579726,0.61350449247356,0.38649550752644
"L20.00_M040.000","L=20, M=40",11712,22.1592938035693,13.9590753742459,0.613518669530077,0.386481330469923
"L20.00_M040.000","L=20, M=40",11812,22.1597694031475,13.9585655785932,0.61353241821225,0.38646758178775
"L20.00_M040.000","L=20, M=40",11912,22.1603889133332,13.9580285998003,0.613548168473193,0.386451831526807
"L20.00_M040.000","L=20, M=40",12012,22.1608066220941,13.9574871084372,0.613561836210477,0.386438163789524
"L20.00_M040.000","L=20, M=40",12112,22.1618162010011,13.9569459448473,0.613581830725847,0.386418169274153
"L20.00_M040.000","L=20, M=40",12212,22.1619035356954,13.9563980948485,0.613592072030151,0.386407927969849
"L20.00_M040.000","L=20, M=40",12312,22.1627280197725,13.9558989172793,0.613609372759327,0.386390627240673
"L20.00_M040.000","L=20, M=40",12412,22.1629395592164,13.9553727486996,0.61362057480075,0.38637942519925
"L20.00_M040.000","L=20, M=40",12513,22.1634680337713,13.9548682897142,0.613634798548564,0.386365201451436
"L20.00_M040.000","L=20, M=40",12613,22.163841365917,13.9543587518341,0.61364744903288,0.38635255096712
"L20.00_M040.000","L=20, M=40",12713,22.164503821329,13.953851478469,0.61366315374424,0.386336846255761
"L20.00_M040.000","L=20, M=40",12813,22.1649999414824,13.9533211416166,0.613677471067562,0.386322528932438
"L20.00_M040.000","L=20, M=40",12913,22.165522100895,13.9528131365363,0.613691687481868,0.386308312518132
"L20.00_M040.000","L=20, M=40",13013,22.166027302331,13.9523711980032,0.613704599945811,0.386295400054189
"L20.00_M040.000","L=20, M=40",13113,22.1665252177998,13.9518024235275,0.613719589620104,0.386280410379896
"L20.00_M040.000","L=20, M=40",13213,22.1667906227348,13.95139107316,0.613729417758987,0.386270582241013
"L20.00_M040.000","L=20, M=40",13313,22.16751206305,13.9508531131543,0.613746274365002,0.386253725634998
"L20.00_M040.000","L=20, M=40",13413,22.1658247343674,13.9503228030849,0.613737240700479,0.386262759299521
"L20.00_M040.000","L=20, M=40",13514,22.1685021472845,13.9498116882009,0.613774559030064,0.386225440969936
"L20.00_M040.000","L=20, M=40",13614,22.1694782018331,13.949283008174,0.613793980168146,0.386206019831854
"L20.00_M040.000","L=20, M=40",13714,22.1701531378488,13.9487762958856,0.613809807915909,0.386190192084091
"L20.00_M040.000","L=20, M=40",13814,22.1701545954189,13.9482124197613,0.613819406234535,0.386180593765465
"L20.00_M040.000","L=20, M=40",13914,22.1706339378118,13.9476671278522,0.613833798480859,0.386166201519141
"L20.00_M040.000","L=20, M=40",14014,22.1712519741505,13.9470213587874,0.613851381260009,0.386148618739991
"L20.00_M040.000","L=20, M=40",14114,22.171844201893,13.9464589735858,0.613867270956011,0.386132729043989
"L20.00_M040.000","L=20, M=40",14214,22.1724640734095,13.9459026304446,0.613883353453065,0.386116646546935
"L20.00_M040.000","L=20, M=40",14314,22.1729590629805,13.945347877044,0.613898073899183,0.386101926100817
"L20.00_M040.000","L=20, M=40",14414,22.1734586627769,13.9448372945743,0.613912092889419,0.386087907110581
"L20.00_M040.000","L=20, M=40",14515,22.1737968266277,13.9443134746796,0.61392461127251,0.38607538872749
"L20.00_M040.000","L=20, M=40",14615,22.174535367662,13.9437946114026,0.613941325097674,0.386058674902326
"L20.00_M040.000","L=20, M=40",14715,22.1750368249498,13.9432916503362,0.613955234393615,0.386044765606385
"L20.00_M040.000","L=20, M=40",14815,22.1754043416665,13.9427936272528,0.613967628195321,0.386032371804679
"L20.00_M040.000","L=20, M=40",14915,22.1767598768726,13.9422588335709,0.613991206534643,0.386008793465356
"L20.00_M040.000","L=20, M=40",15015,22.1770878968359,13.9417055918239,0.614004116826295,0.385995883173705
"L20.00_M040.000","L=20, M=40",15115,22.1772912090904,13.9411601118224,0.614015562628779,0.385984437371221
"L20.00_M040.000","L=20, M=40",15215,22.1778356984635,13.9406351202662,0.61403030625989,0.38596969374011
"L20.00_M040.000","L=20, M=40",15315,22.178353671845,13.9401570354268,0.614043969077047,0.385956030922953
"L20.00_M040.000","L=20, M=40",15415,22.1787593725607,13.9396196847418,0.614057439769754,0.385942560230246
"L20.00_M040.000","L=20, M=40",15516,22.179265525831,13.9390516048618,0.61407250635671,0.38592749364329
"L20.00_M040.000","L=20, M=40",15616,22.1800764460398,13.9384846658309,0.614090809911863,0.385909190088137
"L20.00_M040.000","L=20, M=40",15716,22.1804195940189,13.9379198748265,0.614104078985997,0.385895921014003
"L20.00_M040.000","L=20, M=40",15816,22.1810940315885,13.9373757456316,0.614120536346147,0.385879463653853
"L20.00_M040.000","L=20, M=40",15916,22.1824934297624,13.9368098517765,0.614145108416312,0.385854891583688
"L20.00_M040.000","L=20, M=40",16016,22.1821203416029,13.9362767893871,0.614150186708324,0.385849813291676
"L20.00_M040.000","L=20, M=40",16116,22.182643607826,13.9357602365168,0.614164560079263,0.385835439920737
"L20.00_M040.000","L=20, M=40",16216,22.183839993565,13.9352540918384,0.614185946666089,0.385814053333911
"L20.00_M040.000","L=20, M=40",16316,22.1837939404808,13.9347407696457,0.614194183637832,0.385805816362168
"L20.00_M040.000","L=20, M=40",16416,22.1840746718726,13.9342035031545,0.614206318594974,0.385793681405026
"L20.00_M040.000","L=20, M=40",16517,22.1839912604879,13.9337302762928,0.614213475174416,0.385786524825584
"L20.00_M040.000","L=20, M=40",16617,22.182788036194,13.933203093863,0.61420958811048,0.38579041188952
"L20.00_M040.000","L=20, M=40",16717,22.1855666891259,13.9327428586001,0.614247094255902,0.385752905744098
"L20.00_M040.000","L=20, M=40",16817,22.1861027657064,13.9321895176659,0.614262230108817,0.385737769891183
"L20.00_M040.000","L=20, M=40",16917,22.186713860506,13.9316080926051,0.614278644763974,0.385721355236026
"L20.00_M040.000","L=20, M=40",17017,22.1873246035728,13.9311077310362,0.61429367692442,0.38570632307558
"L20.00_M040.000","L=20, M=40",17117,22.1876922396838,13.930572300953,0.614306709413469,0.385693290586531
"L20.00_M040.000","L=20, M=40",17217,22.1883573101701,13.9300094506855,0.614323384473115,0.385676615526886
"L20.00_M040.000","L=20, M=40",17317,22.1887997904389,13.9295146245702,0.614336525660739,0.385663474339261
"L20.00_M040.000","L=20, M=40",17417,22.1892928449105,13.9289820836209,0.614350848395094,0.385649151604906
"L20.00_M040.000","L=20, M=40",17518,22.1898567004469,13.9284570249076,0.614365799831623,0.385634200168376
"L20.00_M040.000","L=20, M=40",17618,22.1906215420378,13.9279223479136,0.614383060669605,0.385616939330395
"L20.00_M040.000","L=20, M=40",17718,22.1909561356213,13.9273692242965,0.614396041745824,0.385603958254176
"L20.00_M040.000","L=20, M=40",17818,22.1915046438303,13.9268037635009,0.614411516551697,0.385588483448303
"L20.00_M040.000","L=20, M=40",17918,22.1919364250442,13.9263058646665,0.614424595943481,0.385575404056519
"L20.00_M040.000","L=20, M=40",18018,22.192403802988,13.9257924838149,0.61443831875671,0.38556168124329
"L20.00_M040.000","L=20, M=40",18118,22.193057251112,13.9252549772822,0.61445443825764,0.38554556174236
"L20.00_M040.000","L=20, M=40",18218,22.1939256291549,13.9246964349896,0.614473209685016,0.385526790314984
"L20.00_M040.000","L=20, M=40",18318,22.1941399513188,13.9241737150466,0.614484390282781,0.385515609717219
"L20.00_M040.000","L=20, M=40",18418,22.1946712270029,13.9236270128024,0.614499362058607,0.385500637941393
"L20.00_M040.000","L=20, M=40",18519,22.19502738683,13.9230974839767,0.61451217266181,0.38548782733819
"L20.00_M040.000","L=20, M=40",18619,22.1957101811709,13.9225645789745,0.614528526862604,0.385471473137396
"L20.00_M040.000","L=20, M=40",18719,22.1964383166251,13.9219702846773,0.614546409329473,0.385453590670527
"L20.00_M040.000","L=20, M=40",18819,22.1969024104271,13.9214142755649,0.614560822515736,0.385439177484265
"L20.00_M040.000","L=20, M=40",18919,22.1974119536227,13.9208932851809,0.614575124908545,0.385424875091455
"L20.00_M040.000","L=20, M=40",19019,22.1993525190777,13.9203688956571,0.614604754676253,0.385395245323747
"L20.00_M040.000","L=20, M=40",19119,22.198594004002,13.9197780071842,0.614606715859921,0.385393284140079
"L20.00_M040.000","L=20, M=40",19219,22.1989768974732,13.9192487925432,0.614619806853064,0.385380193146936
"L20.00_M040.000","L=20, M=40",19319,22.1995485483199,13.918771859084,0.61463402223347,0.38536597776653
"L20.00_M040.000","L=20, M=40",19419,22.1999410334998,13.9182049580353,0.614647857027399,0.385352142972601
"L20.00_M040.000","L=20, M=40",19520,22.2006387372933,13.9176919441232,0.61466403121216,0.38533596878784
"L20.00_M040.000","L=20, M=40",19620,22.2011264397003,13.9171697856515,0.614678120506611,0.385321879493389
"L20.00_M040.000","L=20, M=40",19720,22.2017186419828,13.9166013346904,0.614694112470392,0.385305887529608
"L20.00_M040.000","L=20, M=40",19820,22.2022884743164,13.9160552763562,0.614709484675718,0.385290515324282
"L20.00_M040.000","L=20, M=40",19920,22.2020656844177,13.9154925515366,0.6147166854241,0.3852833145759
"L20.00_M040.000","L=20, M=40",20020,22.2032572765998,13.9149809618302,0.614738103504046,0.385261896495954
"L20.00_M040.000","L=20, M=40",20120,22.2038342172662,13.9144809580016,0.614752767661499,0.385247232338501
"L20.00_M040.000","L=20, M=40",20220,22.204483605358,13.913975145105,0.614768303342218,0.385231696657782
"L20.00_M040.000","L=20, M=40",20320,22.2048436954924,13.9134476813234,0.614781121948244,0.385218878051756
"L20.00_M040.000","L=20, M=40",20420,22.2054079722018,13.9128890062607,0.614796649616205,0.385203350383795
"L20.00_M040.000","L=20, M=40",20521,22.2058258174628,13.9123311936733,0.614810600956639,0.385189399043361
"L20.00_M040.000","L=20, M=40",20621,22.2075690448229,13.9118140838912,0.614837993375595,0.385162006624405
"L20.00_M040.000","L=20, M=40",20721,22.2070396466123,13.9112873670701,0.614841314167176,0.385158685832824
"L20.00_M040.000","L=20, M=40",20821,22.2075606354312,13.9107441989983,0.614856116233395,0.385143883766605
"L20.00_M040.000","L=20, M=40",20921,22.2081188625906,13.9101954528446,0.614871410349844,0.385128589650156
"L20.00_M040.000","L=20, M=40",21021,22.2086639598039,13.9096474828933,0.614886551245304,0.385113448754696
"L20.00_M040.000","L=20, M=40",21121,22.2092105510851,13.9091116102512,0.614901502120702,0.385098497879298
"L20.00_M040.000","L=20, M=40",21221,22.2097720744133,13.9085593475059,0.614916891230883,0.385083108769117
"L20.00_M040.000","L=20, M=40",21321,22.2121884346262,13.908031681807,0.614951635483544,0.385048364516456
"L20.00_M040.000","L=20, M=40",21421,22.2108040008088,13.9075271736915,0.614945466154033,0.385054533845967
"L20.00_M040.000","L=20, M=40",21522,22.2113858393465,13.9069508831618,0.614961480922922,0.385038519077078
"L20.00_M040.000","L=20, M=40",21622,22.2110095851409,13.9063889352342,0.614967037911406,0.385032962088594
"L20.00_M040.000","L=20, M=40",21722,22.2126078672954,13.9058426508428,0.61499337730838,0.38500662269162
"L20.00_M040.000","L=20, M=40",21822,22.212992511396,13.9053183101809,0.615006405507925,0.384993594492075
"L20.00_M040.000","L=20, M=40",21922,22.2135539753593,13.9047388380098,0.615022257285012,0.384977742714988
"L20.00_M040.000","L=20, M=40",22022,22.2140916277613,13.9041952837003,0.615037243660412,0.384962756339588
"L20.00_M040.000","L=20, M=40",22122,22.2146359185439,13.9036593221757,0.615052171496157,0.384947828503843
"L20.00_M040.000","L=20, M=40",22222,22.215341735694,13.9030851701406,0.615069471148682,0.384930528851318
"L20.00_M040.000","L=20, M=40",22322,22.2157193984113,13.9025685691663,0.615082293445187,0.384917706554813
"L20.00_M040.000","L=20, M=40",22422,22.2163821098141,13.9020314393006,0.615098503138951,0.384901496861049
"L20.00_M040.000","L=20, M=40",22523,22.2169459853905,13.9015029919427,0.615113511638696,0.384886488361304
"L20.00_M040.000","L=20, M=40",22623,22.2176205614214,13.9009634871292,0.615129888025412,0.384870111974588
"L20.00_M040.000","L=20, M=40",22723,22.2179011897828,13.900407893081,0.615142340656363,0.384857659343637
"L20.00_M040.000","L=20, M=40",22823,22.2159773906405,13.8998882220835,0.615130691559933,0.384869308440067
"L20.00_M040.000","L=20, M=40",22923,22.2191678103049,13.8992870123009,0.615174927040301,0.384825072959699
"L20.00_M040.000","L=20, M=40",23023,22.2196537228347,13.8986849252637,0.615190359094895,0.384809640905105
"L20.00_M040.000","L=20, M=40",23123,22.2202238176963,13.8981087697468,0.615206246409652,0.384793753590348
"L20.00_M040.000","L=20, M=40",23223,22.2200262672923,13.8976007783231,0.615212794551234,0.384787205448766
"L20.00_M040.000","L=20, M=40",23323,22.2204430211024,13.8970832434282,0.61522605004441,0.38477394995559
"L20.00_M040.000","L=20, M=40",23423,22.2217281709593,13.8964825378315,0.615249973209519,0.384750026790481
"L20.00_M040.000","L=20, M=40",23524,22.2223815541017,13.8959198442614,0.61526651846116,0.38473348153884
"L20.00_M040.000","L=20, M=40",23624,22.2229298283796,13.8953664838137,0.615281785062417,0.384718214937583
"L20.00_M040.000","L=20, M=40",23724,22.2235347482887,13.894811114859,0.615297689226787,0.384702310773213
"L20.00_M040.000","L=20, M=40",23824,22.2241153145388,13.8942523999853,0.61531339096484,0.38468660903516
"L20.00_M040.000","L=20, M=40",23924,22.2245309945408,13.8937474065335,0.615326421368958,0.384673578631042
"L20.00_M040.000","L=20, M=40",24024,22.2251740547714,13.8931860309389,0.61534283400548,0.38465716599452
"L20.00_M040.000","L=20, M=40",24124,22.2257076298326,13.8926171960982,0.615358207695057,0.384641792304944
"L20.00_M040.000","L=20, M=40",24224,22.226683311491,13.892053528273,0.615378201350085,0.384621798649915
"L20.00_M040.000","L=20, M=40",24324,22.2261884976776,13.8914761826671,0.615382768913437,0.384617231086563
"L20.00_M040.000","L=20, M=40",24424,22.2276185493895,13.8909283436507,0.61540733117568,0.38459266882432
"L20.00_M040.000","L=20, M=40",24525,22.2279275640521,13.8903839078832,0.615419898057075,0.384580101942925
"L20.00_M040.000","L=20, M=40",24625,22.2280543485637,13.8898663218515,0.615430067289867,0.384569932710133
"L20.00_M040.000","L=20, M=40",24725,22.2291116637166,13.8893533984764,0.615450064819752,0.384549935180248
"L20.00_M040.000","L=20, M=40",24825,22.2295744965082,13.8887477962826,0.61546531193519,0.38453468806481
"L20.00_M040.000","L=20, M=40",24925,22.2301305224128,13.8881449032236,0.61548150515055,0.38451849484945
"L20.00_M040.000","L=20, M=40",25025,22.2311726050138,13.8875844838689,0.615502148933484,0.384497851066516
"L20.00_M040.000","L=20, M=40",25125,22.2288638512756,13.8870220829626,0.61548715409477,0.384512845905229
"L20.00_M040.000","L=20, M=40",25225,22.2314588571891,13.8864296697344,0.615524876007549,0.384475123992451
"L20.00_M040.000","L=20, M=40",25325,22.2330853324506,13.8858774177991,0.615551600586783,0.384448399413217
"L20.00_M040.000","L=20, M=40",25425,22.2329748786888,13.8853204314785,0.615559917425842,0.384440082574158
"L20.00_M040.000","L=20, M=40",25526,22.2333402488139,13.8847649324806,0.615573273769869,0.384426726230131
"L20.00_M040.000","L=20, M=40",25626,22.2341365716054,13.8842272401815,0.615590913460745,0.384409086539255
"L20.00_M040.000","L=20, M=40",25726,22.2347067062499,13.8837065644412,0.615605855650713,0.384394144349286
"L20.00_M040.000","L=20, M=40",25826,22.2347285795084,13.8831656983652,0.615615307150666,0.384384692849334
"L20.00_M040.000","L=20, M=40",25926,22.2355937913673,13.8825899036422,0.615634329210181,0.384365670789819
"L20.00_M040.000","L=20, M=40",26026,22.2363123598195,13.8820134904624,0.615651801027371,0.384348198972629
"L20.00_M040.000","L=20, M=40",26126,22.2367403991745,13.881447070997,0.615666010857795,0.384333989142205
"L20.00_M040.000","L=20, M=40",26226,22.2378152234922,13.8809152575967,0.615686512989029,0.384313487010971
"L20.00_M040.000","L=20, M=40",26326,22.2380310080062,13.8803399490971,0.615698615931977,0.384301384068023
"L20.00_M040.000","L=20, M=40",26426,22.2384659195943,13.8798285590035,0.615711960950202,0.384288039049798
"L20.00_M040.000","L=20, M=40",26527,22.2389418699254,13.8793491263799,0.615725197856132,0.384274802143868
"L20.00_M040.000","L=20, M=40",26627,22.2366442758084,13.8787604233959,0.615710787709886,0.384289212290114
"L20.00_M040.000","L=20, M=40",26727,22.2402242179128,13.8782265669408,0.615757977837724,0.384242022162276
"L20.00_M040.000","L=20, M=40",26827,22.243073711842,13.87770178251,0.615797236006741,0.384202763993259
"L20.00_M040.000","L=20, M=40",26927,22.2411551606448,13.8771585948458,0.615786088775082,0.384213911224918
"L20.00_M040.000","L=20, M=40",27027,22.2415705626874,13.8766598961341,0.615799010088412,0.384200989911588
"L20.00_M040.000","L=20, M=40",27127,22.2421067759002,13.8762162390344,0.615812278070144,0.384187721929856
"L20.00_M040.000","L=20, M=40",27227,22.2428162829758,13.8756209475241,0.615829974620082,0.384170025379918
"L20.00_M040.000","L=20, M=40",27327,22.2432508376005,13.8750609372361,0.615844145104734,0.384155854895266
"L20.00_M040.000","L=20, M=40",27427,22.2418150010583,13.8745133065317,0.615838210673926,0.384161789326074
"L20.00_M040.000","L=20, M=40",27528,22.2443554291798,13.8739813192805,0.615874301856607,0.384125698143393
"L20.00_M040.000","L=20, M=40",27628,22.2447875005193,13.8734137580395,0.615888574884334,0.384111425115666
"L20.00_M040.000","L=20, M=40",27728,22.2455093954287,13.8728273806046,0.615906250981909,0.384093749018091
"L20.00_M040.000","L=20, M=40",27828,22.2462034563272,13.872251005407,0.615923460398784,0.384076539601216
"L20.00_M040.000","L=20, M=40",27928,22.2465279317624,13.8716783069057,0.615936677053061,0.384063322946939
"L20.00_M040.000","L=20, M=40",28028,22.2471615467195,13.8711497515345,0.615952428202117,0.384047571797883
"L20.00_M040.000","L=20, M=40",28128,22.2487160012483,13.8706016091684,0.615978303943148,0.384021696056852
"L20.00_M040.000","L=20, M=40",28228,22.2482455097552,13.8700296490376,0.61598305599981,0.38401694400019
"L20.00_M040.000","L=20, M=40",28328,22.2488890175595,13.8694396587665,0.615999959935651,0.384000040064349
"L20.00_M040.000","L=20, M=40",28428,22.2493477912616,13.8688229808779,0.616015355030772,0.383984644969228
"L20.00_M040.000","L=20, M=40",28529,22.2495663511374,13.8682048201631,0.616028221830507,0.383971778169493
"L20.00_M040.000","L=20, M=40",28629,22.2506179448875,13.8676155881596,0.616049451159588,0.383950548840412
"L20.00_M040.000","L=20, M=40",28729,22.2512645134183,13.8670470173555,0.616066022202051,0.383933977797949
"L20.00_M040.000","L=20, M=40",28829,22.2525965857472,13.8664439994138,0.616090467111946,0.383909532888054
"L20.00_M040.000","L=20, M=40",28929,22.2522557868852,13.8658386875439,0.616097169872551,0.383902830127449
"L20.00_M040.000","L=20, M=40",29029,22.2530545372483,13.8652756011772,0.616115264796636,0.383884735203364
"L20.00_M040.000","L=20, M=40",29129,22.2540762815052,13.8647274012002,0.61613547549918,0.38386452450082
"L20.00_M040.000","L=20, M=40",29229,22.2542090582398,13.8641204473447,0.61614724055272,0.38385275944728
"L20.00_M040.000","L=20, M=40",29329,22.2547143009426,13.8636086183406,0.616161341452014,0.383838658547986
"L20.00_M040.000","L=20, M=40",29429,22.2556091801456,13.8630623141137,0.616180171069772,0.383819828930228
"L20.00_M040.000","L=20, M=40",29530,22.2557823578304,13.8625613904162,0.616190557157285,0.383809442842715
"L20.00_M040.000","L=20, M=40",29630,22.2562396704698,13.8620499355657,0.616204142367547,0.383795857632453
"L20.00_M040.000","L=20, M=40",29730,22.2567899377046,13.8615075753884,0.616219242605121,0.383780757394879
"L20.00_M040.000","L=20, M=40",29830,22.2556577515868,13.8609316831756,0.616217037652111,0.383782962347889
"L20.00_M040.000","L=20, M=40",29930,22.2579115103598,13.8603912954667,0.616250205055849,0.383749794944151
"L20.00_M040.000","L=20, M=40",30030,22.2584038663438,13.859879108319,0.616264175181257,0.383735824818743
"L20.00_M040.000","L=20, M=40",30130,22.2588703461033,13.8595019566522,0.61627556633844,0.38372443366156
"L20.00_M040.000","L=20, M=40",30230,22.2594008565415,13.8589111023668,0.616291284096167,0.383708715903833
"L20.00_M040.000","L=20, M=40",30330,22.2576103532334,13.8583612823985,0.616281643417676,0.383718356582324
"L20.00_M040.000","L=20, M=40",30430,22.2605259185492,13.8577961402909,0.616322261102958,0.383677738897042
"L20.00_M040.000","L=20, M=40",30531,22.2609646307945,13.857248617677,0.616336264411877,0.383663735588122
"L20.00_M040.000","L=20, M=40",30631,22.2616449559201,13.8566741112189,0.616353294696211,0.383646705303789
"L20.00_M040.000","L=20, M=40",30731,22.262506897971,13.8561500063374,0.616371393791097,0.383628606208903
"L20.00_M040.000","L=20, M=40",30831,22.2601953412416,13.8555767195295,0.616356624019692,0.383643375980308
"L20.00_M040.000","L=20, M=40",30931,22.2632503577611,13.8550241012419,0.61639850439233,0.38360149560767
"L20.00_M040.000","L=20, M=40",31031,22.2637951210838,13.8544707743007,0.616413733305198,0.383586266694802
"L20.00_M040.000","L=20, M=40",31131,22.2643956415128,13.8539098050858,0.616429684787704,0.383570315212296
"L20.00_M040.000","L=20, M=40",31231,22.263519404886,13.8533531420917,0.616429879855393,0.383570120144607
"L20.00_M040.000","L=20, M=40",31331,22.2655589464136,13.8527693466463,0.61646150302842,0.38353849697158
"L20.00_M040.000","L=20, M=40",31431,22.2661358063442,13.8522742871314,0.616476078230429,0.383523921769571
"L20.00_M040.000","L=20, M=40",31532,22.2667025899247,13.8517096109943,0.616491734632735,0.383508265367265
"L20.00_M040.000","L=20, M=40",31632,22.266987716458,13.8511068572041,0.61650505042687,0.38349494957313
"L20.00_M040.000","L=20, M=40",31732,22.2682944616698,13.8505412159466,0.616528579725783,0.383471420274217
"L20.00_M040.000","L=20, M=40",31832,22.2681625004082,13.8499902605072,0.616536583357754,0.383463416642246
"L20.00_M040.000","L=20, M=40",31932,22.2689643471983,13.8494113905119,0.616554977690978,0.383445022309022
"L20.00_M040.000","L=20, M=40",32032,22.2695904222679,13.848862468333,0.616570994602682,0.383429005397318
"L20.00_M040.000","L=20, M=40",32132,22.2702996039726,13.8482957001846,0.616588198307074,0.383411801692926
"L20.00_M040.000","L=20, M=40",32232,22.2702103184236,13.847720134959,0.616597076268469,0.383402923731531
"L20.00_M040.000","L=20, M=40",32332,22.2742946813923,13.8470929902617,0.61665113433258,0.38334886566742
"L20.00_M040.000","L=20, M=40",32432,22.2718707672619,13.8465148276338,0.616635278693336,0.383364721306663
"L20.00_M040.000","L=20, M=40",32533,22.273192043804,13.8459695824107,0.616658611135605,0.383341388864395
"L20.00_M040.000","L=20, M=40",32633,22.2728447954205,13.8454594940805,0.61666363450775,0.383336365492251
"L20.00_M040.000","L=20, M=40",32733,22.2719177858545,13.844916792324,0.616663061588211,0.383336938411789
"L20.00_M040.000","L=20, M=40",32833,22.2738709245352,13.8444193293762,0.616692284378635,0.383307715621365
"L20.00_M040.000","L=20, M=40",32933,22.2742644172149,13.843862110541,0.616705974494487,0.383294025505513
"L20.00_M040.000","L=20, M=40",33033,22.274913297165,13.8433094931546,0.616722296290147,0.383277703709853
"L20.00_M040.000","L=20, M=40",33133,22.2756072130812,13.8427913666585,0.61673850693858,0.38326149306142
"L20.00_M040.000","L=20, M=40",33233,22.2760100868536,13.8422785956808,0.616751537777744,0.383248462222256
"L20.00_M040.000","L=20, M=40",33333,22.2765933353247,13.8417221667325,0.616767228085593,0.383232771914407
"L20.00_M040.000","L=20, M=40",33433,22.2770313904084,13.8411833132245,0.616781077724965,0.383218922275035
"L20.00_M040.000","L=20, M=40",33534,22.2777761281979,13.8406586150001,0.616797939517392,0.383202060482608
"L20.00_M040.000","L=20, M=40",33634,22.278352827614,13.840087894362,0.616813804314064,0.383186195685936
"L20.00_M040.000","L=20, M=40",33734,22.2788006073739,13.8395289726348,0.616828099926999,0.383171900073001
"L20.00_M040.000","L=20, M=40",33834,22.2793559762115,13.8389246579459,0.616844312216283,0.383155687783717
"L20.00_M040.000","L=20, M=40",33934,22.2799291101069,13.8383800856062,0.616859692666658,0.383140307333342
"L20.00_M040.000","L=20, M=40",34034,22.2805081593307,13.8377849081235,0.61687600013987,0.38312399986013
"L20.00_M040.000","L=20, M=40",34134,22.2812721707845,13.8371664294169,0.616894667497069,0.383105332502931
"L20.00_M040.000","L=20, M=40",34234,22.2818445509622,13.836588013376,0.616910617903236,0.383089382096764
"L20.00_M040.000","L=20, M=40",34334,22.2822701587838,13.8360312905582,0.616924641100191,0.383075358899809
"L20.00_M040.000","L=20, M=40",34434,22.2833894644709,13.8354260270501,0.61694685058822,0.38305314941178
"L20.00_M040.000","L=20, M=40",34535,22.2831219051703,13.834847812988,0.616953889685761,0.383046110314239
"L20.00_M040.000","L=20, M=40",34635,22.284069876445,13.8342829129001,0.616973592522712,0.383026407477287
"L20.00_M040.000","L=20, M=40",34735,22.2851914167931,13.8336799282072,0.616995786051269,0.383004213948731
"L20.00_M040.000","L=20, M=40",34835,22.2852148532761,13.8330594203564,0.617006634493194,0.382993365506806
"L20.00_M040.000","L=20, M=40",34935,22.2862157873976,13.8324673455601,0.617027362414046,0.382972637585954
"L20.00_M040.000","L=20, M=40",35035,22.2863889578381,13.8318689860772,0.617039420684258,0.382960579315742
"L20.00_M040.000","L=20, M=40",35135,22.2869513012741,13.8312992987607,0.61705511565537,0.38294488434463
"L20.00_M040.000","L=20, M=40",35235,22.2876175770149,13.8307563864196,0.617071455087607,0.382928544912393
"L20.00_M040.000","L=20, M=40",35335,22.2879064019453,13.8301485077152,0.617084902763796,0.382915097236204
"L20.00_M040.000","L=20, M=40",35435,22.2883444008083,13.8295297638233,0.617100117775873,0.382899882224127
"L20.00_M040.000","L=20, M=40",35536,22.2892643169171,13.8289806890932,0.617119251314898,0.382880748685103
"L20.00_M040.000","L=20, M=40",35636,22.289388736911,13.8284249502387,0.61713006578915,0.38286993421085
"L20.00_M040.000","L=20, M=40",35736,22.2910390282528,13.8278761886381,0.617156935483724,0.382843064516276
"L20.00_M040.000","L=20, M=40",35836,22.2909436028668,13.8273001877954,0.617165766200121,0.382834233799879
"L20.00_M040.000","L=20, M=40",35936,22.2915213249704,13.8267785736977,0.617180802737408,0.382819197262593
"L20.00_M040.000","L=20, M=40",36036,22.2911595624393,13.8261944957179,0.617186949147642,0.382813050852358
"L20.00_M040.000","L=20, M=40",36136,22.2920228605729,13.8256186698794,0.617205939146873,0.382794060853127
"L20.00_M040.000","L=20, M=40",36236,22.2932264465596,13.8250671463524,0.617228119850448,0.382771880149552
"L20.00_M040.000","L=20, M=40",36336,22.293711612913,13.8244972333826,0.617243000830577,0.382756999169422
"L20.00_M040.000","L=20, M=40",36436,22.294422068203,13.8238826030529,0.617261033460012,0.382738966539988
"L20.00_M040.000","L=20, M=40",36537,22.2949725408084,13.8233065285881,0.617276711827038,0.382723288172962
"L20.00_M040.000","L=20, M=40",36637,22.2954699982884,13.822772910065,0.617291102860707,0.382708897139293
"L20.00_M040.000","L=20, M=40",36737,22.2959636717809,13.8221305886872,0.617307311703438,0.382692688296562
"L20.00_M040.000","L=20, M=40",36837,22.2968380709376,13.8215123413214,0.617327143029483,0.382672856970517
"L20.00_M040.000","L=20, M=40",36937,22.2973668709939,13.8209361570622,0.617342593689235,0.382657406310765
"L20.00_M040.000","L=20, M=40",37037,22.2979409903052,13.8203854161123,0.617358089613567,0.382641910386433
"L20.00_M040.000","L=20, M=40",37137,22.2999446002524,13.8197556754816,0.617390078821723,0.382609921178277
"L20.00_M040.000","L=20, M=40",37237,22.2990251973389,13.8191894991751,0.617390017328046,0.382609982671954
"L20.00_M040.000","L=20, M=40",37337,22.2996764727911,13.8186275717006,0.617406521782463,0.382593478217537
"L20.00_M040.000","L=20, M=40",37437,22.2994974483915,13.8180228450062,0.617414962800418,0.382585037199582
"L20.00_M040.000","L=20, M=40",37538,22.2985002464312,13.8174456166626,0.617414267120652,0.382585732879348
"L20.00_M040.000","L=20, M=40",37638,22.300807868454,13.8169191223555,0.617447711317178,0.382552288682822
"L20.00_M040.000","L=20, M=40",37738,22.3018848136939,13.8163978022029,0.617468029996481,0.382531970003519
"L20.00_M040.000","L=20, M=40",37838,22.3018683539004,13.8158644706205,0.617476973492626,0.382523026507374
"L20.00_M040.000","L=20, M=40",37938,22.3031020003577,13.8153038771148,0.617499622658275,0.382500377341725
"L20.00_M040.000","L=20, M=40",38038,22.3035786778615,13.8147873305052,0.617513501931259,0.382486498068741
"L20.00_M040.000","L=20, M=40",38138,22.3041869008446,13.8142711013186,0.617528768794857,0.382471231205143
"L20.00_M040.000","L=20, M=40",38238,22.3046317262772,13.8136678769657,0.61754379279457,0.38245620720543
"L20.00_M040.000","L=20, M=40",38338,22.3050000986931,13.8131283974238,0.61755691746573,0.38244308253427
"L20.00_M040.000","L=20, M=40",38438,22.3057807458163,13.812544882945,0.617575160462424,0.382424839537576
"L20.00_M040.000","L=20, M=40",38539,22.3062808214916,13.8120223800265,0.617589389430511,0.382410610569489
"L20.00_M040.000","L=20, M=40",38639,22.3068643096508,13.8114382008769,0.617605556162248,0.382394443837752
"L20.00_M040.000","L=20, M=40",38739,22.3072550239523,13.8108358540463,0.617619992687398,0.382380007312603
"L20.00_M040.000","L=20, M=40",38839,22.3105877968708,13.8101823973471,0.617666447224378,0.382333552775622
"L20.00_M040.000","L=20, M=40",38939,22.3058664287258,13.8095898615376,0.617626598690915,0.382373401309085
"L20.00_M040.000","L=20, M=40",39039,22.309257037941,13.8090288273444,0.617672087793714,0.382327912206286
"L20.00_M040.000","L=20, M=40",39139,22.3098039106195,13.8084734866279,0.617687373770482,0.382312626229518
"L20.00_M040.000","L=20, M=40",39239,22.3103926857088,13.8079226433043,0.617703026358687,0.382296973641313
"L20.00_M040.000","L=20, M=40",39339,22.3108869122054,13.8073899627528,0.61771736756562,0.38228263243438
"L20.00_M040.000","L=20, M=40",39439,22.3115955882657,13.8068235727511,0.617734555014716,0.382265444985284
"L20.00_M040.000","L=20, M=40",39540,22.3120379477891,13.8062521406543,0.617749010076427,0.382250989923573
"L20.00_M040.000","L=20, M=40",39640,22.3127170952779,13.805636354511,0.617766729767918,0.382233270232082
"L20.00_M040.000","L=20, M=40",39740,22.3131786306996,13.8050700607618,0.617781300010113,0.382218699989887
"L20.00_M040.000","L=20, M=40",39840,22.3137105803892,13.8045162025769,0.617796402754542,0.382203597245458
"L20.00_M040.000","L=20, M=40",39940,22.3150530331671,13.803953328111,0.617820235971117,0.382179764028883
"L20.00_M040.000","L=20, M=40",40040,22.3149851112913,13.8033432940033,0.617829952175198,0.382170047824801
"L20.00_M040.000","L=20, M=40",40140,22.3155914455268,13.8028027232718,0.617845614653722,0.382154385346278
"L20.00_M040.000","L=20, M=40",40240,22.3161535090273,13.8022462281858,0.617861081094209,0.382138918905791
"L20.00_M040.000","L=20, M=40",40340,22.3166417466315,13.8016431625171,0.617876563152608,0.382123436847392
"L20.00_M040.000","L=20, M=40",40440,22.3170936810465,13.8011095848762,0.617890472478252,0.382109527521748
"L20.00_M040.000","L=20, M=40",40541,22.3177953456688,13.8005225706721,0.617907937943358,0.382092062056642
"L20.00_M040.000","L=20, M=40",40641,22.3189300203099,13.7999038697547,0.617930525892457,0.382069474107543
"L20.00_M040.000","L=20, M=40",40741,22.3177173617918,13.7992863088786,0.617928263520803,0.382071736479197
"L20.00_M040.000","L=20, M=40",40841,22.3197460636267,13.7986997839849,0.617959758229815,0.382040241770185
"L20.00_M040.000","L=20, M=40",40941,22.3202293559171,13.7980688720013,0.617975664719004,0.382024335280996
"L20.00_M040.000","L=20, M=40",41041,22.3207970258915,13.7974886864203,0.617991595827123,0.382008404172877
"L20.00_M040.000","L=20, M=40",41141,22.3214669784733,13.7969361141353,0.618008136219103,0.381991863780897
"L20.00_M040.000","L=20, M=40",41241,22.3219178592481,13.7963838143583,0.61802235500901,0.38197764499099
"L20.00_M040.000","L=20, M=40",41341,22.3237772956133,13.7958317908854,0.618051464570191,0.381948535429809
"L20.00_M040.000","L=20, M=40",41441,22.3243702662219,13.7952433848444,0.618067803323883,0.381932196676117
"L20.00_M040.000","L=20, M=40",41542,22.3235390340526,13.7946200449828,0.61806968027366,0.38193031972634
"L20.00_M040.000","L=20, M=40",41642,22.3242125009684,13.7940084236508,0.618087268128746,0.381912731871254
"L20.00_M040.000","L=20, M=40",41742,22.3247583977311,13.7933802154296,0.61810379091896,0.38189620908104
"L20.00_M040.000","L=20, M=40",41842,22.3253418342575,13.792830030277,0.618119375421085,0.381880624578915
"L20.00_M040.000","L=20, M=40",41942,22.3260967191479,13.7922482674287,0.618137312976145,0.381862687023854
"L20.00_M040.000","L=20, M=40",42042,22.3265575013035,13.791623428028,0.618152878324283,0.381847121675717
"L20.00_M040.000","L=20, M=40",42142,22.3272805772863,13.790985468472,0.618171441259108,0.381828558740892
"L20.00_M040.000","L=20, M=40",42242,22.3278301385168,13.7903923181333,0.618187402918711,0.381812597081289
"L20.00_M040.000","L=20, M=40",42342,22.328560729662,13.7897799520919,0.618205607129173,0.381794392870827
"L20.00_M040.000","L=20, M=40",42442,22.3290948223104,13.7891992296446,0.618221192567697,0.381778807432303
"L20.00_M040.000","L=20, M=40",42543,22.3274655188654,13.788514254721,0.618215694516329,0.381784305483671
"L20.00_M040.000","L=20, M=40",42643,22.330920380413,13.7879785698196,0.618261381975743,0.381738618024257
"L20.00_M040.000","L=20, M=40",42743,22.3315603520326,13.7874259577185,0.618277605039091,0.381722394960909
"L20.00_M040.000","L=20, M=40",42843,22.3314880927431,13.7868391983944,0.618286885567446,0.381713114432554
"L20.00_M040.000","L=20, M=40",42943,22.3319052625247,13.7862590446977,0.618301225736965,0.381698774263035
"L20.00_M040.000","L=20, M=40",43043,22.3326060588481,13.7856763388149,0.618318606985949,0.381681393014051
"L20.00_M040.000","L=20, M=40",43143,22.3332048118958,13.7850952512786,0.618334882118838,0.381665117881162
"L20.00_M040.000","L=20, M=40",43243,22.3334299006771,13.784409518252,0.618349000382683,0.381650999617317
"L20.00_M040.000","L=20, M=40",43343,22.3345016021209,13.7837822543845,0.618371063554786,0.381628936445214
"L20.00_M040.000","L=20, M=40",43443,22.3350916724825,13.7831956915861,0.618387340666158,0.381612659333842
"L20.00_M040.000","L=20, M=40",43544,22.3381578088678,13.782591324665,0.618430080901343,0.381569919098657
"L20.00_M040.000","L=20, M=40",43644,22.3364189304763,13.7818790027207,0.618423907233637,0.381576092766363
"L20.00_M040.000","L=20, M=40",43744,22.3371594437296,13.7812615694794,0.618442302213616,0.381557697786384
"L20.00_M040.000","L=20, M=40",43844,22.3376959193071,13.7806142149036,0.618459054044977,0.381540945955023
"L20.00_M040.000","L=20, M=40",43944,22.337934075657,13.779989632397,0.61847226480175,0.38152773519825
"L20.00_M040.000","L=20, M=40",44044,22.3390588197055,13.7792761621788,0.618496362883561,0.381503637116439
"L20.00_M040.000","L=20, M=40",44144,22.3399238397697,13.7786665705729,0.61851593835657,0.38148406164343
"L20.00_M040.000","L=20, M=40",44244,22.340205541332,13.7780711058392,0.618529110886626,0.381470889113374
"L20.00_M040.000","L=20, M=40",44344,22.3405613673339,13.7775155325983,0.618542383339791,0.38145761666021
"L20.00_M040.000","L=20, M=40",44444,22.3413261448499,13.7769489863913,0.618560162789318,0.381439837210682
"L20.00_M040.000","L=20, M=40",44545,22.3421984588879,13.776400432169,0.61857876952198,0.38142123047802
"L20.00_M040.000","L=20, M=40",44645,22.3425318136083,13.7758354290812,0.61859196633897,0.38140803366103
"L20.00_M040.000","L=20, M=40",44745,22.342998654329,13.7752548304725,0.618606839993824,0.381393160006176
"L20.00_M040.000","L=20, M=40",44845,22.3434897254826,13.7747187620768,0.618621206895648,0.381378793104352
"L20.00_M040.000","L=20, M=40",44945,22.3434005419072,13.7741302922777,0.618630344485216,0.381369655514784
"L20.00_M040.000","L=20, M=40",45045,22.3443310751155,13.7735720470312,0.618649731673222,0.381350268326778
"L20.00_M040.000","L=20, M=40",45145,22.3448991837783,13.7729942199883,0.618665627421338,0.381334372578662
"L20.00_M040.000","L=20, M=40",45245,22.3466433621333,13.7724050981027,0.618694132729855,0.381305867270145
"L20.00_M040.000","L=20, M=40",45345,22.347741552822,13.7717900861256,0.61871626067057,0.381283739329431
"L20.00_M040.000","L=20, M=40",45445,22.3482629240151,13.7711746318908,0.618732306930979,0.381267693069021
"L20.00_M040.000","L=20, M=40",45546,22.3476993903823,13.7705727312015,0.61873666921701,0.381263330782991
"L20.00_M040.000","L=20, M=40",45646,22.3483937311474,13.7699232737157,0.61875512439127,0.38124487560873
"L20.00_M040.000","L=20, M=40",45746,22.3490141467875,13.7692820820366,0.618772657635826,0.381227342364174
"L20.00_M040.000","L=20, M=40",45846,22.3491402414575,13.7686590715011,0.618784662038889,0.38121533796111
"L20.00_M040.000","L=20, M=40",45946,22.3507843602299,13.768018806372,0.618812983839317,0.381187016160683
"L20.00_M040.000","L=20, M=40",46046,22.3508399351411,13.7674094260072,0.61882401086647,0.38117598913353
"L20.00_M040.000","L=20, M=40",46146,22.3515068144156,13.7668561842189,0.618840527608093,0.381159472391907
"L20.00_M040.000","L=20, M=40",46246,22.3519950486812,13.7661946297639,0.618857014919012,0.381142985080987
"L20.00_M040.000","L=20, M=40",46346,22.3533828823915,13.7656958686223,0.618880205569033,0.381119794430967
"L20.00_M040.000","L=20, M=40",46446,22.3539598576605,13.7651282434441,0.618896019608448,0.381103980391552
"L20.00_M040.000","L=20, M=40",46547,22.3537956144595,13.7645112911607,0.618904858216959,0.381095141783041
"L20.00_M040.000","L=20, M=40",46647,22.3542657919614,13.763836327721,0.61892138512393,0.38107861487607
"L20.00_M040.000","L=20, M=40",46747,22.3551291959447,13.7632219168823,0.618941023251904,0.381058976748096
"L20.00_M040.000","L=20, M=40",46847,22.3559770448889,13.762640969618,0.618959923547177,0.381040076452823
"L20.00_M040.000","L=20, M=40",46947,22.3562093065199,13.7620618738769,0.618972297839487,0.381027702160513
"L20.00_M040.000","L=20, M=40",47047,22.356841233995,13.7614828409374,0.618988887402767,0.381011112597233
"L20.00_M040.000","L=20, M=40",47147,22.3574029151397,13.7608947645297,0.619004890912243,0.380995109087757
"L20.00_M040.000","L=20, M=40",47247,22.357916387876,13.7603435879165,0.619019753522482,0.380980246477518
"L20.00_M040.000","L=20, M=40",47347,22.3578565868826,13.7597655476126,0.619029029752462,0.380970970247539
"L20.00_M040.000","L=20, M=40",47447,22.3590045107189,13.7591516758142,0.619051659094813,0.380948340905187
"L20.00_M040.000","L=20, M=40",47548,22.3596430383012,13.7585542075094,0.619068634188123,0.380931365811877
"L20.00_M040.000","L=20, M=40",47648,22.3604011539933,13.7579298441968,0.619087331447121,0.380912668552879
"L20.00_M040.000","L=20, M=40",47748,22.3607806989523,13.7573599914082,0.619101101871506,0.380898898128494
"L20.00_M040.000","L=20, M=40",47848,22.3618646313678,13.7567540095879,0.619122919778864,0.380877080221136
"L20.00_M040.000","L=20, M=40",47948,22.3617177651206,13.7561473228914,0.619131770679955,0.380868229320045
"L20.00_M040.000","L=20, M=40",48048,22.3626799984541,13.7555554582621,0.619152063097141,0.380847936902859
"L20.00_M040.000","L=20, M=40",48148,22.3632597585878,13.7549632771565,0.619168327756768,0.380831672243232
"L20.00_M040.000","L=20, M=40",48248,22.3638667036259,13.7543800249212,0.619184725983667,0.380815274016333
"L20.00_M040.000","L=20, M=40",48348,22.3645170221467,13.7537978306245,0.619201563342892,0.380798436657108
"L20.00_M040.000","L=20, M=40",48448,22.3650544536519,13.7532128316342,0.619217258596538,0.380782741403462
"L20.00_M040.000","L=20, M=40",48549,22.3657977062705,13.7526023518897,0.619235560552396,0.380764439447604
"L20.00_M040.000","L=20, M=40",48649,22.3663094452385,13.7519713444079,0.61925177379013,0.380748226209871
"L20.00_M040.000","L=20, M=40",48749,22.3669720065115,13.7513273457804,0.619269799730816,0.380730200269184
"L20.00_M040.000","L=20, M=40",48849,22.3675595369587,13.7507452599773,0.619285973212569,0.380714026787431
"L20.00_M040.000","L=20, M=40",48949,22.3682362002916,13.7501219402999,0.619303793190786,0.380696206809214
"L20.00_M040.000","L=20, M=40",49049,22.3687536594703,13.7495483129327,0.619319083066575,0.380680916933425
"L20.00_M040.000","L=20, M=40",49149,22.3693824204487,13.7488827511818,0.619337122482256,0.380662877517744
"L20.00_M040.000","L=20, M=40",49249,22.3697923577997,13.7482866953213,0.619351663882765,0.380648336117235
"L20.00_M040.000","L=20, M=40",49349,22.3706010780738,13.7476740303351,0.619370692839803,0.380629307160197
"L20.00_M040.000","L=20, M=40",49449,22.3711443576766,13.7471195273257,0.619385926989862,0.380614073010138
"L20.00_M040.000","L=20, M=40",49550,22.3721135989354,13.7465540265615,0.619405838302366,0.380594161697634
"L20.00_M040.000","L=20, M=40",49650,22.3723356018593,13.7459417342526,0.619418678074409,0.380581321925591
"L20.00_M040.000","L=20, M=40",49750,22.3727188866048,13.7453383029257,0.619433065549549,0.380566934450451
"L20.00_M040.000","L=20, M=40",49850,22.3746221418438,13.744735245494,0.619463461154699,0.380536538845301
"L20.00_M040.000","L=20, M=40",49950,22.3741918071176,13.7441029688268,0.619469771369697,0.380530228630303
"L20.00_M040.000","L=20, M=40",50050,22.3747901484837,13.7434772037003,0.619486807888938,0.380513192111062
"L20.00_M040.000","L=20, M=40",50150,22.3754182424875,13.7428431249957,0.619504300465354,0.380495699534646
"L20.00_M040.000","L=20, M=40",50250,22.3760419710597,13.7422327404632,0.619521340644797,0.380478659355203
"L20.00_M040.000","L=20, M=40",50350,22.3766398509913,13.7416704906191,0.619537282872619,0.380462717127381
"L20.00_M040.000","L=20, M=40",50450,22.3772192549245,13.7410837100953,0.619553451240402,0.380446548759598
"L20.00_M040.000","L=20, M=40",50551,22.3782909204079,13.7404681604713,0.619575297985658,0.380424702014342
"L20.00_M040.000","L=20, M=40",50651,22.3782836618987,13.7398848722546,0.619585227327842,0.380414772672158
"L20.00_M040.000","L=20, M=40",50751,22.3789868073691,13.7393288024102,0.619602172181856,0.380397827818144
"L20.00_M040.000","L=20, M=40",50851,22.3798762876334,13.7386768259853,0.619622724565757,0.380377275434243
"L20.00_M040.000","L=20, M=40",50951,22.3800447681712,13.7380842483139,0.619634664850898,0.380365335149102
"L20.00_M040.000","L=20, M=40",51051,22.3807964131622,13.7374612717695,0.619653268117065,0.380346731882935
"L20.00_M040.000","L=20, M=40",51151,22.3811019451782,13.7368665620465,0.6196666886373,0.3803333113627
"L20.00_M040.000","L=20, M=40",51251,22.382055543991,13.7362720727892,0.619686929623855,0.380313070376145
"L20.00_M040.000","L=20, M=40",51351,22.382858576489,13.7356920011644,0.619705337520861,0.380294662479139
"L20.00_M040.000","L=20, M=40",51451,22.3830929411699,13.7350892246288,0.619718147453308,0.380281852546692
"L20.00_M040.000","L=20, M=40",51552,22.3837708931493,13.73448206378,0.619735703159334,0.380264296840665
"L20.00_M040.000","L=20, M=40",51652,22.3843285916211,13.7339145884009,0.619751311824671,0.380248688175329
"L20.00_M040.000","L=20, M=40",51752,22.3852950866516,13.7332893101246,0.619772215896966,0.380227784103034
"L20.00_M040.000","L=20, M=40",51852,22.3855667062824,13.7326771685785,0.619785579383146,0.380214420616854
"L20.00_M040.000","L=20, M=40",51952,22.3862018242727,13.7320603846587,0.619802849172987,0.380197150827013
"L20.00_M040.000","L=20, M=40",52052,22.3868047556889,13.7314703373223,0.619819321328018,0.380180678671982
"L20.00_M040.000","L=20, M=40",52152,22.3874581538337,13.7308604141319,0.619836665754696,0.380163334245304
"L20.00_M040.000","L=20, M=40",52252,22.3879416408011,13.730290483778,0.619851535467753,0.380148464532247
"L20.00_M040.000","L=20, M=40",52352,22.3888549173255,13.7296534144112,0.61987208086478,0.38012791913522
"L20.00_M040.000","L=20, M=40",52452,22.3907671754169,13.7289972003234,0.619903467323158,0.380096532676842
"L20.00_M040.000","L=20, M=40",52553,22.3898990008955,13.728366003702,0.619905164272024,0.380094835727976
"L20.00_M040.000","L=20, M=40",52653,22.3919987763496,13.7278178946073,0.619936667462503,0.380063332537497
"L20.00_M040.000","L=20, M=40",52753,22.3878105244412,13.7271355515604,0.619904304365497,0.380095695634503
"L20.00_M040.000","L=20, M=40",52853,22.3916461148201,13.7265847776127,0.619954121825813,0.380045878174187
"L20.00_M040.000","L=20, M=40",52953,22.3923508203787,13.7259949533194,0.619971660958104,0.380028339041896
"L20.00_M040.000","L=20, M=40",53053,22.3929060291532,13.7253869840443,0.619987938548783,0.380012061451217
"L20.00_M040.000","L=20, M=40",53153,22.3934281731722,13.7247288341873,0.620004729715563,0.379995270284437
"L20.00_M040.000","L=20, M=40",53253,22.3942098161332,13.7240693989467,0.620024273104997,0.379975726895003
"L20.00_M040.000","L=20, M=40",53353,22.3948083073332,13.7234729926678,0.620040807626485,0.379959192373515
"L20.00_M040.000","L=20, M=40",53453,22.395368104253,13.7228943419398,0.620056630288251,0.379943369711749
"L20.00_M040.000","L=20, M=40",53554,22.3962507462389,13.7221992099308,0.620077848673381,0.379922151326619
"L20.00_M040.000","L=20, M=40",53654,22.3967069194005,13.7215682004779,0.620093480241366,0.379906519758634
"L20.00_M040.000","L=20, M=40",53754,22.3973173218723,13.7210101967999,0.620109480714284,0.379890519285716
"L20.00_M040.000","L=20, M=40",53854,22.3977602791539,13.7204134200157,0.620124385737389,0.379875614262611
"L20.00_M040.000","L=20, M=40",53954,22.3984265877154,13.7198075326954,0.620141796330453,0.379858203669547
"L20.00_M040.000","L=20, M=40",54054,22.3988520252871,13.7191819324729,0.620157012186281,0.379842987813719
"L20.00_M040.000","L=20, M=40",54154,22.3999470953499,13.7185546132237,0.62017929968653,0.37982070031347
"L20.00_M040.000","L=20, M=40",54254,22.4003500773549,13.7179172492445,0.620194481501556,0.379805518498444
"L20.00_M040.000","L=20, M=40",54354,22.4008870066189,13.7173100579434,0.620210553881654,0.379789446118346
"L20.00_M040.000","L=20, M=40",54454,22.4015194675076,13.716710619028,0.620227497688447,0.379772502311553
"L20.00_M040.000","L=20, M=40",54555,22.40214625606,13.7161492291497,0.620243728423829,0.379756271576171
"L20.00_M040.000","L=20, M=40",54655,22.402583542745,13.7155356857578,0.620258862345907,0.379741137654093
"L20.00_M040.000","L=20, M=40",54755,22.4034131519891,13.7149684443886,0.620277325887601,0.379722674112399
"L20.00_M040.000","L=20, M=40",54855,22.4038524708157,13.7143673532641,0.620292267446668,0.379707732553332
"L20.00_M040.000","L=20, M=40",54955,22.4045012947434,13.7137672574162,0.620309394465804,0.379690605534196
"L20.00_M040.000","L=20, M=40",55055,22.4037298051514,13.7131647147035,0.620311632630407,0.379688367369593
"L20.00_M040.000","L=20, M=40",55155,22.4056800193311,13.7125862482094,0.620342068840305,0.379657931159695
"L20.00_M040.000","L=20, M=40",55255,22.4063723169478,13.7119852263294,0.620359668628353,0.379640331371647
"L20.00_M040.000","L=20, M=40",55355,22.4069239277604,13.7113635976071,0.620376143581642,0.379623856418358
"L20.00_M040.000","L=20, M=40",55455,22.4080723524261,13.7107636754862,0.620398518244313,0.379601481755687
"L20.00_M040.000","L=20, M=40",55556,22.4076525186399,13.7101289525141,0.620405008445385,0.379594991554615
"L20.00_M040.000","L=20, M=40",55656,22.4087796880228,13.7095165657449,0.620427373721572,0.379572626278428
"L20.00_M040.000","L=20, M=40",55756,22.4089327211099,13.7088901040372,0.62043974327012,0.37956025672988
"L20.00_M040.000","L=20, M=40",55856,22.4099231222017,13.7082445453781,0.620461240682405,0.379538759317595
"L20.00_M040.000","L=20, M=40",55956,22.4106920121124,13.7076494395009,0.620479543395849,0.379520456604151
"L20.00_M040.000","L=20, M=40",56056,22.4114037694306,13.7070043560563,0.620498104223371,0.379501895776629
"L20.00_M040.000","L=20, M=40",56156,22.4118072253193,13.7063731619666,0.620513187126354,0.379486812873646
"L20.00_M040.000","L=20, M=40",56256,22.4125166426756,13.7057478946077,0.62053138293896,0.37946861706104
"L20.00_M040.000","L=20, M=40",56356,22.4134195878622,13.7051232095576,0.620551601806685,0.379448398193315
"L20.00_M040.000","L=20, M=40",56456,22.4135140168167,13.7045064857128,0.620563189924735,0.379436810075265
"L20.00_M040.000","L=20, M=40",56557,22.4142926613801,13.7038832961362,0.620582077227397,0.379417922772603
"L20.00_M040.000","L=20, M=40",56657,22.4136213365051,13.7033137294167,0.620584811407586,0.379415188592414
"L20.00_M040.000","L=20, M=40",56757,22.4154870031536,13.7027774035412,0.62061362502786,0.37938637497214
"L20.00_M040.000","L=20, M=40",56857,22.4161350196456,13.7021441773329,0.620631312399869,0.379368687600131
"L20.00_M040.000","L=20, M=40",56957,22.4167285209426,13.7015461976493,0.62064782151412,0.37935217848588
"L20.00_M040.000","L=20, M=40",57057,22.4174803484979,13.7009118126514,0.62066661905873,0.37933338094127
"L20.00_M040.000","L=20, M=40",57157,22.4179784122297,13.7003050629025,0.62068227654464,0.37931772345536
"L20.00_M040.000","L=20, M=40",57257,22.4186237101756,13.6996783675565,0.620699823095982,0.379300176904018
"L20.00_M040.000","L=20, M=40",57357,22.4192444543399,13.6990276570052,0.620717524504662,0.379282475495338
"L20.00_M040.000","L=20, M=40",57457,22.4195562830631,13.6984295777219,0.620731077571108,0.379268922428892
"L20.00_M040.000","L=20, M=40",57558,22.4208998404326,13.6977580929353,0.620756725839452,0.379243274160548
"L20.00_M040.000","L=20, M=40",57658,22.421675384599,13.6970940558083,0.620776281473064,0.379223718526936
"L20.00_M040.000","L=20, M=40",57758,22.4218831703741,13.6964329934547,0.620789824992694,0.379210175007306
"L20.00_M040.000","L=20, M=40",57858,22.4226268962419,13.6957672736266,0.620809075585863,0.379190924414137
"L20.00_M040.000","L=20, M=40",57958,22.4230651713444,13.6951718368664,0.620823911373274,0.379176088626726
"L20.00_M040.000","L=20, M=40",58058,22.4236901003152,13.6945921067163,0.620840436756701,0.379159563243299
"L20.00_M040.000","L=20, M=40",58158,22.4241979951807,13.6939820147675,0.620856255464818,0.379143744535182
"L20.00_M040.000","L=20, M=40",58258,22.424933060646,13.6933773488294,0.620874365561767,0.379125634438233
"L20.00_M040.000","L=20, M=40",58358,22.4256626896066,13.6927358381703,0.620893051843373,0.379106948156627
"L20.00_M040.000","L=20, M=40",58458,22.4261277366284,13.6921319161967,0.620908314857697,0.379091685142303
"L20.00_M040.000","L=20, M=40",58559,22.4266911538547,13.6915440923559,0.62092433367734,0.37907566632266
"L20.00_M040.000","L=20, M=40",58659,22.4273094115774,13.6909934538135,0.620940288782716,0.379059711217284
"L20.00_M040.000","L=20, M=40",58759,22.4279225499753,13.6903529513083,0.620957735071771,0.379042264928229
"L20.00_M040.000","L=20, M=40",58859,22.4285848680461,13.6896947103608,0.62097600245209,0.37902399754791
"L20.00_M040.000","L=20, M=40",58959,22.4288433879042,13.6890902203438,0.62098910837973,0.37901089162027
"L20.00_M040.000","L=20, M=40",59059,22.4298041423299,13.6884743010901,0.621009779784124,0.378990220215876
"L20.00_M040.000","L=20, M=40",59159,22.430228591806,13.6879083991334,0.621023963595709,0.378976036404291
"L20.00_M040.000","L=20, M=40",59259,22.4310388486276,13.6872473294188,0.621043831871008,0.378956168128992
"L20.00_M040.000","L=20, M=40",59359,22.4315615978998,13.6866200301296,0.621060102884355,0.378939897115645
"L20.00_M040.000","L=20, M=40",59459,22.4323237276237,13.6860292241563,0.621078257847806,0.378921742152194
"L20.00_M040.000","L=20, M=40",59560,22.4328516440826,13.6854142710004,0.621094370832311,0.378905629167688
"L20.00_M040.000","L=20, M=40",59660,22.4334240039483,13.6847848173306,0.621111199477083,0.378888800522917
"L20.00_M040.000","L=20, M=40",59760,22.433864175916,13.6841496782196,0.621126739319506,0.378873260680494
"L20.00_M040.000","L=20, M=40",59860,22.4346611719259,13.6835556732309,0.621145314789654,0.378854685210346
"L20.00_M040.000","L=20, M=40",59960,22.4355906060624,13.6829183445315,0.621166024232944,0.378833975767056
"L20.00_M040.000","L=20, M=40",60060,22.4361869565935,13.6822692605671,0.62118344210774,0.37881655789226
"L20.00_M040.000","L=20, M=40",60160,22.4372083249648,13.6816604056157,0.621204625547091,0.378795374452909
"L20.00_M040.000","L=20, M=40",60260,22.4373017684173,13.6809800723347,0.621217306718656,0.378782693281344
"L20.00_M040.000","L=20, M=40",60360,22.4386379425327,13.6803272742557,0.621242546896195,0.378757453103805
"L20.00_M040.000","L=20, M=40",60460,22.4385890216178,13.6797092483798,0.621252664061886,0.378747335938114
"L20.00_M040.000","L=20, M=40",60561,22.4392707172984,13.6790602147693,0.621270976211575,0.378729023788425
"L20.00_M040.000","L=20, M=40",60661,22.4403629322168,13.6784329761225,0.621293217779601,0.378706782220399
"L20.00_M040.000","L=20, M=40",60761,22.4388186364734,13.6777424102846,0.621288904207219,0.378711095792781
"L20.00_M040.000","L=20, M=40",60861,22.4411299203714,13.6770583364584,0.621324905911578,0.378675094088422
"L20.00_M040.000","L=20, M=40",60961,22.4419271656754,13.6764204162675,0.621344238264517,0.378655761735482
"L20.00_M040.000","L=20, M=40",61061,22.4424273437474,13.6758461456409,0.621359361220328,0.378640638779672
"L20.00_M040.000","L=20, M=40",61161,22.4439400055011,13.6751793074638,0.621386690274169,0.378613309725831
"L20.00_M040.000","L=20, M=40",61261,22.443751363017,13.6745346158932,0.621395804222883,0.378604195777117
"L20.00_M040.000","L=20, M=40",61361,22.4444643476326,13.6738578497891,0.62141492135077,0.37858507864923
"L20.00_M040.000","L=20, M=40",61461,22.4450729782751,13.6732645798662,0.621431508084896,0.378568491915103
"L20.00_M040.000","L=20, M=40",61562,22.4456263159188,13.6726396761338,0.62144805957345,0.37855194042655
"L20.00_M040.000","L=20, M=40",61662,22.4462359692555,13.6720399076746,0.621464768853836,0.378535231146164
"L20.00_M040.000","L=20, M=40",61762,22.4469810341986,13.6714127097894,0.621483369202567,0.378516630797433
"L20.00_M040.000","L=20, M=40",61862,22.4474159686094,13.6707961594908,0.621498536223093,0.378501463776907
"L20.00_M040.000","L=20, M=40",61962,22.4480954250268,13.6701547719329,0.621516693156867,0.378483306843133
"L20.00_M040.000","L=20, M=40",62062,22.4487558040818,13.6695262248998,0.621534429186546,0.378465570813454
"L20.00_M040.000","L=20, M=40",62162,22.4495497538724,13.6688193213257,0.621554913156034,0.378445086843966
"L20.00_M040.000","L=20, M=40",62262,22.4501794727241,13.6680960741927,0.621573957581719,0.378426042418281
"L20.00_M040.000","L=20, M=40",62362,22.4508287304575,13.6675079205851,0.62159088186608,0.37840911813392
"L20.00_M040.000","L=20, M=40",62462,22.4514332699881,13.6668535299272,0.621608477566017,0.378391522433983
"L20.00_M040.000","L=20, M=40",62563,22.4519224194386,13.6662158600623,0.621624576706971,0.378375423293029
"L20.00_M040.000","L=20, M=40",62663,22.453142126643,13.6655908852826,0.621648110392729,0.378351889607271
"L20.00_M040.000","L=20, M=40",62763,22.4532935876447,13.6649437646954,0.62166083490201,0.37833916509799
"L20.00_M040.000","L=20, M=40",62863,22.454339422754,13.6643313343173,0.621682330830458,0.378317669169542
"L20.00_M040.000","L=20, M=40",62963,22.4544827203074,13.6637448853643,0.621693925999329,0.378306074000671
"L20.00_M040.000","L=20, M=40",63063,22.4551901588408,13.6631201940276,0.621712088396667,0.378287911603333
"L20.00_M040.000","L=20, M=40",63163,22.4559128998491,13.6624841386076,0.621730606591965,0.378269393408035
"L20.00_M040.000","L=20, M=40",63263,22.4563546639155,13.6618876169147,0.621745501603058,0.378254498396942
"L20.00_M040.000","L=20, M=40",63363,22.4571755433896,13.6612427714646,0.621765198786509,0.378234801213491
"L20.00_M040.000","L=20, M=40",63463,22.4578014136078,13.6606266967134,0.621782358440738,0.378217641559262
"L20.00_M040.000","L=20, M=40",63564,22.4583234936366,13.6599930485625,0.621798733819647,0.378201266180353
"L20.00_M040.000","L=20, M=40",63664,22.458911854494,13.6593555542607,0.621815869524523,0.378184130475477
"L20.00_M040.000","L=20, M=40",63764,22.4595054564958,13.6587297976109,0.621832858069722,0.378167141930278
"L20.00_M040.000","L=20, M=40",63864,22.4611463603606,13.6581084646647,0.62186073519984,0.37813926480016
"L20.00_M040.000","L=20, M=40",63964,22.4623015143441,13.657510929026,0.621883116075458,0.378116883924542
"L20.00_M040.000","L=20, M=40",64064,22.4615161313431,13.6568893023526,0.621885597152865,0.378114402847135
"L20.00_M040.000","L=20, M=40",64164,22.462033904542,13.6562968884215,0.621901217786011,0.378098782213989
"L20.00_M040.000","L=20, M=40",64264,22.4626739882447,13.6556778468781,0.621918577314516,0.378081422685484
"L20.00_M040.000","L=20, M=40",64364,22.4632291446956,13.6550310195576,0.621935526311087,0.378064473688913
"L20.00_M040.000","L=20, M=40",64464,22.4638834825308,13.6544112809976,0.621953047052886,0.378046952947114
"L20.00_M040.000","L=20, M=40",64565,22.4644834222103,13.6537972908931,0.621969899416071,0.37803010058393
"L20.00_M040.000","L=20, M=40",64665,22.4651072709639,13.6531775040796,0.621987101848384,0.378012898151616
"L20.00_M040.000","L=20, M=40",64765,22.4657568009142,13.6525321803843,0.622005012821804,0.377994987178196
"L20.00_M040.000","L=20, M=40",64865,22.4655238355123,13.6519053296923,0.622013370130881,0.377986629869119
"L20.00_M040.000","L=20, M=40",64965,22.4663797831358,13.6512630345741,0.622033389513439,0.377966610486561
"L20.00_M040.000","L=20, M=40",65065,22.4684483193352,13.6506164348446,0.622066171210456,0.377933828789544
"L20.00_M040.000","L=20, M=40",65165,22.4684962770017,13.650005475117,0.622077195538259,0.377922804461741
"L20.00_M040.000","L=20, M=40",65265,22.4689260830749,13.6493759377717,0.622092535526903,0.377907464473097
"L20.00_M040.000","L=20, M=40",65365,22.4681521789587,13.6487329328556,0.622095513203851,0.377904486796149
"L20.00_M040.000","L=20, M=40",65465,22.4701771298814,13.6480880936037,0.622127806826964,0.377872193173036
"L20.00_M040.000","L=20, M=40",65566,22.4707693231307,13.6474221406368,0.62214547330457,0.37785452669543
"L20.00_M040.000","L=20, M=40",65666,22.4714779829828,13.6467989240807,0.622163622057733,0.377836377942267
"L20.00_M040.000","L=20, M=40",65766,22.4720690245489,13.6460971713197,0.622181893252359,0.377818106747641
"L20.00_M040.000","L=20, M=40",65866,22.4728316604485,13.6454233381813,0.622201478485078,0.377798521514922
"L20.00_M040.000","L=20, M=40",65966,22.473495611418,13.6447558071514,0.622219922857721,0.377780077142279
"L20.00_M040.000","L=20, M=40",66066,22.4742627437298,13.6440353009488,0.622240359053712,0.377759640946288
"L20.00_M040.000","L=20, M=40",66166,22.4748576541641,13.6433662148745,0.622258108141083,0.377741891858917
"L20.00_M040.000","L=20, M=40",66266,22.4753699953367,13.64277432973,0.622273663703657,0.377726336296343
"L20.00_M040.000","L=20, M=40",66366,22.4761775311692,13.6421503913304,0.622292858611759,0.377707141388241
"L20.00_M040.000","L=20, M=40",66466,22.4767921640333,13.641470378549,0.622311002295138,0.377688997704862
"L20.00_M040.000","L=20, M=40",66567,22.4775199639371,13.6407620988046,0.622330816423966,0.377669183576034
"L20.00_M040.000","L=20, M=40",66667,22.4783141772471,13.6400940571954,0.622350631604295,0.377649368395705
"L20.00_M040.000","L=20, M=40",66767,22.478799020223,13.6394108575911,0.622367473257051,0.377632526742949
"L20.00_M040.000","L=20, M=40",66867,22.4780219592543,13.6387445156515,0.622370830868045,0.377629169131955
"L20.00_M040.000","L=20, M=40",66967,22.4803257242348,13.638095806202,0.622406095606664,0.377593904393336
"L20.00_M040.000","L=20, M=40",67067,22.4808402268698,13.6374509706955,0.622422586492276,0.377577413507724
"L20.00_M040.000","L=20, M=40",67167,22.4820959063246,13.6368106913543,0.622446746706596,0.377553253293404
"L20.00_M040.000","L=20, M=40",67267,22.4818549332309,13.6361764955385,0.622455157268712,0.377544842731288
"L20.00_M040.000","L=20, M=40",67367,22.482637630084,13.635598337752,0.622473302685803,0.377526697314197
"L20.00_M040.000","L=20, M=40",67467,22.4832919118519,13.6349601188758,0.622491140842702,0.377508859157298
"L20.00_M040.000","L=20, M=40",67568,22.483916616525,13.6343316455692,0.622508501889935,0.377491498110065
"L20.00_M040.000","L=20, M=40",67668,22.4834902825731,13.6336826958786,0.622515231078225,0.377484768921775
"L20.00_M040.000","L=20, M=40",67768,22.4851378280629,13.6330206512611,0.622543860892981,0.377456139107019
"L20.00_M040.000","L=20, M=40",67868,22.484975991383,13.6323695501215,0.622553392401007,0.377446607598993
"L20.00_M040.000","L=20, M=40",67968,22.4866122354895,13.6317249322172,0.622581602554912,0.377418397445088
"L20.00_M040.000","L=20, M=40",68068,22.4881813624562,13.6310555760814,0.622609536317815,0.377390463682185
"L20.00_M040.000","L=20, M=40",68168,22.4885054095468,13.6303930518755,0.622624342588028,0.377375657411972
"L20.00_M040.000","L=20, M=40",68268,22.4895128103631,13.6297019217507,0.622646781696711,0.377353218303289
"L20.00_M040.000","L=20, M=40",68368,22.48922733416,13.6290315306356,0.622655356072001,0.377344643927999
"L20.00_M040.000","L=20, M=40",68468,22.4898121187263,13.6283975687818,0.622672394709106,0.377327605290894
"L20.00_M040.000","L=20, M=40",68569,22.4905696898133,13.6276834888462,0.622692619672478,0.377307380327522
"L20.00_M040.000","L=20, M=40",68669,22.4913571287863,13.6270305042245,0.622712103245441,0.377287896754559
"L20.00_M040.000","L=20, M=40",68769,22.4918350001646,13.6263822099083,0.62272827225514,0.37727172774486
"L20.00_M040.000","L=20, M=40",68869,22.4917511671384,13.6257507279723,0.622738284404525,0.377261715595475
"L20.00_M040.000","L=20, M=40",68969,22.4931767119294,13.6250970729791,0.622764444554597,0.377235555445403
"L20.00_M040.000","L=20, M=40",69069,22.4935898909582,13.6244421766763,0.622780052048151,0.377219947951849
"L20.00_M040.000","L=20, M=40",69169,22.4944524368993,13.623773876818,0.622800583880171,0.377199416119829
"L20.00_M040.000","L=20, M=40",69269,22.495055024925,13.623128571991,0.622818004248857,0.377181995751143
"L20.00_M040.000","L=20, M=40",69369,22.4959540455599,13.6224368429267,0.622839320694403,0.377160679305597
"L20.00_M040.000","L=20, M=40",69469,22.4966062969362,13.6217311629706,0.622858300770586,0.377141699229414
"L20.00_M040.000","L=20, M=40",69570,22.4985278539471,13.6210438670919,0.622890216631282,0.377109783368718
"L20.00_M040.000","L=20, M=40",69670,22.498063761159,13.6204032534405,0.622896418944499,0.377103581055501
"L20.00_M040.000","L=20, M=40",69770,22.4985544224043,13.6197398604267,0.622912982717988,0.377087017282012
"L20.00_M040.000","L=20, M=40",69870,22.4991819924946,13.6190803058408,0.622930909761169,0.377069090238831
"L20.00_M040.000","L=20, M=40",69970,22.4994822135366,13.6184494927998,0.622944923770078,0.377055076229922
"L20.00_M040.000","L=20, M=40",70070,22.5009674899204,13.6178169814713,0.622971338023365,0.377028661976635
"L20.00_M040.000","L=20, M=40",70170,22.5009600407407,13.6171411824188,0.622982916563529,0.377017083436471
"L20.00_M040.000","L=20, M=40",70270,22.5017170917967,13.6165295799475,0.623001368153346,0.376998631846654
"L20.00_M040.000","L=20, M=40",70370,22.5023070825289,13.6158110060582,0.623019921119295,0.376980078880705
"L20.00_M040.000","L=20, M=40",70470,22.5027970008367,13.6151371592308,0.623036658218291,0.376963341781709
"L20.00_M040.000","L=20, M=40",70571,22.5035727567454,13.6144224284795,0.623057083908997,0.376942916091003
"L20.00_M040.000","L=20, M=40",70671,22.5040828082915,13.6137172537269,0.623074571808068,0.376925428191932
"L20.00_M040.000","L=20, M=40",70771,22.5053736566359,13.6130601080641,0.623099379204846,0.376900620795154
"L20.00_M040.000","L=20, M=40",70871,22.5059365162472,13.61237791178,0.623117021728538,0.376882978271462
"L20.00_M040.000","L=20, M=40",70971,22.5065861426598,13.6116821609069,0.623135803563353,0.376864196436647
"L20.00_M040.000","L=20, M=40",71071,22.50723043646,13.6110314875001,0.62315375207823,0.37684624792177
"L20.00_M040.000","L=20, M=40",71171,22.5078707503723,13.6103633550026,0.623171960309732,0.376828039690268
"L20.00_M040.000","L=20, M=40",71271,22.5082337873025,13.6096932887537,0.623187309169356,0.376812690830643
"L20.00_M040.000","L=20, M=40",71371,22.5092740163694,13.6090071766568,0.623209999835638,0.376790000164362
"L20.00_M040.000","L=20, M=40",71471,22.5096132654943,13.6083294246537,0.623225233469191,0.37677476653081
"L20.00_M040.000","L=20, M=40",71572,22.5104789714567,13.6076587294561,0.623245837253891,0.376754162746109
"L20.00_M040.000","L=20, M=40",71672,22.5089077550156,13.6069858338676,0.623241058666316,0.376758941333684
"L20.00_M040.000","L=20, M=40",71772,22.5119367635441,13.6063288095675,0.623283992360454,0.376716007639546
"L20.00_M040.000","L=20, M=40",71872,22.5134940480023,13.6056628637173,0.62331172632375,0.37668827367625
"L20.00_M040.000","L=20, M=40",71972,22.5133048155214,13.60499212272,0.623321328079695,0.376678671920305
"L20.00_M040.000","L=20, M=40",72072,22.5135731783777,13.6042844786458,0.623336339385559,0.376663660614441
"L20.00_M040.000","L=20, M=40",72172,22.5147000330278,13.6035754692041,0.623360327146199,0.376639672853801
"L20.00_M040.000","L=20, M=40",72272,22.5153576688808,13.6029575379398,0.623377849712907,0.376622150287093
"L20.00_M040.000","L=20, M=40",72372,22.5160719452565,13.602254749639,0.623397427446123,0.376602572553877
"L20.00_M040.000","L=20, M=40",72472,22.5162888855446,13.6016110065082,0.623410800540454,0.376589199459546
"L20.00_M040.000","L=20, M=40",72573,22.5172857146106,13.600915068749,0.623433206146436,0.376566793853564
"L20.00_M040.000","L=20, M=40",72673,22.5193616572861,13.6002328240752,0.623466624712708,0.376533375287292
"L20.00_M040.000","L=20, M=40",72773,22.5192021183515,13.5995687409401,0.623476424656861,0.376523575343139
"L20.00_M040.000","L=20, M=40",72873,22.5193508324424,13.5988709100345,0.623490020992879,0.376509979007121
"L20.00_M040.000","L=20, M=40",72973,22.520053850455,13.5981803647788,0.623509270033932,0.376490729966068
"L20.00_M040.000","L=20, M=40",73073,22.520707367906,13.5975532337886,0.623526908348665,0.376473091651335
"L20.00_M040.000","L=20, M=40",73173,22.5218693921826,13.5968740471338,0.623550745335921,0.376449254664079
"L20.00_M040.000","L=20, M=40",73273,22.5218413471474,13.5962340472064,0.623561502135525,0.376438497864475
"L20.00_M040.000","L=20, M=40",73373,22.5228973993884,13.5955801314781,0.623583798075115,0.376416201924885
"L20.00_M040.000","L=20, M=40",73473,22.5253236832826,13.594851096406,0.623621669072023,0.376378330927977
"L20.00_M040.000","L=20, M=40",73574,22.524209537008,13.594113850382,0.623622788229198,0.376377211770802
"L20.00_M040.000","L=20, M=40",73674,22.5247807646047,13.5934557997375,0.623640102818374,0.376359897181626
"L20.00_M040.000","L=20, M=40",73774,22.5253812058123,13.5928187766294,0.623657358804222,0.376342641195778
"L20.00_M040.000","L=20, M=40",73874,22.526071066718,13.5921818139431,0.623675545468568,0.376324454531432
"L20.00_M040.000","L=20, M=40",73974,22.5267683735491,13.5914876557848,0.623694797313959,0.376305202686041
"L20.00_M040.000","L=20, M=40",74074,22.5265680488992,13.5908052588838,0.623704494148385,0.376295505851615
"L20.00_M040.000","L=20, M=40",74174,22.5290083478083,13.590152863403,0.623741183137315,0.376258816862685
"L20.00_M040.000","L=20, M=40",74274,22.5289644309292,13.5894537173108,0.623752799429479,0.376247200570521
"L20.00_M040.000","L=20, M=40",74374,22.5297324473056,13.5887777313991,0.623772473887613,0.376227526112387
"L20.00_M040.000","L=20, M=40",74474,22.5301593572751,13.5880633986049,0.623789257559945,0.376210742440055
"L20.00_M040.000","L=20, M=40",74575,22.5290369417815,13.5874167384413,0.623788734665228,0.376211265334772
"L20.00_M040.000","L=20, M=40",74675,22.5315624419447,13.5867594526942,0.623826392257972,0.376173607742028
"L20.00_M040.000","L=20, M=40",74775,22.5333974110985,13.5860743374362,0.623857335676916,0.376142664323084
"L20.00_M040.000","L=20, M=40",74875,22.5322931851855,13.5853913870506,0.623857632404991,0.376142367595009
"L20.00_M040.000","L=20, M=40",74975,22.5335689623828,13.5847028820216,0.623882810879109,0.376117189120891
"L20.00_M040.000","L=20, M=40",75075,22.5339788119677,13.5840085661344,0.623899072118005,0.376100927881995
"L20.00_M040.000","L=20, M=40",75175,22.5344425761236,13.5832862131526,0.623916379338181,0.376083620661819
"L20.00_M040.000","L=20, M=40",75275,22.5356139487877,13.5826094692512,0.623940266606039,0.376059733393961
"L20.00_M040.000","L=20, M=40",75375,22.5363202427894,13.5819286459579,0.62395938164684,0.376040618353161
"L20.00_M040.000","L=20, M=40",75475,22.5369458531004,13.5812884438216,0.623976954903939,0.376023045096061
"L20.00_M040.000","L=20, M=40",75576,22.5376060998708,13.5806346415665,0.62399512371637,0.37600487628363
"L20.00_M040.000","L=20, M=40",75676,22.538291643903,13.5799653998684,0.62401382261024,0.37598617738976
"L20.00_M040.000","L=20, M=40",75776,22.5389302584476,13.5793002828418,0.624031961717552,0.375968038282448
"L20.00_M040.000","L=20, M=40",75876,22.5395605915649,13.5786260746148,0.624050171728872,0.375949828271128
"L20.00_M040.000","L=20, M=40",75976,22.540333282665,13.5779461094775,0.624069962966416,0.375930037033584
"L20.00_M040.000","L=20, M=40",76076,22.5411627488755,13.5772614827801,0.624090425548508,0.375909574451492
"L20.00_M040.000","L=20, M=40",76176,22.5420708518177,13.5766153629227,0.624111040966325,0.375888959033675
"L20.00_M040.000","L=20, M=40",76276,22.5424107930837,13.5758687759861,0.624127479548834,0.375872520451166
"L20.00_M040.000","L=20, M=40",76376,22.5432274575173,13.5750391427506,0.6241503144935,0.375849685506501
"L20.00_M040.000","L=20, M=40",76476,22.5439144073634,13.5743447659289,0.624169462298824,0.375830537701176
"L20.00_M040.000","L=20, M=40",76577,22.544484632611,13.5736808988528,0.624186868321751,0.375813131678249
"L20.00_M040.000","L=20, M=40",76677,22.5451871369594,13.5730349935786,0.624205340325912,0.375794659674088
"L20.00_M040.000","L=20, M=40",76777,22.5456908405929,13.572352282102,0.624222380044345,0.375777619955655
"L20.00_M040.000","L=20, M=40",76877,22.5465516615982,13.5716943207125,0.624242707484761,0.375757292515239
"L20.00_M040.000","L=20, M=40",76977,22.5472466318061,13.5710540499899,0.624261003596167,0.375738996403833
"L20.00_M040.000","L=20, M=40",77077,22.5485939001723,13.570363516416,0.624286953803834,0.375713046196166
"L20.00_M040.000","L=20, M=40",77177,22.5485324518295,13.5696823792212,0.624298087746148,0.375701912253852
"L20.00_M040.000","L=20, M=40",77277,22.5503126103408,13.5689832205579,0.624328688906772,0.375671311093228
"L20.00_M040.000","L=20, M=40",77377,22.5496023550127,13.56826515199,0.624333713795275,0.375666286204725
"L20.00_M040.000","L=20, M=40",77477,22.5507401468581,13.5675304463989,0.624358247957425,0.375641752042575
"L20.00_M040.000","L=20, M=40",77578,22.5513807216661,13.5668412287809,0.62437682432446,0.37562317567554
"L20.00_M040.000","L=20, M=40",77678,22.5520781862111,13.5661513661511,0.624396003506106,0.375603996493894
"L20.00_M040.000","L=20, M=40",77778,22.5529778163777,13.5655111061105,0.624416427408614,0.375583572591386
"L20.00_M040.000","L=20, M=40",77878,22.5534553858006,13.5647994712515,0.6244336963417,0.3755663036583
"L20.00_M040.000","L=20, M=40",77978,22.5541085608662,13.5641436238449,0.624451826891374,0.375548173108626
"L20.00_M040.000","L=20, M=40",78078,22.5548645167698,13.5634700549164,0.624471332475307,0.375528667524693
"L20.00_M040.000","L=20, M=40",78178,22.5560861867802,13.5628272157595,0.62449514843916,0.37550485156084
"L20.00_M040.000","L=20, M=40",78278,22.5559490012068,13.5621829453425,0.624504861840226,0.375495138159774
"L20.00_M040.000","L=20, M=40",78378,22.5559000338981,13.5615956052647,0.62451450840463,0.37548549159537
"L20.00_M040.000","L=20, M=40",78478,22.55716468922,13.5609269151547,0.62453921808227,0.37546078191773
"L20.00_M040.000","L=20, M=40",78579,22.5580117495425,13.5602015362956,0.62456056646599,0.37543943353401
"L20.00_M040.000","L=20, M=40",78679,22.5588986498705,13.5595255675728,0.624581474376055,0.375418525623945
"L20.00_M040.000","L=20, M=40",78779,22.5594325713668,13.5588523747966,0.624598665329571,0.375401334670429
"L20.00_M040.000","L=20, M=40",78879,22.5609757197864,13.5581175176038,0.624627411643641,0.375372588356359
"L20.00_M040.000","L=20, M=40",78979,22.5606501624343,13.5574479513225,0.6246356076496,0.3753643923504
"L20.00_M040.000","L=20, M=40",79079,22.5613986057308,13.5568098764033,0.624654420965835,0.375345579034165
"L20.00_M040.000","L=20, M=40",79179,22.5621060293345,13.5561462234207,0.624673250284789,0.375326749715211
"L20.00_M040.000","L=20, M=40",79279,22.562812440475,13.5554572305141,0.624692507310168,0.375307492689831
"L20.00_M040.000","L=20, M=40",79379,22.5633212384056,13.5547881749544,0.624709366156897,0.375290633843103
"L20.00_M040.000","L=20, M=40",79479,22.5645613779066,13.5541198900155,0.624733810476816,0.375266189523184
"L20.00_M040.000","L=20, M=40",79580,22.5665598452558,13.5534573634855,0.624766032497752,0.375233967502248
"L20.00_M040.000","L=20, M=40",79680,22.5655140742099,13.5527623661975,0.624767189858613,0.375232810141387
"L20.00_M040.000","L=20, M=40",79780,22.5661307829669,13.5521196694919,0.624784714106512,0.375215285893487
"L20.00_M040.000","L=20, M=40",79880,22.5664589318989,13.5514409706225,0.624799863580206,0.375200136419794
"L20.00_M040.000","L=20, M=40",79980,22.5674458049921,13.5507933160471,0.624821318928762,0.375178681071238
"L20.00_M040.000","L=20, M=40",80080,22.5682240364406,13.5500924199645,0.624841527807103,0.375158472192897
"L20.00_M040.000","L=20, M=40",80180,22.5687859742383,13.5494442860081,0.624858577278596,0.375141422721404
"L20.00_M040.000","L=20, M=40",80280,22.5694556993499,13.54874653033,0.624877604810673,0.375122395189327
"L20.00_M040.000","L=20, M=40",80380,22.572496008749,13.5480732427765,0.624920827010379,0.375079172989621
"L20.00_M040.000","L=20, M=40",80480,22.5706318135742,13.5473597559977,0.624913812555102,0.375086187444898
"L20.00_M040.000","L=20, M=40",80581,22.5715532231338,13.5466659436132,0.624935385627063,0.375064614372937
"L20.00_M040.000","L=20, M=40",80681,22.5722206199472,13.5459960240309,0.624953907399262,0.375046092600738
"L20.00_M040.000","L=20, M=40",80781,22.5726297549738,13.5453029676264,0.624970147885828,0.375029852114172
"L20.00_M040.000","L=20, M=40",80881,22.574466608936,13.5446455252696,0.625000595946473,0.374999404053527
"L20.00_M040.000","L=20, M=40",80981,22.5742357557696,13.5439386174644,0.625010431659542,0.374989568340458
"L20.00_M040.000","L=20, M=40",81081,22.5749064175807,13.5432124647217,0.625029960478984,0.374970039521016
"L20.00_M040.000","L=20, M=40",81181,22.5759461798169,13.542469052768,0.625053619723869,0.374946380276131
"L20.00_M040.000","L=20, M=40",81281,22.5760881912308,13.5417734862891,0.625067131404469,0.374932868595531
"L20.00_M040.000","L=20, M=40",81381,22.5755175184896,13.5410907705038,0.625073022855514,0.374926977144486
"L20.00_M040.000","L=20, M=40",81481,22.5777637023505,13.5404595185009,0.625107264116916,0.374892735883084
"L20.00_M040.000","L=20, M=40",81582,22.5784065799271,13.5397645428929,0.625125965075838,0.374874034924162
"L20.00_M040.000","L=20, M=40",81682,22.5792318277272,13.5390337765741,0.625147178302999,0.374852821697001
"L20.00_M040.000","L=20, M=40",81782,22.5798345236879,13.5383117356712,0.625165930763596,0.374834069236404
"L20.00_M040.000","L=20, M=40",81882,22.580667753584,13.5375787701778,0.625187264800589,0.374812735199411
"L20.00_M040.000","L=20, M=40",81982,22.5813604639869,13.5368893262475,0.625206387217923,0.374793612782077
"L20.00_M040.000","L=20, M=40",82082,22.5800414266831,13.5362153329346,0.625204366470511,0.374795633529489
"L20.00_M040.000","L=20, M=40",82182,22.5825363836619,13.5355113110211,0.625242443184057,0.374757556815943
"L20.00_M040.000","L=20, M=40",82282,22.5836388430671,13.5347957808014,0.625266268548164,0.374733731451836
"L20.00_M040.000","L=20, M=40",82382,22.5842425835828,13.5340526356154,0.625285397511742,0.374714602488258
"L20.00_M040.000","L=20, M=40",82482,22.5849300560031,13.5333364658873,0.625304928250499,0.374695071749501
"L20.00_M040.000","L=20, M=40",82583,22.58498903831,13.5326358089204,0.6253176706342,0.3746823293658
"L20.00_M040.000","L=20, M=40",82683,22.5863200957999,13.5319175269459,0.625343914387893,0.374656085612107
"L20.00_M040.000","L=20, M=40",82783,22.5870620810172,13.5311928800399,0.625364157414879,0.374635842585121
"L20.00_M040.000","L=20, M=40",82883,22.5867688590878,13.5305144673129,0.625372862487072,0.374627137512928
"L20.00_M040.000","L=20, M=40",82983,22.5879345210369,13.5298272538194,0.625396852159362,0.374603147840638
"L20.00_M040.000","L=20, M=40",83083,22.5899167097597,13.5291611500013,0.625428943603411,0.374571056396589
"L20.00_M040.000","L=20, M=40",83183,22.5891046577301,13.5284217106202,0.625433326395379,0.374566673604621
"L20.00_M040.000","L=20, M=40",83283,22.5901644489774,13.5277009398965,0.625456798339369,0.374543201660631
"L20.00_M040.000","L=20, M=40",83383,22.5912518950246,13.5270003936453,0.625480206364009,0.374519793635991
"L20.00_M040.000","L=20, M=40",83483,22.5919795491455,13.5262745918912,0.625500320722231,0.374499679277769
"L20.00_M040.000","L=20, M=40",83584,22.5934419748872,13.5255297919233,0.625528382168624,0.374471617831376
"L20.00_M040.000","L=20, M=40",83684,22.5934872064646,13.5248061631299,0.62554138356616,0.37445861643384
"L20.00_M040.000","L=20, M=40",83784,22.5942911214591,13.5239781722242,0.625564058392206,0.374435941607794
"L20.00_M040.000","L=20, M=40",83884,22.5949891521882,13.5232262823015,0.625584317507889,0.37441568249211
"L20.00_M040.000","L=20, M=40",83984,22.5936848577811,13.5224947154077,0.625583467708577,0.374416532291424
"L20.00_M040.000","L=20, M=40",84084,22.5965785909462,13.52180586403,0.625625396371597,0.374374603628403
"L20.00_M040.000","L=20, M=40",84184,22.5972085030049,13.5210629762549,0.625644793549461,0.374355206450539
"L20.00_M040.000","L=20, M=40",84284,22.5978646550333,13.5203972393714,0.625663126345902,0.374336873654098
"L20.00_M040.000","L=20, M=40",84384,22.5985312085646,13.5197337852075,0.625681527406183,0.374318472593817
"L20.00_M040.000","L=20, M=40",84484,22.5991836994231,13.5190472379017,0.625700182786886,0.374299817213114
"L20.00_M040.000","L=20, M=40",84585,22.5998186477606,13.5183221236989,0.625719324556677,0.374280675443323
"L20.00_M040.000","L=20, M=40",84685,22.6006879379609,13.5176297021923,0.625740328304645,0.374259671695355
"L20.00_M040.000","L=20, M=40",84785,22.6010803961697,13.5169364421513,0.625756405655975,0.374243594344025
"L20.00_M040.000","L=20, M=40",84885,22.6019569150553,13.5162306234624,0.625777716308488,0.374222283691512
"L20.00_M040.000","L=20, M=40",84985,22.6025711614098,13.5155255263036,0.625796296987562,0.374203703012437
"L20.00_M040.000","L=20, M=40",85085,22.6034447069859,13.5148032410601,0.625817861915662,0.374182138084338
"L20.00_M040.000","L=20, M=40",85185,22.6042437533891,13.5140767256777,0.625838728201382,0.374161271798618
"L20.00_M040.000","L=20, M=40",85285,22.6052430141278,13.5133685578377,0.62586135043113,0.37413864956887
"L20.00_M040.000","L=20, M=40",85385,22.6057387693888,13.5126089837371,0.6258796477597,0.3741203522403
"L20.00_M040.000","L=20, M=40",85485,22.6067934332582,13.5118304185408,0.625904063400029,0.374095936599971
"L20.00_M040.000","L=20, M=40",85586,22.6071300532888,13.5111227843586,0.625919812758067,0.374080187241933
"L20.00_M040.000","L=20, M=40",85686,22.6078060822631,13.5104134527864,0.62593910700178,0.37406089299822
"L20.00_M040.000","L=20, M=40",85786,22.6083983991852,13.5097526582525,0.62595669316604,0.37404330683396
"L20.00_M040.000","L=20, M=40",85886,22.6090942159813,13.5090949573006,0.625975297585133,0.374024702414867
"L20.00_M040.000","L=20, M=40",85986,22.60982216304,13.5084080792071,0.625994740367803,0.374005259632197
"L20.00_M040.000","L=20, M=40",86086,22.6103845585007,13.507634499161,0.626013971652313,0.373986028347687
"L20.00_M040.000","L=20, M=40",86186,22.6136637917938,13.5069383097996,0.626059990035333,0.373940009964667
"L20.00_M040.000","L=20, M=40",86286,22.6122759523493,13.5061911308248,0.626058572759398,0.373941427240602
"L20.00_M040.000","L=20, M=40",86386,22.6129557273476,13.5054262839313,0.626078868103397,0.373921131896604
"L20.00_M040.000","L=20, M=40",86486,22.6162623570897,13.5046900078356,0.626125859822314,0.373874140177686
"L20.00_M040.000","L=20, M=40",86587,22.6144927789703,13.5039308633072,0.626120702358102,0.373879297641898
"L20.00_M040.000","L=20, M=40",86687,22.6144641616978,13.503254219576,0.626132136115853,0.373867863884146
"L20.00_M040.000","L=20, M=40",86787,22.6156447079802,13.5025618868354,0.626156358251365,0.373843641748635
"L20.00_M040.000","L=20, M=40",86887,22.616403231926,13.5018651495931,0.626176288215919,0.373823711784081
"L20.00_M040.000","L=20, M=40",86987,22.6170531088289,13.5011114602564,0.626196081076267,0.373803918923733
"L20.00_M040.000","L=20, M=40",87087,22.6179756657316,13.5004507319696,0.626217084229648,0.373782915770352
"L20.00_M040.000","L=20, M=40",87187,22.61849986962,13.4997331552032,0.626234950477085,0.373765049522915
"L20.00_M040.000","L=20, M=40",87287,22.6191206906584,13.4990517485639,0.626253189546637,0.373746810453363
"L20.00_M040.000","L=20, M=40",87387,22.6198294481323,13.4983878276702,0.626272035394352,0.373727964605648
"L20.00_M040.000","L=20, M=40",87487,22.62062616196,13.497679593011,0.626292559662678,0.373707440337322
"L20.00_M040.000","L=20, M=40",87588,22.6211100765382,13.4970159958958,0.626309073487702,0.373690926512298
"L20.00_M040.000","L=20, M=40",87688,22.6217838414698,13.4962890679493,0.626328649875734,0.373671350124266
"L20.00_M040.000","L=20, M=40",87788,22.6225521108208,13.4955833867595,0.626348835540981,0.373651164459019
"L20.00_M040.000","L=20, M=40",87888,22.6233084623815,13.4948967453004,0.626368567659884,0.373631432340116
"L20.00_M040.000","L=20, M=40",87988,22.6244906605334,13.4941773420255,0.626393272834162,0.373606727165838
"L20.00_M040.000","L=20, M=40",88088,22.6248381186481,13.4934302672216,0.626409823331936,0.373590176668064
"L20.00_M040.000","L=20, M=40",88188,22.6264429630417,13.4927323283294,0.626438526918615,0.373561473081385
"L20.00_M040.000","L=20, M=40",88288,22.6260683427677,13.4920801825077,0.626445963223559,0.373554036776441
"L20.00_M040.000","L=20, M=40",88388,22.6269198071415,13.4913699844369,0.626467087387326,0.373532912612674
"L20.00_M040.000","L=20, M=40",88488,22.6276495457015,13.490671460726,0.626486750081067,0.373513249918933
"L20.00_M040.000","L=20, M=40",88589,22.6284038398071,13.4899852059291,0.626506453849675,0.373493546150325
"L20.00_M040.000","L=20, M=40",88689,22.6289274802,13.4892610358626,0.626524430208795,0.373475569791205
"L20.00_M040.000","L=20, M=40",88789,22.6296523986904,13.4884944403031,0.626545223916616,0.373454776083384
"L20.00_M040.000","L=20, M=40",88889,22.6305066179932,13.4878035768322,0.626566040767749,0.373433959232251
"L20.00_M040.000","L=20, M=40",88989,22.6312266100572,13.4870536328047,0.626586494647121,0.373413505352879
"L20.00_M040.000","L=20, M=40",89089,22.6319779513007,13.4862866793768,0.626607567742275,0.373392432257725
"L20.00_M040.000","L=20, M=40",89189,22.6327383688859,13.4855644880988,0.626627958088267,0.373372041911733
"L20.00_M040.000","L=20, M=40",89289,22.6333118163308,13.4848511523811,0.626646262046533,0.373353737953467
"L20.00_M040.000","L=20, M=40",89389,22.6341503166987,13.4841151569643,0.626667699012381,0.373332300987619
"L20.00_M040.000","L=20, M=40",89489,22.6346821789098,13.4833764004957,0.626686014397686,0.373313985602314
"L20.00_M040.000","L=20, M=40",89590,22.6352431141085,13.4825864174186,0.626705519343301,0.373294480656699
"L20.00_M040.000","L=20, M=40",89690,22.6364276524769,13.4818287376166,0.626730908823317,0.373269091176683
"L20.00_M040.000","L=20, M=40",89790,22.6364457916591,13.4810764123263,0.626744151047031,0.373255848952969
"L20.00_M040.000","L=20, M=40",89890,22.6371893254835,13.4803624144971,0.626764225007673,0.373235774992327
"L20.00_M040.000","L=20, M=40",89990,22.6387263393907,13.4796368900545,0.626792698095871,0.373207301904129
"L20.00_M040.000","L=20, M=40",90090,22.6395410451875,13.4789310636242,0.626813365110874,0.373186634889126
"L20.00_M040.000","L=20, M=40",90190,22.6404680219039,13.4781835408614,0.626835915581188,0.373164084418812
"L20.00_M040.000","L=20, M=40",90290,22.6409046458837,13.4774889757814,0.626852480845187,0.373147519154813
"L20.00_M040.000","L=20, M=40",90390,22.6419987912967,13.4768101308144,0.6268755661385,0.3731244338615
"L20.00_M040.000","L=20, M=40",90490,22.6412095065554,13.4761018573875,0.626879705369178,0.373120294630822
"L20.00_M040.000","L=20, M=40",90591,22.6428527658251,13.4753500408461,0.626909729895057,0.373090270104943
"L20.00_M040.000","L=20, M=40",90691,22.6436523012109,13.4745748576931,0.626931443827212,0.373068556172788
"L20.00_M040.000","L=20, M=40",90791,22.6440228507131,13.4738638255862,0.626947613343396,0.373052386656604
"L20.00_M040.000","L=20, M=40",90891,22.6451102365652,13.4731327382135,0.626971534921514,0.373028465078486
"L20.00_M040.000","L=20, M=40",90991,22.6458896261104,13.4723707893256,0.626992810994633,0.373007189005367
"L20.00_M040.000","L=20, M=40",91091,22.6455688374966,13.471645964941,0.62700208090155,0.37299791909845
"L20.00_M040.000","L=20, M=40",91191,22.6447080275492,13.4708929173223,0.627006264193557,0.372993735806443
"L20.00_M040.000","L=20, M=40",91291,22.6483088357692,13.4702064371434,0.627055366607345,0.372944633392654
"L20.00_M040.000","L=20, M=40",91391,22.6485863987609,13.469476255092,0.627070909528555,0.372929090471445
"L20.00_M040.000","L=20, M=40",91491,22.6497992753392,13.4687379776348,0.627096250235722,0.372903749764278
"L20.00_M040.000","L=20, M=40",91592,22.6503115966715,13.4679877862146,0.627114564740661,0.372885435259339
"L20.00_M040.000","L=20, M=40",91692,22.6505083442405,13.4671942489219,0.627130374248349,0.372869625751651
"L20.00_M040.000","L=20, M=40",91792,22.6517734244425,13.4664592713616,0.627156196019357,0.372843803980643
"L20.00_M040.000","L=20, M=40",91892,22.6523881833255,13.4657314730741,0.62717517962793,0.37282482037207
"L20.00_M040.000","L=20, M=40",91992,22.6532796204815,13.4649589643982,0.627197795574809,0.372802204425191
"L20.00_M040.000","L=20, M=40",92092,22.6537437351481,13.4642376538016,0.627215111807967,0.372784888192034
"L20.00_M040.000","L=20, M=40",92192,22.6548122806176,13.4634713226819,0.627239448292832,0.372760551707169
"L20.00_M040.000","L=20, M=40",92292,22.6555120684864,13.4627269582284,0.627259597338876,0.372740402661124
"L20.00_M040.000","L=20, M=40",92392,22.6562631580423,13.4619675708884,0.627280536748292,0.372719463251708
"L20.00_M040.000","L=20, M=40",92492,22.6568938645385,13.461206925647,0.627300255795707,0.372699744204292
"L20.00_M040.000","L=20, M=40",92593,22.6577846915348,13.4604488042652,0.627322615159724,0.372677384840276
"L20.00_M040.000","L=20, M=40",92693,22.6590441671973,13.459743692227,0.627347857170268,0.372652142829732
"L20.00_M040.000","L=20, M=40",92793,22.6591845908762,13.4590133988341,0.627361990687675,0.372638009312325
"L20.00_M040.000","L=20, M=40",92893,22.6599702340571,13.45827448626,0.627382930968141,0.372617069031859
"L20.00_M040.000","L=20, M=40",92993,22.6602621453999,13.4575510780654,0.627398508464454,0.372601491535546
"L20.00_M040.000","L=20, M=40",93093,22.6611856980922,13.4568494861662,0.627420223234313,0.372579776765687
"L20.00_M040.000","L=20, M=40",93193,22.6621059922991,13.4561127339958,0.6274425149267,0.3725574850733
"L20.00_M040.000","L=20, M=40",93293,22.6625288953078,13.4554500712034,0.627458388973553,0.372541611026447
"L20.00_M040.000","L=20, M=40",93393,22.663633822507,13.4547241824061,0.627482396055329,0.372517603944671
"L20.00_M040.000","L=20, M=40",93493,22.6641203771845,13.4539791831818,0.627500357246223,0.372499642753777
"L20.00_M040.000","L=20, M=40",93594,22.6651213047182,13.4532162236772,0.62752393536661,0.37247606463339
"L20.00_M040.000","L=20, M=40",93694,22.6648648096637,13.4524705210311,0.627534246426028,0.372465753573972
"L20.00_M040.000","L=20, M=40",93794,22.6664837612512,13.4517313519029,0.627563784374166,0.372436215625834
"L20.00_M040.000","L=20, M=40",93894,22.6677028522368,13.4509906025174,0.627589225524799,0.372410774475201
"L20.00_M040.000","L=20, M=40",93994,22.6682314317474,13.4502095062036,0.627608247839098,0.372391752160902
"L20.00_M040.000","L=20, M=40",94094,22.6687797515145,13.4494537325469,0.627627033905686,0.372372966094314
"L20.00_M040.000","L=20, M=40",94194,22.6696452544097,13.4487578735526,0.627648048948743,0.372351951051257
"L20.00_M040.000","L=20, M=40",94294,22.6701041765946,13.4480486116901,0.627665105396749,0.372334894603251
"L20.00_M040.000","L=20, M=40",94394,22.6708747767434,13.447288904019,0.627686251635726,0.372313748364274
"L20.00_M040.000","L=20, M=40",94494,22.6717738741567,13.4465062057205,0.627709121918792,0.372290878081208
"L20.00_M040.000","L=20, M=40",94595,22.6739827204902,13.445743833599,0.627745137730651,0.372254862269349
"L20.00_M040.000","L=20, M=40",94695,22.6733118967914,13.4449811520419,0.627751479454918,0.372248520545082
"L20.00_M040.000","L=20, M=40",94795,22.6739175217803,13.4442263095028,0.627770840818838,0.372229159181162
"L20.00_M040.000","L=20, M=40",94895,22.6746907527883,13.4435308826252,0.627790896840724,0.372209103159276
"L20.00_M040.000","L=20, M=40",94995,22.6754391437505,13.4428005800812,0.627811303018422,0.372188696981578
"L20.00_M040.000","L=20, M=40",95095,22.6761299044905,13.4420653753437,0.627831200557001,0.372168799442999
"L20.00_M040.000","L=20, M=40",95195,22.6772166927376,13.4413483094562,0.627854863319188,0.372145136680811
"L20.00_M040.000","L=20, M=40",95295,22.6775719689942,13.4406528826549,0.627870612748533,0.372129387251467
"L20.00_M040.000","L=20, M=40",95395,22.6784678044219,13.4400093896798,0.627891028809083,0.372108971190917
"L20.00_M040.000","L=20, M=40",95495,22.679060610221,13.4391991233215,0.627911222122347,0.372088777877653
"L20.00_M040.000","L=20, M=40",95596,22.6798260972141,13.4384654116677,0.627931863599831,0.372068136400169
"L20.00_M040.000","L=20, M=40",95696,22.6824453707575,13.4376974640014,0.627972194753612,0.372027805246388
"L20.00_M040.000","L=20, M=40",95796,22.6812946768009,13.4368254705967,0.627975503272008,0.372024496727992
"L20.00_M040.000","L=20, M=40",95896,22.6819025066453,13.4360906501304,0.627994540233479,0.372005459766521
"L20.00_M040.000","L=20, M=40",95996,22.6825196010753,13.4353750646964,0.628013338290482,0.371986661709518
"L20.00_M040.000","L=20, M=40",96096,22.6835050293408,13.4346181874048,0.628036647785286,0.371963352214714
"L20.00_M040.000","L=20, M=40",96196,22.6843280365214,13.4339212515383,0.628057242077361,0.371942757922639
"L20.00_M040.000","L=20, M=40",96296,22.6856660803778,13.433185365795,0.628083816955969,0.371916183044031
"L20.00_M040.000","L=20, M=40",96396,22.6875656695088,13.4324062275647,0.628116924735121,0.371883075264879
"L20.00_M040.000","L=20, M=40",96496,22.6865625180667,13.4316207263744,0.62812025634092,0.37187974365908
"L20.00_M040.000","L=20, M=40",96597,22.6877103987738,13.4308513872115,0.628145454218419,0.371854545781581
"L20.00_M040.000","L=20, M=40",96697,22.6882253192609,13.4300040593491,0.628165491764039,0.371834508235961
"L20.00_M040.000","L=20, M=40",96797,22.6889734629248,13.4292173961277,0.628186875457471,0.371813124542529
"L20.00_M040.000","L=20, M=40",96897,22.6912681632292,13.4284512979946,0.62822382071902,0.37177617928098
"L20.00_M040.000","L=20, M=40",96997,22.6907908918175,13.4276521096403,0.628232808676212,0.371767191323788
"L20.00_M040.000","L=20, M=40",97097,22.6913029185065,13.4268721905833,0.628251644773598,0.371748355226402
"L20.00_M040.000","L=20, M=40",97197,22.6915370272156,13.4261177546328,0.628267177486276,0.371732822513724
"L20.00_M040.000","L=20, M=40",97297,22.6929547588582,13.4254097585085,0.628294084244784,0.371705915755216
"L20.00_M040.000","L=20, M=40",97397,22.6934661371869,13.4246695100467,0.628312224053709,0.371687775946291
"L20.00_M040.000","L=20, M=40",97497,22.6944023079373,13.4238807732651,0.628335578878845,0.371664421121155
"L20.00_M040.000","L=20, M=40",97598,22.6946876173066,13.4231126438964,0.628351877832515,0.371648122167485
"L20.00_M040.000","L=20, M=40",97698,22.6958318049063,13.4223767932819,0.628376452924212,0.371623547075788
"L20.00_M040.000","L=20, M=40",97798,22.696507559382,13.4216808855763,0.628395513079787,0.371604486920213
"L20.00_M040.000","L=20, M=40",97898,22.697700390881,13.4209378560988,0.628420712754278,0.371579287245722
"L20.00_M040.000","L=20, M=40",97998,22.6982939204127,13.4201083143771,0.628441251992852,0.371558748007148
"L20.00_M040.000","L=20, M=40",98098,22.6990526027583,13.419360470734,0.628462068822657,0.371537931177343
"L20.00_M040.000","L=20, M=40",98198,22.6996490332044,13.4186388649342,0.628480760140744,0.371519239859256
"L20.00_M040.000","L=20, M=40",98298,22.7002938161288,13.417882936654,0.628500546179419,0.371499453820581
"L20.00_M040.000","L=20, M=40",98398,22.7012097804144,13.4171106595763,0.628523405957696,0.371476594042304
"L20.00_M040.000","L=20, M=40",98498,22.7024188620314,13.4163739072278,0.628548661829957,0.371451338170043
"L20.00_M040.000","L=20, M=40",98599,22.7025494987414,13.4155987466682,0.628563495129536,0.371436504870464
"L20.00_M040.000","L=20, M=40",98699,22.7033898876575,13.414850348688,0.628585161931872,0.371414838068128
"L20.00_M040.000","L=20, M=40",98799,22.7052605323479,13.414114556368,0.628617202722348,0.371382797277651
"L20.00_M040.000","L=20, M=40",98899,22.7044401327836,13.4133796148588,0.628621558317226,0.371378441682774
"L20.00_M040.000","L=20, M=40",98999,22.7055869361389,13.4126373924978,0.628646268142716,0.371353731857284
"L20.00_M040.000","L=20, M=40",99099,22.7061925566298,13.4118849063989,0.628665592178111,0.371334407821889
"L20.00_M040.000","L=20, M=40",99199,22.7072673424514,13.4111616570024,0.628689230719166,0.371310769280834
"L20.00_M040.000","L=20, M=40",99299,22.707805439615,13.4103883775659,0.628708222635796,0.371291777364204
"L20.00_M040.000","L=20, M=40",99399,22.7085575191834,13.4096452183214,0.628728890089623,0.371271109910377
"L20.00_M040.000","L=20, M=40",99499,22.7075220058531,13.4088904976955,0.628731383650631,0.371268616349369
"L20.00_M040.000","L=20, M=40",99600,22.7092305034733,13.4081873991566,0.628761185661053,0.371238814338947
"L20.00_M040.000","L=20, M=40",99700,22.7107252342375,13.4074369762348,0.628789612879379,0.371210387120621
"L20.00_M040.000","L=20, M=40",99800,22.7115561951055,13.4066691249939,0.628811520882415,0.371188479117585
"L20.00_M040.000","L=20, M=40",99900,22.7122328113826,13.4058730115647,0.628832334749753,0.371167665250247
"L20.00_M040.000","L=20, M=40",1e+05,22.7123062306936,13.4051024030566,0.628846506154649,0.371153493845351
