"key","label","x","state","u"
"L10.00_M020.000","L=10, M=20",0.01,"competition start",2.04841802405562e-08
"L10.00_M020.000","L=10, M=20",0.03,"competition start",2.17051856150427e-08
"L10.00_M020.000","L=10, M=20",0.05,"competition start",2.37943899648544e-08
"L10.00_M020.000","L=10, M=20",0.07,"competition start",2.68353613108525e-08
"L10.00_M020.000","L=10, M=20",0.09,"competition start",3.0949738315483e-08
"L10.00_M020.000","L=10, M=20",0.11,"competition start",3.63020958541317e-08
"L10.00_M020.000","L=10, M=20",0.13,"competition start",4.31065280448484e-08
"L10.00_M020.000","L=10, M=20",0.15,"competition start",5.16352120598456e-08
"L10.00_M020.000","L=10, M=20",0.17,"competition start",6.22292952741137e-08
"L10.00_M020.000","L=10, M=20",0.19,"competition start",7.53125412407617e-08
"L10.00_M020.000","L=10, M=20",0.21,"competition start",9.14082803366817e-08
"L10.00_M020.000","L=10, M=20",0.23,"competition start",1.11160343110052e-07
"L10.00_M020.000","L=10, M=20",0.25,"competition start",1.3535881367057e-07
"L10.00_M020.000","L=10, M=20",0.27,"competition start",1.64971633266599e-07
"L10.00_M020.000","L=10, M=20",0.29,"competition start",2.01183318202722e-07
"L10.00_M020.000","L=10, M=20",0.31,"competition start",2.45442340827078e-07
"L10.00_M020.000","L=10, M=20",0.33,"competition start",2.99519068843233e-07
"L10.00_M020.000","L=10, M=20",0.35,"competition start",3.65576580537417e-07
"L10.00_M020.000","L=10, M=20",0.37,"competition start",4.46257188552128e-07
"L10.00_M020.000","L=10, M=20",0.39,"competition start",5.44788133183035e-07
"L10.00_M020.000","L=10, M=20",0.41,"competition start",6.6511067296157e-07
"L10.00_M020.000","L=10, M=20",0.43,"competition start",8.12037736181842e-07
"L10.00_M020.000","L=10, M=20",0.45,"competition start",9.91446439473227e-07
"L10.00_M020.000","L=10, M=20",0.47,"competition start",1.21051317420613e-06
"L10.00_M020.000","L=10, M=20",0.49,"competition start",1.47800066423471e-06
"L10.00_M020.000","L=10, M=20",0.51,"competition start",1.80460847733376e-06
"L10.00_M020.000","L=10, M=20",0.53,"competition start",2.20340101082878e-06
"L10.00_M020.000","L=10, M=20",0.55,"competition start",2.69033007087057e-06
"L10.00_M020.000","L=10, M=20",0.57,"competition start",3.28487294851912e-06
"L10.00_M020.000","L=10, M=20",0.59,"competition start",4.01081151561517e-06
"L10.00_M020.000","L=10, M=20",0.61,"competition start",4.89718350410735e-06
"L10.00_M020.000","L=10, M=20",0.63,"competition start",5.97944401967159e-06
"L10.00_M020.000","L=10, M=20",0.65,"competition start",7.30088374955652e-06
"L10.00_M020.000","L=10, M=20",0.67,"competition start",8.91436059191971e-06
"L10.00_M020.000","L=10, M=20",0.69,"competition start",1.08844139700912e-05
"L10.00_M020.000","L=10, M=20",0.71,"competition start",1.32898464015277e-05
"L10.00_M020.000","L=10, M=20",0.73,"competition start",1.6226875579755e-05
"L10.00_M020.000","L=10, M=20",0.75,"competition start",1.98129830455833e-05
"L10.00_M020.000","L=10, M=20",0.77,"competition start",2.41916133835798e-05
"L10.00_M020.000","L=10, M=20",0.79,"competition start",2.95379118949189e-05
"L10.00_M020.000","L=10, M=20",0.81,"competition start",3.60657302278767e-05
"L10.00_M020.000","L=10, M=20",0.83,"competition start",4.40361801521e-05
"L10.00_M020.000","L=10, M=20",0.85,"competition start",5.37680775682596e-05
"L10.00_M020.000","L=10, M=20",0.87,"competition start",6.56506944236413e-05
"L10.00_M020.000","L=10, M=20",0.89,"competition start",8.01593284747016e-05
"L10.00_M020.000","L=10, M=20",0.91,"competition start",9.78743134828759e-05
"L10.00_M020.000","L=10, M=20",0.93,"competition start",0.000119504229944489
"L10.00_M020.000","L=10, M=20",0.95,"competition start",0.000145914244323205
"L10.00_M020.000","L=10, M=20",0.97,"competition start",0.000178160709663636
"L10.00_M020.000","L=10, M=20",0.99,"competition start",0.000217533410576474
"L10.00_M020.000","L=10, M=20",1.01,"competition start",0.000265607140847389
"L10.00_M020.000","L=10, M=20",1.03,"competition start",0.000324304674461251
"L10.00_M020.000","L=10, M=20",1.05,"competition start",0.000395973645427488
"L10.00_M020.000","L=10, M=20",1.07,"competition start",0.000483480406440581
"L10.00_M020.000","L=10, M=20",1.09,"competition start",0.000590324613022384
"L10.00_M020.000","L=10, M=20",1.11,"competition start",0.000720779105024543
"L10.00_M020.000","L=10, M=20",1.13,"competition start",0.000880060663617945
"L10.00_M020.000","L=10, M=20",1.15,"competition start",0.0010745384485018
"L10.00_M020.000","L=10, M=20",1.17,"competition start",0.00131198841473619
"L10.00_M020.000","L=10, M=20",1.19,"competition start",0.00160190382910707
"L10.00_M020.000","L=10, M=20",1.21,"competition start",0.00195587422208525
"L10.00_M020.000","L=10, M=20",1.23,"competition start",0.00238804780741149
"L10.00_M020.000","L=10, M=20",1.25,"competition start",0.00291569567830306
"L10.00_M020.000","L=10, M=20",1.27,"competition start",0.00355990006839265
"L10.00_M020.000","L=10, M=20",1.29,"competition start",0.00434639379118393
"L10.00_M020.000","L=10, M=20",1.31,"competition start",0.0053065838151067
"L10.00_M020.000","L=10, M=20",1.33,"competition start",0.00647879899325721
"L10.00_M020.000","L=10, M=20",1.35,"competition start",0.00790981048155558
"L10.00_M020.000","L=10, M=20",1.37,"competition start",0.00965668361481789
"L10.00_M020.000","L=10, M=20",1.39,"competition start",0.0117890322695026
"L10.00_M020.000","L=10, M=20",1.41,"competition start",0.0143917613562317
"L10.00_M020.000","L=10, M=20",1.43,"competition start",0.0175684004039088
"L10.00_M020.000","L=10, M=20",1.45,"competition start",0.0214451515649809
"L10.00_M020.000","L=10, M=20",1.47,"competition start",0.0261757990885655
"L10.00_M020.000","L=10, M=20",1.49,"competition start",0.0319476545653398
"L10.00_M020.000","L=10, M=20",1.51,"competition start",0.0389887430207463
"L10.00_M020.000","L=10, M=20",1.53,"competition start",0.0475764688179417
"L10.00_M020.000","L=10, M=20",1.55,"competition start",0.0580480362982994
"L10.00_M020.000","L=10, M=20",1.57,"competition start",0.070812936106671
"L10.00_M020.000","L=10, M=20",1.59,"competition start",0.0863678406544881
"L10.00_M020.000","L=10, M=20",1.61,"competition start",0.105314275290092
"L10.00_M020.000","L=10, M=20",1.63,"competition start",0.128379436212181
"L10.00_M020.000","L=10, M=20",1.65,"competition start",0.15644049788296
"L10.00_M020.000","L=10, M=20",1.67,"competition start",0.190552670858773
"L10.00_M020.000","L=10, M=20",1.69,"competition start",0.231981105729009
"L10.00_M020.000","L=10, M=20",1.71,"competition start",0.282236448853839
"L10.00_M020.000","L=10, M=20",1.73,"competition start",0.343113385577923
"L10.00_M020.000","L=10, M=20",1.75,"competition start",0.416730786472896
"L10.00_M020.000","L=10, M=20",1.77,"competition start",0.505571019260979
"L10.00_M020.000","L=10, M=20",1.79,"competition start",0.612514517158818
"L10.00_M020.000","L=10, M=20",1.81,"competition start",0.740863734639076
"L10.00_M020.000","L=10, M=20",1.83,"competition start",0.89434816285795
"L10.00_M020.000","L=10, M=20",1.85,"competition start",1.07709923317695
"L10.00_M020.000","L=10, M=20",1.87,"competition start",1.29358104723009
"L10.00_M020.000","L=10, M=20",1.89,"competition start",1.54846062581558
"L10.00_M020.000","L=10, M=20",1.91,"competition start",1.84640092782241
"L10.00_M020.000","L=10, M=20",1.93,"competition start",2.19176292455714
"L10.00_M020.000","L=10, M=20",1.95,"competition start",2.58821152234182
"L10.00_M020.000","L=10, M=20",1.97,"competition start",3.03823585804365
"L10.00_M020.000","L=10, M=20",1.99,"competition start",3.54261785565397
"L10.00_M020.000","L=10, M=20",2.01,"competition start",4.09991148796694
"L10.00_M020.000","L=10, M=20",2.03,"competition start",4.70602234174327
"L10.00_M020.000","L=10, M=20",2.05,"competition start",5.3539921490157
"L10.00_M020.000","L=10, M=20",2.07,"competition start",6.03408387889434
"L10.00_M020.000","L=10, M=20",2.09,"competition start",6.73422209946853
"L10.00_M020.000","L=10, M=20",2.11,"competition start",7.44077392241294
"L10.00_M020.000","L=10, M=20",2.13,"competition start",8.13957536412058
"L10.00_M020.000","L=10, M=20",2.15,"competition start",8.81704345550473
"L10.00_M020.000","L=10, M=20",2.17,"competition start",9.461190717372
"L10.00_M020.000","L=10, M=20",2.19,"competition start",10.0623853400643
"L10.00_M020.000","L=10, M=20",2.21,"competition start",10.6137666978358
"L10.00_M020.000","L=10, M=20",2.23,"competition start",11.1113063276131
"L10.00_M020.000","L=10, M=20",2.25,"competition start",11.5535724578645
"L10.00_M020.000","L=10, M=20",2.27,"competition start",11.941294995538
"L10.00_M020.000","L=10, M=20",2.29,"competition start",12.2768351016996
"L10.00_M020.000","L=10, M=20",2.31,"competition start",12.5636472686528
"L10.00_M020.000","L=10, M=20",2.33,"competition start",12.805794252708
"L10.00_M020.000","L=10, M=20",2.35,"competition start",13.0075467997667
"L10.00_M020.000","L=10, M=20",2.37,"competition start",13.1730771442784
"L10.00_M020.000","L=10, M=20",2.39,"competition start",13.3062399880662
"L10.00_M020.000","L=10, M=20",2.41,"competition start",13.4104265502002
"L10.00_M020.000","L=10, M=20",2.43,"competition start",13.4884745432825
"L10.00_M020.000","L=10, M=20",2.45,"competition start",13.5426176059098
"L10.00_M020.000","L=10, M=20",2.47,"competition start",13.5744601942334
"L10.00_M020.000","L=10, M=20",2.49,"competition start",13.5849671185928
"L10.00_M020.000","L=10, M=20",2.51,"competition start",13.5744601942307
"L10.00_M020.000","L=10, M=20",2.53,"competition start",13.5426176059043
"L10.00_M020.000","L=10, M=20",2.55,"competition start",13.488474543274
"L10.00_M020.000","L=10, M=20",2.57,"competition start",13.4104265501885
"L10.00_M020.000","L=10, M=20",2.59,"competition start",13.3062399880509
"L10.00_M020.000","L=10, M=20",2.61,"competition start",13.1730771442592
"L10.00_M020.000","L=10, M=20",2.63,"competition start",13.0075467997431
"L10.00_M020.000","L=10, M=20",2.65,"competition start",12.8057942526794
"L10.00_M020.000","L=10, M=20",2.67,"competition start",12.5636472686188
"L10.00_M020.000","L=10, M=20",2.69,"competition start",12.2768351016595
"L10.00_M020.000","L=10, M=20",2.71,"competition start",11.9412949954913
"L10.00_M020.000","L=10, M=20",2.73,"competition start",11.5535724578109
"L10.00_M020.000","L=10, M=20",2.75,"competition start",11.1113063275523
"L10.00_M020.000","L=10, M=20",2.77,"competition start",10.6137666977679
"L10.00_M020.000","L=10, M=20",2.79,"competition start",10.0623853399897
"L10.00_M020.000","L=10, M=20",2.81,"competition start",9.4611907172913
"L10.00_M020.000","L=10, M=20",2.83,"competition start",8.81704345541904
"L10.00_M020.000","L=10, M=20",2.85,"competition start",8.13957536403132
"L10.00_M020.000","L=10, M=20",2.87,"competition start",7.44077392232178
"L10.00_M020.000","L=10, M=20",2.89,"competition start",6.73422209937727
"L10.00_M020.000","L=10, M=20",2.91,"competition start",6.03408387880481
"L10.00_M020.000","L=10, M=20",2.93,"competition start",5.35399214892959
"L10.00_M020.000","L=10, M=20",2.95,"competition start",4.70602234166201
"L10.00_M020.000","L=10, M=20",2.97,"competition start",4.0999114878916
"L10.00_M020.000","L=10, M=20",2.99,"competition start",3.54261785558527
"L10.00_M020.000","L=10, M=20",3.01,"competition start",3.03823585798194
"L10.00_M020.000","L=10, M=20",3.03,"competition start",2.58821152228714
"L10.00_M020.000","L=10, M=20",3.05,"competition start",2.19176292450925
"L10.00_M020.000","L=10, M=20",3.07,"competition start",1.84640092778091
"L10.00_M020.000","L=10, M=20",3.09,"competition start",1.54846062577994
"L10.00_M020.000","L=10, M=20",3.11,"competition start",1.29358104719972
"L10.00_M020.000","L=10, M=20",3.13,"competition start",1.07709923315124
"L10.00_M020.000","L=10, M=20",3.15,"competition start",0.894348162836309
"L10.00_M020.000","L=10, M=20",3.17,"competition start",0.740863734620943
"L10.00_M020.000","L=10, M=20",3.19,"competition start",0.612514517143685
"L10.00_M020.000","L=10, M=20",3.21,"competition start",0.505571019248391
"L10.00_M020.000","L=10, M=20",3.23,"competition start",0.416730786462453
"L10.00_M020.000","L=10, M=20",3.25,"competition start",0.34311338556928
"L10.00_M020.000","L=10, M=20",3.27,"competition start",0.282236448846699
"L10.00_M020.000","L=10, M=20",3.29,"competition start",0.231981105723119
"L10.00_M020.000","L=10, M=20",3.31,"competition start",0.190552670853921
"L10.00_M020.000","L=10, M=20",3.33,"competition start",0.156440497878967
"L10.00_M020.000","L=10, M=20",3.35,"competition start",0.128379436208897
"L10.00_M020.000","L=10, M=20",3.37,"competition start",0.105314275287394
"L10.00_M020.000","L=10, M=20",3.39,"competition start",0.0863678406522728
"L10.00_M020.000","L=10, M=20",3.41,"competition start",0.0708129361048527
"L10.00_M020.000","L=10, M=20",3.43,"competition start",0.0580480362968077
"L10.00_M020.000","L=10, M=20",3.45,"competition start",0.0475764688167182
"L10.00_M020.000","L=10, M=20",3.47,"competition start",0.0389887430197431
"L10.00_M020.000","L=10, M=20",3.49,"competition start",0.0319476545645174
"L10.00_M020.000","L=10, M=20",3.51,"competition start",0.0261757990878914
"L10.00_M020.000","L=10, M=20",3.53,"competition start",0.0214451515644285
"L10.00_M020.000","L=10, M=20",3.55,"competition start",0.0175684004034561
"L10.00_M020.000","L=10, M=20",3.57,"competition start",0.0143917613558608
"L10.00_M020.000","L=10, M=20",3.59,"competition start",0.0117890322691987
"L10.00_M020.000","L=10, M=20",3.61,"competition start",0.00965668361456897
"L10.00_M020.000","L=10, M=20",3.63,"competition start",0.00790981048135167
"L10.00_M020.000","L=10, M=20",3.65,"competition start",0.00647879899309018
"L10.00_M020.000","L=10, M=20",3.67,"competition start",0.00530658381496989
"L10.00_M020.000","L=10, M=20",3.69,"competition start",0.00434639379107187
"L10.00_M020.000","L=10, M=20",3.71,"competition start",0.00355990006830086
"L10.00_M020.000","L=10, M=20",3.73,"competition start",0.00291569567822788
"L10.00_M020.000","L=10, M=20",3.75,"competition start",0.00238804780734992
"L10.00_M020.000","L=10, M=20",3.77,"competition start",0.00195587422203482
"L10.00_M020.000","L=10, M=20",3.79,"competition start",0.00160190382906577
"L10.00_M020.000","L=10, M=20",3.81,"competition start",0.00131198841470237
"L10.00_M020.000","L=10, M=20",3.83,"competition start",0.0010745384484741
"L10.00_M020.000","L=10, M=20",3.85,"competition start",0.000880060663595259
"L10.00_M020.000","L=10, M=20",3.87,"competition start",0.000720779105005964
"L10.00_M020.000","L=10, M=20",3.89,"competition start",0.000590324613007169
"L10.00_M020.000","L=10, M=20",3.91,"competition start",0.00048348040642812
"L10.00_M020.000","L=10, M=20",3.93,"competition start",0.000395973645417282
"L10.00_M020.000","L=10, M=20",3.95,"competition start",0.000324304674452893
"L10.00_M020.000","L=10, M=20",3.97,"competition start",0.000265607140840545
"L10.00_M020.000","L=10, M=20",3.99,"competition start",0.000217533410570869
"L10.00_M020.000","L=10, M=20",4.01,"competition start",0.000178160709659045
"L10.00_M020.000","L=10, M=20",4.03,"competition start",0.000145914244319445
"L10.00_M020.000","L=10, M=20",4.05,"competition start",0.00011950422994141
"L10.00_M020.000","L=10, M=20",4.07,"competition start",9.78743134803543e-05
"L10.00_M020.000","L=10, M=20",4.09,"competition start",8.01593284726366e-05
"L10.00_M020.000","L=10, M=20",4.11,"competition start",6.56506944219501e-05
"L10.00_M020.000","L=10, M=20",4.13,"competition start",5.37680775668746e-05
"L10.00_M020.000","L=10, M=20",4.15,"competition start",4.40361801509657e-05
"L10.00_M020.000","L=10, M=20",4.17,"competition start",3.60657302269478e-05
"L10.00_M020.000","L=10, M=20",4.19,"competition start",2.95379118941581e-05
"L10.00_M020.000","L=10, M=20",4.21,"competition start",2.41916133829568e-05
"L10.00_M020.000","L=10, M=20",4.23,"competition start",1.98129830450731e-05
"L10.00_M020.000","L=10, M=20",4.25,"competition start",1.62268755793372e-05
"L10.00_M020.000","L=10, M=20",4.27,"competition start",1.32898464011855e-05
"L10.00_M020.000","L=10, M=20",4.29,"competition start",1.0884413969811e-05
"L10.00_M020.000","L=10, M=20",4.31,"competition start",8.9143605916902e-06
"L10.00_M020.000","L=10, M=20",4.33,"competition start",7.30088374936857e-06
"L10.00_M020.000","L=10, M=20",4.35,"competition start",5.97944401951766e-06
"L10.00_M020.000","L=10, M=20",4.37,"competition start",4.89718350398129e-06
"L10.00_M020.000","L=10, M=20",4.39,"competition start",4.01081151551194e-06
"L10.00_M020.000","L=10, M=20",4.41,"competition start",3.28487294843457e-06
"L10.00_M020.000","L=10, M=20",4.43,"competition start",2.69033007080132e-06
"L10.00_M020.000","L=10, M=20",4.45,"competition start",2.20340101077207e-06
"L10.00_M020.000","L=10, M=20",4.47,"competition start",1.80460847728732e-06
"L10.00_M020.000","L=10, M=20",4.49,"competition start",1.47800066419668e-06
"L10.00_M020.000","L=10, M=20",4.51,"competition start",1.21051317417498e-06
"L10.00_M020.000","L=10, M=20",4.53,"competition start",9.9144643944772e-07
"L10.00_M020.000","L=10, M=20",4.55,"competition start",8.12037736160954e-07
"L10.00_M020.000","L=10, M=20",4.57,"competition start",6.65110672944465e-07
"L10.00_M020.000","L=10, M=20",4.59,"competition start",5.44788133169028e-07
"L10.00_M020.000","L=10, M=20",4.61,"competition start",4.46257188540659e-07
"L10.00_M020.000","L=10, M=20",4.63,"competition start",3.65576580528027e-07
"L10.00_M020.000","L=10, M=20",4.65,"competition start",2.99519068835546e-07
"L10.00_M020.000","L=10, M=20",4.67,"competition start",2.45442340820785e-07
"L10.00_M020.000","L=10, M=20",4.69,"competition start",2.01183318197573e-07
"L10.00_M020.000","L=10, M=20",4.71,"competition start",1.64971633262387e-07
"L10.00_M020.000","L=10, M=20",4.73,"competition start",1.35358813667127e-07
"L10.00_M020.000","L=10, M=20",4.75,"competition start",1.1116034310724e-07
"L10.00_M020.000","L=10, M=20",4.77,"competition start",9.14082803343882e-08
"L10.00_M020.000","L=10, M=20",4.79,"competition start",7.53125412388949e-08
"L10.00_M020.000","L=10, M=20",4.81,"competition start",6.2229295272599e-08
"L10.00_M020.000","L=10, M=20",4.83,"competition start",5.16352120586223e-08
"L10.00_M020.000","L=10, M=20",4.85,"competition start",4.31065280438676e-08
"L10.00_M020.000","L=10, M=20",4.87,"competition start",3.63020958533541e-08
"L10.00_M020.000","L=10, M=20",4.89,"competition start",3.09497383148774e-08
"L10.00_M020.000","L=10, M=20",4.91,"competition start",2.68353613103948e-08
"L10.00_M020.000","L=10, M=20",4.93,"competition start",2.37943899645263e-08
"L10.00_M020.000","L=10, M=20",4.95,"competition start",2.17051856148309e-08
"L10.00_M020.000","L=10, M=20",4.97,"competition start",2.04841802404525e-08
"L10.00_M020.000","L=10, M=20",4.99,"competition start",2.0082533724645e-08
"L10.00_M020.000","L=10, M=20",5.01,"competition start",4.8621900851785e-09
"L10.00_M020.000","L=10, M=20",5.03,"competition start",5.15201474879156e-09
"L10.00_M020.000","L=10, M=20",5.05,"competition start",5.64792000212783e-09
"L10.00_M020.000","L=10, M=20",5.07,"competition start",6.36974205527467e-09
"L10.00_M020.000","L=10, M=20",5.09,"competition start",7.34635379028329e-09
"L10.00_M020.000","L=10, M=20",5.11,"competition start",8.61681967643874e-09
"L10.00_M020.000","L=10, M=20",5.13,"competition start",1.02319583490127e-08
"L10.00_M020.000","L=10, M=20",5.15,"competition start",1.22563753546461e-08
"L10.00_M020.000","L=10, M=20",5.17,"competition start",1.47710473731724e-08
"L10.00_M020.000","L=10, M=20",5.19,"competition start",1.78765612847477e-08
"L10.00_M020.000","L=10, M=20",5.21,"competition start",2.16971376449625e-08
"L10.00_M020.000","L=10, M=20",5.23,"competition start",2.63855995069241e-08
"L10.00_M020.000","L=10, M=20",5.25,"competition start",3.21294853431705e-08
"L10.00_M020.000","L=10, M=20",5.27,"competition start",3.9158550584259e-08
"L10.00_M020.000","L=10, M=20",5.29,"competition start",4.77539578355203e-08
"L10.00_M020.000","L=10, M=20",5.31,"competition start",5.82595233805752e-08
"L10.00_M020.000","L=10, M=20",5.33,"competition start",7.10954698316403e-08
"L10.00_M020.000","L=10, M=20",5.35,"competition start",8.67752350324677e-08
"L10.00_M020.000","L=10, M=20",5.37,"competition start",1.05926009569785e-07
"L10.00_M020.000","L=10, M=20",5.39,"competition start",1.29313824393324e-07
"L10.00_M020.000","L=10, M=20",5.41,"competition start",1.57874192048673e-07
"L10.00_M020.000","L=10, M=20",5.43,"competition start",1.92749527171452e-07
"L10.00_M020.000","L=10, M=20",5.45,"competition start",2.35334843061328e-07
"L10.00_M020.000","L=10, M=20",5.47,"competition start",2.87333552196994e-07
"L10.00_M020.000","L=10, M=20",5.49,"competition start",3.50825602709961e-07
"L10.00_M020.000","L=10, M=20",5.51,"competition start",4.28350676272021e-07
"L10.00_M020.000","L=10, M=20",5.53,"competition start",5.23009775305759e-07
"L10.00_M020.000","L=10, M=20",5.55,"competition start",6.38589262997445e-07
"L10.00_M020.000","L=10, M=20",5.57,"competition start",7.7971231769923e-07
"L10.00_M020.000","L=10, M=20",5.59,"competition start",9.52023859876503e-07
"L10.00_M020.000","L=10, M=20",5.61,"competition start",1.16241634864812e-06
"L10.00_M020.000","L=10, M=20",5.63,"competition start",1.41930547973612e-06
"L10.00_M020.000","L=10, M=20",5.65,"competition start",1.73296681267591e-06
"L10.00_M020.000","L=10, M=20",5.67,"competition start",2.11594679227518e-06
"L10.00_M020.000","L=10, M=20",5.69,"competition start",2.58356460503107e-06
"L10.00_M020.000","L=10, M=20",5.71,"competition start",3.15452494453987e-06
"L10.00_M020.000","L=10, M=20",5.73,"competition start",3.85166619618433e-06
"L10.00_M020.000","L=10, M=20",5.75,"competition start",4.70287396799226e-06
"L10.00_M020.000","L=10, M=20",5.77,"competition start",5.74219650816436e-06
"L10.00_M020.000","L=10, M=20",5.79,"competition start",7.01120662487448e-06
"L10.00_M020.000","L=10, M=20",5.81,"competition start",8.56066458349784e-06
"L10.00_M020.000","L=10, M=20",5.83,"competition start",1.04525484947163e-05
"L10.00_M020.000","L=10, M=20",5.85,"competition start",1.27625334053874e-05
"L10.00_M020.000","L=10, M=20",5.87,"competition start",1.55830182503889e-05
"L10.00_M020.000","L=10, M=20",5.89,"competition start",1.90268217354278e-05
"L10.00_M020.000","L=10, M=20",5.91,"competition start",2.32316949740736e-05
"L10.00_M020.000","L=10, M=20",5.93,"competition start",2.83658313665272e-05
"L10.00_M020.000","L=10, M=20",5.95,"competition start",3.46345940884893e-05
"L10.00_M020.000","L=10, M=20",5.97,"competition start",4.22887302497437e-05
"L10.00_M020.000","L=10, M=20",5.99,"competition start",5.16344002292617e-05
"L10.00_M020.000","L=10, M=20",6.01,"competition start",6.30454232714676e-05
"L10.00_M020.000","L=10, M=20",6.03,"competition start",7.69782290351881e-05
"L10.00_M020.000","L=10, M=20",6.05,"competition start",9.39901129599649e-05
"L10.00_M020.000","L=10, M=20",6.07,"competition start",0.000114761525370279
"L10.00_M020.000","L=10, M=20",6.09,"competition start",0.000140123285443401
"L10.00_M020.000","L=10, M=20",6.11,"competition start",0.00017108980794594
"L10.00_M020.000","L=10, M=20",6.13,"competition start",0.000208899670834097
"L10.00_M020.000","L=10, M=20",6.15,"competition start",0.000255065144968935
"L10.00_M020.000","L=10, M=20",6.17,"competition start",0.000311432664969647
"L10.00_M020.000","L=10, M=20",6.19,"competition start",0.000380256656810495
"L10.00_M020.000","L=10, M=20",6.21,"competition start",0.000464289670452519
"L10.00_M020.000","L=10, M=20",6.23,"competition start",0.000566892415640766
"L10.00_M020.000","L=10, M=20",6.25,"competition start",0.000692168091603895
"L10.00_M020.000","L=10, M=20",6.27,"competition start",0.000845126367901421
"L10.00_M020.000","L=10, M=20",6.29,"competition start",0.0010318835518878
"L10.00_M020.000","L=10, M=20",6.31,"competition start",0.00125990691406867
"L10.00_M020.000","L=10, M=20",6.33,"competition start",0.00153831289156423
"L10.00_M020.000","L=10, M=20",6.35,"competition start",0.00187823101912286
"L10.00_M020.000","L=10, M=20",6.37,"competition start",0.00229324802764018
"L10.00_M020.000","L=10, M=20",6.39,"competition start",0.00279994969933609
"L10.00_M020.000","L=10, M=20",6.41,"competition start",0.0034185818933365
"L10.00_M020.000","L=10, M=20",6.43,"competition start",0.00417385679459647
"L10.00_M020.000","L=10, M=20",6.45,"competition start",0.00509593605794364
"L10.00_M020.000","L=10, M=20",6.47,"competition start",0.006221629311755
"L10.00_M020.000","L=10, M=20",6.49,"competition start",0.00759585467874132
"L10.00_M020.000","L=10, M=20",6.51,"competition start",0.00927341782479568
"L10.00_M020.000","L=10, M=20",6.53,"competition start",0.0113211778548754
"L10.00_M020.000","L=10, M=20",6.55,"competition start",0.0138206824611921
"L10.00_M020.000","L=10, M=20",6.57,"competition start",0.0168713714368552
"L10.00_M020.000","L=10, M=20",6.59,"competition start",0.0205944673399656
"L10.00_M020.000","L=10, M=20",6.61,"competition start",0.0251376950342709
"L10.00_M020.000","L=10, M=20",6.63,"competition start",0.0306809982502565
"L10.00_M020.000","L=10, M=20",6.65,"competition start",0.0374434512167652
"L10.00_M020.000","L=10, M=20",6.67,"competition start",0.0456915964715901
"L10.00_M020.000","L=10, M=20",6.69,"competition start",0.0557494752529489
"L10.00_M020.000","L=10, M=20",6.71,"competition start",0.0680106525573005
"L10.00_M020.000","L=10, M=20",6.73,"competition start",0.0829525717412408
"L10.00_M020.000","L=10, M=20",6.75,"competition start",0.1011535980001
"L10.00_M020.000","L=10, M=20",6.77,"competition start",0.123313117543303
"L10.00_M020.000","L=10, M=20",6.79,"competition start",0.150275036608087
"L10.00_M020.000","L=10, M=20",6.81,"competition start",0.183054952032953
"L10.00_M020.000","L=10, M=20",6.83,"competition start",0.222871114761677
"L10.00_M020.000","L=10, M=20",6.85,"competition start",0.271179040041288
"L10.00_M020.000","L=10, M=20",6.87,"competition start",0.329709180351999
"L10.00_M020.000","L=10, M=20",6.89,"competition start",0.400506401534102
"L10.00_M020.000","L=10, M=20",6.91,"competition start",0.485969008094542
"L10.00_M020.000","L=10, M=20",6.93,"competition start",0.588883663434344
"L10.00_M020.000","L=10, M=20",6.95,"competition start",0.712450670603114
"L10.00_M020.000","L=10, M=20",6.97,"competition start",0.860291694137094
"L10.00_M020.000","L=10, M=20",6.99,"competition start",1.03642920002881
"L10.00_M020.000","L=10, M=20",7.01,"competition start",1.24522396122124
"L10.00_M020.000","L=10, M=20",7.03,"competition start",1.49125454136537
"L10.00_M020.000","L=10, M=20",7.05,"competition start",1.77912180514233
"L10.00_M020.000","L=10, M=20",7.07,"competition start",2.11316379791045
"L10.00_M020.000","L=10, M=20",7.09,"competition start",2.49707376092447
"L10.00_M020.000","L=10, M=20",7.11,"competition start",2.93342845599319
"L10.00_M020.000","L=10, M=20",7.13,"competition start",3.42315609857506
"L10.00_M020.000","L=10, M=20",7.15,"competition start",3.96500119201711
"L10.00_M020.000","L=10, M=20",7.17,"competition start",4.55507157686242
"L10.00_M020.000","L=10, M=20",7.19,"competition start",5.18657095483317
"L10.00_M020.000","L=10, M=20",7.21,"competition start",5.84981587322125
"L10.00_M020.000","L=10, M=20",7.23,"competition start",6.53260075690812
"L10.00_M020.000","L=10, M=20",7.25,"competition start",7.22090912531988
"L10.00_M020.000","L=10, M=20",7.27,"competition start",7.89988876183991
"L10.00_M020.000","L=10, M=20",7.29,"competition start",8.55493944662201
"L10.00_M020.000","L=10, M=20",7.31,"competition start",9.17273012868929
"L10.00_M020.000","L=10, M=20",7.33,"competition start",9.74198102011891
"L10.00_M020.000","L=10, M=20",7.35,"competition start",10.2539075639613
"L10.00_M020.000","L=10, M=20",7.37,"competition start",10.7023038688417
"L10.00_M020.000","L=10, M=20",7.39,"competition start",11.0833156082073
"L10.00_M020.000","L=10, M=20",7.41,"competition start",11.394997804856
"L10.00_M020.000","L=10, M=20",7.43,"competition start",11.6367666767142
"L10.00_M020.000","L=10, M=20",7.45,"competition start",11.8088436828761
"L10.00_M020.000","L=10, M=20",7.47,"competition start",11.9117659765731
"L10.00_M020.000","L=10, M=20",7.49,"competition start",11.9460115329752
"L10.00_M020.000","L=10, M=20",7.51,"competition start",11.9117659765646
"L10.00_M020.000","L=10, M=20",7.53,"competition start",11.8088436828591
"L10.00_M020.000","L=10, M=20",7.55,"competition start",11.6367666766886
"L10.00_M020.000","L=10, M=20",7.57,"competition start",11.3949978048217
"L10.00_M020.000","L=10, M=20",7.59,"competition start",11.0833156081644
"L10.00_M020.000","L=10, M=20",7.61,"competition start",10.7023038687903
"L10.00_M020.000","L=10, M=20",7.63,"competition start",10.2539075639017
"L10.00_M020.000","L=10, M=20",7.65,"competition start",9.74198102005177
"L10.00_M020.000","L=10, M=20",7.67,"competition start",9.17273012861553
"L10.00_M020.000","L=10, M=20",7.69,"competition start",8.55493944654289
"L10.00_M020.000","L=10, M=20",7.71,"competition start",7.89988876175696
"L10.00_M020.000","L=10, M=20",7.73,"competition start",7.22090912523486
"L10.00_M020.000","L=10, M=20",7.75,"competition start",6.53260075682287
"L10.00_M020.000","L=10, M=20",7.77,"competition start",5.84981587313758
"L10.00_M020.000","L=10, M=20",7.79,"competition start",5.18657095475273
"L10.00_M020.000","L=10, M=20",7.81,"competition start",4.55507157678657
"L10.00_M020.000","L=10, M=20",7.83,"competition start",3.96500119194687
"L10.00_M020.000","L=10, M=20",7.85,"competition start",3.4231560985111
"L10.00_M020.000","L=10, M=20",7.87,"competition start",2.93342845593582
"L10.00_M020.000","L=10, M=20",7.89,"competition start",2.4970737608737
"L10.00_M020.000","L=10, M=20",7.91,"competition start",2.11316379786604
"L10.00_M020.000","L=10, M=20",7.93,"competition start",1.77912180510389
"L10.00_M020.000","L=10, M=20",7.95,"competition start",1.4912545413324
"L10.00_M020.000","L=10, M=20",7.97,"competition start",1.24522396119316
"L10.00_M020.000","L=10, M=20",7.99,"competition start",1.03642920000506
"L10.00_M020.000","L=10, M=20",8.01,"competition start",0.860291694117114
"L10.00_M020.000","L=10, M=20",8.03,"competition start",0.712450670586383
"L10.00_M020.000","L=10, M=20",8.05,"competition start",0.588883663420387
"L10.00_M020.000","L=10, M=20",8.07,"competition start",0.485969008082936
"L10.00_M020.000","L=10, M=20",8.09,"competition start",0.400506401524478
"L10.00_M020.000","L=10, M=20",8.11,"competition start",0.329709180344036
"L10.00_M020.000","L=10, M=20",8.13,"competition start",0.27117904003471
"L10.00_M020.000","L=10, M=20",8.15,"competition start",0.222871114756252
"L10.00_M020.000","L=10, M=20",8.17,"competition start",0.183054952028485
"L10.00_M020.000","L=10, M=20",8.19,"competition start",0.15027503660441
"L10.00_M020.000","L=10, M=20",8.21,"competition start",0.123313117540281
"L10.00_M020.000","L=10, M=20",8.23,"competition start",0.101153597997617
"L10.00_M020.000","L=10, M=20",8.25,"competition start",0.082952571739202
"L10.00_M020.000","L=10, M=20",8.27,"competition start",0.0680106525556272
"L10.00_M020.000","L=10, M=20",8.29,"competition start",0.0557494752515761
"L10.00_M020.000","L=10, M=20",8.31,"competition start",0.0456915964704642
"L10.00_M020.000","L=10, M=20",8.33,"competition start",0.0374434512158421
"L10.00_M020.000","L=10, M=20",8.35,"competition start",0.0306809982494997
"L10.00_M020.000","L=10, M=20",8.37,"competition start",0.0251376950336506
"L10.00_M020.000","L=10, M=20",8.39,"competition start",0.0205944673394573
"L10.00_M020.000","L=10, M=20",8.41,"competition start",0.0168713714364387
"L10.00_M020.000","L=10, M=20",8.43,"competition start",0.0138206824608509
"L10.00_M020.000","L=10, M=20",8.45,"competition start",0.0113211778545958
"L10.00_M020.000","L=10, M=20",8.47,"competition start",0.00927341782456665
"L10.00_M020.000","L=10, M=20",8.49,"competition start",0.00759585467855371
"L10.00_M020.000","L=10, M=20",8.51,"competition start",0.00622162931160133
"L10.00_M020.000","L=10, M=20",8.53,"competition start",0.00509593605781777
"L10.00_M020.000","L=10, M=20",8.55,"competition start",0.00417385679449337
"L10.00_M020.000","L=10, M=20",8.57,"competition start",0.00341858189325206
"L10.00_M020.000","L=10, M=20",8.59,"competition start",0.00279994969926693
"L10.00_M020.000","L=10, M=20",8.61,"competition start",0.00229324802758354
"L10.00_M020.000","L=10, M=20",8.63,"competition start",0.00187823101907647
"L10.00_M020.000","L=10, M=20",8.65,"competition start",0.00153831289152623
"L10.00_M020.000","L=10, M=20",8.67,"competition start",0.00125990691403756
"L10.00_M020.000","L=10, M=20",8.69,"competition start",0.00103188355186231
"L10.00_M020.000","L=10, M=20",8.71,"competition start",0.000845126367880549
"L10.00_M020.000","L=10, M=20",8.73,"competition start",0.000692168091586801
"L10.00_M020.000","L=10, M=20",8.75,"competition start",0.000566892415626766
"L10.00_M020.000","L=10, M=20",8.77,"competition start",0.000464289670441054
"L10.00_M020.000","L=10, M=20",8.79,"competition start",0.000380256656801106
"L10.00_M020.000","L=10, M=20",8.81,"competition start",0.000311432664961957
"L10.00_M020.000","L=10, M=20",8.83,"competition start",0.000255065144962637
"L10.00_M020.000","L=10, M=20",8.85,"competition start",0.000208899670828939
"L10.00_M020.000","L=10, M=20",8.87,"competition start",0.000171089807941716
"L10.00_M020.000","L=10, M=20",8.89,"competition start",0.000140123285439941
"L10.00_M020.000","L=10, M=20",8.91,"competition start",0.000114761525367446
"L10.00_M020.000","L=10, M=20",8.93,"competition start",9.39901129576448e-05
"L10.00_M020.000","L=10, M=20",8.95,"competition start",7.69782290332881e-05
"L10.00_M020.000","L=10, M=20",8.97,"competition start",6.30454232699116e-05
"L10.00_M020.000","L=10, M=20",8.99,"competition start",5.16344002279874e-05
"L10.00_M020.000","L=10, M=20",9.01,"competition start",4.22887302487001e-05
"L10.00_M020.000","L=10, M=20",9.03,"competition start",3.46345940876346e-05
"L10.00_M020.000","L=10, M=20",9.05,"competition start",2.83658313658273e-05
"L10.00_M020.000","L=10, M=20",9.07,"competition start",2.32316949735004e-05
"L10.00_M020.000","L=10, M=20",9.09,"competition start",1.90268217349584e-05
"L10.00_M020.000","L=10, M=20",9.11,"competition start",1.55830182500044e-05
"L10.00_M020.000","L=10, M=20",9.13,"competition start",1.27625334050725e-05
"L10.00_M020.000","L=10, M=20",9.15,"competition start",1.04525484944584e-05
"L10.00_M020.000","L=10, M=20",9.17,"competition start",8.56066458328666e-06
"L10.00_M020.000","L=10, M=20",9.19,"competition start",7.01120662470155e-06
"L10.00_M020.000","L=10, M=20",9.21,"competition start",5.74219650802274e-06
"L10.00_M020.000","L=10, M=20",9.23,"competition start",4.70287396787627e-06
"L10.00_M020.000","L=10, M=20",9.25,"competition start",3.85166619608934e-06
"L10.00_M020.000","L=10, M=20",9.27,"competition start",3.15452494446208e-06
"L10.00_M020.000","L=10, M=20",9.29,"competition start",2.58356460496736e-06
"L10.00_M020.000","L=10, M=20",9.31,"competition start",2.115946792223e-06
"L10.00_M020.000","L=10, M=20",9.33,"competition start",1.73296681263317e-06
"L10.00_M020.000","L=10, M=20",9.35,"competition start",1.41930547970113e-06
"L10.00_M020.000","L=10, M=20",9.37,"competition start",1.16241634861946e-06
"L10.00_M020.000","L=10, M=20",9.39,"competition start",9.52023859853031e-07
"L10.00_M020.000","L=10, M=20",9.41,"competition start",7.79712317680007e-07
"L10.00_M020.000","L=10, M=20",9.43,"competition start",6.38589262981702e-07
"L10.00_M020.000","L=10, M=20",9.45,"competition start",5.23009775292867e-07
"L10.00_M020.000","L=10, M=20",9.47,"competition start",4.28350676261463e-07
"L10.00_M020.000","L=10, M=20",9.49,"competition start",3.50825602701314e-07
"L10.00_M020.000","L=10, M=20",9.51,"competition start",2.87333552189912e-07
"L10.00_M020.000","L=10, M=20",9.53,"competition start",2.35334843055528e-07
"L10.00_M020.000","L=10, M=20",9.55,"competition start",1.92749527166703e-07
"L10.00_M020.000","L=10, M=20",9.57,"competition start",1.57874192044784e-07
"L10.00_M020.000","L=10, M=20",9.59,"competition start",1.29313824390139e-07
"L10.00_M020.000","L=10, M=20",9.61,"competition start",1.05926009567177e-07
"L10.00_M020.000","L=10, M=20",9.63,"competition start",8.67752350303324e-08
"L10.00_M020.000","L=10, M=20",9.65,"competition start",7.10954698298923e-08
"L10.00_M020.000","L=10, M=20",9.67,"competition start",5.82595233791444e-08
"L10.00_M020.000","L=10, M=20",9.69,"competition start",4.77539578343494e-08
"L10.00_M020.000","L=10, M=20",9.71,"competition start",3.91585505833013e-08
"L10.00_M020.000","L=10, M=20",9.73,"competition start",3.21294853423876e-08
"L10.00_M020.000","L=10, M=20",9.75,"competition start",2.63855995062846e-08
"L10.00_M020.000","L=10, M=20",9.77,"competition start",2.1697137644441e-08
"L10.00_M020.000","L=10, M=20",9.79,"competition start",1.78765612843232e-08
"L10.00_M020.000","L=10, M=20",9.81,"competition start",1.47710473728279e-08
"L10.00_M020.000","L=10, M=20",9.83,"competition start",1.22563753543679e-08
"L10.00_M020.000","L=10, M=20",9.85,"competition start",1.02319583487896e-08
"L10.00_M020.000","L=10, M=20",9.87,"competition start",8.61681967626189e-09
"L10.00_M020.000","L=10, M=20",9.89,"competition start",7.34635379014558e-09
"L10.00_M020.000","L=10, M=20",9.91,"competition start",6.36974205517059e-09
"L10.00_M020.000","L=10, M=20",9.93,"competition start",5.64792000205321e-09
"L10.00_M020.000","L=10, M=20",9.95,"competition start",5.15201474874341e-09
"L10.00_M020.000","L=10, M=20",9.97,"competition start",4.86219008515489e-09
"L10.00_M020.000","L=10, M=20",9.99,"competition start",4.7668530247691e-09
"L10.00_M020.000","L=10, M=20",0.01,"simulation end",6.13312296480866e-08
"L10.00_M020.000","L=10, M=20",0.03,"simulation end",7.49216376842078e-08
"L10.00_M020.000","L=10, M=20",0.05,"simulation end",9.15687137308204e-08
"L10.00_M020.000","L=10, M=20",0.07,"simulation end",1.11952359474219e-07
"L10.00_M020.000","L=10, M=20",0.09,"simulation end",1.3690516793057e-07
"L10.00_M020.000","L=10, M=20",0.11,"simulation end",1.67446484674071e-07
"L10.00_M020.000","L=10, M=20",0.13,"simulation end",2.04824115106634e-07
"L10.00_M020.000","L=10, M=20",0.15,"simulation end",2.50565387475976e-07
"L10.00_M020.000","L=10, M=20",0.17,"simulation end",3.06539665280015e-07
"L10.00_M020.000","L=10, M=20",0.19,"simulation end",3.75034872668018e-07
"L10.00_M020.000","L=10, M=20",0.21,"simulation end",4.58851171804485e-07
"L10.00_M020.000","L=10, M=20",0.23,"simulation end",5.61415635586499e-07
"L10.00_M020.000","L=10, M=20",0.25,"simulation end",6.86922621608466e-07
"L10.00_M020.000","L=10, M=20",0.27,"simulation end",8.40505609380566e-07
"L10.00_M020.000","L=10, M=20",0.29,"simulation end",1.02844755605004e-06
"L10.00_M020.000","L=10, M=20",0.31,"simulation end",1.25843840955874e-06
"L10.00_M020.000","L=10, M=20",0.33,"simulation end",1.53989035760319e-06
"L10.00_M020.000","L=10, M=20",0.35,"simulation end",1.8843237659492e-06
"L10.00_M020.000","L=10, M=20",0.37,"simulation end",2.30583966860942e-06
"L10.00_M020.000","L=10, M=20",0.39,"simulation end",2.82169823520421e-06
"L10.00_M020.000","L=10, M=20",0.41,"simulation end",3.45302700463155e-06
"L10.00_M020.000","L=10, M=20",0.43,"simulation end",4.22568801924943e-06
"L10.00_M020.000","L=10, M=20",0.45,"simulation end",5.17133954103478e-06
"L10.00_M020.000","L=10, M=20",0.47,"simulation end",6.32873605132134e-06
"L10.00_M020.000","L=10, M=20",0.49,"simulation end",7.74532006046349e-06
"L10.00_M020.000","L=10, M=20",0.51,"simulation end",9.47917128965071e-06
"L10.00_M020.000","L=10, M=20",0.53,"simulation end",1.16013935323304e-05
"L10.00_M020.000","L=10, M=20",0.55,"simulation end",1.41990375679005e-05
"L10.00_M020.000","L=10, M=20",0.57,"simulation end",1.73786806339067e-05
"L10.00_M020.000","L=10, M=20",0.59,"simulation end",2.12708100822178e-05
"L10.00_M020.000","L=10, M=20",0.61,"simulation end",2.60351920739072e-05
"L10.00_M020.000","L=10, M=20",0.63,"simulation end",3.18674468850132e-05
"L10.00_M020.000","L=10, M=20",0.65,"simulation end",3.90071022903096e-05
"L10.00_M020.000","L=10, M=20",0.67,"simulation end",4.77474576354472e-05
"L10.00_M020.000","L=10, M=20",0.69,"simulation end",5.8447666137632e-05
"L10.00_M020.000","L=10, M=20",0.71,"simulation end",7.15475347827666e-05
"L10.00_M020.000","L=10, M=20",0.73,"simulation end",8.75856537264247e-05
"L10.00_M020.000","L=10, M=20",0.75,"simulation end",0.00010722160503158
"L10.00_M020.000","L=10, M=20",0.77,"simulation end",0.000131263169616541
"L10.00_M020.000","L=10, M=20",0.79,"simulation end",0.000160699658462661
"L10.00_M020.000","L=10, M=20",0.81,"simulation end",0.000196742748045247
"L10.00_M020.000","L=10, M=20",0.83,"simulation end",0.000240876511141102
"L10.00_M020.000","L=10, M=20",0.85,"simulation end",0.000294918715539153
"L10.00_M020.000","L=10, M=20",0.87,"simulation end",0.000361095930539956
"L10.00_M020.000","L=10, M=20",0.89,"simulation end",0.000442135553817122
"L10.00_M020.000","L=10, M=20",0.91,"simulation end",0.000541378572889505
"L10.00_M020.000","L=10, M=20",0.93,"simulation end",0.000662917735043192
"L10.00_M020.000","L=10, M=20",0.95,"simulation end",0.000811766852381961
"L10.00_M020.000","L=10, M=20",0.97,"simulation end",0.000994068257896036
"L10.00_M020.000","L=10, M=20",0.99,"simulation end",0.00121734700658238
"L10.00_M020.000","L=10, M=20",1.01,"simulation end",0.00149082234669362
"L10.00_M020.000","L=10, M=20",1.03,"simulation end",0.00182578934783953
"L10.00_M020.000","L=10, M=20",1.05,"simulation end",0.00223608645907766
"L10.00_M020.000","L=10, M=20",1.07,"simulation end",0.00273866829507612
"L10.00_M020.000","L=10, M=20",1.09,"simulation end",0.00335430724885411
"L10.00_M020.000","L=10, M=20",1.11,"simulation end",0.00410845276955519
"L10.00_M020.000","L=10, M=20",1.13,"simulation end",0.00503228351852099
"L10.00_M020.000","L=10, M=20",1.15,"simulation end",0.00616399535737626
"L10.00_M020.000","L=10, M=20",1.17,"simulation end",0.00755037749774305
"L10.00_M020.000","L=10, M=20",1.19,"simulation end",0.00924874046477829
"L10.00_M020.000","L=10, M=20",1.21,"simulation end",0.0113292731482022
"L10.00_M020.000","L=10, M=20",1.23,"simulation end",0.013877922522957
"L10.00_M020.000","L=10, M=20",1.25,"simulation end",0.0169999090278935
"L10.00_M020.000","L=10, M=20",1.27,"simulation end",0.020824013502072
"L10.00_M020.000","L=10, M=20",1.29,"simulation end",0.0255077983509601
"L10.00_M020.000","L=10, M=20",1.31,"simulation end",0.0312439564761843
"L10.00_M020.000","L=10, M=20",1.33,"simulation end",0.0382680164233654
"L10.00_M020.000","L=10, M=20",1.35,"simulation end",0.0468676706988355
"L10.00_M020.000","L=10, M=20",1.37,"simulation end",0.0573940350356295
"L10.00_M020.000","L=10, M=20",1.39,"simulation end",0.0702751870995656
"L10.00_M020.000","L=10, M=20",1.41,"simulation end",0.0860323693930713
"L10.00_M020.000","L=10, M=20",1.43,"simulation end",0.105299265796434
"L10.00_M020.000","L=10, M=20",1.45,"simulation end",0.128844763010603
"L10.00_M020.000","L=10, M=20",1.47,"simulation end",0.157599569959414
"L10.00_M020.000","L=10, M=20",1.49,"simulation end",0.192686964624296
"L10.00_M020.000","L=10, M=20",1.51,"simulation end",0.23545773256554
"L10.00_M020.000","L=10, M=20",1.53,"simulation end",0.287529004444823
"L10.00_M020.000","L=10, M=20",1.55,"simulation end",0.350826124871932
"L10.00_M020.000","L=10, M=20",1.57,"simulation end",0.427625808837879
"L10.00_M020.000","L=10, M=20",1.59,"simulation end",0.520597569411988
"L10.00_M020.000","L=10, M=20",1.61,"simulation end",0.632838636847386
"L10.00_M020.000","L=10, M=20",1.63,"simulation end",0.767895270870032
"L10.00_M020.000","L=10, M=20",1.65,"simulation end",0.929760515793238
"L10.00_M020.000","L=10, M=20",1.67,"simulation end",1.12283525642957
"L10.00_M020.000","L=10, M=20",1.69,"simulation end",1.35183639386826
"L10.00_M020.000","L=10, M=20",1.71,"simulation end",1.62163401102428
"L10.00_M020.000","L=10, M=20",1.73,"simulation end",1.9370000358754
"L10.00_M020.000","L=10, M=20",1.75,"simulation end",2.30225616629411
"L10.00_M020.000","L=10, M=20",1.77,"simulation end",2.72082091024378
"L10.00_M020.000","L=10, M=20",1.79,"simulation end",3.19467605223928
"L10.00_M020.000","L=10, M=20",1.81,"simulation end",3.72380107672285
"L10.00_M020.000","L=10, M=20",1.83,"simulation end",4.30565559883875
"L10.00_M020.000","L=10, M=20",1.85,"simulation end",4.93481533636546
"L10.00_M020.000","L=10, M=20",1.87,"simulation end",5.60287359300732
"L10.00_M020.000","L=10, M=20",1.89,"simulation end",6.29869554012205
"L10.00_M020.000","L=10, M=20",1.91,"simulation end",7.00905297079348
"L10.00_M020.000","L=10, M=20",1.93,"simulation end",7.7195834479832
"L10.00_M020.000","L=10, M=20",1.95,"simulation end",8.41593520450872
"L10.00_M020.000","L=10, M=20",1.97,"simulation end",9.08490824921953
"L10.00_M020.000","L=10, M=20",1.99,"simulation end",9.7154034787292
"L10.00_M020.000","L=10, M=20",2.01,"simulation end",10.2990445615794
"L10.00_M020.000","L=10, M=20",2.03,"simulation end",10.8304204902903
"L10.00_M020.000","L=10, M=20",2.05,"simulation end",11.3069794873037
"L10.00_M020.000","L=10, M=20",2.07,"simulation end",11.7286627699548
"L10.00_M020.000","L=10, M=20",2.09,"simulation end",12.097389624608
"L10.00_M020.000","L=10, M=20",2.11,"simulation end",12.4164977184989
"L10.00_M020.000","L=10, M=20",2.13,"simulation end",12.6902167994694
"L10.00_M020.000","L=10, M=20",2.15,"simulation end",12.9232227073848
"L10.00_M020.000","L=10, M=20",2.17,"simulation end",13.1202909662823
"L10.00_M020.000","L=10, M=20",2.19,"simulation end",13.2860493422998
"L10.00_M020.000","L=10, M=20",2.21,"simulation end",13.4248170984069
"L10.00_M020.000","L=10, M=20",2.23,"simulation end",13.5405136800503
"L10.00_M020.000","L=10, M=20",2.25,"simulation end",13.6366190342661
"L10.00_M020.000","L=10, M=20",2.27,"simulation end",13.7161697157364
"L10.00_M020.000","L=10, M=20",2.29,"simulation end",13.7817779159567
"L10.00_M020.000","L=10, M=20",2.31,"simulation end",13.8356636639672
"L10.00_M020.000","L=10, M=20",2.33,"simulation end",13.879693218001
"L10.00_M020.000","L=10, M=20",2.35,"simulation end",13.9154189131807
"L10.00_M020.000","L=10, M=20",2.37,"simulation end",13.9441174332521
"L10.00_M020.000","L=10, M=20",2.39,"simulation end",13.966824697409
"L10.00_M020.000","L=10, M=20",2.41,"simulation end",13.9843663883346
"L10.00_M020.000","L=10, M=20",2.43,"simulation end",13.997383687025
"L10.00_M020.000","L=10, M=20",2.45,"simulation end",14.0063541039142
"L10.00_M020.000","L=10, M=20",2.47,"simulation end",14.0116074683333
"L10.00_M020.000","L=10, M=20",2.49,"simulation end",14.0133372079943
"L10.00_M020.000","L=10, M=20",2.51,"simulation end",14.0116070526313
"L10.00_M020.000","L=10, M=20",2.53,"simulation end",14.0063532570127
"L10.00_M020.000","L=10, M=20",2.55,"simulation end",13.9973823773894
"L10.00_M020.000","L=10, M=20",2.57,"simulation end",13.9843645673054
"L10.00_M020.000","L=10, M=20",2.59,"simulation end",13.9668222975519
"L10.00_M020.000","L=10, M=20",2.61,"simulation end",13.9441143661288
"L10.00_M020.000","L=10, M=20",2.63,"simulation end",13.9154150665277
"L10.00_M020.000","L=10, M=20",2.65,"simulation end",13.8796884523163
"L10.00_M020.000","L=10, M=20",2.67,"simulation end",13.8356578085357
"L10.00_M020.000","L=10, M=20",2.69,"simulation end",13.781770764395
"L10.00_M020.000","L=10, M=20",2.71,"simulation end",13.7161610212184
"L10.00_M020.000","L=10, M=20",2.73,"simulation end",13.6366085047162
"L10.00_M020.000","L=10, M=20",2.75,"simulation end",13.5405009737638
"L10.00_M020.000","L=10, M=20",2.77,"simulation end",13.4248018207976
"L10.00_M020.000","L=10, M=20",2.79,"simulation end",13.2860310447786
"L10.00_M020.000","L=10, M=20",2.81,"simulation end",13.1202691486335
"L10.00_M020.000","L=10, M=20",2.83,"simulation end",12.9231968253881
"L10.00_M020.000","L=10, M=20",2.85,"simulation end",12.6901862798359
"L10.00_M020.000","L=10, M=20",2.87,"simulation end",12.4164619833086
"L10.00_M020.000","L=10, M=20",2.89,"simulation end",12.097348127145
"L10.00_M020.000","L=10, M=20",2.91,"simulation end",11.7286150428637
"L10.00_M020.000","L=10, M=20",2.93,"simulation end",11.3069252021026
"L10.00_M020.000","L=10, M=20",2.95,"simulation end",10.8303595243491
"L10.00_M020.000","L=10, M=20",2.97,"simulation end",10.298977064984
"L10.00_M020.000","L=10, M=20",2.99,"simulation end",9.71532992977146
"L10.00_M020.000","L=10, M=20",3.01,"simulation end",9.0848294849727
"L10.00_M020.000","L=10, M=20",3.03,"simulation end",8.41585241369712
"L10.00_M020.000","L=10, M=20",3.05,"simulation end",7.71949811829368
"L10.00_M020.000","L=10, M=20",3.07,"simulation end",7.00896679166244
"L10.00_M020.000","L=10, M=20",3.09,"simulation end",6.29861027268265
"L10.00_M020.000","L=10, M=20",3.11,"simulation end",5.60279092769195
"L10.00_M020.000","L=10, M=20",3.13,"simulation end",4.93473676217411
"L10.00_M020.000","L=10, M=20",3.15,"simulation end",4.30558230503145
"L10.00_M020.000","L=10, M=20",3.17,"simulation end",3.72373389902123
"L10.00_M020.000","L=10, M=20",3.19,"simulation end",3.19461546493276
"L10.00_M020.000","L=10, M=20",3.21,"simulation end",2.72076705654241
"L10.00_M020.000","L=10, M=20",3.23,"simulation end",2.30220891413019
"L10.00_M020.000","L=10, M=20",3.25,"simulation end",1.93695904545991
"L10.00_M020.000","L=10, M=20",3.27,"simulation end",1.62159880268758
"L10.00_M020.000","L=10, M=20",3.29,"simulation end",1.35180640840896
"L10.00_M020.000","L=10, M=20",3.31,"simulation end",1.12280990395111
"L10.00_M020.000","L=10, M=20",3.33,"simulation end",0.929739211997356
"L10.00_M020.000","L=10, M=20",3.35,"simulation end",0.767877461726507
"L10.00_M020.000","L=10, M=20",3.37,"simulation end",0.632823813563146
"L10.00_M020.000","L=10, M=20",3.39,"simulation end",0.520585275930946
"L10.00_M020.000","L=10, M=20",3.41,"simulation end",0.42761564398483
"L10.00_M020.000","L=10, M=20",3.43,"simulation end",0.350817740925951
"L10.00_M020.000","L=10, M=20",3.45,"simulation end",0.287522103535602
"L10.00_M020.000","L=10, M=20",3.47,"simulation end",0.235452061913449
"L10.00_M020.000","L=10, M=20",3.49,"simulation end",0.192682311330071
"L10.00_M020.000","L=10, M=20",3.51,"simulation end",0.157595755803069
"L10.00_M020.000","L=10, M=20",3.53,"simulation end",0.128841639537333
"L10.00_M020.000","L=10, M=20",3.55,"simulation end",0.105296709839403
"L10.00_M020.000","L=10, M=20",3.57,"simulation end",0.0860302790972133
"L10.00_M020.000","L=10, M=20",3.59,"simulation end",0.0702734784558328
"L10.00_M020.000","L=10, M=20",3.61,"simulation end",0.0573926389024201
"L10.00_M020.000","L=10, M=20",3.63,"simulation end",0.0468665302696664
"L10.00_M020.000","L=10, M=20",3.65,"simulation end",0.0382670850919863
"L10.00_M020.000","L=10, M=20",3.67,"simulation end",0.0312431960486425
"L10.00_M020.000","L=10, M=20",3.69,"simulation end",0.025507177556077
"L10.00_M020.000","L=10, M=20",3.71,"simulation end",0.0208235067557142
"L10.00_M020.000","L=10, M=20",3.73,"simulation end",0.0169994954112296
"L10.00_M020.000","L=10, M=20",3.75,"simulation end",0.0138775849399194
"L10.00_M020.000","L=10, M=20",3.77,"simulation end",0.0113289976322294
"L10.00_M020.000","L=10, M=20",3.79,"simulation end",0.00924851560938389
"L10.00_M020.000","L=10, M=20",3.81,"simulation end",0.00755019398945357
"L10.00_M020.000","L=10, M=20",3.83,"simulation end",0.00616384559306925
"L10.00_M020.000","L=10, M=20",3.85,"simulation end",0.00503216129219814
"L10.00_M020.000","L=10, M=20",3.87,"simulation end",0.00410835301613972
"L10.00_M020.000","L=10, M=20",3.89,"simulation end",0.00335422583475367
"L10.00_M020.000","L=10, M=20",3.91,"simulation end",0.00273860184705541
"L10.00_M020.000","L=10, M=20",3.93,"simulation end",0.00223603222448505
"L10.00_M020.000","L=10, M=20",3.95,"simulation end",0.00182574508047648
"L10.00_M020.000","L=10, M=20",3.97,"simulation end",0.00149078621364363
"L10.00_M020.000","L=10, M=20",3.99,"simulation end",0.00121731751216376
"L10.00_M020.000","L=10, M=20",4.01,"simulation end",0.000994044181599553
"L10.00_M020.000","L=10, M=20",4.03,"simulation end",0.000811747198226527
"L10.00_M020.000","L=10, M=20",4.05,"simulation end",0.000662901690251831
"L10.00_M020.000","L=10, M=20",4.07,"simulation end",0.000541365474171919
"L10.00_M020.000","L=10, M=20",4.09,"simulation end",0.00044212485985946
"L10.00_M020.000","L=10, M=20",4.11,"simulation end",0.000361087199559382
"L10.00_M020.000","L=10, M=20",4.13,"simulation end",0.000294911586970756
"L10.00_M020.000","L=10, M=20",4.15,"simulation end",0.000240870690696237
"L10.00_M020.000","L=10, M=20",4.17,"simulation end",0.000196737995520429
"L10.00_M020.000","L=10, M=20",4.19,"simulation end",0.000160695777792448
"L10.00_M020.000","L=10, M=20",4.21,"simulation end",0.000131260000757139
"L10.00_M020.000","L=10, M=20",4.23,"simulation end",0.00010721901733803
"L10.00_M020.000","L=10, M=20",4.25,"simulation end",8.75835405483434e-05
"L10.00_M020.000","L=10, M=20",4.27,"simulation end",7.15458090542669e-05
"L10.00_M020.000","L=10, M=20",4.29,"simulation end",5.84462567784096e-05
"L10.00_M020.000","L=10, M=20",4.31,"simulation end",4.77463066137108e-05
"L10.00_M020.000","L=10, M=20",4.33,"simulation end",3.90061622257508e-05
"L10.00_M020.000","L=10, M=20",4.35,"simulation end",3.18666790924404e-05
"L10.00_M020.000","L=10, M=20",4.37,"simulation end",2.6034564966471e-05
"L10.00_M020.000","L=10, M=20",4.39,"simulation end",2.12702978680806e-05
"L10.00_M020.000","L=10, M=20",4.41,"simulation end",1.73782622523882e-05
"L10.00_M020.000","L=10, M=20",4.43,"simulation end",1.41986958210636e-05
"L10.00_M020.000","L=10, M=20",4.45,"simulation end",1.16011143760764e-05
"L10.00_M020.000","L=10, M=20",4.47,"simulation end",9.47894325500267e-06
"L10.00_M020.000","L=10, M=20",4.49,"simulation end",7.74513378111241e-06
"L10.00_M020.000","L=10, M=20",4.51,"simulation end",6.32858387790887e-06
"L10.00_M020.000","L=10, M=20",4.53,"simulation end",5.17121522623756e-06
"L10.00_M020.000","L=10, M=20",4.55,"simulation end",4.22558646065978e-06
"L10.00_M020.000","L=10, M=20",4.57,"simulation end",3.45294403481996e-06
"L10.00_M020.000","L=10, M=20",4.59,"simulation end",2.82163045029985e-06
"L10.00_M020.000","L=10, M=20",4.61,"simulation end",2.30578428832706e-06
"L10.00_M020.000","L=10, M=20",4.63,"simulation end",1.88427851929009e-06
"L10.00_M020.000","L=10, M=20",4.65,"simulation end",1.53985338951771e-06
"L10.00_M020.000","L=10, M=20",4.67,"simulation end",1.2584082047243e-06
"L10.00_M020.000","L=10, M=20",4.69,"simulation end",1.02842287662374e-06
"L10.00_M020.000","L=10, M=20",4.71,"simulation end",8.40485444163098e-07
"L10.00_M020.000","L=10, M=20",4.73,"simulation end",6.86906144525886e-07
"L10.00_M020.000","L=10, M=20",4.75,"simulation end",5.61402171781109e-07
"L10.00_M020.000","L=10, M=20",4.77,"simulation end",4.58840169939368e-07
"L10.00_M020.000","L=10, M=20",4.79,"simulation end",3.75025882305925e-07
"L10.00_M020.000","L=10, M=20",4.81,"simulation end",3.06532318406279e-07
"L10.00_M020.000","L=10, M=20",4.83,"simulation end",2.50559383405764e-07
"L10.00_M020.000","L=10, M=20",4.85,"simulation end",2.04819208156162e-07
"L10.00_M020.000","L=10, M=20",4.87,"simulation end",1.6744247408916e-07
"L10.00_M020.000","L=10, M=20",4.89,"simulation end",1.36901889658772e-07
"L10.00_M020.000","L=10, M=20",4.91,"simulation end",1.11949679442588e-07
"L10.00_M020.000","L=10, M=20",4.93,"simulation end",9.15665223533015e-08
"L10.00_M020.000","L=10, M=20",4.95,"simulation end",7.49198453731643e-08
"L10.00_M020.000","L=10, M=20",4.97,"simulation end",6.13297631457594e-08
"L10.00_M020.000","L=10, M=20",4.99,"simulation end",5.02412674369712e-08
"L10.00_M020.000","L=10, M=20",5.01,"simulation end",4.12015268109885e-08
"L10.00_M020.000","L=10, M=20",5.03,"simulation end",3.38413663966076e-08
"L10.00_M020.000","L=10, M=20",5.05,"simulation end",2.786016895551e-08
"L10.00_M020.000","L=10, M=20",5.07,"simulation end",2.30135786466956e-08
"L10.00_M020.000","L=10, M=20",5.09,"simulation end",1.91035036665982e-08
"L10.00_M020.000","L=10, M=20",5.11,"simulation end",1.59700080439952e-08
"L10.00_M020.000","L=10, M=20",5.13,"simulation end",1.34847601425941e-08
"L10.00_M020.000","L=10, M=20",5.15,"simulation end",1.15457690394308e-08
"L10.00_M020.000","L=10, M=20",5.17,"simulation end",1.00731925086568e-08
"L10.00_M020.000","L=10, M=20",5.19,"simulation end",9.00604399703e-09
"L10.00_M020.000","L=10, M=20",5.21,"simulation end",8.29966251096275e-09
"L10.00_M020.000","L=10, M=20",5.23,"simulation end",7.92384023209839e-09
"L10.00_M020.000","L=10, M=20",5.25,"simulation end",7.86152919175254e-09
"L10.00_M020.000","L=10, M=20",5.27,"simulation end",8.1080715335377e-09
"L10.00_M020.000","L=10, M=20",5.29,"simulation end",8.6709187073675e-09
"L10.00_M020.000","L=10, M=20",5.31,"simulation end",9.56982419316122e-09
"L10.00_M020.000","L=10, M=20",5.33,"simulation end",1.08375128051403e-08
"L10.00_M020.000","L=10, M=20",5.35,"simulation end",1.25208479932392e-08
"L10.00_M020.000","L=10, M=20",5.37,"simulation end",1.46825375394397e-08
"L10.00_M020.000","L=10, M=20",5.39,"simulation end",1.74034383599583e-08
"L10.00_M020.000","L=10, M=20",5.41,"simulation end",2.07855435255472e-08
"L10.00_M020.000","L=10, M=20",5.43,"simulation end",2.4955759925916e-08
"L10.00_M020.000","L=10, M=20",5.45,"simulation end",3.00706141520452e-08
"L10.00_M020.000","L=10, M=20",5.47,"simulation end",3.63220582035486e-08
"L10.00_M020.000","L=10, M=20",5.49,"simulation end",4.39445867654912e-08
"L10.00_M020.000","L=10, M=20",5.51,"simulation end",5.32239254670426e-08
"L10.00_M020.000","L=10, M=20",5.53,"simulation end",6.45076064171169e-08
"L10.00_M020.000","L=10, M=20",5.55,"simulation end",7.82178154077652e-08
"L10.00_M020.000","L=10, M=20",5.57,"simulation end",9.48669768632856e-08
"L10.00_M020.000","L=10, M=20",5.59,"simulation end",1.15076640729871e-07
"L10.00_M020.000","L=10, M=20",5.61,"simulation end",1.39600353437468e-07
"L10.00_M020.000","L=10, M=20",5.63,"simulation end",1.69351336874927e-07
"L10.00_M020.000","L=10, M=20",5.65,"simulation end",2.05435969846317e-07
"L10.00_M020.000","L=10, M=20",5.67,"simulation end",2.49194271511348e-07
"L10.00_M020.000","L=10, M=20",5.69,"simulation end",3.02248832774976e-07
"L10.00_M020.000","L=10, M=20",5.71,"simulation end",3.66563937741516e-07
"L10.00_M020.000","L=10, M=20",5.73,"simulation end",4.44516973043138e-07
"L10.00_M020.000","L=10, M=20",5.75,"simulation end",5.38984649839898e-07
"L10.00_M020.000","L=10, M=20",5.77,"simulation end",6.53447075558058e-07
"L10.00_M020.000","L=10, M=20",5.79,"simulation end",7.9211332662449e-07
"L10.00_M020.000","L=10, M=20",5.81,"simulation end",9.60072909332847e-07
"L10.00_M020.000","L=10, M=20",5.83,"simulation end",1.16347837698857e-06
"L10.00_M020.000","L=10, M=20",5.85,"simulation end",1.40976542539631e-06
"L10.00_M020.000","L=10, M=20",5.87,"simulation end",1.70791804841531e-06
"L10.00_M020.000","L=10, M=20",5.89,"simulation end",2.0687878394799e-06
"L10.00_M020.000","L=10, M=20",5.91,"simulation end",2.50547831933112e-06
"L10.00_M020.000","L=10, M=20",5.93,"simulation end",3.03380730841638e-06
"L10.00_M020.000","L=10, M=20",5.95,"simulation end",3.67286290744752e-06
"L10.00_M020.000","L=10, M=20",5.97,"simulation end",4.44567167511433e-06
"L10.00_M020.000","L=10, M=20",5.99,"simulation end",5.38000118383542e-06
"L10.00_M020.000","L=10, M=20",6.01,"simulation end",6.50932339258123e-06
"L10.00_M020.000","L=10, M=20",6.03,"simulation end",7.87397031595883e-06
"L10.00_M020.000","L=10, M=20",6.05,"simulation end",9.52251942447857e-06
"L10.00_M020.000","L=10, M=20",6.07,"simulation end",1.15134532357053e-05
"L10.00_M020.000","L=10, M=20",6.09,"simulation end",1.39171458253031e-05
"L10.00_M020.000","L=10, M=20",6.11,"simulation end",1.6818238700282e-05
"L10.00_M020.000","L=10, M=20",6.13,"simulation end",2.03184798593334e-05
"L10.00_M020.000","L=10, M=20",6.15,"simulation end",2.45401131694862e-05
"L10.00_M020.000","L=10, M=20",6.17,"simulation end",2.96299206949112e-05
"L10.00_M020.000","L=10, M=20",6.19,"simulation end",3.57640386307996e-05
"L10.00_M020.000","L=10, M=20",6.21,"simulation end",4.31536883572344e-05
"L10.00_M020.000","L=10, M=20",6.23,"simulation end",5.20519881918269e-05
"L10.00_M020.000","L=10, M=20",6.25,"simulation end",6.27620390587878e-05
"L10.00_M020.000","L=10, M=20",6.27,"simulation end",7.56465088856022e-05
"L10.00_M020.000","L=10, M=20",6.29,"simulation end",9.11389764578217e-05
"L10.00_M020.000","L=10, M=20",6.31,"simulation end",0.00010975733604985
"L10.00_M020.000","L=10, M=20",6.33,"simulation end",0.000132119609689506
"L10.00_M020.000","L=10, M=20",6.35,"simulation end",0.000158962564595026
"L10.00_M020.000","L=10, M=20",6.37,"simulation end",0.000191163589186672
"L10.00_M020.000","L=10, M=20",6.39,"simulation end",0.000229766341950534
"L10.00_M020.000","L=10, M=20",6.41,"simulation end",0.000276010752852402
"L10.00_M020.000","L=10, M=20",6.43,"simulation end",0.00033136802609606
"L10.00_M020.000","L=10, M=20",6.45,"simulation end",0.000397581364391656
"L10.00_M020.000","L=10, M=20",6.47,"simulation end",0.000476713206451751
"L10.00_M020.000","L=10, M=20",6.49,"simulation end",0.000571199838185109
"L10.00_M020.000","L=10, M=20",6.51,"simulation end",0.000683914299915299
"L10.00_M020.000","L=10, M=20",6.53,"simulation end",0.00081823856143361
"L10.00_M020.000","L=10, M=20",6.55,"simulation end",0.000978145966633401
"L10.00_M020.000","L=10, M=20",6.57,"simulation end",0.00116829495066243
"L10.00_M020.000","L=10, M=20",6.59,"simulation end",0.00139413499336001
"L10.00_M020.000","L=10, M=20",6.61,"simulation end",0.00166202567880937
"L10.00_M020.000","L=10, M=20",6.63,"simulation end",0.00197936956454273
"L10.00_M020.000","L=10, M=20",6.65,"simulation end",0.00235475930416405
"L10.00_M020.000","L=10, M=20",6.67,"simulation end",0.00279813908898556
"L10.00_M020.000","L=10, M=20",6.69,"simulation end",0.00332097994888012
"L10.00_M020.000","L=10, M=20",6.71,"simulation end",0.00393646774732302
"L10.00_M020.000","L=10, M=20",6.73,"simulation end",0.0046597017846362
"L10.00_M020.000","L=10, M=20",6.75,"simulation end",0.00550790074857236
"L10.00_M020.000","L=10, M=20",6.77,"simulation end",0.00650061128384878
"L10.00_M020.000","L=10, M=20",6.79,"simulation end",0.00765991265542964
"L10.00_M020.000","L=10, M=20",6.81,"simulation end",0.00901060882364548
"L10.00_M020.000","L=10, M=20",6.83,"simulation end",0.0105803967134612
"L10.00_M020.000","L=10, M=20",6.85,"simulation end",0.0123999965449433
"L10.00_M020.000","L=10, M=20",6.87,"simulation end",0.0145032268250435
"L10.00_M020.000","L=10, M=20",6.89,"simulation end",0.0169270030500961
"L10.00_M020.000","L=10, M=20",6.91,"simulation end",0.0197112354561862
"L10.00_M020.000","L=10, M=20",6.93,"simulation end",0.022898597473876
"L10.00_M020.000","L=10, M=20",6.95,"simulation end",0.0265341331764758
"L10.00_M020.000","L=10, M=20",6.97,"simulation end",0.0306646693453715
"L10.00_M020.000","L=10, M=20",6.99,"simulation end",0.0353379963217887
"L10.00_M020.000","L=10, M=20",7.01,"simulation end",0.0406017822120694
"L10.00_M020.000","L=10, M=20",7.03,"simulation end",0.0465021880306342
"L10.00_M020.000","L=10, M=20",7.05,"simulation end",0.0530821578741381
"L10.00_M020.000","L=10, M=20",7.07,"simulation end",0.0603793691505029
"L10.00_M020.000","L=10, M=20",7.09,"simulation end",0.0684238441356283
"L10.00_M020.000","L=10, M=20",7.11,"simulation end",0.077235246434601
"L10.00_M020.000","L=10, M=20",7.13,"simulation end",0.0868199146748568
"L10.00_M020.000","L=10, M=20",7.15,"simulation end",0.097167720772575
"L10.00_M020.000","L=10, M=20",7.17,"simulation end",0.10824888036622
"L10.00_M020.000","L=10, M=20",7.19,"simulation end",0.120010886367004
"L10.00_M020.000","L=10, M=20",7.21,"simulation end",0.132375779565579
"L10.00_M020.000","L=10, M=20",7.23,"simulation end",0.145238007952425
"L10.00_M020.000","L=10, M=20",7.25,"simulation end",0.158463152626558
"L10.00_M020.000","L=10, M=20",7.27,"simulation end",0.17188780574509
"L10.00_M020.000","L=10, M=20",7.29,"simulation end",0.185320867651238
"L10.00_M020.000","L=10, M=20",7.31,"simulation end",0.198546479923663
"L10.00_M020.000","L=10, M=20",7.33,"simulation end",0.211328724985404
"L10.00_M020.000","L=10, M=20",7.35,"simulation end",0.223418101611964
"L10.00_M020.000","L=10, M=20",7.37,"simulation end",0.234559635199917
"L10.00_M020.000","L=10, M=20",7.39,"simulation end",0.244502314205505
"L10.00_M020.000","L=10, M=20",7.41,"simulation end",0.253009377745682
"L10.00_M020.000","L=10, M=20",7.43,"simulation end",0.259868836034855
"L10.00_M020.000","L=10, M=20",7.45,"simulation end",0.264903508122078
"L10.00_M020.000","L=10, M=20",7.47,"simulation end",0.267979830190156
"L10.00_M020.000","L=10, M=20",7.49,"simulation end",0.26901473499707
"L10.00_M020.000","L=10, M=20",7.51,"simulation end",0.267980030588699
"L10.00_M020.000","L=10, M=20",7.53,"simulation end",0.26490390347355
"L10.00_M020.000","L=10, M=20",7.55,"simulation end",0.259869415737489
"L10.00_M020.000","L=10, M=20",7.57,"simulation end",0.253010126595443
"L10.00_M020.000","L=10, M=20",7.59,"simulation end",0.244503213167513
"L10.00_M020.000","L=10, M=20",7.61,"simulation end",0.234560662334506
"L10.00_M020.000","L=10, M=20",7.63,"simulation end",0.22341923308392
"L10.00_M020.000","L=10, M=20",7.65,"simulation end",0.211329936084276
"L10.00_M020.000","L=10, M=20",7.67,"simulation end",0.198547746029518
"L10.00_M020.000","L=10, M=20",7.69,"simulation end",0.185322165092273
"L10.00_M020.000","L=10, M=20",7.71,"simulation end",0.171889112508901
"L10.00_M020.000","L=10, M=20",7.73,"simulation end",0.158464448903384
"L10.00_M020.000","L=10, M=20",7.75,"simulation end",0.145239276504357
"L10.00_M020.000","L=10, M=20",7.77,"simulation end",0.132377005929045
"L10.00_M020.000","L=10, M=20",7.79,"simulation end",0.120012058905964
"L10.00_M020.000","L=10, M=20",7.81,"simulation end",0.108249990200075
"L10.00_M020.000","L=10, M=20",7.83,"simulation end",0.0971687616060712
"L10.00_M020.000","L=10, M=20",7.85,"simulation end",0.0868208825576566
"L10.00_M020.000","L=10, M=20",7.87,"simulation end",0.0772361394764486
"L10.00_M020.000","L=10, M=20",7.89,"simulation end",0.0684246621998248
"L10.00_M020.000","L=10, M=20",7.91,"simulation end",0.0603801135444044
"L10.00_M020.000","L=10, M=20",7.93,"simulation end",0.0530828310511355
"L10.00_M020.000","L=10, M=20",7.95,"simulation end",0.0465027933139748
"L10.00_M020.000","L=10, M=20",7.97,"simulation end",0.0406023235472047
"L10.00_M020.000","L=10, M=20",7.99,"simulation end",0.0353384780608326
"L10.00_M020.000","L=10, M=20",8.01,"simulation end",0.0306650960647754
"L10.00_M020.000","L=10, M=20",8.03,"simulation end",0.0265345095271702
"L10.00_M020.000","L=10, M=20",8.05,"simulation end",0.0228989280618201
"L10.00_M020.000","L=10, M=20",8.07,"simulation end",0.019711524750435
"L10.00_M020.000","L=10, M=20",8.09,"simulation end",0.0169272553150486
"L10.00_M020.000","L=10, M=20",8.11,"simulation end",0.0145034460733805
"L10.00_M020.000","L=10, M=20",8.13,"simulation end",0.0124001865078263
"L10.00_M020.000","L=10, M=20",8.15,"simulation end",0.010580560824771
"L10.00_M020.000","L=10, M=20",8.17,"simulation end",0.00901075021534131
"L10.00_M020.000","L=10, M=20",8.19,"simulation end",0.00766003416145324
"L10.00_M020.000","L=10, M=20",8.21,"simulation end",0.00650071545036248
"L10.00_M020.000","L=10, M=20",8.23,"simulation end",0.00550798984867341
"L10.00_M020.000","L=10, M=20",8.25,"simulation end",0.00465977783602259
"L10.00_M020.000","L=10, M=20",8.27,"simulation end",0.00393653253168591
"L10.00_M020.000","L=10, M=20",8.29,"simulation end",0.00332103503206325
"L10.00_M020.000","L=10, M=20",8.31,"simulation end",0.00279818584117902
"L10.00_M020.000","L=10, M=20",8.33,"simulation end",0.00235479891959135
"L10.00_M020.000","L=10, M=20",8.35,"simulation end",0.00197940308025822
"L10.00_M020.000","L=10, M=20",8.37,"simulation end",0.00166205399235025
"L10.00_M020.000","L=10, M=20",8.39,"simulation end",0.00139415887909863
"L10.00_M020.000","L=10, M=20",8.41,"simulation end",0.00116831507478287
"L10.00_M020.000","L=10, M=20",8.43,"simulation end",0.000978162900715365
"L10.00_M020.000","L=10, M=20",8.45,"simulation end",0.00081825279467037
"L10.00_M020.000","L=10, M=20",8.47,"simulation end",0.000683926250022635
"L10.00_M020.000","L=10, M=20",8.49,"simulation end",0.000571209861078855
"L10.00_M020.000","L=10, M=20",8.51,"simulation end",0.000476721604783721
"L10.00_M020.000","L=10, M=20",8.53,"simulation end",0.000397588395040024
"L10.00_M020.000","L=10, M=20",8.55,"simulation end",0.000331373906707939
"L10.00_M020.000","L=10, M=20",8.57,"simulation end",0.000276015667534682
"L10.00_M020.000","L=10, M=20",8.59,"simulation end",0.000229770446201106
"L10.00_M020.000","L=10, M=20",8.61,"simulation end",0.000191167014152653
"L10.00_M020.000","L=10, M=20",8.63,"simulation end",0.000158965420738222
"L10.00_M020.000","L=10, M=20",8.65,"simulation end",0.000132121989932468
"L10.00_M020.000","L=10, M=20",8.67,"simulation end",0.000109759318468948
"L10.00_M020.000","L=10, M=20",8.69,"simulation end",9.11406265828842e-05
"L10.00_M020.000","L=10, M=20",8.71,"simulation end",7.5647881659155e-05
"L10.00_M020.000","L=10, M=20",8.73,"simulation end",6.27631805017823e-05
"L10.00_M020.000","L=10, M=20",8.75,"simulation end",5.20529368170769e-05
"L10.00_M020.000","L=10, M=20",8.77,"simulation end",4.31544763666144e-05
"L10.00_M020.000","L=10, M=20",8.79,"simulation end",3.57646929275923e-05
"L10.00_M020.000","L=10, M=20",8.81,"simulation end",2.9630463738512e-05
"L10.00_M020.000","L=10, M=20",8.83,"simulation end",2.45405636959695e-05
"L10.00_M020.000","L=10, M=20",8.85,"simulation end",2.03188534881114e-05
"L10.00_M020.000","L=10, M=20",8.87,"simulation end",1.68185484442195e-05
"L10.00_M020.000","L=10, M=20",8.89,"simulation end",1.3917402519148e-05
"L10.00_M020.000","L=10, M=20",8.91,"simulation end",1.15136658955182e-05
"L10.00_M020.000","L=10, M=20",8.93,"simulation end",9.52269554886474e-06
"L10.00_M020.000","L=10, M=20",8.95,"simulation end",7.87411613828196e-06
"L10.00_M020.000","L=10, M=20",8.97,"simulation end",6.50944409194428e-06
"L10.00_M020.000","L=10, M=20",8.99,"simulation end",5.38010106142022e-06
"L10.00_M020.000","L=10, M=20",9.01,"simulation end",4.44575430145005e-06
"L10.00_M020.000","L=10, M=20",9.03,"simulation end",3.67293124530861e-06
"L10.00_M020.000","L=10, M=20",9.05,"simulation end",3.03386381531064e-06
"L10.00_M020.000","L=10, M=20",9.07,"simulation end",2.50552503291073e-06
"L10.00_M020.000","L=10, M=20",9.09,"simulation end",2.06882644867638e-06
"L10.00_M020.000","L=10, M=20",9.11,"simulation end",1.70794995264972e-06
"L10.00_M020.000","L=10, M=20",9.13,"simulation end",1.40979178383627e-06
"L10.00_M020.000","L=10, M=20",9.15,"simulation end",1.16350014950373e-06
"L10.00_M020.000","L=10, M=20",9.17,"simulation end",9.60090890531045e-07
"L10.00_M020.000","L=10, M=20",9.19,"simulation end",7.92128174124317e-07
"L10.00_M020.000","L=10, M=20",9.21,"simulation end",6.53459333463455e-07
"L10.00_M020.000","L=10, M=20",9.23,"simulation end",5.38994768222834e-07
"L10.00_M020.000","L=10, M=20",9.25,"simulation end",4.44525324106828e-07
"L10.00_M020.000","L=10, M=20",9.27,"simulation end",3.66570829224762e-07
"L10.00_M020.000","L=10, M=20",9.29,"simulation end",3.02254519064647e-07
"L10.00_M020.000","L=10, M=20",9.31,"simulation end",2.4919896285184e-07
"L10.00_M020.000","L=10, M=20",9.33,"simulation end",2.05439839969587e-07
"L10.00_M020.000","L=10, M=20",9.35,"simulation end",1.69354529320225e-07
"L10.00_M020.000","L=10, M=20",9.37,"simulation end",1.39602986784502e-07
"L10.00_M020.000","L=10, M=20",9.39,"simulation end",1.15078812931333e-07
"L10.00_M020.000","L=10, M=20",9.41,"simulation end",9.48687688311695e-08
"L10.00_M020.000","L=10, M=20",9.43,"simulation end",7.82192939817359e-08
"L10.00_M020.000","L=10, M=20",9.45,"simulation end",6.45088268214002e-08
"L10.00_M020.000","L=10, M=20",9.47,"simulation end",5.322493334423e-08
"L10.00_M020.000","L=10, M=20",9.49,"simulation end",4.39454198606405e-08
"L10.00_M020.000","L=10, M=20",9.51,"simulation end",3.63227477595114e-08
"L10.00_M020.000","L=10, M=20",9.53,"simulation end",3.00711860666471e-08
"L10.00_M020.000","L=10, M=20",9.55,"simulation end",2.49562357130914e-08
"L10.00_M020.000","L=10, M=20",9.57,"simulation end",2.07859411154986e-08
"L10.00_M020.000","L=10, M=20",9.59,"simulation end",1.7403772767626e-08
"L10.00_M020.000","L=10, M=20",9.61,"simulation end",1.46828214258287e-08
"L10.00_M020.000","L=10, M=20",9.63,"simulation end",1.25210921402934e-08
"L10.00_M020.000","L=10, M=20",9.65,"simulation end",1.08377265217451e-08
"L10.00_M020.000","L=10, M=20",9.67,"simulation end",9.57001566738351e-09
"L10.00_M020.000","L=10, M=20",9.69,"simulation end",8.6710953181238e-09
"L10.00_M020.000","L=10, M=20",9.71,"simulation end",8.1082401334498e-09
"L10.00_M020.000","L=10, M=20",9.73,"simulation end",7.86169637195669e-09
"L10.00_M020.000","L=10, M=20",9.75,"simulation end",7.92401257918621e-09
"L10.00_M020.000","L=10, M=20",9.77,"simulation end",8.29984686603285e-09
"L10.00_M020.000","L=10, M=20",9.79,"simulation end",9.00624772701566e-09
"L10.00_M020.000","L=10, M=20",9.81,"simulation end",1.00734238006788e-08
"L10.00_M020.000","L=10, M=20",9.83,"simulation end",1.15460372299343e-08
"L10.00_M020.000","L=10, M=20",9.85,"simulation end",1.34850760945059e-08
"L10.00_M020.000","L=10, M=20",9.87,"simulation end",1.59703845871504e-08
"L10.00_M020.000","L=10, M=20",9.89,"simulation end",1.91039561193128e-08
"L10.00_M020.000","L=10, M=20",9.91,"simulation end",2.3014125439716e-08
"L10.00_M020.000","L=10, M=20",9.93,"simulation end",2.78608323837925e-08
"L10.00_M020.000","L=10, M=20",9.95,"simulation end",3.38421735296388e-08
"L10.00_M020.000","L=10, M=20",9.97,"simulation end",4.12025105988779e-08
"L10.00_M020.000","L=10, M=20",9.99,"simulation end",5.02424680575879e-08
"L15.00_M030.000","L=15, M=30",0.015,"competition start",5.94358353880235e-13
"L15.00_M030.000","L=15, M=30",0.045,"competition start",6.7344196558935e-13
"L15.00_M030.000","L=15, M=30",0.075,"competition start",8.13133104388842e-13
"L15.00_M030.000","L=15, M=30",0.105,"competition start",1.02600365130077e-12
"L15.00_M030.000","L=15, M=30",0.135,"competition start",1.33121148794491e-12
"L15.00_M030.000","L=15, M=30",0.165,"competition start",1.75622468871243e-12
"L15.00_M030.000","L=15, M=30",0.195,"competition start",2.33929362611928e-12
"L15.00_M030.000","L=15, M=30",0.225,"competition start",3.13289347976036e-12
"L15.00_M030.000","L=15, M=30",0.255,"competition start",4.20844697630701e-12
"L15.00_M030.000","L=15, M=30",0.285,"competition start",5.6627524098646e-12
"L15.00_M030.000","L=15, M=30",0.315,"competition start",7.62669546886433e-12
"L15.00_M030.000","L=15, M=30",0.345,"competition start",1.02770289406426e-11
"L15.00_M030.000","L=15, M=30",0.375,"competition start",1.38522804773139e-11
"L15.00_M030.000","L=15, M=30",0.405,"competition start",1.86742201370039e-11
"L15.00_M030.000","L=15, M=30",0.435,"competition start",2.51768198012804e-11
"L15.00_M030.000","L=15, M=30",0.465,"competition start",3.39453108482717e-11
"L15.00_M030.000","L=15, M=30",0.495,"competition start",4.5768855317599e-11
"L15.00_M030.000","L=15, M=30",0.525,"competition start",6.17115710363521e-11
"L15.00_M030.000","L=15, M=30",0.555,"competition start",8.32083030577422e-11
"L15.00_M030.000","L=15, M=30",0.585,"competition start",1.12193760967687e-10
"L15.00_M030.000","L=15, M=30",0.615,"competition start",1.51276644591089e-10
"L15.00_M030.000","L=15, M=30",0.645,"competition start",2.03974429651344e-10
"L15.00_M030.000","L=15, M=30",0.675,"competition start",2.75029944421664e-10
"L15.00_M030.000","L=15, M=30",0.705,"competition start",3.70838229716836e-10
"L15.00_M030.000","L=15, M=30",0.735,"competition start",5.00022100238014e-10
"L15.00_M030.000","L=15, M=30",0.765,"competition start",6.74208208625459e-10
"L15.00_M030.000","L=15, M=30",0.795,"competition start",9.09073459115755e-10
"L15.00_M030.000","L=15, M=30",0.825,"competition start",1.22575594956702e-09
"L15.00_M030.000","L=15, M=30",0.855,"competition start",1.65275742871339e-09
"L15.00_M030.000","L=15, M=30",0.885,"competition start",2.22850849261884e-09
"L15.00_M030.000","L=15, M=30",0.915,"competition start",3.00482739183169e-09
"L15.00_M030.000","L=15, M=30",0.945,"competition start",4.05158374707161e-09
"L15.00_M030.000","L=15, M=30",0.975,"competition start",5.46298691491978e-09
"L15.00_M030.000","L=15, M=30",1.005,"competition start",7.36606496605434e-09
"L15.00_M030.000","L=15, M=30",1.035,"competition start",9.93209739725051e-09
"L15.00_M030.000","L=15, M=30",1.065,"competition start",1.33920305393251e-08
"L15.00_M030.000","L=15, M=30",1.095,"competition start",1.8057263072699e-08
"L15.00_M030.000","L=15, M=30",1.125,"competition start",2.43476723815409e-08
"L15.00_M030.000","L=15, M=30",1.155,"competition start",3.28294041664358e-08
"L15.00_M030.000","L=15, M=30",1.185,"competition start",4.42658264478631e-08
"L15.00_M030.000","L=15, M=30",1.215,"competition start",5.9686233914964e-08
"L15.00_M030.000","L=15, M=30",1.245,"competition start",8.04784861435281e-08
"L15.00_M030.000","L=15, M=30",1.275,"competition start",1.08513917309941e-07
"L15.00_M030.000","L=15, M=30",1.305,"competition start",1.46315759540135e-07
"L15.00_M030.000","L=15, M=30",1.335,"competition start",1.97286238370163e-07
"L15.00_M030.000","L=15, M=30",1.365,"competition start",2.66012779441707e-07
"L15.00_M030.000","L=15, M=30",1.395,"competition start",3.58680885788447e-07
"L15.00_M030.000","L=15, M=30",1.425,"competition start",4.83630845733698e-07
"L15.00_M030.000","L=15, M=30",1.455,"competition start",6.52108376609207e-07
"L15.00_M030.000","L=15, M=30",1.485,"competition start",8.79276764328973e-07
"L15.00_M030.000","L=15, M=30",1.515,"competition start",1.18558159429669e-06
"L15.00_M030.000","L=15, M=30",1.545,"competition start",1.59859090343932e-06
"L15.00_M030.000","L=15, M=30",1.575,"competition start",2.15547637248666e-06
"L15.00_M030.000","L=15, M=30",1.605,"competition start",2.90635887302831e-06
"L15.00_M030.000","L=15, M=30",1.635,"competition start",3.9188194779223e-06
"L15.00_M030.000","L=15, M=30",1.665,"competition start",5.28398193756393e-06
"L15.00_M030.000","L=15, M=30",1.695,"competition start",7.12471405825618e-06
"L15.00_M030.000","L=15, M=30",1.725,"competition start",9.60668612026324e-06
"L15.00_M030.000","L=15, M=30",1.755,"competition start",1.29532816026678e-05
"L15.00_M030.000","L=15, M=30",1.785,"competition start",1.74657021765725e-05
"L15.00_M030.000","L=15, M=30",1.815,"competition start",2.35500763804803e-05
"L15.00_M030.000","L=15, M=30",1.845,"competition start",3.17540116547546e-05
"L15.00_M030.000","L=15, M=30",1.875,"competition start",4.2815879176622e-05
"L15.00_M030.000","L=15, M=30",1.905,"competition start",5.77312666216018e-05
"L15.00_M030.000","L=15, M=30",1.935,"competition start",7.78425785828596e-05
"L15.00_M030.000","L=15, M=30",1.965,"competition start",0.000104959846720838
"L15.00_M030.000","L=15, M=30",1.995,"competition start",0.000141523618838728
"L15.00_M030.000","L=15, M=30",2.025,"competition start",0.000190824579967268
"L15.00_M030.000","L=15, M=30",2.055,"competition start",0.000257299658551927
"L15.00_M030.000","L=15, M=30",2.085,"competition start",0.000346931243807338
"L15.00_M030.000","L=15, M=30",2.115,"competition start",0.000467785400891972
"L15.00_M030.000","L=15, M=30",2.145,"competition start",0.00063073744512249
"L15.00_M030.000","L=15, M=30",2.175,"competition start",0.00085045003484766
"L15.00_M030.000","L=15, M=30",2.205,"competition start",0.00114669155337905
"L15.00_M030.000","L=15, M=30",2.235,"competition start",0.00154611296620579
"L15.00_M030.000","L=15, M=30",2.265,"competition start",0.00208464222128475
"L15.00_M030.000","L=15, M=30",2.295,"competition start",0.00281071014757028
"L15.00_M030.000","L=15, M=30",2.325,"competition start",0.00378959538728062
"L15.00_M030.000","L=15, M=30",2.355,"competition start",0.00510927433445749
"L15.00_M030.000","L=15, M=30",2.385,"competition start",0.00688829337410765
"L15.00_M030.000","L=15, M=30",2.415,"competition start",0.00928635523491895
"L15.00_M030.000","L=15, M=30",2.445,"competition start",0.0125185419631216
"L15.00_M030.000","L=15, M=30",2.475,"competition start",0.0168743997260797
"L15.00_M030.000","L=15, M=30",2.505,"competition start",0.0227435037041188
"L15.00_M030.000","L=15, M=30",2.535,"competition start",0.0306496240805207
"L15.00_M030.000","L=15, M=30",2.565,"competition start",0.0412962430998635
"L15.00_M030.000","L=15, M=30",2.595,"competition start",0.05562693363138
"L15.00_M030.000","L=15, M=30",2.625,"competition start",0.0749049790880948
"L15.00_M030.000","L=15, M=30",2.655,"competition start",0.100817511220973
"L15.00_M030.000","L=15, M=30",2.685,"competition start",0.135610169350057
"L15.00_M030.000","L=15, M=30",2.715,"competition start",0.18225843420329
"L15.00_M030.000","L=15, M=30",2.745,"competition start",0.244680588756232
"L15.00_M030.000","L=15, M=30",2.775,"competition start",0.327993341083622
"L15.00_M030.000","L=15, M=30",2.805,"competition start",0.43880226041466
"L15.00_M030.000","L=15, M=30",2.835,"competition start",0.585501940468956
"L15.00_M030.000","L=15, M=30",2.865,"competition start",0.778530787679542
"L15.00_M030.000","L=15, M=30",2.895,"competition start",1.03047826554152
"L15.00_M030.000","L=15, M=30",2.925,"competition start",1.35587789150708
"L15.00_M030.000","L=15, M=30",2.955,"competition start",1.77044879937976
"L15.00_M030.000","L=15, M=30",2.985,"competition start",2.28950882048996
"L15.00_M030.000","L=15, M=30",3.015,"competition start",2.92534679099755
"L15.00_M030.000","L=15, M=30",3.045,"competition start",3.68361344158299
"L15.00_M030.000","L=15, M=30",3.075,"competition start",4.55933164775738
"L15.00_M030.000","L=15, M=30",3.105,"competition start",5.53381742624047
"L15.00_M030.000","L=15, M=30",3.135,"competition start",6.5742121959947
"L15.00_M030.000","L=15, M=30",3.165,"competition start",7.63685781593953
"L15.00_M030.000","L=15, M=30",3.195,"competition start",8.67420762435303
"L15.00_M030.000","L=15, M=30",3.225,"competition start",9.64312255230958
"L15.00_M030.000","L=15, M=30",3.255,"competition start",10.5116004677773
"L15.00_M030.000","L=15, M=30",3.285,"competition start",11.2618898396266
"L15.00_M030.000","L=15, M=30",3.315,"competition start",11.8898035105367
"L15.00_M030.000","L=15, M=30",3.345,"competition start",12.4015292484393
"L15.00_M030.000","L=15, M=30",3.375,"competition start",12.8096316694462
"L15.00_M030.000","L=15, M=30",3.405,"competition start",13.1294942142921
"L15.00_M030.000","L=15, M=30",3.435,"competition start",13.3767593303458
"L15.00_M030.000","L=15, M=30",3.465,"competition start",13.5658002760519
"L15.00_M030.000","L=15, M=30",3.495,"competition start",13.7090026202368
"L15.00_M030.000","L=15, M=30",3.525,"competition start",13.8165784346316
"L15.00_M030.000","L=15, M=30",3.555,"competition start",13.8966797076455
"L15.00_M030.000","L=15, M=30",3.585,"competition start",13.9556481947203
"L15.00_M030.000","L=15, M=30",3.615,"competition start",13.9983022567737
"L15.00_M030.000","L=15, M=30",3.645,"competition start",14.0282068149514
"L15.00_M030.000","L=15, M=30",3.675,"competition start",14.0479012063197
"L15.00_M030.000","L=15, M=30",3.705,"competition start",14.0590757982654
"L15.00_M030.000","L=15, M=30",3.735,"competition start",14.062696069738
"L15.00_M030.000","L=15, M=30",3.765,"competition start",14.0590757982646
"L15.00_M030.000","L=15, M=30",3.795,"competition start",14.047901206318
"L15.00_M030.000","L=15, M=30",3.825,"competition start",14.0282068149486
"L15.00_M030.000","L=15, M=30",3.855,"competition start",13.9983022567697
"L15.00_M030.000","L=15, M=30",3.885,"competition start",13.9556481947147
"L15.00_M030.000","L=15, M=30",3.915,"competition start",13.8966797076378
"L15.00_M030.000","L=15, M=30",3.945,"competition start",13.8165784346212
"L15.00_M030.000","L=15, M=30",3.975,"competition start",13.7090026202229
"L15.00_M030.000","L=15, M=30",4.005,"competition start",13.5658002760335
"L15.00_M030.000","L=15, M=30",4.035,"competition start",13.3767593303215
"L15.00_M030.000","L=15, M=30",4.065,"competition start",13.1294942142604
"L15.00_M030.000","L=15, M=30",4.095,"competition start",12.8096316694055
"L15.00_M030.000","L=15, M=30",4.125,"competition start",12.4015292483877
"L15.00_M030.000","L=15, M=30",4.155,"competition start",11.8898035104726
"L15.00_M030.000","L=15, M=30",4.185,"competition start",11.2618898395489
"L15.00_M030.000","L=15, M=30",4.215,"competition start",10.5116004676858
"L15.00_M030.000","L=15, M=30",4.245,"competition start",9.6431225522054
"L15.00_M030.000","L=15, M=30",4.275,"competition start",8.67420762423906
"L15.00_M030.000","L=15, M=30",4.305,"competition start",7.63685781582012
"L15.00_M030.000","L=15, M=30",4.335,"competition start",6.57421219587511
"L15.00_M030.000","L=15, M=30",4.365,"competition start",5.533817426126
"L15.00_M030.000","L=15, M=30",4.395,"competition start",4.55933164765247
"L15.00_M030.000","L=15, M=30",4.425,"competition start",3.68361344149055
"L15.00_M030.000","L=15, M=30",4.455,"competition start",2.92534679091889
"L15.00_M030.000","L=15, M=30",4.485,"competition start",2.28950882042497
"L15.00_M030.000","L=15, M=30",4.515,"competition start",1.77044879932735
"L15.00_M030.000","L=15, M=30",4.545,"competition start",1.35587789146563
"L15.00_M030.000","L=15, M=30",4.575,"competition start",1.03047826550923
"L15.00_M030.000","L=15, M=30",4.605,"competition start",0.778530787654693
"L15.00_M030.000","L=15, M=30",4.635,"competition start",0.585501940450006
"L15.00_M030.000","L=15, M=30",4.665,"competition start",0.438802260400309
"L15.00_M030.000","L=15, M=30",4.695,"competition start",0.327993341072812
"L15.00_M030.000","L=15, M=30",4.725,"competition start",0.244680588748121
"L15.00_M030.000","L=15, M=30",4.755,"competition start",0.182258434197222
"L15.00_M030.000","L=15, M=30",4.785,"competition start",0.135610169345527
"L15.00_M030.000","L=15, M=30",4.815,"competition start",0.100817511217598
"L15.00_M030.000","L=15, M=30",4.845,"competition start",0.0749049790855829
"L15.00_M030.000","L=15, M=30",4.875,"competition start",0.0556269336295123
"L15.00_M030.000","L=15, M=30",4.905,"competition start",0.0412962430984756
"L15.00_M030.000","L=15, M=30",4.935,"competition start",0.0306496240794899
"L15.00_M030.000","L=15, M=30",4.965,"competition start",0.0227435037033535
"L15.00_M030.000","L=15, M=30",4.995,"competition start",0.0168743997255118
"L15.00_M030.000","L=15, M=30",5.025,"competition start",0.0125185419627002
"L15.00_M030.000","L=15, M=30",5.055,"competition start",0.00928635523460626
"L15.00_M030.000","L=15, M=30",5.085,"competition start",0.00688829337387568
"L15.00_M030.000","L=15, M=30",5.115,"competition start",0.00510927433428543
"L15.00_M030.000","L=15, M=30",5.145,"competition start",0.003789595387153
"L15.00_M030.000","L=15, M=30",5.175,"competition start",0.00281071014747562
"L15.00_M030.000","L=15, M=30",5.205,"competition start",0.00208464222121454
"L15.00_M030.000","L=15, M=30",5.235,"competition start",0.00154611296615372
"L15.00_M030.000","L=15, M=30",5.265,"competition start",0.00114669155334044
"L15.00_M030.000","L=15, M=30",5.295,"competition start",0.000850450034819023
"L15.00_M030.000","L=15, M=30",5.325,"competition start",0.000630737445101252
"L15.00_M030.000","L=15, M=30",5.355,"competition start",0.000467785400876222
"L15.00_M030.000","L=15, M=30",5.385,"competition start",0.000346931243795657
"L15.00_M030.000","L=15, M=30",5.415,"competition start",0.000257299658543265
"L15.00_M030.000","L=15, M=30",5.445,"competition start",0.000190824579960844
"L15.00_M030.000","L=15, M=30",5.475,"competition start",0.000141523618833964
"L15.00_M030.000","L=15, M=30",5.505,"competition start",0.000104959846717305
"L15.00_M030.000","L=15, M=30",5.535,"competition start",7.78425785802395e-05
"L15.00_M030.000","L=15, M=30",5.565,"competition start",5.77312666196587e-05
"L15.00_M030.000","L=15, M=30",5.595,"competition start",4.2815879175181e-05
"L15.00_M030.000","L=15, M=30",5.625,"competition start",3.1754011653686e-05
"L15.00_M030.000","L=15, M=30",5.655,"competition start",2.35500763796877e-05
"L15.00_M030.000","L=15, M=30",5.685,"competition start",1.74657021759847e-05
"L15.00_M030.000","L=15, M=30",5.715,"competition start",1.29532816022319e-05
"L15.00_M030.000","L=15, M=30",5.745,"competition start",9.60668611994001e-06
"L15.00_M030.000","L=15, M=30",5.775,"competition start",7.12471405801647e-06
"L15.00_M030.000","L=15, M=30",5.805,"competition start",5.28398193738616e-06
"L15.00_M030.000","L=15, M=30",5.835,"competition start",3.91881947779047e-06
"L15.00_M030.000","L=15, M=30",5.865,"competition start",2.90635887293054e-06
"L15.00_M030.000","L=15, M=30",5.895,"competition start",2.15547637241415e-06
"L15.00_M030.000","L=15, M=30",5.925,"competition start",1.59859090338555e-06
"L15.00_M030.000","L=15, M=30",5.955,"competition start",1.18558159425682e-06
"L15.00_M030.000","L=15, M=30",5.985,"competition start",8.79276764299402e-07
"L15.00_M030.000","L=15, M=30",6.015,"competition start",6.52108376587276e-07
"L15.00_M030.000","L=15, M=30",6.045,"competition start",4.83630845717434e-07
"L15.00_M030.000","L=15, M=30",6.075,"competition start",3.58680885776385e-07
"L15.00_M030.000","L=15, M=30",6.105,"competition start",2.66012779432762e-07
"L15.00_M030.000","L=15, M=30",6.135,"competition start",1.97286238363529e-07
"L15.00_M030.000","L=15, M=30",6.165,"competition start",1.46315759535215e-07
"L15.00_M030.000","L=15, M=30",6.195,"competition start",1.08513917306292e-07
"L15.00_M030.000","L=15, M=30",6.225,"competition start",8.04784861408224e-08
"L15.00_M030.000","L=15, M=30",6.255,"competition start",5.96862339129574e-08
"L15.00_M030.000","L=15, M=30",6.285,"competition start",4.4265826446375e-08
"L15.00_M030.000","L=15, M=30",6.315,"competition start",3.28294041653322e-08
"L15.00_M030.000","L=15, M=30",6.345,"competition start",2.43476723807225e-08
"L15.00_M030.000","L=15, M=30",6.375,"competition start",1.80572630720921e-08
"L15.00_M030.000","L=15, M=30",6.405,"competition start",1.3392030538875e-08
"L15.00_M030.000","L=15, M=30",6.435,"competition start",9.93209739691669e-09
"L15.00_M030.000","L=15, M=30",6.465,"competition start",7.36606496580677e-09
"L15.00_M030.000","L=15, M=30",6.495,"competition start",5.46298691473618e-09
"L15.00_M030.000","L=15, M=30",6.525,"competition start",4.05158374693545e-09
"L15.00_M030.000","L=15, M=30",6.555,"competition start",3.00482739173072e-09
"L15.00_M030.000","L=15, M=30",6.585,"competition start",2.22850849254395e-09
"L15.00_M030.000","L=15, M=30",6.615,"competition start",1.65275742865785e-09
"L15.00_M030.000","L=15, M=30",6.645,"competition start",1.22575594952584e-09
"L15.00_M030.000","L=15, M=30",6.675,"competition start",9.0907345908521e-10
"L15.00_M030.000","L=15, M=30",6.705,"competition start",6.74208208602806e-10
"L15.00_M030.000","L=15, M=30",6.735,"competition start",5.00022100221214e-10
"L15.00_M030.000","L=15, M=30",6.765,"competition start",3.70838229704376e-10
"L15.00_M030.000","L=15, M=30",6.795,"competition start",2.75029944412424e-10
"L15.00_M030.000","L=15, M=30",6.825,"competition start",2.03974429644492e-10
"L15.00_M030.000","L=15, M=30",6.855,"competition start",1.51276644586006e-10
"L15.00_M030.000","L=15, M=30",6.885,"competition start",1.12193760963918e-10
"L15.00_M030.000","L=15, M=30",6.915,"competition start",8.3208303054947e-11
"L15.00_M030.000","L=15, M=30",6.945,"competition start",6.17115710342791e-11
"L15.00_M030.000","L=15, M=30",6.975,"competition start",4.57688553160617e-11
"L15.00_M030.000","L=15, M=30",7.005,"competition start",3.39453108471316e-11
"L15.00_M030.000","L=15, M=30",7.035,"competition start",2.51768198004349e-11
"L15.00_M030.000","L=15, M=30",7.065,"competition start",1.8674220136377e-11
"L15.00_M030.000","L=15, M=30",7.095,"competition start",1.3852280476849e-11
"L15.00_M030.000","L=15, M=30",7.125,"competition start",1.02770289402979e-11
"L15.00_M030.000","L=15, M=30",7.155,"competition start",7.62669546860888e-12
"L15.00_M030.000","L=15, M=30",7.185,"competition start",5.66275240967537e-12
"L15.00_M030.000","L=15, M=30",7.215,"competition start",4.20844697616697e-12
"L15.00_M030.000","L=15, M=30",7.245,"competition start",3.1328934796569e-12
"L15.00_M030.000","L=15, M=30",7.275,"competition start",2.33929362604308e-12
"L15.00_M030.000","L=15, M=30",7.305,"competition start",1.75622468865663e-12
"L15.00_M030.000","L=15, M=30",7.335,"competition start",1.3312114879045e-12
"L15.00_M030.000","L=15, M=30",7.365,"competition start",1.0260036512721e-12
"L15.00_M030.000","L=15, M=30",7.395,"competition start",8.13133104369329e-13
"L15.00_M030.000","L=15, M=30",7.425,"competition start",6.73441965577242e-13
"L15.00_M030.000","L=15, M=30",7.455,"competition start",5.94358353874442e-13
"L15.00_M030.000","L=15, M=30",7.485,"competition start",5.68764932041454e-13
"L15.00_M030.000","L=15, M=30",7.515,"competition start",7.02208213367043e-14
"L15.00_M030.000","L=15, M=30",7.545,"competition start",7.95645583770962e-14
"L15.00_M030.000","L=15, M=30",7.575,"competition start",9.60691056714489e-14
"L15.00_M030.000","L=15, M=30",7.605,"competition start",1.21219872476257e-13
"L15.00_M030.000","L=15, M=30",7.635,"competition start",1.57280427803957e-13
"L15.00_M030.000","L=15, M=30",7.665,"competition start",2.07496221634048e-13
"L15.00_M030.000","L=15, M=30",7.695,"competition start",2.76386675411243e-13
"L15.00_M030.000","L=15, M=30",7.725,"competition start",3.70151929975499e-13
"L15.00_M030.000","L=15, M=30",7.755,"competition start",4.97230858237606e-13
"L15.00_M030.000","L=15, M=30",7.785,"competition start",6.69060563741162e-13
"L15.00_M030.000","L=15, M=30",7.815,"competition start",9.01105719981493e-13
"L15.00_M030.000","L=15, M=30",7.845,"competition start",1.21425039102023e-12
"L15.00_M030.000","L=15, M=30",7.875,"competition start",1.63667759725086e-12
"L15.00_M030.000","L=15, M=30",7.905,"competition start",2.2064057872341e-12
"L15.00_M030.000","L=15, M=30",7.935,"competition start",2.97471049806841e-12
"L15.00_M030.000","L=15, M=30",7.965,"competition start",4.01073915372875e-12
"L15.00_M030.000","L=15, M=30",7.995,"competition start",5.40773433322437e-12
"L15.00_M030.000","L=15, M=30",8.025,"competition start",7.29142560270952e-12
"L15.00_M030.000","L=15, M=30",8.055,"competition start",9.83134517643722e-12
"L15.00_M030.000","L=15, M=30",8.085,"competition start",1.32560858160419e-11
"L15.00_M030.000","L=15, M=30",8.115,"competition start",1.7873874179086e-11
"L15.00_M030.000","L=15, M=30",8.145,"competition start",2.41003112182401e-11
"L15.00_M030.000","L=15, M=30",8.175,"competition start",3.24957762670222e-11
"L15.00_M030.000","L=15, M=30",8.205,"competition start",4.38158611798122e-11
"L15.00_M030.000","L=15, M=30",8.235,"competition start",5.90793735987427e-11
"L15.00_M030.000","L=15, M=30",8.265,"competition start",7.96600296414846e-11
"L15.00_M030.000","L=15, M=30",8.295,"competition start",1.07410088351826e-10
"L15.00_M030.000","L=15, M=30",8.325,"competition start",1.44827055013593e-10
"L15.00_M030.000","L=15, M=30",8.355,"competition start",1.95278456626156e-10
"L15.00_M030.000","L=15, M=30",8.385,"competition start",2.63304919334307e-10
"L15.00_M030.000","L=15, M=30",8.415,"competition start",3.55028824781167e-10
"L15.00_M030.000","L=15, M=30",8.445,"competition start",4.78705324455849e-10
"L15.00_M030.000","L=15, M=30",8.475,"competition start",6.45465303327073e-10
"L15.00_M030.000","L=15, M=30",8.505,"competition start",8.70317159489628e-10
"L15.00_M030.000","L=15, M=30",8.535,"competition start",1.17349755999157e-09
"L15.00_M030.000","L=15, M=30",8.565,"competition start",1.58229274086617e-09
"L15.00_M030.000","L=15, M=30",8.595,"competition start",2.13349426837048e-09
"L15.00_M030.000","L=15, M=30",8.625,"competition start",2.87671027994063e-09
"L15.00_M030.000","L=15, M=30",8.655,"competition start",3.87883021654656e-09
"L15.00_M030.000","L=15, M=30",8.685,"competition start",5.23004487235316e-09
"L15.00_M030.000","L=15, M=30",8.715,"competition start",7.05196356614742e-09
"L15.00_M030.000","L=15, M=30",8.745,"competition start",9.50855897994265e-09
"L15.00_M030.000","L=15, M=30",8.775,"competition start",1.28209247002022e-08
"L15.00_M030.000","L=15, M=30",8.805,"competition start",1.72871736403348e-08
"L15.00_M030.000","L=15, M=30",8.835,"competition start",2.33092682023811e-08
"L15.00_M030.000","L=15, M=30",8.865,"competition start",3.14291968922506e-08
"L15.00_M030.000","L=15, M=30",8.895,"competition start",4.23777532835339e-08
"L15.00_M030.000","L=15, M=30",8.925,"competition start",5.71403074359978e-08
"L15.00_M030.000","L=15, M=30",8.955,"competition start",7.70454891952787e-08
"L15.00_M030.000","L=15, M=30",8.985,"competition start",1.03884764868652e-07
"L15.00_M030.000","L=15, M=30",9.015,"competition start",1.40073669173895e-07
"L15.00_M030.000","L=15, M=30",9.045,"competition start",1.88869203329717e-07
"L15.00_M030.000","L=15, M=30",9.075,"competition start",2.54662965103323e-07
"L15.00_M030.000","L=15, M=30",9.105,"competition start",3.43376392496529e-07
"L15.00_M030.000","L=15, M=30",9.135,"competition start",4.62993692960598e-07
"L15.00_M030.000","L=15, M=30",9.165,"competition start",6.24280421693557e-07
"L15.00_M030.000","L=15, M=30",9.195,"competition start",8.41752380929351e-07
"L15.00_M030.000","L=15, M=30",9.225,"competition start",1.13498204090502e-06
"L15.00_M030.000","L=15, M=30",9.255,"competition start",1.5303600599388e-06
"L15.00_M030.000","L=15, M=30",9.285,"competition start",2.06347043960035e-06
"L15.00_M030.000","L=15, M=30",9.315,"competition start",2.78229307743731e-06
"L15.00_M030.000","L=15, M=30",9.345,"competition start",3.75152194427407e-06
"L15.00_M030.000","L=15, M=30",9.375,"competition start",5.0583875170776e-06
"L15.00_M030.000","L=15, M=30",9.405,"competition start",6.8205074773267e-06
"L15.00_M030.000","L=15, M=30",9.435,"competition start",9.19647222133619e-06
"L15.00_M030.000","L=15, M=30",9.465,"competition start",1.24001178486461e-05
"L15.00_M030.000","L=15, M=30",9.495,"competition start",1.67197711432174e-05
"L15.00_M030.000","L=15, M=30",9.525,"competition start",2.25441984971799e-05
"L15.00_M030.000","L=15, M=30",9.555,"competition start",3.03975940010756e-05
"L15.00_M030.000","L=15, M=30",9.585,"competition start",4.09867553029386e-05
"L15.00_M030.000","L=15, M=30",9.615,"competition start",5.52646924712403e-05
"L15.00_M030.000","L=15, M=30",9.645,"competition start",7.4516393582558e-05
"L15.00_M030.000","L=15, M=30",9.675,"competition start",0.000100474463979179
"L15.00_M030.000","L=15, M=30",9.705,"competition start",0.000135475043170714
"L15.00_M030.000","L=15, M=30",9.735,"competition start",0.000182668025430315
"L15.00_M030.000","L=15, M=30",9.765,"competition start",0.000246300492175731
"L15.00_M030.000","L=15, M=30",9.795,"competition start",0.000332098843663748
"L15.00_M030.000","L=15, M=30",9.825,"competition start",0.000447783982972348
"L15.00_M030.000","L=15, M=30",9.855,"competition start",0.000603765848151868
"L15.00_M030.000","L=15, M=30",9.885,"competition start",0.000814079671957813
"L15.00_M030.000","L=15, M=30",9.915,"competition start",0.00109764799899042
"L15.00_M030.000","L=15, M=30",9.945,"competition start",0.00147998161726059
"L15.00_M030.000","L=15, M=30",9.975,"competition start",0.00199547171642803
"L15.00_M030.000","L=15, M=30",10.005,"competition start",0.0026904781646697
"L15.00_M030.000","L=15, M=30",10.035,"competition start",0.00362748930094571
"L15.00_M030.000","L=15, M=30",10.065,"competition start",0.00489072299442513
"L15.00_M030.000","L=15, M=30",10.095,"competition start",0.00659366465736055
"L15.00_M030.000","L=15, M=30",10.125,"competition start",0.00888920536332807
"L15.00_M030.000","L=15, M=30",10.155,"competition start",0.0119832647874584
"L15.00_M030.000","L=15, M=30",10.185,"competition start",0.0161530747611027
"L15.00_M030.000","L=15, M=30",10.215,"competition start",0.0217716778409078
"L15.00_M030.000","L=15, M=30",10.245,"competition start",0.0293406807814118
"L15.00_M030.000","L=15, M=30",10.275,"competition start",0.0395339124357382
"L15.00_M030.000","L=15, M=30",10.305,"competition start",0.0532553770373837
"L15.00_M030.000","L=15, M=30",10.335,"competition start",0.0717157499264017
"L15.00_M030.000","L=15, M=30",10.365,"competition start",0.0965325630519333
"L15.00_M030.000","L=15, M=30",10.395,"competition start",0.129859996383568
"L15.00_M030.000","L=15, M=30",10.425,"competition start",0.174554459031047
"L15.00_M030.000","L=15, M=30",10.455,"competition start",0.234381202067427
"L15.00_M030.000","L=15, M=30",10.485,"competition start",0.314263789600338
"L15.00_M030.000","L=15, M=30",10.515,"competition start",0.420570261036809
"L15.00_M030.000","L=15, M=30",10.545,"competition start",0.56141402972589
"L15.00_M030.000","L=15, M=30",10.575,"competition start",0.746919667876411
"L15.00_M030.000","L=15, M=30",10.605,"competition start",0.989359281266307
"L15.00_M030.000","L=15, M=30",10.635,"competition start",1.30300282935886
"L15.00_M030.000","L=15, M=30",10.665,"competition start",1.7034545896686
"L15.00_M030.000","L=15, M=30",10.695,"competition start",2.20620004764263
"L15.00_M030.000","L=15, M=30",10.725,"competition start",2.82413112548259
"L15.00_M030.000","L=15, M=30",10.755,"competition start",3.56405341714781
"L15.00_M030.000","L=15, M=30",10.785,"competition start",4.42268286541893
"L15.00_M030.000","L=15, M=30",10.815,"competition start",5.38332728797783
"L15.00_M030.000","L=15, M=30",10.845,"competition start",6.4149350483998
"L15.00_M030.000","L=15, M=30",10.875,"competition start",7.47487984344819
"L15.00_M030.000","L=15, M=30",10.905,"competition start",8.51544323827567
"L15.00_M030.000","L=15, M=30",10.935,"competition start",9.49207463652383
"L15.00_M030.000","L=15, M=30",10.965,"competition start",10.3704853689164
"L15.00_M030.000","L=15, M=30",10.995,"competition start",11.1303056607382
"L15.00_M030.000","L=15, M=30",11.025,"competition start",11.7648435085016
"L15.00_M030.000","L=15, M=30",11.055,"competition start",12.2780875175091
"L15.00_M030.000","L=15, M=30",11.085,"competition start",12.6806518499084
"L15.00_M030.000","L=15, M=30",11.115,"competition start",12.9859997937626
"L15.00_M030.000","L=15, M=30",11.145,"competition start",13.2075934533486
"L15.00_M030.000","L=15, M=30",11.175,"competition start",13.3570557454867
"L15.00_M030.000","L=15, M=30",11.205,"competition start",13.4431402065218
"L15.00_M030.000","L=15, M=30",11.235,"competition start",13.4712310586083
"L15.00_M030.000","L=15, M=30",11.265,"competition start",13.443140206516
"L15.00_M030.000","L=15, M=30",11.295,"competition start",13.3570557454747
"L15.00_M030.000","L=15, M=30",11.325,"competition start",13.2075934533298
"L15.00_M030.000","L=15, M=30",11.355,"competition start",12.9859997937358
"L15.00_M030.000","L=15, M=30",11.385,"competition start",12.6806518498723
"L15.00_M030.000","L=15, M=30",11.415,"competition start",12.2780875174624
"L15.00_M030.000","L=15, M=30",11.445,"competition start",11.7648435084429
"L15.00_M030.000","L=15, M=30",11.475,"competition start",11.1303056606668
"L15.00_M030.000","L=15, M=30",11.505,"competition start",10.3704853688323
"L15.00_M030.000","L=15, M=30",11.535,"competition start",9.49207463642833
"L15.00_M030.000","L=15, M=30",11.565,"competition start",8.51544323817165
"L15.00_M030.000","L=15, M=30",11.595,"competition start",7.47487984333978
"L15.00_M030.000","L=15, M=30",11.625,"competition start",6.41493504829188
"L15.00_M030.000","L=15, M=30",11.655,"competition start",5.38332728787514
"L15.00_M030.000","L=15, M=30",11.685,"competition start",4.42268286532535
"L15.00_M030.000","L=15, M=30",11.715,"competition start",3.56405341706578
"L15.00_M030.000","L=15, M=30",11.745,"competition start",2.8241311254131
"L15.00_M030.000","L=15, M=30",11.775,"competition start",2.20620004758543
"L15.00_M030.000","L=15, M=30",11.805,"competition start",1.70345458962261
"L15.00_M030.000","L=15, M=30",11.835,"competition start",1.30300282932257
"L15.00_M030.000","L=15, M=30",11.865,"competition start",0.989359281238098
"L15.00_M030.000","L=15, M=30",11.895,"competition start",0.746919667854733
"L15.00_M030.000","L=15, M=30",11.925,"competition start",0.561414029709377
"L15.00_M030.000","L=15, M=30",11.955,"competition start",0.420570261024315
"L15.00_M030.000","L=15, M=30",11.985,"competition start",0.314263789590932
"L15.00_M030.000","L=15, M=30",12.015,"competition start",0.234381202060373
"L15.00_M030.000","L=15, M=30",12.045,"competition start",0.174554459025772
"L15.00_M030.000","L=15, M=30",12.075,"competition start",0.129859996379631
"L15.00_M030.000","L=15, M=30",12.105,"competition start",0.0965325630490009
"L15.00_M030.000","L=15, M=30",12.135,"competition start",0.0717157499242196
"L15.00_M030.000","L=15, M=30",12.165,"competition start",0.0532553770357613
"L15.00_M030.000","L=15, M=30",12.195,"competition start",0.0395339124345327
"L15.00_M030.000","L=15, M=30",12.225,"competition start",0.0293406807805166
"L15.00_M030.000","L=15, M=30",12.255,"competition start",0.0217716778402433
"L15.00_M030.000","L=15, M=30",12.285,"competition start",0.0161530747606095
"L15.00_M030.000","L=15, M=30",12.315,"competition start",0.0119832647870924
"L15.00_M030.000","L=15, M=30",12.345,"competition start",0.00888920536305655
"L15.00_M030.000","L=15, M=30",12.375,"competition start",0.00659366465715914
"L15.00_M030.000","L=15, M=30",12.405,"competition start",0.00489072299427573
"L15.00_M030.000","L=15, M=30",12.435,"competition start",0.0036274893008349
"L15.00_M030.000","L=15, M=30",12.465,"competition start",0.00269047816458751
"L15.00_M030.000","L=15, M=30",12.495,"competition start",0.00199547171636707
"L15.00_M030.000","L=15, M=30",12.525,"competition start",0.00147998161721538
"L15.00_M030.000","L=15, M=30",12.555,"competition start",0.00109764799895689
"L15.00_M030.000","L=15, M=30",12.585,"competition start",0.000814079671932949
"L15.00_M030.000","L=15, M=30",12.615,"competition start",0.000603765848133429
"L15.00_M030.000","L=15, M=30",12.645,"competition start",0.000447783982958674
"L15.00_M030.000","L=15, M=30",12.675,"competition start",0.000332098843653607
"L15.00_M030.000","L=15, M=30",12.705,"competition start",0.00024630049216821
"L15.00_M030.000","L=15, M=30",12.735,"competition start",0.000182668025424738
"L15.00_M030.000","L=15, M=30",12.765,"competition start",0.000135475043166578
"L15.00_M030.000","L=15, M=30",12.795,"competition start",0.000100474463976112
"L15.00_M030.000","L=15, M=30",12.825,"competition start",7.45163935802835e-05
"L15.00_M030.000","L=15, M=30",12.855,"competition start",5.52646924695536e-05
"L15.00_M030.000","L=15, M=30",12.885,"competition start",4.09867553016877e-05
"L15.00_M030.000","L=15, M=30",12.915,"competition start",3.0397594000148e-05
"L15.00_M030.000","L=15, M=30",12.945,"competition start",2.2544198496492e-05
"L15.00_M030.000","L=15, M=30",12.975,"competition start",1.67197711427073e-05
"L15.00_M030.000","L=15, M=30",13.005,"competition start",1.24001178482678e-05
"L15.00_M030.000","L=15, M=30",13.035,"competition start",9.19647222105564e-06
"L15.00_M030.000","L=15, M=30",13.065,"competition start",6.82050747711865e-06
"L15.00_M030.000","L=15, M=30",13.095,"competition start",5.05838751692331e-06
"L15.00_M030.000","L=15, M=30",13.125,"competition start",3.75152194415965e-06
"L15.00_M030.000","L=15, M=30",13.155,"competition start",2.78229307735246e-06
"L15.00_M030.000","L=15, M=30",13.185,"competition start",2.06347043953743e-06
"L15.00_M030.000","L=15, M=30",13.215,"competition start",1.53036005989214e-06
"L15.00_M030.000","L=15, M=30",13.245,"competition start",1.13498204087042e-06
"L15.00_M030.000","L=15, M=30",13.275,"competition start",8.41752380903689e-07
"L15.00_M030.000","L=15, M=30",13.305,"competition start",6.24280421674526e-07
"L15.00_M030.000","L=15, M=30",13.335,"competition start",4.62993692946485e-07
"L15.00_M030.000","L=15, M=30",13.365,"competition start",3.43376392486063e-07
"L15.00_M030.000","L=15, M=30",13.395,"competition start",2.54662965095562e-07
"L15.00_M030.000","L=15, M=30",13.425,"competition start",1.88869203323961e-07
"L15.00_M030.000","L=15, M=30",13.455,"competition start",1.40073669169627e-07
"L15.00_M030.000","L=15, M=30",13.485,"competition start",1.03884764865487e-07
"L15.00_M030.000","L=15, M=30",13.515,"competition start",7.70454891929314e-08
"L15.00_M030.000","L=15, M=30",13.545,"competition start",5.71403074342571e-08
"L15.00_M030.000","L=15, M=30",13.575,"competition start",4.23777532822431e-08
"L15.00_M030.000","L=15, M=30",13.605,"competition start",3.14291968912933e-08
"L15.00_M030.000","L=15, M=30",13.635,"competition start",2.33092682016712e-08
"L15.00_M030.000","L=15, M=30",13.665,"competition start",1.72871736398084e-08
"L15.00_M030.000","L=15, M=30",13.695,"competition start",1.28209246998118e-08
"L15.00_M030.000","L=15, M=30",13.725,"competition start",9.50855897965312e-09
"L15.00_M030.000","L=15, M=30",13.755,"competition start",7.05196356593271e-09
"L15.00_M030.000","L=15, M=30",13.785,"competition start",5.23004487219393e-09
"L15.00_M030.000","L=15, M=30",13.815,"competition start",3.87883021642848e-09
"L15.00_M030.000","L=15, M=30",13.845,"competition start",2.87671027985306e-09
"L15.00_M030.000","L=15, M=30",13.875,"competition start",2.13349426830554e-09
"L15.00_M030.000","L=15, M=30",13.905,"competition start",1.58229274081801e-09
"L15.00_M030.000","L=15, M=30",13.935,"competition start",1.17349755995586e-09
"L15.00_M030.000","L=15, M=30",13.965,"competition start",8.70317159463142e-10
"L15.00_M030.000","L=15, M=30",13.995,"competition start",6.45465303307431e-10
"L15.00_M030.000","L=15, M=30",14.025,"competition start",4.78705324441282e-10
"L15.00_M030.000","L=15, M=30",14.055,"competition start",3.55028824770364e-10
"L15.00_M030.000","L=15, M=30",14.085,"competition start",2.63304919326295e-10
"L15.00_M030.000","L=15, M=30",14.115,"competition start",1.95278456620215e-10
"L15.00_M030.000","L=15, M=30",14.145,"competition start",1.44827055009187e-10
"L15.00_M030.000","L=15, M=30",14.175,"competition start",1.07410088348559e-10
"L15.00_M030.000","L=15, M=30",14.205,"competition start",7.96600296390614e-11
"L15.00_M030.000","L=15, M=30",14.235,"competition start",5.90793735969457e-11
"L15.00_M030.000","L=15, M=30",14.265,"competition start",4.38158611784795e-11
"L15.00_M030.000","L=15, M=30",14.295,"competition start",3.24957762660339e-11
"L15.00_M030.000","L=15, M=30",14.325,"competition start",2.41003112175072e-11
"L15.00_M030.000","L=15, M=30",14.355,"competition start",1.78738741785425e-11
"L15.00_M030.000","L=15, M=30",14.385,"competition start",1.32560858156388e-11
"L15.00_M030.000","L=15, M=30",14.415,"competition start",9.83134517613831e-12
"L15.00_M030.000","L=15, M=30",14.445,"competition start",7.29142560248785e-12
"L15.00_M030.000","L=15, M=30",14.475,"competition start",5.40773433305999e-12
"L15.00_M030.000","L=15, M=30",14.505,"competition start",4.01073915360685e-12
"L15.00_M030.000","L=15, M=30",14.535,"competition start",2.97471049797801e-12
"L15.00_M030.000","L=15, M=30",14.565,"competition start",2.20640578716707e-12
"L15.00_M030.000","L=15, M=30",14.595,"competition start",1.63667759720116e-12
"L15.00_M030.000","L=15, M=30",14.625,"competition start",1.21425039098339e-12
"L15.00_M030.000","L=15, M=30",14.655,"competition start",9.01105719954186e-13
"L15.00_M030.000","L=15, M=30",14.685,"competition start",6.69060563720934e-13
"L15.00_M030.000","L=15, M=30",14.715,"competition start",4.97230858222637e-13
"L15.00_M030.000","L=15, M=30",14.745,"competition start",3.7015192996444e-13
"L15.00_M030.000","L=15, M=30",14.775,"competition start",2.76386675403098e-13
"L15.00_M030.000","L=15, M=30",14.805,"competition start",2.07496221628084e-13
"L15.00_M030.000","L=15, M=30",14.835,"competition start",1.57280427799637e-13
"L15.00_M030.000","L=15, M=30",14.865,"competition start",1.21219872473192e-13
"L15.00_M030.000","L=15, M=30",14.895,"competition start",9.60691056693633e-14
"L15.00_M030.000","L=15, M=30",14.925,"competition start",7.95645583758021e-14
"L15.00_M030.000","L=15, M=30",14.955,"competition start",7.02208213360851e-14
"L15.00_M030.000","L=15, M=30",14.985,"competition start",6.71969582166362e-14
"L15.00_M030.000","L=15, M=30",0.015,"simulation end",5.7701038151804e-12
"L15.00_M030.000","L=15, M=30",0.045,"simulation end",7.79101667509112e-12
"L15.00_M030.000","L=15, M=30",0.075,"simulation end",1.05202299892394e-11
"L15.00_M030.000","L=15, M=30",0.105,"simulation end",1.42059157503272e-11
"L15.00_M030.000","L=15, M=30",0.135,"simulation end",1.91832380168426e-11
"L15.00_M030.000","L=15, M=30",0.165,"simulation end",2.59048434478198e-11
"L15.00_M030.000","L=15, M=30",0.195,"simulation end",3.49820420042119e-11
"L15.00_M030.000","L=15, M=30",0.225,"simulation end",4.72404259582746e-11
"L15.00_M030.000","L=15, M=30",0.255,"simulation end",6.37949898354321e-11
"L15.00_M030.000","L=15, M=30",0.285,"simulation end",8.61515894368827e-11
"L15.00_M030.000","L=15, M=30",0.315,"simulation end",1.16343976397473e-10
"L15.00_M030.000","L=15, M=30",0.345,"simulation end",1.57118884314973e-10
"L15.00_M030.000","L=15, M=30",0.375,"simulation end",2.12186018504756e-10
"L15.00_M030.000","L=15, M=30",0.405,"simulation end",2.86555712625724e-10
"L15.00_M030.000","L=15, M=30",0.435,"simulation end",3.86995000458217e-10
"L15.00_M030.000","L=15, M=30",0.465,"simulation end",5.22643637711223e-10
"L15.00_M030.000","L=15, M=30",0.495,"simulation end",7.05846180025709e-10
"L15.00_M030.000","L=15, M=30",0.525,"simulation end",9.5327590753177e-10
"L15.00_M030.000","L=15, M=30",0.555,"simulation end",1.2874529778449e-09
"L15.00_M030.000","L=15, M=30",0.585,"simulation end",1.73879511260753e-09
"L15.00_M030.000","L=15, M=30",0.615,"simulation end",2.34838765305477e-09
"L15.00_M030.000","L=15, M=30",0.645,"simulation end",3.17172538303655e-09
"L15.00_M030.000","L=15, M=30",0.675,"simulation end",4.28376709269722e-09
"L15.00_M030.000","L=15, M=30",0.705,"simulation end",5.78576352134555e-09
"L15.00_M030.000","L=15, M=30",0.735,"simulation end",7.814480989597e-09
"L15.00_M030.000","L=15, M=30",0.765,"simulation end",1.05546614576805e-08
"L15.00_M030.000","L=15, M=30",0.795,"simulation end",1.42558548578926e-08
"L15.00_M030.000","L=15, M=30",0.825,"simulation end",1.92551582733229e-08
"L15.00_M030.000","L=15, M=30",0.855,"simulation end",2.60079352599419e-08
"L15.00_M030.000","L=15, M=30",0.885,"simulation end",3.51293165053182e-08
"L15.00_M030.000","L=15, M=30",0.915,"simulation end",4.74502665293069e-08
"L15.00_M030.000","L=15, M=30",0.945,"simulation end",6.40933300497493e-08
"L15.00_M030.000","L=15, M=30",0.975,"simulation end",8.65749672990169e-08
"L15.00_M030.000","L=15, M=30",1.005,"simulation end",1.16943813963855e-07
"L15.00_M030.000","L=15, M=30",1.035,"simulation end",1.57967480138053e-07
"L15.00_M030.000","L=15, M=30",1.065,"simulation end",2.13384933219063e-07
"L15.00_M030.000","L=15, M=30",1.095,"simulation end",2.88247496811874e-07
"L15.00_M030.000","L=15, M=30",1.125,"simulation end",3.89379588480836e-07
"L15.00_M030.000","L=15, M=30",1.155,"simulation end",5.26001252993518e-07
"L15.00_M030.000","L=15, M=30",1.185,"simulation end",7.10569323878064e-07
"L15.00_M030.000","L=15, M=30",1.215,"simulation end",9.5991401542242e-07
"L15.00_M030.000","L=15, M=30",1.245,"simulation end",1.29677473545875e-06
"L15.00_M030.000","L=15, M=30",1.275,"simulation end",1.75187538432026e-06
"L15.00_M030.000","L=15, M=30",1.305,"simulation end",2.3667287032285e-06
"L15.00_M030.000","L=15, M=30",1.335,"simulation end",3.1974258656063e-06
"L15.00_M030.000","L=15, M=30",1.365,"simulation end",4.31975756347973e-06
"L15.00_M030.000","L=15, M=30",1.395,"simulation end",5.83613456919998e-06
"L15.00_M030.000","L=15, M=30",1.425,"simulation end",7.8849402909958e-06
"L15.00_M030.000","L=15, M=30",1.455,"simulation end",1.06531702507363e-05
"L15.00_M030.000","L=15, M=30",1.485,"simulation end",1.43935140557261e-05
"L15.00_M030.000","L=15, M=30",1.515,"simulation end",1.94474418417377e-05
"L15.00_M030.000","L=15, M=30",1.545,"simulation end",2.62764065489356e-05
"L15.00_M030.000","L=15, M=30",1.575,"simulation end",3.55040160714184e-05
"L15.00_M030.000","L=15, M=30",1.605,"simulation end",4.79730333172909e-05
"L15.00_M030.000","L=15, M=30",1.635,"simulation end",6.48224194864796e-05
"L15.00_M030.000","L=15, M=30",1.665,"simulation end",8.75914707224016e-05
"L15.00_M030.000","L=15, M=30",1.695,"simulation end",0.000118360578733854
"L15.00_M030.000","L=15, M=30",1.725,"simulation end",0.000159941499068826
"L15.00_M030.000","L=15, M=30",1.755,"simulation end",0.000216134543224108
"L15.00_M030.000","L=15, M=30",1.785,"simulation end",0.000292076237037819
"L15.00_M030.000","L=15, M=30",1.815,"simulation end",0.000394709267220218
"L15.00_M030.000","L=15, M=30",1.845,"simulation end",0.000533417725150533
"L15.00_M030.000","L=15, M=30",1.875,"simulation end",0.000720885769585091
"L15.00_M030.000","L=15, M=30",1.905,"simulation end",0.000974258237504092
"L15.00_M030.000","L=15, M=30",1.935,"simulation end",0.00131670927629983
"L15.00_M030.000","L=15, M=30",1.965,"simulation end",0.00177956222044923
"L15.00_M030.000","L=15, M=30",1.995,"simulation end",0.0024051539936393
"L15.00_M030.000","L=15, M=30",2.025,"simulation end",0.00325070467897285
"L15.00_M030.000","L=15, M=30",2.055,"simulation end",0.00439354338307712
"L15.00_M030.000","L=15, M=30",2.085,"simulation end",0.0059381627597741
"L15.00_M030.000","L=15, M=30",2.115,"simulation end",0.00802573645670385
"L15.00_M030.000","L=15, M=30",2.145,"simulation end",0.0108469489220993
"L15.00_M030.000","L=15, M=30",2.175,"simulation end",0.014659271122191
"L15.00_M030.000","L=15, M=30",2.205,"simulation end",0.0198101874205986
"L15.00_M030.000","L=15, M=30",2.235,"simulation end",0.0267683588119202
"L15.00_M030.000","L=15, M=30",2.265,"simulation end",0.0361653156264724
"L15.00_M030.000","L=15, M=30",2.295,"simulation end",0.0488510208615187
"L15.00_M030.000","L=15, M=30",2.325,"simulation end",0.0659675241542469
"L15.00_M030.000","L=15, M=30",2.355,"simulation end",0.089045878797809
"L15.00_M030.000","L=15, M=30",2.385,"simulation end",0.120132366185558
"L15.00_M030.000","L=15, M=30",2.415,"simulation end",0.161950528271111
"L15.00_M030.000","L=15, M=30",2.445,"simulation end",0.218104892136572
"L15.00_M030.000","L=15, M=30",2.475,"simulation end",0.29332938834497
"L15.00_M030.000","L=15, M=30",2.505,"simulation end",0.393776295453722
"L15.00_M030.000","L=15, M=30",2.535,"simulation end",0.527326934156695
"L15.00_M030.000","L=15, M=30",2.565,"simulation end",0.703878924508817
"L15.00_M030.000","L=15, M=30",2.595,"simulation end",0.935521805441912
"L15.00_M030.000","L=15, M=30",2.625,"simulation end",1.23645082196459
"L15.00_M030.000","L=15, M=30",2.655,"simulation end",1.62239466870805
"L15.00_M030.000","L=15, M=30",2.685,"simulation end",2.10927562562944
"L15.00_M030.000","L=15, M=30",2.715,"simulation end",2.71084492189421
"L15.00_M030.000","L=15, M=30",2.745,"simulation end",3.43524439441847
"L15.00_M030.000","L=15, M=30",2.775,"simulation end",4.28092754994089
"L15.00_M030.000","L=15, M=30",2.805,"simulation end",5.23307569914727
"L15.00_M030.000","L=15, M=30",2.835,"simulation end",6.2622122049734
"L15.00_M030.000","L=15, M=30",2.865,"simulation end",7.32653345597584
"L15.00_M030.000","L=15, M=30",2.895,"simulation end",8.37814990389385
"L15.00_M030.000","L=15, M=30",2.925,"simulation end",9.37147653556454
"L15.00_M030.000","L=15, M=30",2.955,"simulation end",10.2707818116685
"L15.00_M030.000","L=15, M=30",2.985,"simulation end",11.0544003768143
"L15.00_M030.000","L=15, M=30",3.015,"simulation end",11.7149211654994
"L15.00_M030.000","L=15, M=30",3.045,"simulation end",12.256400495163
"L15.00_M030.000","L=15, M=30",3.075,"simulation end",12.6903443499569
"L15.00_M030.000","L=15, M=30",3.105,"simulation end",13.0319000421947
"L15.00_M030.000","L=15, M=30",3.135,"simulation end",13.2969940286139
"L15.00_M030.000","L=15, M=30",3.165,"simulation end",13.50055110118
"L15.00_M030.000","L=15, M=30",3.195,"simulation end",13.6556052185379
"L15.00_M030.000","L=15, M=30",3.225,"simulation end",13.7730182008297
"L15.00_M030.000","L=15, M=30",3.255,"simulation end",13.8615527133278
"L15.00_M030.000","L=15, M=30",3.285,"simulation end",13.9281171246868
"L15.00_M030.000","L=15, M=30",3.315,"simulation end",13.9780685320393
"L15.00_M030.000","L=15, M=30",3.345,"simulation end",14.0155115711832
"L15.00_M030.000","L=15, M=30",3.375,"simulation end",14.0435638497584
"L15.00_M030.000","L=15, M=30",3.405,"simulation end",14.064578143655
"L15.00_M030.000","L=15, M=30",3.435,"simulation end",14.0803215760601
"L15.00_M030.000","L=15, M=30",3.465,"simulation end",14.092116541964
"L15.00_M030.000","L=15, M=30",3.495,"simulation end",14.1009496302812
"L15.00_M030.000","L=15, M=30",3.525,"simulation end",14.1075547498705
"L15.00_M030.000","L=15, M=30",3.555,"simulation end",14.112475948933
"L15.00_M030.000","L=15, M=30",3.585,"simulation end",14.1161144878987
"L15.00_M030.000","L=15, M=30",3.615,"simulation end",14.118763806728
"L15.00_M030.000","L=15, M=30",3.645,"simulation end",14.1206352118684
"L15.00_M030.000","L=15, M=30",3.675,"simulation end",14.1218764222871
"L15.00_M030.000","L=15, M=30",3.705,"simulation end",14.1225845522716
"L15.00_M030.000","L=15, M=30",3.735,"simulation end",14.122814651607
"L15.00_M030.000","L=15, M=30",3.765,"simulation end",14.1225845474292
"L15.00_M030.000","L=15, M=30",3.795,"simulation end",14.1218764122168
"L15.00_M030.000","L=15, M=30",3.825,"simulation end",14.1206351957646
"L15.00_M030.000","L=15, M=30",3.855,"simulation end",14.1187637832946
"L15.00_M030.000","L=15, M=30",3.885,"simulation end",14.1161144552344
"L15.00_M030.000","L=15, M=30",3.915,"simulation end",14.1124759043639
"L15.00_M030.000","L=15, M=30",3.945,"simulation end",14.107554689715
"L15.00_M030.000","L=15, M=30",3.975,"simulation end",14.1009495495275
"L15.00_M030.000","L=15, M=30",4.005,"simulation end",14.092116433834
"L15.00_M030.000","L=15, M=30",4.035,"simulation end",14.0803214314241
"L15.00_M030.000","L=15, M=30",4.065,"simulation end",14.0645779502548
"L15.00_M030.000","L=15, M=30",4.095,"simulation end",14.043563591183
"L15.00_M030.000","L=15, M=30",4.125,"simulation end",14.0155112255339
"L15.00_M030.000","L=15, M=30",4.155,"simulation end",13.9780680702159
"L15.00_M030.000","L=15, M=30",4.185,"simulation end",13.9281165082318
"L15.00_M030.000","L=15, M=30",4.215,"simulation end",13.8615518917929
"L15.00_M030.000","L=15, M=30",4.245,"simulation end",13.7730171087067
"L15.00_M030.000","L=15, M=30",4.275,"simulation end",13.6556037719417
"L15.00_M030.000","L=15, M=30",4.305,"simulation end",13.5005491947486
"L15.00_M030.000","L=15, M=30",4.335,"simulation end",13.29699153354
"L15.00_M030.000","L=15, M=30",4.365,"simulation end",13.031896806957
"L15.00_M030.000","L=15, M=30",4.395,"simulation end",12.690340206123
"L15.00_M030.000","L=15, M=30",4.425,"simulation end",12.2563952712885
"L15.00_M030.000","L=15, M=30",4.455,"simulation end",11.7149147119899
"L15.00_M030.000","L=15, M=30",4.485,"simulation end",11.0543926025419
"L15.00_M030.000","L=15, M=30",4.515,"simulation end",10.2707727280913
"L15.00_M030.000","L=15, M=30",4.545,"simulation end",9.37146629646853
"L15.00_M030.000","L=15, M=30",4.575,"simulation end",8.37813882229528
"L15.00_M030.000","L=15, M=30",4.605,"simulation end",7.32652198097993
"L15.00_M030.000","L=15, M=30",4.635,"simulation end",6.26220085530436
"L15.00_M030.000","L=15, M=30",4.665,"simulation end",5.2330649717211
"L15.00_M030.000","L=15, M=30",4.695,"simulation end",4.28091783631373
"L15.00_M030.000","L=15, M=30",4.725,"simulation end",3.43523593328863
"L15.00_M030.000","L=15, M=30",4.755,"simulation end",2.71083779600721
"L15.00_M030.000","L=15, M=30",4.785,"simulation end",2.10926979185284
"L15.00_M030.000","L=15, M=30",4.815,"simulation end",1.62239000200653
"L15.00_M030.000","L=15, M=30",4.845,"simulation end",1.23644715724121
"L15.00_M030.000","L=15, M=30",4.875,"simulation end",0.935518969010953
"L15.00_M030.000","L=15, M=30",4.905,"simulation end",0.703876753665598
"L15.00_M030.000","L=15, M=30",4.935,"simulation end",0.527325286929136
"L15.00_M030.000","L=15, M=30",4.965,"simulation end",0.393775053667068
"L15.00_M030.000","L=15, M=30",4.995,"simulation end",0.293328456796728
"L15.00_M030.000","L=15, M=30",5.025,"simulation end",0.218104195890944
"L15.00_M030.000","L=15, M=30",5.055,"simulation end",0.161950009322947
"L15.00_M030.000","L=15, M=30",5.085,"simulation end",0.120131980177698
"L15.00_M030.000","L=15, M=30",5.115,"simulation end",0.0890455921099983
"L15.00_M030.000","L=15, M=30",5.145,"simulation end",0.0659673114698234
"L15.00_M030.000","L=15, M=30",5.175,"simulation end",0.0488508632077515
"L15.00_M030.000","L=15, M=30",5.205,"simulation end",0.0361651988349636
"L15.00_M030.000","L=15, M=30",5.235,"simulation end",0.026768272329489
"L15.00_M030.000","L=15, M=30",5.265,"simulation end",0.0198101234018324
"L15.00_M030.000","L=15, M=30",5.295,"simulation end",0.0146592237428657
"L15.00_M030.000","L=15, M=30",5.325,"simulation end",0.0108469138629184
"L15.00_M030.000","L=15, M=30",5.355,"simulation end",0.00802571051684931
"L15.00_M030.000","L=15, M=30",5.385,"simulation end",0.00593814356857608
"L15.00_M030.000","L=15, M=30",5.415,"simulation end",0.00439352918540585
"L15.00_M030.000","L=15, M=30",5.445,"simulation end",0.00325069417578323
"L15.00_M030.000","L=15, M=30",5.475,"simulation end",0.00240514622364636
"L15.00_M030.000","L=15, M=30",5.505,"simulation end",0.00177955647240737
"L15.00_M030.000","L=15, M=30",5.535,"simulation end",0.00131670502401467
"L15.00_M030.000","L=15, M=30",5.565,"simulation end",0.000974255091709645
"L15.00_M030.000","L=15, M=30",5.595,"simulation end",0.000720883442322167
"L15.00_M030.000","L=15, M=30",5.625,"simulation end",0.000533416003405479
"L15.00_M030.000","L=15, M=30",5.655,"simulation end",0.000394707993420109
"L15.00_M030.000","L=15, M=30",5.685,"simulation end",0.000292075294620532
"L15.00_M030.000","L=15, M=30",5.715,"simulation end",0.000216133845963688
"L15.00_M030.000","L=15, M=30",5.745,"simulation end",0.000159940983179284
"L15.00_M030.000","L=15, M=30",5.775,"simulation end",0.000118360197028366
"L15.00_M030.000","L=15, M=30",5.805,"simulation end",8.75911882929339e-05
"L15.00_M030.000","L=15, M=30",5.835,"simulation end",6.48222105080636e-05
"L15.00_M030.000","L=15, M=30",5.865,"simulation end",4.79728786841616e-05
"L15.00_M030.000","L=15, M=30",5.895,"simulation end",3.55039016484581e-05
"L15.00_M030.000","L=15, M=30",5.925,"simulation end",2.62763218782338e-05
"L15.00_M030.000","L=15, M=30",5.955,"simulation end",1.94473791857909e-05
"L15.00_M030.000","L=15, M=30",5.985,"simulation end",1.43934676896442e-05
"L15.00_M030.000","L=15, M=30",6.015,"simulation end",1.06531359386387e-05
"L15.00_M030.000","L=15, M=30",6.045,"simulation end",7.88491489865622e-06
"L15.00_M030.000","L=15, M=30",6.075,"simulation end",5.83611577747923e-06
"L15.00_M030.000","L=15, M=30",6.105,"simulation end",4.31974365631561e-06
"L15.00_M030.000","L=15, M=30",6.135,"simulation end",3.19741557315969e-06
"L15.00_M030.000","L=15, M=30",6.165,"simulation end",2.36672108583305e-06
"L15.00_M030.000","L=15, M=30",6.195,"simulation end",1.75186974661921e-06
"L15.00_M030.000","L=15, M=30",6.225,"simulation end",1.29677056287486e-06
"L15.00_M030.000","L=15, M=30",6.255,"simulation end",9.59910927151144e-07
"L15.00_M030.000","L=15, M=30",6.285,"simulation end",7.10567038105685e-07
"L15.00_M030.000","L=15, M=30",6.315,"simulation end",5.25999561160331e-07
"L15.00_M030.000","L=15, M=30",6.345,"simulation end",3.893783362368e-07
"L15.00_M030.000","L=15, M=30",6.375,"simulation end",2.88246569924139e-07
"L15.00_M030.000","L=15, M=30",6.405,"simulation end",2.13384247143594e-07
"L15.00_M030.000","L=15, M=30",6.435,"simulation end",1.57966972302493e-07
"L15.00_M030.000","L=15, M=30",6.465,"simulation end",1.16943438056645e-07
"L15.00_M030.000","L=15, M=30",6.495,"simulation end",8.65746890430987e-08
"L15.00_M030.000","L=15, M=30",6.525,"simulation end",6.40931240748729e-08
"L15.00_M030.000","L=15, M=30",6.555,"simulation end",4.74501140573195e-08
"L15.00_M030.000","L=15, M=30",6.585,"simulation end",3.51292036370846e-08
"L15.00_M030.000","L=15, M=30",6.615,"simulation end",2.60078517075008e-08
"L15.00_M030.000","L=15, M=30",6.645,"simulation end",1.92550964215433e-08
"L15.00_M030.000","L=15, M=30",6.675,"simulation end",1.42558090699852e-08
"L15.00_M030.000","L=15, M=30",6.705,"simulation end",1.05546275611825e-08
"L15.00_M030.000","L=15, M=30",6.735,"simulation end",7.81445589592534e-09
"L15.00_M030.000","L=15, M=30",6.765,"simulation end",5.78574494420613e-09
"L15.00_M030.000","L=15, M=30",6.795,"simulation end",4.28375333965966e-09
"L15.00_M030.000","L=15, M=30",6.825,"simulation end",3.1717152012617e-09
"L15.00_M030.000","L=15, M=30",6.855,"simulation end",2.34838011510334e-09
"L15.00_M030.000","L=15, M=30",6.885,"simulation end",1.73878953191515e-09
"L15.00_M030.000","L=15, M=30",6.915,"simulation end",1.28744884615562e-09
"L15.00_M030.000","L=15, M=30",6.945,"simulation end",9.53272848584657e-10
"L15.00_M030.000","L=15, M=30",6.975,"simulation end",7.05843915272151e-10
"L15.00_M030.000","L=15, M=30",7.005,"simulation end",5.22641960937236e-10
"L15.00_M030.000","L=15, M=30",7.035,"simulation end",3.86993758998511e-10
"L15.00_M030.000","L=15, M=30",7.065,"simulation end",2.86554793457113e-10
"L15.00_M030.000","L=15, M=30",7.095,"simulation end",2.12185337951472e-10
"L15.00_M030.000","L=15, M=30",7.125,"simulation end",1.57118380427668e-10
"L15.00_M030.000","L=15, M=30",7.155,"simulation end",1.16343603311446e-10
"L15.00_M030.000","L=15, M=30",7.185,"simulation end",8.61513131954594e-11
"L15.00_M030.000","L=15, M=30",7.215,"simulation end",6.37947852979707e-11
"L15.00_M030.000","L=15, M=30",7.245,"simulation end",4.72402745110937e-11
"L15.00_M030.000","L=15, M=30",7.275,"simulation end",3.49819298659264e-11
"L15.00_M030.000","L=15, M=30",7.305,"simulation end",2.59047604147163e-11
"L15.00_M030.000","L=15, M=30",7.335,"simulation end",1.9183176534023e-11
"L15.00_M030.000","L=15, M=30",7.365,"simulation end",1.42058702240232e-11
"L15.00_M030.000","L=15, M=30",7.395,"simulation end",1.05201962776731e-11
"L15.00_M030.000","L=15, M=30",7.425,"simulation end",7.79099171152073e-12
"L15.00_M030.000","L=15, M=30",7.455,"simulation end",5.77008532880543e-12
"L15.00_M030.000","L=15, M=30",7.485,"simulation end",4.27372245788075e-12
"L15.00_M030.000","L=15, M=30",7.515,"simulation end",3.16585041165421e-12
"L15.00_M030.000","L=15, M=30",7.545,"simulation end",2.34574366483193e-12
"L15.00_M030.000","L=15, M=30",7.575,"simulation end",1.73884272424553e-12
"L15.00_M030.000","L=15, M=30",7.605,"simulation end",1.28997313941143e-12
"L15.00_M030.000","L=15, M=30",7.635,"simulation end",9.58327695476134e-13
"L15.00_M030.000","L=15, M=30",7.665,"simulation end",7.13755268258652e-13
"L15.00_M030.000","L=15, M=30",7.695,"simulation end",5.34018706541935e-13
"L15.00_M030.000","L=15, M=30",7.725,"simulation end",4.02772261577045e-13
"L15.00_M030.000","L=15, M=30",7.755,"simulation end",3.08074531100886e-13
"L15.00_M030.000","L=15, M=30",7.785,"simulation end",2.41301580404666e-13
"L15.00_M030.000","L=15, M=30",7.815,"simulation end",1.96361275883784e-13
"L15.00_M030.000","L=15, M=30",7.845,"simulation end",1.69137224345124e-13
"L15.00_M030.000","L=15, M=30",7.875,"simulation end",1.57111539828597e-13
"L15.00_M030.000","L=15, M=30",7.905,"simulation end",1.59131848822223e-13
"L15.00_M030.000","L=15, M=30",7.935,"simulation end",1.75300960399567e-13
"L15.00_M030.000","L=15, M=30",7.965,"simulation end",2.06978644509994e-13
"L15.00_M030.000","L=15, M=30",7.995,"simulation end",2.56894968559324e-13
"L15.00_M030.000","L=15, M=30",8.025,"simulation end",3.29384532093873e-13
"L15.00_M030.000","L=15, M=30",8.055,"simulation end",4.30761587356508e-13
"L15.00_M030.000","L=15, M=30",8.085,"simulation end",5.69868375556157e-13
"L15.00_M030.000","L=15, M=30",8.115,"simulation end",7.58844123083508e-13
"L15.00_M030.000","L=15, M=30",8.145,"simulation end",1.01418134304895e-12
"L15.00_M030.000","L=15, M=30",8.175,"simulation end",1.35816103991727e-12
"L15.00_M030.000","L=15, M=30",8.205,"simulation end",1.82079127685e-12
"L15.00_M030.000","L=15, M=30",8.235,"simulation end",2.4424171742053e-12
"L15.00_M030.000","L=15, M=30",8.265,"simulation end",3.27722852409691e-12
"L15.00_M030.000","L=15, M=30",8.295,"simulation end",4.39796883603694e-12
"L15.00_M030.000","L=15, M=30",8.325,"simulation end",5.90225345255819e-12
"L15.00_M030.000","L=15, M=30",8.355,"simulation end",7.92104331655944e-12
"L15.00_M030.000","L=15, M=30",8.385,"simulation end",1.06300069664424e-11
"L15.00_M030.000","L=15, M=30",8.415,"simulation end",1.42647523382905e-11
"L15.00_M030.000","L=15, M=30",8.445,"simulation end",1.91412433077053e-11
"L15.00_M030.000","L=15, M=30",8.475,"simulation end",2.56831621479029e-11
"L15.00_M030.000","L=15, M=30",8.505,"simulation end",3.44585763789032e-11
"L15.00_M030.000","L=15, M=30",8.535,"simulation end",4.62290678585322e-11
"L15.00_M030.000","L=15, M=30",8.565,"simulation end",6.20155516234017e-11
"L15.00_M030.000","L=15, M=30",8.595,"simulation end",8.31864430774466e-11
"L15.00_M030.000","L=15, M=30",8.625,"simulation end",1.11575746437028e-10
"L15.00_M030.000","L=15, M=30",8.655,"simulation end",1.49641197565236e-10
"L15.00_M030.000","L=15, M=30",8.685,"simulation end",2.00676017734813e-10
"L15.00_M030.000","L=15, M=30",8.715,"simulation end",2.69092411534582e-10
"L15.00_M030.000","L=15, M=30",8.745,"simulation end",3.60801059272449e-10
"L15.00_M030.000","L=15, M=30",8.775,"simulation end",4.83719028484959e-10
"L15.00_M030.000","L=15, M=30",8.805,"simulation end",6.48449449728143e-10
"L15.00_M030.000","L=15, M=30",8.835,"simulation end",8.69190887728563e-10
"L15.00_M030.000","L=15, M=30",8.865,"simulation end",1.16495381531171e-09
"L15.00_M030.000","L=15, M=30",8.895,"simulation end",1.56118759677151e-09
"L15.00_M030.000","L=15, M=30",8.925,"simulation end",2.09195608395681e-09
"L15.00_M030.000","L=15, M=30",8.955,"simulation end",2.80284621748326e-09
"L15.00_M030.000","L=15, M=30",8.985,"simulation end",3.75485576011998e-09
"L15.00_M030.000","L=15, M=30",9.015,"simulation end",5.02958859480041e-09
"L15.00_M030.000","L=15, M=30",9.045,"simulation end",6.73619570999329e-09
"L15.00_M030.000","L=15, M=30",9.075,"simulation end",9.02064612489846e-09
"L15.00_M030.000","L=15, M=30",9.105,"simulation end",1.2078106600664e-08
"L15.00_M030.000","L=15, M=30",9.135,"simulation end",1.61694680002458e-08
"L15.00_M030.000","L=15, M=30",9.165,"simulation end",2.1643400764264e-08
"L15.00_M030.000","L=15, M=30",9.195,"simulation end",2.89657802141894e-08
"L15.00_M030.000","L=15, M=30",9.225,"simulation end",3.87589314241957e-08
"L15.00_M030.000","L=15, M=30",9.255,"simulation end",5.18539523692044e-08
"L15.00_M030.000","L=15, M=30",9.285,"simulation end",6.93604479311571e-08
"L15.00_M030.000","L=15, M=30",9.315,"simulation end",9.2759431929606e-08
"L15.00_M030.000","L=15, M=30",9.345,"simulation end",1.24027042820473e-07
"L15.00_M030.000","L=15, M=30",9.375,"simulation end",1.65799220206578e-07
"L15.00_M030.000","L=15, M=30",9.405,"simulation end",2.2159080005686e-07
"L15.00_M030.000","L=15, M=30",9.435,"simulation end",2.96086864382197e-07
"L15.00_M030.000","L=15, M=30",9.465,"simulation end",3.95529964334886e-07
"L15.00_M030.000","L=15, M=30",9.495,"simulation end",5.28234467302302e-07
"L15.00_M030.000","L=15, M=30",9.525,"simulation end",7.05269337641582e-07
"L15.00_M030.000","L=15, M=30",9.555,"simulation end",9.413639026043e-07
"L15.00_M030.000","L=15, M=30",9.585,"simulation end",1.25610856267754e-06
"L15.00_M030.000","L=15, M=30",9.615,"simulation end",1.67554525478385e-06
"L15.00_M030.000","L=15, M=30",9.645,"simulation end",2.23427241846918e-06
"L15.00_M030.000","L=15, M=30",9.675,"simulation end",2.97822837871987e-06
"L15.00_M030.000","L=15, M=30",9.705,"simulation end",3.96836818054021e-06
"L15.00_M030.000","L=15, M=30",9.735,"simulation end",5.28551549082173e-06
"L15.00_M030.000","L=15, M=30",9.765,"simulation end",7.03675768009718e-06
"L15.00_M030.000","L=15, M=30",9.795,"simulation end",9.36386425491606e-06
"L15.00_M030.000","L=15, M=30",9.825,"simulation end",1.24543535316286e-05
"L15.00_M030.000","L=15, M=30",9.855,"simulation end",1.65560186898978e-05
"L15.00_M030.000","L=15, M=30",9.885,"simulation end",2.19959630894739e-05
"L15.00_M030.000","L=15, M=30",9.915,"simulation end",2.92054994062089e-05
"L15.00_M030.000","L=15, M=30",9.945,"simulation end",3.87526539697615e-05
"L15.00_M030.000","L=15, M=30",9.975,"simulation end",5.13845059566172e-05
"L15.00_M030.000","L=15, M=30",10.005,"simulation end",6.80822032699085e-05
"L15.00_M030.000","L=15, M=30",10.035,"simulation end",9.01322584674026e-05
"L15.00_M030.000","L=15, M=30",10.065,"simulation end",0.000119218666722768
"L15.00_M030.000","L=15, M=30",10.095,"simulation end",0.000157541532079523
"L15.00_M030.000","L=15, M=30",10.125,"simulation end",0.000207969264858109
"L15.00_M030.000","L=15, M=30",10.155,"simulation end",0.000274233042313827
"L15.00_M030.000","L=15, M=30",10.185,"simulation end",0.000361174113406934
"L15.00_M030.000","L=15, M=30",10.215,"simulation end",0.000475056659678439
"L15.00_M030.000","L=15, M=30",10.245,"simulation end",0.000623961241048572
"L15.00_M030.000","L=15, M=30",10.275,"simulation end",0.000818276239834504
"L15.00_M030.000","L=15, M=30",10.305,"simulation end",0.00107130695911556
"L15.00_M030.000","L=15, M=30",10.335,"simulation end",0.00140002379247414
"L15.00_M030.000","L=15, M=30",10.365,"simulation end",0.0018259716389477
"L15.00_M030.000","L=15, M=30",10.395,"simulation end",0.00237636172320439
"L15.00_M030.000","L=15, M=30",10.425,"simulation end",0.00308536311311632
"L15.00_M030.000","L=15, M=30",10.455,"simulation end",0.00399560302777562
"L15.00_M030.000","L=15, M=30",10.485,"simulation end",0.00515987055755837
"L15.00_M030.000","L=15, M=30",10.515,"simulation end",0.00664299522860832
"L15.00_M030.000","L=15, M=30",10.545,"simulation end",0.00852383701281798
"L15.00_M030.000","L=15, M=30",10.575,"simulation end",0.0108972746591976
"L15.00_M030.000","L=15, M=30",10.605,"simulation end",0.0138760113889135
"L15.00_M030.000","L=15, M=30",10.635,"simulation end",0.0175919285780664
"L15.00_M030.000","L=15, M=30",10.665,"simulation end",0.0221966085047792
"L15.00_M030.000","L=15, M=30",10.695,"simulation end",0.027860519804159
"L15.00_M030.000","L=15, M=30",10.725,"simulation end",0.0347702236472024
"L15.00_M030.000","L=15, M=30",10.755,"simulation end",0.0431228344336287
"L15.00_M030.000","L=15, M=30",10.785,"simulation end",0.0531168893861819
"L15.00_M030.000","L=15, M=30",10.815,"simulation end",0.0649387975257678
"L15.00_M030.000","L=15, M=30",10.845,"simulation end",0.0787442189692871
"L15.00_M030.000","L=15, M=30",10.875,"simulation end",0.0946341526145334
"L15.00_M030.000","L=15, M=30",10.905,"simulation end",0.112626264680115
"L15.00_M030.000","L=15, M=30",10.935,"simulation end",0.132623121091757
"L15.00_M030.000","L=15, M=30",10.965,"simulation end",0.15438046309511
"L15.00_M030.000","L=15, M=30",10.995,"simulation end",0.177480319276474
"L15.00_M030.000","L=15, M=30",11.025,"simulation end",0.201315220068998
"L15.00_M030.000","L=15, M=30",11.055,"simulation end",0.225090517235099
"L15.00_M030.000","L=15, M=30",11.085,"simulation end",0.247851143187877
"L15.00_M030.000","L=15, M=30",11.115,"simulation end",0.268536507879989
"L15.00_M030.000","L=15, M=30",11.145,"simulation end",0.28606248577294
"L15.00_M030.000","L=15, M=30",11.175,"simulation end",0.299423203506648
"L15.00_M030.000","L=15, M=30",11.205,"simulation end",0.307799080599295
"L15.00_M030.000","L=15, M=30",11.235,"simulation end",0.310653362547972
"L15.00_M030.000","L=15, M=30",11.265,"simulation end",0.307799128995518
"L15.00_M030.000","L=15, M=30",11.295,"simulation end",0.299423297147196
"L15.00_M030.000","L=15, M=30",11.325,"simulation end",0.286062618755881
"L15.00_M030.000","L=15, M=30",11.355,"simulation end",0.268536672274095
"L15.00_M030.000","L=15, M=30",11.385,"simulation end",0.247851329931266
"L15.00_M030.000","L=15, M=30",11.415,"simulation end",0.225090717052671
"L15.00_M030.000","L=15, M=30",11.445,"simulation end",0.201315424270789
"L15.00_M030.000","L=15, M=30",11.475,"simulation end",0.177480520346756
"L15.00_M030.000","L=15, M=30",11.505,"simulation end",0.15438065503802
"L15.00_M030.000","L=15, M=30",11.535,"simulation end",0.132623299547538
"L15.00_M030.000","L=15, M=30",11.565,"simulation end",0.112626426857807
"L15.00_M030.000","L=15, M=30",11.595,"simulation end",0.0946342971004022
"L15.00_M030.000","L=15, M=30",11.625,"simulation end",0.0787443454690651
"L15.00_M030.000","L=15, M=30",11.655,"simulation end",0.0649389065884312
"L15.00_M030.000","L=15, M=30",11.685,"simulation end",0.0531169821430254
"L15.00_M030.000","L=15, M=30",11.715,"simulation end",0.0431229123726873
"L15.00_M030.000","L=15, M=30",11.745,"simulation end",0.0347702884318366
"L15.00_M030.000","L=15, M=30",11.775,"simulation end",0.0278605731366168
"L15.00_M030.000","L=15, M=30",11.805,"simulation end",0.0221966520306131
"L15.00_M030.000","L=15, M=30",11.835,"simulation end",0.0175919638248163
"L15.00_M030.000","L=15, M=30",11.865,"simulation end",0.0138760397317373
"L15.00_M030.000","L=15, M=30",11.895,"simulation end",0.0108972973064849
"L15.00_M030.000","L=15, M=30",11.925,"simulation end",0.00852385500575149
"L15.00_M030.000","L=15, M=30",11.955,"simulation end",0.00664300944977815
"L15.00_M030.000","L=15, M=30",11.985,"simulation end",0.00515988174487676
"L15.00_M030.000","L=15, M=30",12.015,"simulation end",0.0039956117909581
"L15.00_M030.000","L=15, M=30",12.045,"simulation end",0.00308536995083939
"L15.00_M030.000","L=15, M=30",12.075,"simulation end",0.00237636703971405
"L15.00_M030.000","L=15, M=30",12.105,"simulation end",0.0018259757593895
"L15.00_M030.000","L=15, M=30",12.135,"simulation end",0.00140002697657132
"L15.00_M030.000","L=15, M=30",12.165,"simulation end",0.00107130941306472
"L15.00_M030.000","L=15, M=30",12.195,"simulation end",0.000818278126444849
"L15.00_M030.000","L=15, M=30",12.225,"simulation end",0.000623962688244716
"L15.00_M030.000","L=15, M=30",12.255,"simulation end",0.00047505776753525
"L15.00_M030.000","L=15, M=30",12.285,"simulation end",0.000361174959904437
"L15.00_M030.000","L=15, M=30",12.315,"simulation end",0.000274233687999741
"L15.00_M030.000","L=15, M=30",12.345,"simulation end",0.000207969756594078
"L15.00_M030.000","L=15, M=30",12.375,"simulation end",0.000157541906029423
"L15.00_M030.000","L=15, M=30",12.405,"simulation end",0.000119218950721391
"L15.00_M030.000","L=15, M=30",12.435,"simulation end",9.01324738875595e-05
"L15.00_M030.000","L=15, M=30",12.465,"simulation end",6.80823664869283e-05
"L15.00_M030.000","L=15, M=30",12.495,"simulation end",5.13846294920241e-05
"L15.00_M030.000","L=15, M=30",12.525,"simulation end",3.87527473809311e-05
"L15.00_M030.000","L=15, M=30",12.555,"simulation end",2.92055699760049e-05
"L15.00_M030.000","L=15, M=30",12.585,"simulation end",2.19960163591593e-05
"L15.00_M030.000","L=15, M=30",12.615,"simulation end",1.65560588697748e-05
"L15.00_M030.000","L=15, M=30",12.645,"simulation end",1.24543838166553e-05
"L15.00_M030.000","L=15, M=30",12.675,"simulation end",9.36388706672953e-06
"L15.00_M030.000","L=15, M=30",12.705,"simulation end",7.03677485221622e-06
"L15.00_M030.000","L=15, M=30",12.735,"simulation end",5.28552841009933e-06
"L15.00_M030.000","L=15, M=30",12.765,"simulation end",3.96837789501518e-06
"L15.00_M030.000","L=15, M=30",12.795,"simulation end",2.9782356797193e-06
"L15.00_M030.000","L=15, M=30",12.825,"simulation end",2.23427790301959e-06
"L15.00_M030.000","L=15, M=30",12.855,"simulation end",1.6755493729912e-06
"L15.00_M030.000","L=15, M=30",12.885,"simulation end",1.25611165365284e-06
"L15.00_M030.000","L=15, M=30",12.915,"simulation end",9.41366221673841e-07
"L15.00_M030.000","L=15, M=30",12.945,"simulation end",7.05271076934898e-07
"L15.00_M030.000","L=15, M=30",12.975,"simulation end",5.28235771315078e-07
"L15.00_M030.000","L=15, M=30",13.005,"simulation end",3.95530941682979e-07
"L15.00_M030.000","L=15, M=30",13.035,"simulation end",2.96087596671862e-07
"L15.00_M030.000","L=15, M=30",13.065,"simulation end",2.21591348573719e-07
"L15.00_M030.000","L=15, M=30",13.095,"simulation end",1.65799630956222e-07
"L15.00_M030.000","L=15, M=30",13.125,"simulation end",1.24027350324472e-07
"L15.00_M030.000","L=15, M=30",13.155,"simulation end",9.27596620825197e-08
"L15.00_M030.000","L=15, M=30",13.185,"simulation end",6.93606201496156e-08
"L15.00_M030.000","L=15, M=30",13.215,"simulation end",5.18540812076383e-08
"L15.00_M030.000","L=15, M=30",13.245,"simulation end",3.87590277889825e-08
"L15.00_M030.000","L=15, M=30",13.275,"simulation end",2.89658522756136e-08
"L15.00_M030.000","L=15, M=30",13.305,"simulation end",2.16434546412064e-08
"L15.00_M030.000","L=15, M=30",13.335,"simulation end",1.61695082740338e-08
"L15.00_M030.000","L=15, M=30",13.365,"simulation end",1.20781367005624e-08
"L15.00_M030.000","L=15, M=30",13.395,"simulation end",9.02066861720214e-09
"L15.00_M030.000","L=15, M=30",13.425,"simulation end",6.73621251475486e-09
"L15.00_M030.000","L=15, M=30",13.455,"simulation end",5.02960114825437e-09
"L15.00_M030.000","L=15, M=30",13.485,"simulation end",3.75486513637383e-09
"L15.00_M030.000","L=15, M=30",13.515,"simulation end",2.80285321966443e-09
"L15.00_M030.000","L=15, M=30",13.545,"simulation end",2.0919613124634e-09
"L15.00_M030.000","L=15, M=30",13.575,"simulation end",1.56119150036548e-09
"L15.00_M030.000","L=15, M=30",13.605,"simulation end",1.16495672935821e-09
"L15.00_M030.000","L=15, M=30",13.635,"simulation end",8.69193062808673e-10
"L15.00_M030.000","L=15, M=30",13.665,"simulation end",6.48451073043677e-10
"L15.00_M030.000","L=15, M=30",13.695,"simulation end",4.83720239867762e-10
"L15.00_M030.000","L=15, M=30",13.725,"simulation end",3.6080196315583e-10
"L15.00_M030.000","L=15, M=30",13.755,"simulation end",2.69093085903609e-10
"L15.00_M030.000","L=15, M=30",13.785,"simulation end",2.00676520816655e-10
"L15.00_M030.000","L=15, M=30",13.815,"simulation end",1.49641572829322e-10
"L15.00_M030.000","L=15, M=30",13.845,"simulation end",1.11576026331391e-10
"L15.00_M030.000","L=15, M=30",13.875,"simulation end",8.31866518202425e-11
"L15.00_M030.000","L=15, M=30",13.905,"simulation end",6.20157072881962e-11
"L15.00_M030.000","L=15, M=30",13.935,"simulation end",4.62291839318066e-11
"L15.00_M030.000","L=15, M=30",13.965,"simulation end",3.44586629231902e-11
"L15.00_M030.000","L=15, M=30",13.995,"simulation end",2.56832266702928e-11
"L15.00_M030.000","L=15, M=30",14.025,"simulation end",1.91412914082704e-11
"L15.00_M030.000","L=15, M=30",14.055,"simulation end",1.42647881941371e-11
"L15.00_M030.000","L=15, M=30",14.085,"simulation end",1.06300336930155e-11
"L15.00_M030.000","L=15, M=30",14.115,"simulation end",7.92106323729802e-12
"L15.00_M030.000","L=15, M=30",14.145,"simulation end",5.90226830012803e-12
"L15.00_M030.000","L=15, M=30",14.175,"simulation end",4.39797990249118e-12
"L15.00_M030.000","L=15, M=30",14.205,"simulation end",3.27723677291892e-12
"L15.00_M030.000","L=15, M=30",14.235,"simulation end",2.44242332390844e-12
"L15.00_M030.000","L=15, M=30",14.265,"simulation end",1.8207958633579e-12
"L15.00_M030.000","L=15, M=30",14.295,"simulation end",1.35816446311862e-12
"L15.00_M030.000","L=15, M=30",14.325,"simulation end",1.01418390155523e-12
"L15.00_M030.000","L=15, M=30",14.355,"simulation end",7.58846040199318e-13
"L15.00_M030.000","L=15, M=30",14.385,"simulation end",5.69869818712698e-13
"L15.00_M030.000","L=15, M=30",14.415,"simulation end",4.30762682693436e-13
"L15.00_M030.000","L=15, M=30",14.445,"simulation end",3.29385375455284e-13
"L15.00_M030.000","L=15, M=30",14.475,"simulation end",2.56895633859331e-13
"L15.00_M030.000","L=15, M=30",14.505,"simulation end",2.06979190195889e-13
"L15.00_M030.000","L=15, M=30",14.535,"simulation end",1.75301434576164e-13
"L15.00_M030.000","L=15, M=30",14.565,"simulation end",1.59132293485607e-13
"L15.00_M030.000","L=15, M=30",14.595,"simulation end",1.57111994581149e-13
"L15.00_M030.000","L=15, M=30",14.625,"simulation end",1.69137729920016e-13
"L15.00_M030.000","L=15, M=30",14.655,"simulation end",1.96361877792334e-13
"L15.00_M030.000","L=15, M=30",14.685,"simulation end",2.4130233303303e-13
"L15.00_M030.000","L=15, M=30",14.715,"simulation end",3.08075502624809e-13
"L15.00_M030.000","L=15, M=30",14.745,"simulation end",4.02773540138874e-13
"L15.00_M030.000","L=15, M=30",14.775,"simulation end",5.3402040824969e-13
"L15.00_M030.000","L=15, M=30",14.805,"simulation end",7.13757547733305e-13
"L15.00_M030.000","L=15, M=30",14.835,"simulation end",9.58330759905553e-13
"L15.00_M030.000","L=15, M=30",14.865,"simulation end",1.28997726738884e-12
"L15.00_M030.000","L=15, M=30",14.895,"simulation end",1.73884829110603e-12
"L15.00_M030.000","L=15, M=30",14.925,"simulation end",2.34575117679218e-12
"L15.00_M030.000","L=15, M=30",14.955,"simulation end",3.16586055186184e-12
"L15.00_M030.000","L=15, M=30",14.985,"simulation end",4.27373614856414e-12
"L20.00_M040.000","L=20, M=40",0.02,"competition start",1.87151184782347e-17
"L20.00_M040.000","L=20, M=40",0.06,"competition start",2.30958633668808e-17
"L20.00_M040.000","L=20, M=40",0.1,"competition start",3.11719637172582e-17
"L20.00_M040.000","L=20, M=40",0.14,"competition start",4.42356005815427e-17
"L20.00_M040.000","L=20, M=40",0.18,"competition start",6.43769636437851e-17
"L20.00_M040.000","L=20, M=40",0.22,"competition start",9.48186824512436e-17
"L20.00_M040.000","L=20, M=40",0.26,"competition start",1.40431448411373e-16
"L20.00_M040.000","L=20, M=40",0.3,"competition start",2.08513327185715e-16
"L20.00_M040.000","L=20, M=40",0.34,"competition start",3.09957451610091e-16
"L20.00_M040.000","L=20, M=40",0.38,"competition start",4.60994926192583e-16
"L20.00_M040.000","L=20, M=40",0.42,"competition start",6.8579180813112e-16
"L20.00_M040.000","L=20, M=40",0.46,"competition start",1.02031568206613e-15
"L20.00_M040.000","L=20, M=40",0.5,"competition start",1.51809048079018e-15
"L20.00_M040.000","L=20, M=40",0.54,"competition start",2.25876032345059e-15
"L20.00_M040.000","L=20, M=40",0.58,"competition start",3.36083258544739e-15
"L20.00_M040.000","L=20, M=40",0.62,"competition start",5.00063909099643e-15
"L20.00_M040.000","L=20, M=40",0.66,"competition start",7.44054921835001e-15
"L20.00_M040.000","L=20, M=40",0.7,"competition start",1.10709490125784e-14
"L20.00_M040.000","L=20, M=40",0.74,"competition start",1.64727029600615e-14
"L20.00_M040.000","L=20, M=40",0.78,"competition start",2.45100923013596e-14
"L20.00_M040.000","L=20, M=40",0.82,"competition start",3.64690999996826e-14
"L20.00_M040.000","L=20, M=40",0.86,"competition start",5.42631679379101e-14
"L20.00_M040.000","L=20, M=40",0.9,"competition start",8.07393474589068e-14
"L20.00_M040.000","L=20, M=40",0.94,"competition start",1.2013382727525e-13
"L20.00_M040.000","L=20, M=40",0.98,"competition start",1.78749723116476e-13
"L20.00_M040.000","L=20, M=40",1.02,"competition start",2.65965575302031e-13
"L20.00_M040.000","L=20, M=40",1.06,"competition start",3.95735913606723e-13
"L20.00_M040.000","L=20, M=40",1.1,"competition start",5.88823979415175e-13
"L20.00_M040.000","L=20, M=40",1.14,"competition start",8.76123840120121e-13
"L20.00_M040.000","L=20, M=40",1.18,"competition start",1.30360343316608e-12
"L20.00_M040.000","L=20, M=40",1.22,"competition start",1.93965942541929e-12
"L20.00_M040.000","L=20, M=40",1.26,"competition start",2.88606066331634e-12
"L20.00_M040.000","L=20, M=40",1.3,"competition start",4.29423116278407e-12
"L20.00_M040.000","L=20, M=40",1.34,"competition start",6.38947791288908e-12
"L20.00_M040.000","L=20, M=40",1.38,"competition start",9.50703993543121e-12
"L20.00_M040.000","L=20, M=40",1.42,"competition start",1.41457264410358e-11
"L20.00_M040.000","L=20, M=40",1.46,"competition start",2.10477261743783e-11
"L20.00_M040.000","L=20, M=40",1.5,"competition start",3.13173574274042e-11
"L20.00_M040.000","L=20, M=40",1.54,"competition start",4.65977587020421e-11
"L20.00_M040.000","L=20, M=40",1.58,"competition start",6.93337905046207e-11
"L20.00_M040.000","L=20, M=40",1.62,"competition start",1.03163212535959e-10
"L20.00_M040.000","L=20, M=40",1.66,"competition start",1.53498724614823e-10
"L20.00_M040.000","L=20, M=40",1.7,"competition start",2.28393997901312e-10
"L20.00_M040.000","L=20, M=40",1.74,"competition start",3.39832261508552e-10
"L20.00_M040.000","L=20, M=40",1.78,"competition start",5.05643618607795e-10
"L20.00_M040.000","L=20, M=40",1.82,"competition start",7.52357863154285e-10
"L20.00_M040.000","L=20, M=40",1.86,"competition start",1.11944924903033e-09
"L20.00_M040.000","L=20, M=40",1.9,"competition start",1.66565237682551e-09
"L20.00_M040.000","L=20, M=40",1.94,"competition start",2.47835974413488e-09
"L20.00_M040.000","L=20, M=40",1.98,"competition start",3.68760457461309e-09
"L20.00_M040.000","L=20, M=40",2.02,"competition start",5.48686619106961e-09
"L20.00_M040.000","L=20, M=40",2.06,"competition start",8.16402681407049e-09
"L20.00_M040.000","L=20, M=40",2.1,"competition start",1.21474329106743e-08
"L20.00_M040.000","L=20, M=40",2.14,"competition start",1.80744309704871e-08
"L20.00_M040.000","L=20, M=40",2.18,"competition start",2.68933435339351e-08
"L20.00_M040.000","L=20, M=40",2.22,"competition start",4.00152018001896e-08
"L20.00_M040.000","L=20, M=40",2.26,"competition start",5.95395122917452e-08
"L20.00_M040.000","L=20, M=40",2.3,"competition start",8.85901806501564e-08
"L20.00_M040.000","L=20, M=40",2.34,"competition start",1.31815341002163e-07
"L20.00_M040.000","L=20, M=40",2.38,"competition start",1.96131064557529e-07
"L20.00_M040.000","L=20, M=40",2.42,"competition start",2.91827942255045e-07
"L20.00_M040.000","L=20, M=40",2.46,"competition start",4.3421759679157e-07
"L20.00_M040.000","L=20, M=40",2.5,"competition start",6.46082568972846e-07
"L20.00_M040.000","L=20, M=40",2.54,"competition start",9.61321564353011e-07
"L20.00_M040.000","L=20, M=40",2.58,"competition start",1.4303733050373e-06
"L20.00_M040.000","L=20, M=40",2.62,"competition start",2.12828680934145e-06
"L20.00_M040.000","L=20, M=40",2.66,"competition start",3.16672935011993e-06
"L20.00_M040.000","L=20, M=40",2.7,"competition start",4.71185336690208e-06
"L20.00_M040.000","L=20, M=40",2.74,"competition start",7.01088102538677e-06
"L20.00_M040.000","L=20, M=40",2.78,"competition start",1.04316599036679e-05
"L20.00_M040.000","L=20, M=40",2.82,"competition start",1.55215185730727e-05
"L20.00_M040.000","L=20, M=40",2.86,"competition start",2.30948386112302e-05
"L20.00_M040.000","L=20, M=40",2.9,"competition start",3.4363353729422e-05
"L20.00_M040.000","L=20, M=40",2.94,"competition start",5.11300219476445e-05
"L20.00_M040.000","L=20, M=40",2.98,"competition start",7.6077486018349e-05
"L20.00_M040.000","L=20, M=40",3.02,"competition start",0.00011319726605126
"L20.00_M040.000","L=20, M=40",3.06,"competition start",0.000168428333558071
"L20.00_M040.000","L=20, M=40",3.1,"competition start",0.000250607190870116
"L20.00_M040.000","L=20, M=40",3.14,"competition start",0.000372881362596293
"L20.00_M040.000","L=20, M=40",3.18,"competition start",0.000554812223132528
"L20.00_M040.000","L=20, M=40",3.22,"competition start",0.000825503093629884
"L20.00_M040.000","L=20, M=40",3.26,"competition start",0.00122825195595119
"L20.00_M040.000","L=20, M=40",3.3,"competition start",0.00182747067850774
"L20.00_M040.000","L=20, M=40",3.34,"competition start",0.00271897221297716
"L20.00_M040.000","L=20, M=40",3.38,"competition start",0.00404525928853441
"L20.00_M040.000","L=20, M=40",3.42,"competition start",0.00601823331546732
"L20.00_M040.000","L=20, M=40",3.46,"competition start",0.00895289616690177
"L20.00_M040.000","L=20, M=40",3.5,"competition start",0.0133173028628601
"L20.00_M040.000","L=20, M=40",3.54,"competition start",0.0198064611331928
"L20.00_M040.000","L=20, M=40",3.58,"competition start",0.0294513480321304
"L20.00_M040.000","L=20, M=40",3.62,"competition start",0.0437790472871039
"L20.00_M040.000","L=20, M=40",3.66,"competition start",0.065046471047273
"L20.00_M040.000","L=20, M=40",3.7,"competition start",0.0965781589900883
"L20.00_M040.000","L=20, M=40",3.74,"competition start",0.143247212895693
"L20.00_M040.000","L=20, M=40",3.78,"competition start",0.212144073550751
"L20.00_M040.000","L=20, M=40",3.82,"competition start",0.313471782023851
"L20.00_M040.000","L=20, M=40",3.86,"competition start",0.461669152847636
"L20.00_M040.000","L=20, M=40",3.9,"competition start",0.676657071066541
"L20.00_M040.000","L=20, M=40",3.94,"competition start",0.984865739043084
"L20.00_M040.000","L=20, M=40",3.98,"competition start",1.41926040023381
"L20.00_M040.000","L=20, M=40",4.02,"competition start",2.01694407404086
"L20.00_M040.000","L=20, M=40",4.06,"competition start",2.81239338524187
"L20.00_M040.000","L=20, M=40",4.1,"competition start",3.82495940570026
"L20.00_M040.000","L=20, M=40",4.14,"competition start",5.04248754959771
"L20.00_M040.000","L=20, M=40",4.18,"competition start",6.40894657402825
"L20.00_M040.000","L=20, M=40",4.22,"competition start",7.82791124988249
"L20.00_M040.000","L=20, M=40",4.26,"competition start",9.18702148560588
"L20.00_M040.000","L=20, M=40",4.3,"competition start",10.39201152484
"L20.00_M040.000","L=20, M=40",4.34,"competition start",11.3899240858522
"L20.00_M040.000","L=20, M=40",4.38,"competition start",12.1712164053254
"L20.00_M040.000","L=20, M=40",4.42,"competition start",12.7567526165155
"L20.00_M040.000","L=20, M=40",4.46,"competition start",13.1815114551259
"L20.00_M040.000","L=20, M=40",4.5,"competition start",13.4824686907799
"L20.00_M040.000","L=20, M=40",4.54,"competition start",13.6921861799618
"L20.00_M040.000","L=20, M=40",4.58,"competition start",13.8366349103979
"L20.00_M040.000","L=20, M=40",4.62,"competition start",13.9353241844504
"L20.00_M040.000","L=20, M=40",4.66,"competition start",14.0023609954393
"L20.00_M040.000","L=20, M=40",4.7,"competition start",14.0476937860538
"L20.00_M040.000","L=20, M=40",4.74,"competition start",14.0782198026112
"L20.00_M040.000","L=20, M=40",4.78,"competition start",14.0986613576488
"L20.00_M040.000","L=20, M=40",4.82,"competition start",14.1122160571681
"L20.00_M040.000","L=20, M=40",4.86,"competition start",14.121019999003
"L20.00_M040.000","L=20, M=40",4.9,"competition start",14.1264674232819
"L20.00_M040.000","L=20, M=40",4.94,"competition start",14.1294237391452
"L20.00_M040.000","L=20, M=40",4.98,"competition start",14.130359488016
"L20.00_M040.000","L=20, M=40",5.02,"competition start",14.1294237391452
"L20.00_M040.000","L=20, M=40",5.06,"competition start",14.1264674232817
"L20.00_M040.000","L=20, M=40",5.1,"competition start",14.1210199990027
"L20.00_M040.000","L=20, M=40",5.14,"competition start",14.1122160571677
"L20.00_M040.000","L=20, M=40",5.18,"competition start",14.0986613576482
"L20.00_M040.000","L=20, M=40",5.22,"competition start",14.0782198026102
"L20.00_M040.000","L=20, M=40",5.26,"competition start",14.0476937860524
"L20.00_M040.000","L=20, M=40",5.3,"competition start",14.0023609954373
"L20.00_M040.000","L=20, M=40",5.34,"competition start",13.9353241844474
"L20.00_M040.000","L=20, M=40",5.38,"competition start",13.8366349103935
"L20.00_M040.000","L=20, M=40",5.42,"competition start",13.6921861799554
"L20.00_M040.000","L=20, M=40",5.46,"competition start",13.4824686907707
"L20.00_M040.000","L=20, M=40",5.5,"competition start",13.1815114551129
"L20.00_M040.000","L=20, M=40",5.54,"competition start",12.7567526164973
"L20.00_M040.000","L=20, M=40",5.58,"competition start",12.1712164053006
"L20.00_M040.000","L=20, M=40",5.62,"competition start",11.3899240858198
"L20.00_M040.000","L=20, M=40",5.66,"competition start",10.3920115247996
"L20.00_M040.000","L=20, M=40",5.7,"competition start",9.18702148555854
"L20.00_M040.000","L=20, M=40",5.74,"competition start",7.82791124983105
"L20.00_M040.000","L=20, M=40",5.78,"competition start",6.40894657397667
"L20.00_M040.000","L=20, M=40",5.82,"competition start",5.04248754955001
"L20.00_M040.000","L=20, M=40",5.86,"competition start",3.82495940565932
"L20.00_M040.000","L=20, M=40",5.9,"competition start",2.81239338520888
"L20.00_M040.000","L=20, M=40",5.94,"competition start",2.01694407401559
"L20.00_M040.000","L=20, M=40",5.98,"competition start",1.41926040021519
"L20.00_M040.000","L=20, M=40",6.02,"competition start",0.984865739029741
"L20.00_M040.000","L=20, M=40",6.06,"competition start",0.67665707105717
"L20.00_M040.000","L=20, M=40",6.1,"competition start",0.461669152841146
"L20.00_M040.000","L=20, M=40",6.14,"competition start",0.3134717820194
"L20.00_M040.000","L=20, M=40",6.18,"competition start",0.212144073547718
"L20.00_M040.000","L=20, M=40",6.22,"competition start",0.143247212893635
"L20.00_M040.000","L=20, M=40",6.26,"competition start",0.0965781589886971
"L20.00_M040.000","L=20, M=40",6.3,"competition start",0.0650464710463341
"L20.00_M040.000","L=20, M=40",6.34,"competition start",0.0437790472864712
"L20.00_M040.000","L=20, M=40",6.38,"competition start",0.0294513480317044
"L20.00_M040.000","L=20, M=40",6.42,"competition start",0.0198064611329062
"L20.00_M040.000","L=20, M=40",6.46,"competition start",0.0133173028626673
"L20.00_M040.000","L=20, M=40",6.5,"competition start",0.00895289616677217
"L20.00_M040.000","L=20, M=40",6.54,"competition start",0.00601823331538019
"L20.00_M040.000","L=20, M=40",6.58,"competition start",0.00404525928847585
"L20.00_M040.000","L=20, M=40",6.62,"competition start",0.00271897221293781
"L20.00_M040.000","L=20, M=40",6.66,"competition start",0.00182747067848129
"L20.00_M040.000","L=20, M=40",6.7,"competition start",0.00122825195593341
"L20.00_M040.000","L=20, M=40",6.74,"competition start",0.00082550309361794
"L20.00_M040.000","L=20, M=40",6.78,"competition start",0.000554812223124502
"L20.00_M040.000","L=20, M=40",6.82,"competition start",0.0003728813625909
"L20.00_M040.000","L=20, M=40",6.86,"competition start",0.000250607190866491
"L20.00_M040.000","L=20, M=40",6.9,"competition start",0.000168428333555636
"L20.00_M040.000","L=20, M=40",6.94,"competition start",0.000113197266049623
"L20.00_M040.000","L=20, M=40",6.98,"competition start",7.60774860172492e-05
"L20.00_M040.000","L=20, M=40",7.02,"competition start",5.11300219469054e-05
"L20.00_M040.000","L=20, M=40",7.06,"competition start",3.43633537289254e-05
"L20.00_M040.000","L=20, M=40",7.1,"competition start",2.30948386108964e-05
"L20.00_M040.000","L=20, M=40",7.14,"competition start",1.55215185728485e-05
"L20.00_M040.000","L=20, M=40",7.18,"competition start",1.04316599035173e-05
"L20.00_M040.000","L=20, M=40",7.22,"competition start",7.01088102528551e-06
"L20.00_M040.000","L=20, M=40",7.26,"competition start",4.71185336683403e-06
"L20.00_M040.000","L=20, M=40",7.3,"competition start",3.16672935007421e-06
"L20.00_M040.000","L=20, M=40",7.34,"competition start",2.12828680931072e-06
"L20.00_M040.000","L=20, M=40",7.38,"competition start",1.43037330501666e-06
"L20.00_M040.000","L=20, M=40",7.42,"competition start",9.61321564339136e-07
"L20.00_M040.000","L=20, M=40",7.46,"competition start",6.46082568963522e-07
"L20.00_M040.000","L=20, M=40",7.5,"competition start",4.34217596785305e-07
"L20.00_M040.000","L=20, M=40",7.54,"competition start",2.91827942250834e-07
"L20.00_M040.000","L=20, M=40",7.58,"competition start",1.96131064554699e-07
"L20.00_M040.000","L=20, M=40",7.62,"competition start",1.31815341000262e-07
"L20.00_M040.000","L=20, M=40",7.66,"competition start",8.85901806488789e-08
"L20.00_M040.000","L=20, M=40",7.7,"competition start",5.95395122908868e-08
"L20.00_M040.000","L=20, M=40",7.74,"competition start",4.00152017996127e-08
"L20.00_M040.000","L=20, M=40",7.78,"competition start",2.68933435335474e-08
"L20.00_M040.000","L=20, M=40",7.82,"competition start",1.80744309702266e-08
"L20.00_M040.000","L=20, M=40",7.86,"competition start",1.21474329104993e-08
"L20.00_M040.000","L=20, M=40",7.9,"competition start",8.16402681395286e-09
"L20.00_M040.000","L=20, M=40",7.94,"competition start",5.48686619099056e-09
"L20.00_M040.000","L=20, M=40",7.98,"competition start",3.68760457455997e-09
"L20.00_M040.000","L=20, M=40",8.02,"competition start",2.47835974409919e-09
"L20.00_M040.000","L=20, M=40",8.06,"competition start",1.66565237680152e-09
"L20.00_M040.000","L=20, M=40",8.1,"competition start",1.11944924901421e-09
"L20.00_M040.000","L=20, M=40",8.14,"competition start",7.52357863143453e-10
"L20.00_M040.000","L=20, M=40",8.18,"competition start",5.05643618600516e-10
"L20.00_M040.000","L=20, M=40",8.22,"competition start",3.39832261503661e-10
"L20.00_M040.000","L=20, M=40",8.26,"competition start",2.28393997898026e-10
"L20.00_M040.000","L=20, M=40",8.3,"competition start",1.53498724612614e-10
"L20.00_M040.000","L=20, M=40",8.34,"competition start",1.03163212534475e-10
"L20.00_M040.000","L=20, M=40",8.38,"competition start",6.93337905036234e-11
"L20.00_M040.000","L=20, M=40",8.42,"competition start",4.65977587013719e-11
"L20.00_M040.000","L=20, M=40",8.46,"competition start",3.13173574269538e-11
"L20.00_M040.000","L=20, M=40",8.5,"competition start",2.10477261740756e-11
"L20.00_M040.000","L=20, M=40",8.54,"competition start",1.41457264408324e-11
"L20.00_M040.000","L=20, M=40",8.58,"competition start",9.50703993529454e-12
"L20.00_M040.000","L=20, M=40",8.62,"competition start",6.38947791279724e-12
"L20.00_M040.000","L=20, M=40",8.66,"competition start",4.29423116272236e-12
"L20.00_M040.000","L=20, M=40",8.7,"competition start",2.88606066327487e-12
"L20.00_M040.000","L=20, M=40",8.74,"competition start",1.93965942539142e-12
"L20.00_M040.000","L=20, M=40",8.78,"competition start",1.30360343314735e-12
"L20.00_M040.000","L=20, M=40",8.82,"competition start",8.76123840107537e-13
"L20.00_M040.000","L=20, M=40",8.86,"competition start",5.88823979406719e-13
"L20.00_M040.000","L=20, M=40",8.9,"competition start",3.9573591360104e-13
"L20.00_M040.000","L=20, M=40",8.94,"competition start",2.65965575298213e-13
"L20.00_M040.000","L=20, M=40",8.98,"competition start",1.7874972311391e-13
"L20.00_M040.000","L=20, M=40",9.02,"competition start",1.20133827273526e-13
"L20.00_M040.000","L=20, M=40",9.06,"competition start",8.0739347457748e-14
"L20.00_M040.000","L=20, M=40",9.1,"competition start",5.42631679371314e-14
"L20.00_M040.000","L=20, M=40",9.14,"competition start",3.64690999991593e-14
"L20.00_M040.000","L=20, M=40",9.18,"competition start",2.45100923010079e-14
"L20.00_M040.000","L=20, M=40",9.22,"competition start",1.64727029598252e-14
"L20.00_M040.000","L=20, M=40",9.26,"competition start",1.10709490124196e-14
"L20.00_M040.000","L=20, M=40",9.3,"competition start",7.4405492182433e-15
"L20.00_M040.000","L=20, M=40",9.34,"competition start",5.00063909092473e-15
"L20.00_M040.000","L=20, M=40",9.38,"competition start",3.36083258539921e-15
"L20.00_M040.000","L=20, M=40",9.42,"competition start",2.25876032341821e-15
"L20.00_M040.000","L=20, M=40",9.46,"competition start",1.51809048076842e-15
"L20.00_M040.000","L=20, M=40",9.5,"competition start",1.02031568205151e-15
"L20.00_M040.000","L=20, M=40",9.54,"competition start",6.85791808121296e-16
"L20.00_M040.000","L=20, M=40",9.58,"competition start",4.60994926185983e-16
"L20.00_M040.000","L=20, M=40",9.62,"competition start",3.09957451605658e-16
"L20.00_M040.000","L=20, M=40",9.66,"competition start",2.08513327182738e-16
"L20.00_M040.000","L=20, M=40",9.7,"competition start",1.40431448409377e-16
"L20.00_M040.000","L=20, M=40",9.74,"competition start",9.48186824499087e-17
"L20.00_M040.000","L=20, M=40",9.78,"competition start",6.43769636428974e-17
"L20.00_M040.000","L=20, M=40",9.82,"competition start",4.423560058096e-17
"L20.00_M040.000","L=20, M=40",9.86,"competition start",3.11719637168873e-17
"L20.00_M040.000","L=20, M=40",9.9,"competition start",2.30958633666622e-17
"L20.00_M040.000","L=20, M=40",9.94,"competition start",1.87151184781336e-17
"L20.00_M040.000","L=20, M=40",9.98,"competition start",1.7328807087012e-17
"L20.00_M040.000","L=20, M=40",10.02,"competition start",1.09519744054907e-18
"L20.00_M040.000","L=20, M=40",10.06,"competition start",1.3515547673765e-18
"L20.00_M040.000","L=20, M=40",10.1,"competition start",1.82416085698418e-18
"L20.00_M040.000","L=20, M=40",10.14,"competition start",2.58863268370937e-18
"L20.00_M040.000","L=20, M=40",10.18,"competition start",3.76728573982809e-18
"L20.00_M040.000","L=20, M=40",10.22,"competition start",5.54870451431937e-18
"L20.00_M040.000","L=20, M=40",10.26,"competition start",8.21791601110186e-18
"L20.00_M040.000","L=20, M=40",10.3,"competition start",1.22019940696608e-17
"L20.00_M040.000","L=20, M=40",10.34,"competition start",1.81383911793657e-17
"L20.00_M040.000","L=20, M=40",10.38,"competition start",2.69769308777695e-17
"L20.00_M040.000","L=20, M=40",10.42,"competition start",4.0131779516617e-17
"L20.00_M040.000","L=20, M=40",10.46,"competition start",5.97077128781242e-17
"L20.00_M040.000","L=20, M=40",10.5,"competition start",8.88368803001326e-17
"L20.00_M040.000","L=20, M=40",10.54,"competition start",1.32179948570164e-16
"L20.00_M040.000","L=20, M=40",10.58,"competition start",1.96671808611426e-16
"L20.00_M040.000","L=20, M=40",10.62,"competition start",2.9263115803052e-16
"L20.00_M040.000","L=20, M=40",10.66,"competition start",4.35411492734505e-16
"L20.00_M040.000","L=20, M=40",10.7,"competition start",6.47857666276022e-16
"L20.00_M040.000","L=20, M=40",10.74,"competition start",9.6396106642172e-16
"L20.00_M040.000","L=20, M=40",10.78,"competition start",1.43429823719492e-15
"L20.00_M040.000","L=20, M=40",10.82,"competition start",2.13412312591934e-15
"L20.00_M040.000","L=20, M=40",10.86,"competition start",3.17540771479092e-15
"L20.00_M040.000","L=20, M=40",10.9,"competition start",4.72475753802912e-15
"L20.00_M040.000","L=20, M=40",10.94,"competition start",7.03006856735212e-15
"L20.00_M040.000","L=20, M=40",10.98,"competition start",1.04601905674516e-14
"L20.00_M040.000","L=20, M=40",11.02,"competition start",1.55639430583437e-14
"L20.00_M040.000","L=20, M=40",11.06,"competition start",2.31579264385711e-14
"L20.00_M040.000","L=20, M=40",11.1,"competition start",3.44571780489704e-14
"L20.00_M040.000","L=20, M=40",11.14,"competition start",5.12695781472057e-14
"L20.00_M040.000","L=20, M=40",11.18,"competition start",7.62851107489951e-14
"L20.00_M040.000","L=20, M=40",11.22,"competition start",1.13506261070625e-13
"L20.00_M040.000","L=20, M=40",11.26,"competition start",1.68888413163557e-13
"L20.00_M040.000","L=20, M=40",11.3,"competition start",2.5129271136266e-13
"L20.00_M040.000","L=20, M=40",11.34,"competition start",3.73903843379791e-13
"L20.00_M040.000","L=20, M=40",11.38,"competition start",5.56339590337689e-13
"L20.00_M040.000","L=20, M=40",11.42,"competition start",8.27789671749615e-13
"L20.00_M040.000","L=20, M=40",11.46,"competition start",1.23168610064147e-12
"L20.00_M040.000","L=20, M=40",11.5,"competition start",1.83265230563591e-12
"L20.00_M040.000","L=20, M=40",11.54,"competition start",2.72684287953201e-12
"L20.00_M040.000","L=20, M=40",11.58,"competition start",4.057328314153e-12
"L20.00_M040.000","L=20, M=40",11.62,"competition start",6.03698627903793e-12
"L20.00_M040.000","L=20, M=40",11.66,"competition start",8.98256204856771e-12
"L20.00_M040.000","L=20, M=40",11.7,"competition start",1.33653477458656e-11
"L20.00_M040.000","L=20, M=40",11.74,"competition start",1.98865890824959e-11
"L20.00_M040.000","L=20, M=40",11.78,"competition start",2.95896846723122e-11
"L20.00_M040.000","L=20, M=40",11.82,"competition start",4.40271298096685e-11
"L20.00_M040.000","L=20, M=40",11.86,"competition start",6.55089157165059e-11
"L20.00_M040.000","L=20, M=40",11.9,"competition start",9.74721281378381e-11
"L20.00_M040.000","L=20, M=40",11.94,"competition start",1.45030881060901e-10
"L20.00_M040.000","L=20, M=40",11.98,"competition start",2.15794574952993e-10
"L20.00_M040.000","L=20, M=40",12.02,"competition start",3.21085400835982e-10
"L20.00_M040.000","L=20, M=40",12.06,"competition start",4.77749890849224e-10
"L20.00_M040.000","L=20, M=40",12.1,"competition start",7.10854363390589e-10
"L20.00_M040.000","L=20, M=40",12.14,"competition start",1.05769553405729e-09
"L20.00_M040.000","L=20, M=40",12.18,"competition start",1.57376799013516e-09
"L20.00_M040.000","L=20, M=40",12.22,"competition start",2.34164332455056e-09
"L20.00_M040.000","L=20, M=40",12.26,"competition start",3.48418159070789e-09
"L20.00_M040.000","L=20, M=40",12.3,"competition start",5.18418891096636e-09
"L20.00_M040.000","L=20, M=40",12.34,"competition start",7.71366645606707e-09
"L20.00_M040.000","L=20, M=40",12.38,"competition start",1.14773306321187e-08
"L20.00_M040.000","L=20, M=40",12.42,"competition start",1.70773677048375e-08
"L20.00_M040.000","L=20, M=40",12.46,"competition start",2.54097836004307e-08
"L20.00_M040.000","L=20, M=40",12.5,"competition start",3.78077648501757e-08
"L20.00_M040.000","L=20, M=40",12.54,"competition start",5.62549884274268e-08
"L20.00_M040.000","L=20, M=40",12.58,"competition start",8.37030100456434e-08
"L20.00_M040.000","L=20, M=40",12.62,"competition start",1.24543513033339e-07
"L20.00_M040.000","L=20, M=40",12.66,"competition start",1.8531097757985e-07
"L20.00_M040.000","L=20, M=40",12.7,"competition start",2.75728197373471e-07
"L20.00_M040.000","L=20, M=40",12.74,"competition start",4.1026192616617e-07
"L20.00_M040.000","L=20, M=40",12.78,"competition start",6.10437557432074e-07
"L20.00_M040.000","L=20, M=40",12.82,"competition start",9.08283185238195e-07
"L20.00_M040.000","L=20, M=40",12.86,"competition start",1.35145409467887e-06
"L20.00_M040.000","L=20, M=40",12.9,"competition start",2.01085759727082e-06
"L20.00_M040.000","L=20, M=40",12.94,"competition start",2.99199817816954e-06
"L20.00_M040.000","L=20, M=40",12.98,"competition start",4.45185816370173e-06
"L20.00_M040.000","L=20, M=40",13.02,"competition start",6.62401478267731e-06
"L20.00_M040.000","L=20, M=40",13.06,"competition start",9.85601227747602e-06
"L20.00_M040.000","L=20, M=40",13.1,"competition start",1.46649684392629e-05
"L20.00_M040.000","L=20, M=40",13.14,"competition start",2.1820312251172e-05
"L20.00_M040.000","L=20, M=40",13.18,"competition start",3.24668898613887e-05
"L20.00_M040.000","L=20, M=40",13.22,"competition start",4.830813406854e-05
"L20.00_M040.000","L=20, M=40",13.26,"competition start",7.18786005112005e-05
"L20.00_M040.000","L=20, M=40",13.3,"competition start",0.000106949467660465
"L20.00_M040.000","L=20, M=40",13.34,"competition start",0.000159131861372894
"L20.00_M040.000","L=20, M=40",13.38,"competition start",0.000236774493334647
"L20.00_M040.000","L=20, M=40",13.42,"competition start",0.000352299141244888
"L20.00_M040.000","L=20, M=40",13.46,"competition start",0.000524187438803879
"L20.00_M040.000","L=20, M=40",13.5,"competition start",0.000779936399766836
"L20.00_M040.000","L=20, M=40",13.54,"competition start",0.00116045453693909
"L20.00_M040.000","L=20, M=40",13.58,"competition start",0.00172659969089769
"L20.00_M040.000","L=20, M=40",13.62,"competition start",0.002568899609881
"L20.00_M040.000","L=20, M=40",13.66,"competition start",0.00382199948498753
"L20.00_M040.000","L=20, M=40",13.7,"competition start",0.00568612351551089
"L20.00_M040.000","L=20, M=40",13.74,"competition start",0.00845893010660454
"L20.00_M040.000","L=20, M=40",13.78,"competition start",0.0125827376299918
"L20.00_M040.000","L=20, M=40",13.82,"competition start",0.0187144120768879
"L20.00_M040.000","L=20, M=40",13.86,"competition start",0.0278285145605717
"L20.00_M040.000","L=20, M=40",13.9,"competition start",0.0413689262857792
"L20.00_M040.000","L=20, M=40",13.94,"competition start",0.0614703871513751
"L20.00_M040.000","L=20, M=40",13.98,"competition start",0.0912792183329402
"L20.00_M040.000","L=20, M=40",14.02,"competition start",0.135411118625039
"L20.00_M040.000","L=20, M=40",14.06,"competition start",0.200590357014877
"L20.00_M040.000","L=20, M=40",14.1,"competition start",0.296511155561975
"L20.00_M040.000","L=20, M=40",14.14,"competition start",0.43693108064703
"L20.00_M040.000","L=20, M=40",14.18,"competition start",0.64091312371803
"L20.00_M040.000","L=20, M=40",14.22,"competition start",0.933919093714044
"L20.00_M040.000","L=20, M=40",14.26,"competition start",1.34804880390803
"L20.00_M040.000","L=20, M=40",14.3,"competition start",1.92010058665966
"L20.00_M040.000","L=20, M=40",14.34,"competition start",2.68554846654238
"L20.00_M040.000","L=20, M=40",14.38,"competition start",3.66685984100631
"L20.00_M040.000","L=20, M=40",14.42,"competition start",4.85734127358077
"L20.00_M040.000","L=20, M=40",14.46,"competition start",6.20748172379728
"L20.00_M040.000","L=20, M=40",14.5,"competition start",7.62554561947018
"L20.00_M040.000","L=20, M=40",14.54,"competition start",8.99932338675367
"L20.00_M040.000","L=20, M=40",14.58,"competition start",10.2300325676042
"L20.00_M040.000","L=20, M=40",14.62,"competition start",11.2581010222999
"L20.00_M040.000","L=20, M=40",14.66,"competition start",12.068215715041
"L20.00_M040.000","L=20, M=40",14.7,"competition start",12.6777139426473
"L20.00_M040.000","L=20, M=40",14.74,"competition start",13.1201130733175
"L20.00_M040.000","L=20, M=40",14.78,"competition start",13.4321390631633
"L20.00_M040.000","L=20, M=40",14.82,"competition start",13.6464799135789
"L20.00_M040.000","L=20, M=40",14.86,"competition start",13.7890168656951
"L20.00_M040.000","L=20, M=40",14.9,"competition start",13.8785604632269
"L20.00_M040.000","L=20, M=40",14.94,"competition start",13.9275960225593
"L20.00_M040.000","L=20, M=40",14.98,"competition start",13.9431822893699
"L20.00_M040.000","L=20, M=40",15.02,"competition start",13.9275960225582
"L20.00_M040.000","L=20, M=40",15.06,"competition start",13.8785604632245
"L20.00_M040.000","L=20, M=40",15.1,"competition start",13.7890168656912
"L20.00_M040.000","L=20, M=40",15.14,"competition start",13.6464799135729
"L20.00_M040.000","L=20, M=40",15.18,"competition start",13.4321390631543
"L20.00_M040.000","L=20, M=40",15.22,"competition start",13.1201130733047
"L20.00_M040.000","L=20, M=40",15.26,"competition start",12.6777139426293
"L20.00_M040.000","L=20, M=40",15.3,"competition start",12.0682157150167
"L20.00_M040.000","L=20, M=40",15.34,"competition start",11.2581010222682
"L20.00_M040.000","L=20, M=40",15.38,"competition start",10.230032567565
"L20.00_M040.000","L=20, M=40",15.42,"competition start",8.99932338670822
"L20.00_M040.000","L=20, M=40",15.46,"competition start",7.62554561942132
"L20.00_M040.000","L=20, M=40",15.5,"competition start",6.20748172374885
"L20.00_M040.000","L=20, M=40",15.54,"competition start",4.85734127353649
"L20.00_M040.000","L=20, M=40",15.58,"competition start",3.66685984096867
"L20.00_M040.000","L=20, M=40",15.62,"competition start",2.68554846651229
"L20.00_M040.000","L=20, M=40",15.66,"competition start",1.92010058663676
"L20.00_M040.000","L=20, M=40",15.7,"competition start",1.34804880389123
"L20.00_M040.000","L=20, M=40",15.74,"competition start",0.933919093702044
"L20.00_M040.000","L=20, M=40",15.78,"competition start",0.640913123709621
"L20.00_M040.000","L=20, M=40",15.82,"competition start",0.436931080641216
"L20.00_M040.000","L=20, M=40",15.86,"competition start",0.296511155557991
"L20.00_M040.000","L=20, M=40",15.9,"competition start",0.200590357012164
"L20.00_M040.000","L=20, M=40",15.94,"competition start",0.1354111186232
"L20.00_M040.000","L=20, M=40",15.98,"competition start",0.0912792183316971
"L20.00_M040.000","L=20, M=40",16.02,"competition start",0.0614703871505364
"L20.00_M040.000","L=20, M=40",16.06,"competition start",0.0413689262852141
"L20.00_M040.000","L=20, M=40",16.1,"competition start",0.0278285145601913
"L20.00_M040.000","L=20, M=40",16.14,"competition start",0.0187144120766319
"L20.00_M040.000","L=20, M=40",16.18,"competition start",0.0125827376298197
"L20.00_M040.000","L=20, M=40",16.22,"competition start",0.00845893010648882
"L20.00_M040.000","L=20, M=40",16.26,"competition start",0.00568612351543311
"L20.00_M040.000","L=20, M=40",16.3,"competition start",0.00382199948493525
"L20.00_M040.000","L=20, M=40",16.34,"competition start",0.00256889960984586
"L20.00_M040.000","L=20, M=40",16.38,"competition start",0.00172659969087407
"L20.00_M040.000","L=20, M=40",16.42,"competition start",0.00116045453692322
"L20.00_M040.000","L=20, M=40",16.46,"competition start",0.000779936399756171
"L20.00_M040.000","L=20, M=40",16.5,"competition start",0.000524187438796712
"L20.00_M040.000","L=20, M=40",16.54,"competition start",0.000352299141240072
"L20.00_M040.000","L=20, M=40",16.58,"competition start",0.00023677449333141
"L20.00_M040.000","L=20, M=40",16.62,"competition start",0.000159131861370719
"L20.00_M040.000","L=20, M=40",16.66,"competition start",0.000106949467659004
"L20.00_M040.000","L=20, M=40",16.7,"competition start",7.18786005102184e-05
"L20.00_M040.000","L=20, M=40",16.74,"competition start",4.830813406788e-05
"L20.00_M040.000","L=20, M=40",16.78,"competition start",3.24668898609452e-05
"L20.00_M040.000","L=20, M=40",16.82,"competition start",2.1820312250874e-05
"L20.00_M040.000","L=20, M=40",16.86,"competition start",1.46649684390627e-05
"L20.00_M040.000","L=20, M=40",16.9,"competition start",9.85601227734145e-06
"L20.00_M040.000","L=20, M=40",16.94,"competition start",6.62401478258688e-06
"L20.00_M040.000","L=20, M=40",16.98,"competition start",4.45185816364096e-06
"L20.00_M040.000","L=20, M=40",17.02,"competition start",2.9919981781287e-06
"L20.00_M040.000","L=20, M=40",17.06,"competition start",2.01085759724338e-06
"L20.00_M040.000","L=20, M=40",17.1,"competition start",1.35145409466043e-06
"L20.00_M040.000","L=20, M=40",17.14,"competition start",9.08283185225803e-07
"L20.00_M040.000","L=20, M=40",17.18,"competition start",6.10437557423747e-07
"L20.00_M040.000","L=20, M=40",17.22,"competition start",4.10261926160575e-07
"L20.00_M040.000","L=20, M=40",17.26,"competition start",2.75728197369711e-07
"L20.00_M040.000","L=20, M=40",17.3,"competition start",1.85310977577323e-07
"L20.00_M040.000","L=20, M=40",17.34,"competition start",1.24543513031641e-07
"L20.00_M040.000","L=20, M=40",17.38,"competition start",8.37030100445024e-08
"L20.00_M040.000","L=20, M=40",17.42,"competition start",5.62549884266601e-08
"L20.00_M040.000","L=20, M=40",17.46,"competition start",3.78077648496604e-08
"L20.00_M040.000","L=20, M=40",17.5,"competition start",2.54097836000844e-08
"L20.00_M040.000","L=20, M=40",17.54,"competition start",1.70773677046049e-08
"L20.00_M040.000","L=20, M=40",17.58,"competition start",1.14773306319623e-08
"L20.00_M040.000","L=20, M=40",17.62,"competition start",7.713666455962e-09
"L20.00_M040.000","L=20, M=40",17.66,"competition start",5.18418891089575e-09
"L20.00_M040.000","L=20, M=40",17.7,"competition start",3.48418159066044e-09
"L20.00_M040.000","L=20, M=40",17.74,"competition start",2.34164332451868e-09
"L20.00_M040.000","L=20, M=40",17.78,"competition start",1.57376799011373e-09
"L20.00_M040.000","L=20, M=40",17.82,"competition start",1.05769553404289e-09
"L20.00_M040.000","L=20, M=40",17.86,"competition start",7.10854363380914e-10
"L20.00_M040.000","L=20, M=40",17.9,"competition start",4.77749890842722e-10
"L20.00_M040.000","L=20, M=40",17.94,"competition start",3.21085400831613e-10
"L20.00_M040.000","L=20, M=40",17.98,"competition start",2.15794574950058e-10
"L20.00_M040.000","L=20, M=40",18.02,"competition start",1.45030881058928e-10
"L20.00_M040.000","L=20, M=40",18.06,"competition start",9.74721281365125e-11
"L20.00_M040.000","L=20, M=40",18.1,"competition start",6.55089157156151e-11
"L20.00_M040.000","L=20, M=40",18.14,"competition start",4.40271298090699e-11
"L20.00_M040.000","L=20, M=40",18.18,"competition start",2.95896846719099e-11
"L20.00_M040.000","L=20, M=40",18.22,"competition start",1.98865890822256e-11
"L20.00_M040.000","L=20, M=40",18.26,"competition start",1.33653477456839e-11
"L20.00_M040.000","L=20, M=40",18.3,"competition start",8.98256204844563e-12
"L20.00_M040.000","L=20, M=40",18.34,"competition start",6.03698627895589e-12
"L20.00_M040.000","L=20, M=40",18.38,"competition start",4.05732831409787e-12
"L20.00_M040.000","L=20, M=40",18.42,"competition start",2.72684287949496e-12
"L20.00_M040.000","L=20, M=40",18.46,"competition start",1.83265230561102e-12
"L20.00_M040.000","L=20, M=40",18.5,"competition start",1.23168610062474e-12
"L20.00_M040.000","L=20, M=40",18.54,"competition start",8.27789671738373e-13
"L20.00_M040.000","L=20, M=40",18.58,"competition start",5.56339590330135e-13
"L20.00_M040.000","L=20, M=40",18.62,"competition start",3.73903843374714e-13
"L20.00_M040.000","L=20, M=40",18.66,"competition start",2.51292711359248e-13
"L20.00_M040.000","L=20, M=40",18.7,"competition start",1.68888413161264e-13
"L20.00_M040.000","L=20, M=40",18.74,"competition start",1.13506261069084e-13
"L20.00_M040.000","L=20, M=40",18.78,"competition start",7.62851107479598e-14
"L20.00_M040.000","L=20, M=40",18.82,"competition start",5.12695781465101e-14
"L20.00_M040.000","L=20, M=40",18.86,"competition start",3.44571780485029e-14
"L20.00_M040.000","L=20, M=40",18.9,"competition start",2.31579264382569e-14
"L20.00_M040.000","L=20, M=40",18.94,"competition start",1.55639430581326e-14
"L20.00_M040.000","L=20, M=40",18.98,"competition start",1.04601905673098e-14
"L20.00_M040.000","L=20, M=40",19.02,"competition start",7.03006856725679e-15
"L20.00_M040.000","L=20, M=40",19.06,"competition start",4.72475753796507e-15
"L20.00_M040.000","L=20, M=40",19.1,"competition start",3.17540771474787e-15
"L20.00_M040.000","L=20, M=40",19.14,"competition start",2.13412312589042e-15
"L20.00_M040.000","L=20, M=40",19.18,"competition start",1.43429823717548e-15
"L20.00_M040.000","L=20, M=40",19.22,"competition start",9.63961066408658e-16
"L20.00_M040.000","L=20, M=40",19.26,"competition start",6.47857666267244e-16
"L20.00_M040.000","L=20, M=40",19.3,"competition start",4.35411492728606e-16
"L20.00_M040.000","L=20, M=40",19.34,"competition start",2.92631158026556e-16
"L20.00_M040.000","L=20, M=40",19.38,"competition start",1.96671808608762e-16
"L20.00_M040.000","L=20, M=40",19.42,"competition start",1.32179948568374e-16
"L20.00_M040.000","L=20, M=40",19.46,"competition start",8.88368802989298e-17
"L20.00_M040.000","L=20, M=40",19.5,"competition start",5.97077128773159e-17
"L20.00_M040.000","L=20, M=40",19.54,"competition start",4.0131779516074e-17
"L20.00_M040.000","L=20, M=40",19.58,"competition start",2.69769308774046e-17
"L20.00_M040.000","L=20, M=40",19.62,"competition start",1.81383911791206e-17
"L20.00_M040.000","L=20, M=40",19.66,"competition start",1.22019940694963e-17
"L20.00_M040.000","L=20, M=40",19.7,"competition start",8.21791601099153e-18
"L20.00_M040.000","L=20, M=40",19.74,"competition start",5.54870451424558e-18
"L20.00_M040.000","L=20, M=40",19.78,"competition start",3.76728573977901e-18
"L20.00_M040.000","L=20, M=40",19.82,"competition start",2.58863268367715e-18
"L20.00_M040.000","L=20, M=40",19.86,"competition start",1.82416085696368e-18
"L20.00_M040.000","L=20, M=40",19.9,"competition start",1.35155476736441e-18
"L20.00_M040.000","L=20, M=40",19.94,"competition start",1.09519744054347e-18
"L20.00_M040.000","L=20, M=40",19.98,"competition start",1.0140717042095e-18
"L20.00_M040.000","L=20, M=40",0.02,"simulation end",1.62670809774472e-17
"L20.00_M040.000","L=20, M=40",0.06,"simulation end",2.39800457264379e-17
"L20.00_M040.000","L=20, M=40",0.1,"simulation end",3.55298392624782e-17
"L20.00_M040.000","L=20, M=40",0.14,"simulation end",5.27644393355734e-17
"L20.00_M040.000","L=20, M=40",0.18,"simulation end",7.84413980997585e-17
"L20.00_M040.000","L=20, M=40",0.22,"simulation end",1.16669053129832e-16
"L20.00_M040.000","L=20, M=40",0.26,"simulation end",1.73563865425085e-16
"L20.00_M040.000","L=20, M=40",0.3,"simulation end",2.58229059127329e-16
"L20.00_M040.000","L=20, M=40",0.34,"simulation end",3.84211146265405e-16
"L20.00_M040.000","L=20, M=40",0.38,"simulation end",5.71667381898127e-16
"L20.00_M040.000","L=20, M=40",0.42,"simulation end",8.50590944556092e-16
"L20.00_M040.000","L=20, M=40",0.46,"simulation end",1.26560987389526e-15
"L20.00_M040.000","L=20, M=40",0.5,"simulation end",1.88312760001944e-15
"L20.00_M040.000","L=20, M=40",0.54,"simulation end",2.80194755558454e-15
"L20.00_M040.000","L=20, M=40",0.58,"simulation end",4.16908181786118e-15
"L20.00_M040.000","L=20, M=40",0.62,"simulation end",6.20327317667686e-15
"L20.00_M040.000","L=20, M=40",0.66,"simulation end",9.22999417776735e-15
"L20.00_M040.000","L=20, M=40",0.7,"simulation end",1.37335230145766e-14
"L20.00_M040.000","L=20, M=40",0.74,"simulation end",2.04344284472286e-14
"L20.00_M040.000","L=20, M=40",0.78,"simulation end",3.04048613846457e-14
"L20.00_M040.000","L=20, M=40",0.82,"simulation end",4.52400998480637e-14
"L20.00_M040.000","L=20, M=40",0.86,"simulation end",6.73137945944297e-14
"L20.00_M040.000","L=20, M=40",0.9,"simulation end",1.00157754804678e-13
"L20.00_M040.000","L=20, M=40",0.94,"simulation end",1.49027039671431e-13
"L20.00_M040.000","L=20, M=40",0.98,"simulation end",2.21740770674644e-13
"L20.00_M040.000","L=20, M=40",1.02,"simulation end",3.29933194630611e-13
"L20.00_M040.000","L=20, M=40",1.06,"simulation end",4.90915167661654e-13
"L20.00_M040.000","L=20, M=40",1.1,"simulation end",7.30443897426554e-13
"L20.00_M040.000","L=20, M=40",1.14,"simulation end",1.08684410195243e-12
"L20.00_M040.000","L=20, M=40",1.18,"simulation end",1.61713996945728e-12
"L20.00_M040.000","L=20, M=40",1.22,"simulation end",2.40617903062477e-12
"L20.00_M040.000","L=20, M=40",1.26,"simulation end",3.58020775892219e-12
"L20.00_M040.000","L=20, M=40",1.3,"simulation end",5.32707098794206e-12
"L20.00_M040.000","L=20, M=40",1.34,"simulation end",7.92626704045516e-12
"L20.00_M040.000","L=20, M=40",1.38,"simulation end",1.17936673697943e-11
"L20.00_M040.000","L=20, M=40",1.42,"simulation end",1.75480558238445e-11
"L20.00_M040.000","L=20, M=40",1.46,"simulation end",2.61101337628065e-11
"L20.00_M040.000","L=20, M=40",1.5,"simulation end",3.88498317705924e-11
"L20.00_M040.000","L=20, M=40",1.54,"simulation end",5.78054977139105e-11
"L20.00_M040.000","L=20, M=40",1.58,"simulation end",8.60100310604242e-11
"L20.00_M040.000","L=20, M=40",1.62,"simulation end",1.27976144687443e-10
"L20.00_M040.000","L=20, M=40",1.66,"simulation end",1.90418395700632e-10
"L20.00_M040.000","L=20, M=40",1.7,"simulation end",2.83327509678988e-10
"L20.00_M040.000","L=20, M=40",1.74,"simulation end",4.21568889529008e-10
"L20.00_M040.000","L=20, M=40",1.78,"simulation end",6.27261069455374e-10
"L20.00_M040.000","L=20, M=40",1.82,"simulation end",9.33314665549899e-10
"L20.00_M040.000","L=20, M=40",1.86,"simulation end",1.38869805377289e-09
"L20.00_M040.000","L=20, M=40",1.9,"simulation end",2.06627228243423e-09
"L20.00_M040.000","L=20, M=40",1.94,"simulation end",3.07444880407306e-09
"L20.00_M040.000","L=20, M=40",1.98,"simulation end",4.5745352636551e-09
"L20.00_M040.000","L=20, M=40",2.02,"simulation end",6.80654467112636e-09
"L20.00_M040.000","L=20, M=40",2.06,"simulation end",1.01275974320531e-08
"L20.00_M040.000","L=20, M=40",2.1,"simulation end",1.5069060575079e-08
"L20.00_M040.000","L=20, M=40",2.14,"simulation end",2.24215664798554e-08
"L20.00_M040.000","L=20, M=40",2.18,"simulation end",3.3361514151713e-08
"L20.00_M040.000","L=20, M=40",2.22,"simulation end",4.96392933334661e-08
"L20.00_M040.000","L=20, M=40",2.26,"simulation end",7.38593474566718e-08
"L20.00_M040.000","L=20, M=40",2.3,"simulation end",1.09896885738416e-07
"L20.00_M040.000","L=20, M=40",2.34,"simulation end",1.63517918727311e-07
"L20.00_M040.000","L=20, M=40",2.38,"simulation end",2.43301823549909e-07
"L20.00_M040.000","L=20, M=40",2.42,"simulation end",3.62014050134774e-07
"L20.00_M040.000","L=20, M=40",2.46,"simulation end",5.38648602609661e-07
"L20.00_M040.000","L=20, M=40",2.5,"simulation end",8.01467094526142e-07
"L20.00_M040.000","L=20, M=40",2.54,"simulation end",1.19252062878264e-06
"L20.00_M040.000","L=20, M=40",2.58,"simulation end",1.77437800515757e-06
"L20.00_M040.000","L=20, M=40",2.62,"simulation end",2.64013676981634e-06
"L20.00_M040.000","L=20, M=40",2.66,"simulation end",3.92831887208292e-06
"L20.00_M040.000","L=20, M=40",2.7,"simulation end",5.84503422023514e-06
"L20.00_M040.000","L=20, M=40",2.74,"simulation end",8.69695826508309e-06
"L20.00_M040.000","L=20, M=40",2.78,"simulation end",1.29403999208314e-05
"L20.00_M040.000","L=20, M=40",2.82,"simulation end",1.92543104399967e-05
"L20.00_M040.000","L=20, M=40",2.86,"simulation end",2.86489140796702e-05
"L20.00_M040.000","L=20, M=40",2.9,"simulation end",4.2627340138353e-05
"L20.00_M040.000","L=20, M=40",2.94,"simulation end",6.34261145014725e-05
"L20.00_M040.000","L=20, M=40",2.98,"simulation end",9.43729826646063e-05
"L20.00_M040.000","L=20, M=40",3.02,"simulation end",0.000140419301051782
"L20.00_M040.000","L=20, M=40",3.06,"simulation end",0.000208932146224266
"L20.00_M040.000","L=20, M=40",3.1,"simulation end",0.000310872806231173
"L20.00_M040.000","L=20, M=40",3.14,"simulation end",0.000462550050452297
"L20.00_M040.000","L=20, M=40",3.18,"simulation end",0.000688228341679442
"L20.00_M040.000","L=20, M=40",3.22,"simulation end",0.00102400750844074
"L20.00_M040.000","L=20, M=40",3.26,"simulation end",0.00152359286297455
"L20.00_M040.000","L=20, M=40",3.3,"simulation end",0.00226687508304183
"L20.00_M040.000","L=20, M=40",3.34,"simulation end",0.00337268400588818
"L20.00_M040.000","L=20, M=40",3.38,"simulation end",0.00501773784055732
"L20.00_M040.000","L=20, M=40",3.42,"simulation end",0.00746477742465139
"L20.00_M040.000","L=20, M=40",3.46,"simulation end",0.0111042936075339
"L20.00_M040.000","L=20, M=40",3.5,"simulation end",0.0165163178100231
"L20.00_M040.000","L=20, M=40",3.54,"simulation end",0.0245617069259917
"L20.00_M040.000","L=20, M=40",3.58,"simulation end",0.0365165249613294
"L20.00_M040.000","L=20, M=40",3.62,"simulation end",0.0542688174558904
"L20.00_M040.000","L=20, M=40",3.66,"simulation end",0.0806044331111931
"L20.00_M040.000","L=20, M=40",3.7,"simulation end",0.119617102316275
"L20.00_M040.000","L=20, M=40",3.74,"simulation end",0.177285643020066
"L20.00_M040.000","L=20, M=40",3.78,"simulation end",0.262262073958136
"L20.00_M040.000","L=20, M=40",3.82,"simulation end",0.386894843510651
"L20.00_M040.000","L=20, M=40",3.86,"simulation end",0.568442954453745
"L20.00_M040.000","L=20, M=40",3.9,"simulation end",0.830268573457668
"L20.00_M040.000","L=20, M=40",3.94,"simulation end",1.20245570828735
"L20.00_M040.000","L=20, M=40",3.98,"simulation end",1.72074183206181
"L20.00_M040.000","L=20, M=40",4.02,"simulation end",2.42199980767328
"L20.00_M040.000","L=20, M=40",4.06,"simulation end",3.33440652220529
"L20.00_M040.000","L=20, M=40",4.1,"simulation end",4.46226416014882
"L20.00_M040.000","L=20, M=40",4.14,"simulation end",5.77041036769655
"L20.00_M040.000","L=20, M=40",4.18,"simulation end",7.17907677752131
"L20.00_M040.000","L=20, M=40",4.22,"simulation end",8.57908832750416
"L20.00_M040.000","L=20, M=40",4.26,"simulation end",9.86392687959384
"L20.00_M040.000","L=20, M=40",4.3,"simulation end",10.960175231182
"L20.00_M040.000","L=20, M=40",4.34,"simulation end",11.8394027354654
"L20.00_M040.000","L=20, M=40",4.38,"simulation end",12.5106339880591
"L20.00_M040.000","L=20, M=40",4.42,"simulation end",13.0042384150567
"L20.00_M040.000","L=20, M=40",4.46,"simulation end",13.3574034820876
"L20.00_M040.000","L=20, M=40",4.5,"simulation end",13.6051907175494
"L20.00_M040.000","L=20, M=40",4.54,"simulation end",13.7766725460458
"L20.00_M040.000","L=20, M=40",4.58,"simulation end",13.8942187822664
"L20.00_M040.000","L=20, M=40",4.62,"simulation end",13.9742574731616
"L20.00_M040.000","L=20, M=40",4.66,"simulation end",14.0284948179273
"L20.00_M040.000","L=20, M=40",4.7,"simulation end",14.0651071776959
"L20.00_M040.000","L=20, M=40",4.74,"simulation end",14.0897272946343
"L20.00_M040.000","L=20, M=40",4.78,"simulation end",14.1061955069566
"L20.00_M040.000","L=20, M=40",4.82,"simulation end",14.1171049779029
"L20.00_M040.000","L=20, M=40",4.86,"simulation end",14.124184854573
"L20.00_M040.000","L=20, M=40",4.9,"simulation end",14.1285624271798
"L20.00_M040.000","L=20, M=40",4.94,"simulation end",14.1309368932588
"L20.00_M040.000","L=20, M=40",4.98,"simulation end",14.1316882600773
"L20.00_M040.000","L=20, M=40",5.02,"simulation end",14.1309368920299
"L20.00_M040.000","L=20, M=40",5.06,"simulation end",14.1285624245251
"L20.00_M040.000","L=20, M=40",5.1,"simulation end",14.1241848500679
"L20.00_M040.000","L=20, M=40",5.14,"simulation end",14.1171049708289
"L20.00_M040.000","L=20, M=40",5.18,"simulation end",14.1061954961892
"L20.00_M040.000","L=20, M=40",5.22,"simulation end",14.0897272784715
"L20.00_M040.000","L=20, M=40",5.26,"simulation end",14.0651071536024
"L20.00_M040.000","L=20, M=40",5.3,"simulation end",14.0284947821659
"L20.00_M040.000","L=20, M=40",5.34,"simulation end",13.9742574202753
"L20.00_M040.000","L=20, M=40",5.38,"simulation end",13.8942187043793
"L20.00_M040.000","L=20, M=40",5.42,"simulation end",13.7766724319729
"L20.00_M040.000","L=20, M=40",5.46,"simulation end",13.6051905517839
"L20.00_M040.000","L=20, M=40",5.5,"simulation end",13.3574032439068
"L20.00_M040.000","L=20, M=40",5.54,"simulation end",13.0042380783216
"L20.00_M040.000","L=20, M=40",5.58,"simulation end",12.5106335227959
"L20.00_M040.000","L=20, M=40",5.62,"simulation end",11.8394021128023
"L20.00_M040.000","L=20, M=40",5.66,"simulation end",10.9601744329648
"L20.00_M040.000","L=20, M=40",5.7,"simulation end",9.86392591172108
"L20.00_M040.000","L=20, M=40",5.74,"simulation end",8.57908723116471
"L20.00_M040.000","L=20, M=40",5.78,"simulation end",7.17907562845533
"L20.00_M040.000","L=20, M=40",5.82,"simulation end",5.77040925776794
"L20.00_M040.000","L=20, M=40",5.86,"simulation end",4.46226316914273
"L20.00_M040.000","L=20, M=40",5.9,"simulation end",3.33440569703108
"L20.00_M040.000","L=20, M=40",5.94,"simulation end",2.42199915904334
"L20.00_M040.000","L=20, M=40",5.98,"simulation end",1.72074134457479
"L20.00_M040.000","L=20, M=40",6.02,"simulation end",1.20245535395984
"L20.00_M040.000","L=20, M=40",6.06,"simulation end",0.830268322060524
"L20.00_M040.000","L=20, M=40",6.1,"simulation end",0.568442779100568
"L20.00_M040.000","L=20, M=40",6.14,"simulation end",0.386894722639372
"L20.00_M040.000","L=20, M=40",6.18,"simulation end",0.26226199131698
"L20.00_M040.000","L=20, M=40",6.22,"simulation end",0.177285586830406
"L20.00_M040.000","L=20, M=40",6.26,"simulation end",0.119617064255494
"L20.00_M040.000","L=20, M=40",6.3,"simulation end",0.0806044073959893
"L20.00_M040.000","L=20, M=40",6.34,"simulation end",0.0542688001117258
"L20.00_M040.000","L=20, M=40",6.38,"simulation end",0.0365165132767811
"L20.00_M040.000","L=20, M=40",6.42,"simulation end",0.0245616990604175
"L20.00_M040.000","L=20, M=40",6.46,"simulation end",0.0165163125180201
"L20.00_M040.000","L=20, M=40",6.5,"simulation end",0.0111042900483062
"L20.00_M040.000","L=20, M=40",6.54,"simulation end",0.00746477503140225
"L20.00_M040.000","L=20, M=40",6.58,"simulation end",0.00501773623157813
"L20.00_M040.000","L=20, M=40",6.62,"simulation end",0.00337268292428954
"L20.00_M040.000","L=20, M=40",6.66,"simulation end",0.00226687435601514
"L20.00_M040.000","L=20, M=40",6.7,"simulation end",0.0015235923743071
"L20.00_M040.000","L=20, M=40",6.74,"simulation end",0.00102400717999605
"L20.00_M040.000","L=20, M=40",6.78,"simulation end",0.000688228120929046
"L20.00_M040.000","L=20, M=40",6.82,"simulation end",0.000462549902086328
"L20.00_M040.000","L=20, M=40",6.86,"simulation end",0.000310872706515653
"L20.00_M040.000","L=20, M=40",6.9,"simulation end",0.000208932079206754
"L20.00_M040.000","L=20, M=40",6.94,"simulation end",0.000140419256010384
"L20.00_M040.000","L=20, M=40",6.98,"simulation end",9.43729523930954e-05
"L20.00_M040.000","L=20, M=40",7.02,"simulation end",6.34260941565785e-05
"L20.00_M040.000","L=20, M=40",7.06,"simulation end",4.26273264649644e-05
"L20.00_M040.000","L=20, M=40",7.1,"simulation end",2.86489048900731e-05
"L20.00_M040.000","L=20, M=40",7.14,"simulation end",1.92543042638655e-05
"L20.00_M040.000","L=20, M=40",7.18,"simulation end",1.29403957699878e-05
"L20.00_M040.000","L=20, M=40",7.22,"simulation end",8.69695547539195e-06
"L20.00_M040.000","L=20, M=40",7.26,"simulation end",5.84503234534511e-06
"L20.00_M040.000","L=20, M=40",7.3,"simulation end",3.9283176120107e-06
"L20.00_M040.000","L=20, M=40",7.34,"simulation end",2.64013592294963e-06
"L20.00_M040.000","L=20, M=40",7.38,"simulation end",1.77437743599715e-06
"L20.00_M040.000","L=20, M=40",7.42,"simulation end",1.19252024626246e-06
"L20.00_M040.000","L=20, M=40",7.46,"simulation end",8.0146683744275e-07
"L20.00_M040.000","L=20, M=40",7.5,"simulation end",5.38648429829554e-07
"L20.00_M040.000","L=20, M=40",7.54,"simulation end",3.62013934013044e-07
"L20.00_M040.000","L=20, M=40",7.58,"simulation end",2.43301745507027e-07
"L20.00_M040.000","L=20, M=40",7.62,"simulation end",1.63517866276385e-07
"L20.00_M040.000","L=20, M=40",7.66,"simulation end",1.09896850487285e-07
"L20.00_M040.000","L=20, M=40",7.7,"simulation end",7.38593237651466e-08
"L20.00_M040.000","L=20, M=40",7.74,"simulation end",4.96392774109011e-08
"L20.00_M040.000","L=20, M=40",7.78,"simulation end",3.33615034504979e-08
"L20.00_M040.000","L=20, M=40",7.82,"simulation end",2.24215592877971e-08
"L20.00_M040.000","L=20, M=40",7.86,"simulation end",1.50690557414496e-08
"L20.00_M040.000","L=20, M=40",7.9,"simulation end",1.01275941834733e-08
"L20.00_M040.000","L=20, M=40",7.94,"simulation end",6.80654248782461e-09
"L20.00_M040.000","L=20, M=40",7.98,"simulation end",4.5745337963041e-09
"L20.00_M040.000","L=20, M=40",8.02,"simulation end",3.07444781789739e-09
"L20.00_M040.000","L=20, M=40",8.06,"simulation end",2.06627161964633e-09
"L20.00_M040.000","L=20, M=40",8.1,"simulation end",1.38869760832709e-09
"L20.00_M040.000","L=20, M=40",8.14,"simulation end",9.33314366175154e-10
"L20.00_M040.000","L=20, M=40",8.18,"simulation end",6.27260868251911e-10
"L20.00_M040.000","L=20, M=40",8.22,"simulation end",4.21568754304401e-10
"L20.00_M040.000","L=20, M=40",8.26,"simulation end",2.83327418797383e-10
"L20.00_M040.000","L=20, M=40",8.3,"simulation end",1.90418334621026e-10
"L20.00_M040.000","L=20, M=40",8.34,"simulation end",1.27976103637134e-10
"L20.00_M040.000","L=20, M=40",8.38,"simulation end",8.60100034713832e-11
"L20.00_M040.000","L=20, M=40",8.42,"simulation end",5.78054791719034e-11
"L20.00_M040.000","L=20, M=40",8.46,"simulation end",3.88498193089054e-11
"L20.00_M040.000","L=20, M=40",8.5,"simulation end",2.61101253875736e-11
"L20.00_M040.000","L=20, M=40",8.54,"simulation end",1.75480501950304e-11
"L20.00_M040.000","L=20, M=40",8.58,"simulation end",1.17936635867897e-11
"L20.00_M040.000","L=20, M=40",8.62,"simulation end",7.92626449797957e-12
"L20.00_M040.000","L=20, M=40",8.66,"simulation end",5.32706927919938e-12
"L20.00_M040.000","L=20, M=40",8.7,"simulation end",3.58020661051343e-12
"L20.00_M040.000","L=20, M=40",8.74,"simulation end",2.40617825880431e-12
"L20.00_M040.000","L=20, M=40",8.78,"simulation end",1.61713945073365e-12
"L20.00_M040.000","L=20, M=40",8.82,"simulation end",1.08684375332967e-12
"L20.00_M040.000","L=20, M=40",8.86,"simulation end",7.30443663124866e-13
"L20.00_M040.000","L=20, M=40",8.9,"simulation end",4.90915010192658e-13
"L20.00_M040.000","L=20, M=40",8.94,"simulation end",3.29933088799181e-13
"L20.00_M040.000","L=20, M=40",8.98,"simulation end",2.21740699547684e-13
"L20.00_M040.000","L=20, M=40",9.02,"simulation end",1.4902699186858e-13
"L20.00_M040.000","L=20, M=40",9.06,"simulation end",1.00157722677444e-13
"L20.00_M040.000","L=20, M=40",9.1,"simulation end",6.73137730024308e-14
"L20.00_M040.000","L=20, M=40",9.14,"simulation end",4.52400853365623e-14
"L20.00_M040.000","L=20, M=40",9.18,"simulation end",3.04048516317893e-14
"L20.00_M040.000","L=20, M=40",9.22,"simulation end",2.04344218925515e-14
"L20.00_M040.000","L=20, M=40",9.26,"simulation end",1.37335186093245e-14
"L20.00_M040.000","L=20, M=40",9.3,"simulation end",9.22999121709576e-15
"L20.00_M040.000","L=20, M=40",9.34,"simulation end",6.20327118687556e-15
"L20.00_M040.000","L=20, M=40",9.38,"simulation end",4.16908048056005e-15
"L20.00_M040.000","L=20, M=40",9.42,"simulation end",2.80194665681411e-15
"L20.00_M040.000","L=20, M=40",9.46,"simulation end",1.88312699597555e-15
"L20.00_M040.000","L=20, M=40",9.5,"simulation end",1.26560946793031e-15
"L20.00_M040.000","L=20, M=40",9.54,"simulation end",8.50590671715282e-16
"L20.00_M040.000","L=20, M=40",9.58,"simulation end",5.7166719852666e-16
"L20.00_M040.000","L=20, M=40",9.62,"simulation end",3.84211023023667e-16
"L20.00_M040.000","L=20, M=40",9.66,"simulation end",2.58228976296519e-16
"L20.00_M040.000","L=20, M=40",9.7,"simulation end",1.73563809752194e-16
"L20.00_M040.000","L=20, M=40",9.74,"simulation end",1.16669015707143e-16
"L20.00_M040.000","L=20, M=40",9.78,"simulation end",7.84413729396048e-17
"L20.00_M040.000","L=20, M=40",9.82,"simulation end",5.27644224123064e-17
"L20.00_M040.000","L=20, M=40",9.86,"simulation end",3.55298278683591e-17
"L20.00_M040.000","L=20, M=40",9.9,"simulation end",2.39800380383968e-17
"L20.00_M040.000","L=20, M=40",9.94,"simulation end",1.62670757653904e-17
"L20.00_M040.000","L=20, M=40",9.98,"simulation end",1.11568598712606e-17
"L20.00_M040.000","L=20, M=40",10.02,"simulation end",7.83175097067477e-18
"L20.00_M040.000","L=20, M=40",10.06,"simulation end",5.75972836498056e-18
"L20.00_M040.000","L=20, M=40",10.1,"simulation end",4.60926618641351e-18
"L20.00_M040.000","L=20, M=40",10.14,"simulation end",4.19628888560178e-18
"L20.00_M040.000","L=20, M=40",10.18,"simulation end",4.45471887847589e-18
"L20.00_M040.000","L=20, M=40",10.22,"simulation end",5.42590393220891e-18
"L20.00_M040.000","L=20, M=40",10.26,"simulation end",7.26523263885905e-18
"L20.00_M040.000","L=20, M=40",10.3,"simulation end",1.02669964247865e-17
"L20.00_M040.000","L=20, M=40",10.34,"simulation end",1.49114759904737e-17
"L20.00_M040.000","L=20, M=40",10.38,"simulation end",2.19417859807084e-17
"L20.00_M040.000","L=20, M=40",10.42,"simulation end",3.24827729935011e-17
"L20.00_M040.000","L=20, M=40",10.46,"simulation end",4.82209905556198e-17
"L20.00_M040.000","L=20, M=40",10.5,"simulation end",7.16745469840214e-17
"L20.00_M040.000","L=20, M=40",10.54,"simulation end",1.06596001678654e-16
"L20.00_M040.000","L=20, M=40",10.58,"simulation end",1.58572773087622e-16
"L20.00_M040.000","L=20, M=40",10.62,"simulation end",2.35921123373279e-16
"L20.00_M040.000","L=20, M=40",10.66,"simulation end",3.51016756960686e-16
"L20.00_M040.000","L=20, M=40",10.7,"simulation end",5.22274928193459e-16
"L20.00_M040.000","L=20, M=40",10.74,"simulation end",7.7709687451491e-16
"L20.00_M040.000","L=20, M=40",10.78,"simulation end",1.15625400328325e-15
"L20.00_M040.000","L=20, M=40",10.82,"simulation end",1.7204113003262e-15
"L20.00_M040.000","L=20, M=40",10.86,"simulation end",2.55983370294857e-15
"L20.00_M040.000","L=20, M=40",10.9,"simulation end",3.80882845312487e-15
"L20.00_M040.000","L=20, M=40",10.94,"simulation end",5.66723420151343e-15
"L20.00_M040.000","L=20, M=40",10.98,"simulation end",8.43239511019695e-15
"L20.00_M040.000","L=20, M=40",11.02,"simulation end",1.25467357975913e-14
"L20.00_M040.000","L=20, M=40",11.06,"simulation end",1.86685490973765e-14
"L20.00_M040.000","L=20, M=40",11.1,"simulation end",2.77773226441228e-14
"L20.00_M040.000","L=20, M=40",11.14,"simulation end",4.13304564965403e-14
"L20.00_M040.000","L=20, M=40",11.18,"simulation end",6.14964465544464e-14
"L20.00_M040.000","L=20, M=40",11.22,"simulation end",9.15018430215259e-14
"L20.00_M040.000","L=20, M=40",11.26,"simulation end",1.36147497127144e-13
"L20.00_M040.000","L=20, M=40",11.3,"simulation end",2.02576695373289e-13
"L20.00_M040.000","L=20, M=40",11.34,"simulation end",3.01418082474641e-13
"L20.00_M040.000","L=20, M=40",11.38,"simulation end",4.48486240198788e-13
"L20.00_M040.000","L=20, M=40",11.42,"simulation end",6.6731201403169e-13
"L20.00_M040.000","L=20, M=40",11.46,"simulation end",9.92907438909424e-13
"L20.00_M040.000","L=20, M=40",11.5,"simulation end",1.47736765060785e-12
"L20.00_M040.000","L=20, M=40",11.54,"simulation end",2.19820608634321e-12
"L20.00_M040.000","L=20, M=40",11.58,"simulation end",3.27075660330386e-12
"L20.00_M040.000","L=20, M=40",11.62,"simulation end",4.86662684905579e-12
"L20.00_M040.000","L=20, M=40",11.66,"simulation end",7.24115541561524e-12
"L20.00_M040.000","L=20, M=40",11.7,"simulation end",1.07742659107237e-11
"L20.00_M040.000","L=20, M=40",11.74,"simulation end",1.60312545811908e-11
"L20.00_M040.000","L=20, M=40",11.78,"simulation end",2.38532374834346e-11
"L20.00_M040.000","L=20, M=40",11.82,"simulation end",3.54917287118911e-11
"L20.00_M040.000","L=20, M=40",11.86,"simulation end",5.28088821473661e-11
"L20.00_M040.000","L=20, M=40",11.9,"simulation end",7.85754353239977e-11
"L20.00_M040.000","L=20, M=40",11.94,"simulation end",1.16914026312917e-10
"L20.00_M040.000","L=20, M=40",11.98,"simulation end",1.73958814144461e-10
"L20.00_M040.000","L=20, M=40",12.02,"simulation end",2.58836941769312e-10
"L20.00_M040.000","L=20, M=40",12.06,"simulation end",3.85128875234615e-10
"L20.00_M040.000","L=20, M=40",12.1,"simulation end",5.73041272751233e-10
"L20.00_M040.000","L=20, M=40",12.14,"simulation end",8.52640041821439e-10
"L20.00_M040.000","L=20, M=40",12.18,"simulation end",1.26866087225489e-09
"L20.00_M040.000","L=20, M=40",12.22,"simulation end",1.88766692840052e-09
"L20.00_M040.000","L=20, M=40",12.26,"simulation end",2.80869892843874e-09
"L20.00_M040.000","L=20, M=40",12.3,"simulation end",4.1791216190796e-09
"L20.00_M040.000","L=20, M=40",12.34,"simulation end",6.21820207514467e-09
"L20.00_M040.000","L=20, M=40",12.38,"simulation end",9.25219234230363e-09
"L20.00_M040.000","L=20, M=40",12.42,"simulation end",1.37665296313668e-08
"L20.00_M040.000","L=20, M=40",12.46,"simulation end",2.04835060736151e-08
"L20.00_M040.000","L=20, M=40",12.5,"simulation end",3.04778351656101e-08
"L20.00_M040.000","L=20, M=40",12.54,"simulation end",4.53486054858675e-08
"L20.00_M040.000","L=20, M=40",12.58,"simulation end",6.74751342042643e-08
"L20.00_M040.000","L=20, M=40",12.62,"simulation end",1.00397656833254e-07
"L20.00_M040.000","L=20, M=40",12.66,"simulation end",1.49383763408067e-07
"L20.00_M040.000","L=20, M=40",12.7,"simulation end",2.22271210614735e-07
"L20.00_M040.000","L=20, M=40",12.74,"simulation end",3.30721959377069e-07
"L20.00_M040.000","L=20, M=40",12.78,"simulation end",4.92088083216805e-07
"L20.00_M040.000","L=20, M=40",12.82,"simulation end",7.32188091549091e-07
"L20.00_M040.000","L=20, M=40",12.86,"simulation end",1.08943787759475e-06
"L20.00_M040.000","L=20, M=40",12.9,"simulation end",1.62099723887498e-06
"L20.00_M040.000","L=20, M=40",12.94,"simulation end",2.41191540660995e-06
"L20.00_M040.000","L=20, M=40",12.98,"simulation end",3.58873885516037e-06
"L20.00_M040.000","L=20, M=40",13.02,"simulation end",5.3397586137295e-06
"L20.00_M040.000","L=20, M=40",13.06,"simulation end",7.94513659385189e-06
"L20.00_M040.000","L=20, M=40",13.1,"simulation end",1.18217310263941e-05
"L20.00_M040.000","L=20, M=40",13.14,"simulation end",1.75897928242995e-05
"L20.00_M040.000","L=20, M=40",13.18,"simulation end",2.6172203740942e-05
"L20.00_M040.000","L=20, M=40",13.22,"simulation end",3.8942133235872e-05
"L20.00_M040.000","L=20, M=40",13.26,"simulation end",5.7942736533931e-05
"L20.00_M040.000","L=20, M=40",13.3,"simulation end",8.62140398277871e-05
"L20.00_M040.000","L=20, M=40",13.34,"simulation end",0.000128279301616181
"L20.00_M040.000","L=20, M=40",13.38,"simulation end",0.000190868640107213
"L20.00_M040.000","L=20, M=40",13.42,"simulation end",0.000283995645485898
"L20.00_M040.000","L=20, M=40",13.46,"simulation end",0.000422559098890613
"L20.00_M040.000","L=20, M=40",13.5,"simulation end",0.000628725772131732
"L20.00_M040.000","L=20, M=40",13.54,"simulation end",0.000935474890280588
"L20.00_M040.000","L=20, M=40",13.58,"simulation end",0.00139186989805418
"L20.00_M040.000","L=20, M=40",13.62,"simulation end",0.0020708977532958
"L20.00_M040.000","L=20, M=40",13.66,"simulation end",0.00308112282319718
"L20.00_M040.000","L=20, M=40",13.7,"simulation end",0.00458400405350793
"L20.00_M040.000","L=20, M=40",13.74,"simulation end",0.00681961087433394
"L20.00_M040.000","L=20, M=40",13.78,"simulation end",0.0101447743830476
"L20.00_M040.000","L=20, M=40",13.82,"simulation end",0.0150896056513353
"L20.00_M040.000","L=20, M=40",13.86,"simulation end",0.022441043680079
"L20.00_M040.000","L=20, M=40",13.9,"simulation end",0.0333659622304263
"L20.00_M040.000","L=20, M=40",13.94,"simulation end",0.0495916886145722
"L20.00_M040.000","L=20, M=40",13.98,"simulation end",0.0736687749607997
"L20.00_M040.000","L=20, M=40",14.02,"simulation end",0.109349245978334
"L20.00_M040.000","L=20, M=40",14.06,"simulation end",0.16212174054994
"L20.00_M040.000","L=20, M=40",14.1,"simulation end",0.239948242139279
"L20.00_M040.000","L=20, M=40",14.14,"simulation end",0.35423401111669
"L20.00_M040.000","L=20, M=40",14.18,"simulation end",0.521008567853231
"L20.00_M040.000","L=20, M=40",14.22,"simulation end",0.762155866019394
"L20.00_M040.000","L=20, M=40",14.26,"simulation end",1.10623739775965
"L20.00_M040.000","L=20, M=40",14.3,"simulation end",1.58794036885119
"L20.00_M040.000","L=20, M=40",14.34,"simulation end",2.24452225543715
"L20.00_M040.000","L=20, M=40",14.38,"simulation end",3.10730156862071
"L20.00_M040.000","L=20, M=40",14.42,"simulation end",4.18748831501756
"L20.00_M040.000","L=20, M=40",14.46,"simulation end",5.45990493142074
"L20.00_M040.000","L=20, M=40",14.5,"simulation end",6.85436463076576
"L20.00_M040.000","L=20, M=40",14.54,"simulation end",8.26589506991226
"L20.00_M040.000","L=20, M=40",14.58,"simulation end",9.58420606773835
"L20.00_M040.000","L=20, M=40",14.62,"simulation end",10.7263748040544
"L20.00_M040.000","L=20, M=40",14.66,"simulation end",11.6536515245155
"L20.00_M040.000","L=20, M=40",14.7,"simulation end",12.3675757970059
"L20.00_M040.000","L=20, M=40",14.74,"simulation end",12.8946997335845
"L20.00_M040.000","L=20, M=40",14.78,"simulation end",13.2710605055017
"L20.00_M040.000","L=20, M=40",14.82,"simulation end",13.5318095900043
"L20.00_M040.000","L=20, M=40",14.86,"simulation end",13.7062127981348
"L20.00_M040.000","L=20, M=40",14.9,"simulation end",13.81618733539
"L20.00_M040.000","L=20, M=40",14.94,"simulation end",13.8765463268775
"L20.00_M040.000","L=20, M=40",14.98,"simulation end",13.8957518817228
"L20.00_M040.000","L=20, M=40",15.02,"simulation end",13.8765463561579
"L20.00_M040.000","L=20, M=40",15.06,"simulation end",13.8161873981135
"L20.00_M040.000","L=20, M=40",15.1,"simulation end",13.706212902972
"L20.00_M040.000","L=20, M=40",15.14,"simulation end",13.5318097507072
"L20.00_M040.000","L=20, M=40",15.18,"simulation end",13.2710607413888
"L20.00_M040.000","L=20, M=40",15.22,"simulation end",12.8947000692756
"L20.00_M040.000","L=20, M=40",15.26,"simulation end",12.3675762602468
"L20.00_M040.000","L=20, M=40",15.3,"simulation end",11.6536521405634
"L20.00_M040.000","L=20, M=40",15.34,"simulation end",10.7263755856469
"L20.00_M040.000","L=20, M=40",15.38,"simulation end",9.58420700238561
"L20.00_M040.000","L=20, M=40",15.42,"simulation end",8.26589611108226
"L20.00_M040.000","L=20, M=40",15.46,"simulation end",6.85436570220821
"L20.00_M040.000","L=20, M=40",15.5,"simulation end",5.45990594758388
"L20.00_M040.000","L=20, M=40",15.54,"simulation end",4.18748920721099
"L20.00_M040.000","L=20, M=40",15.58,"simulation end",3.10730230103873
"L20.00_M040.000","L=20, M=40",15.62,"simulation end",2.24452282469747
"L20.00_M040.000","L=20, M=40",15.66,"simulation end",1.58794079305331
"L20.00_M040.000","L=20, M=40",15.7,"simulation end",1.10623770417706
"L20.00_M040.000","L=20, M=40",15.74,"simulation end",0.762156082465065
"L20.00_M040.000","L=20, M=40",15.78,"simulation end",0.521008718361969
"L20.00_M040.000","L=20, M=40",15.82,"simulation end",0.354234114642056
"L20.00_M040.000","L=20, M=40",15.86,"simulation end",0.239948312817876
"L20.00_M040.000","L=20, M=40",15.9,"simulation end",0.162121788558445
"L20.00_M040.000","L=20, M=40",15.94,"simulation end",0.109349278475724
"L20.00_M040.000","L=20, M=40",15.98,"simulation end",0.0736687969072483
"L20.00_M040.000","L=20, M=40",16.02,"simulation end",0.0495917034123077
"L20.00_M040.000","L=20, M=40",16.06,"simulation end",0.0333659721974325
"L20.00_M040.000","L=20, M=40",16.1,"simulation end",0.0224410503885477
"L20.00_M040.000","L=20, M=40",16.14,"simulation end",0.0150896101644143
"L20.00_M040.000","L=20, M=40",16.18,"simulation end",0.0101447774182089
"L20.00_M040.000","L=20, M=40",16.22,"simulation end",0.00681961291511302
"L20.00_M040.000","L=20, M=40",16.26,"simulation end",0.00458400542548424
"L20.00_M040.000","L=20, M=40",16.3,"simulation end",0.00308112374545951
"L20.00_M040.000","L=20, M=40",16.34,"simulation end",0.00207089837321286
"L20.00_M040.000","L=20, M=40",16.38,"simulation end",0.00139187031472528
"L20.00_M040.000","L=20, M=40",16.42,"simulation end",0.000935475170333558
"L20.00_M040.000","L=20, M=40",16.46,"simulation end",0.000628725960357146
"L20.00_M040.000","L=20, M=40",16.5,"simulation end",0.000422559225396423
"L20.00_M040.000","L=20, M=40",16.54,"simulation end",0.000283995730509351
"L20.00_M040.000","L=20, M=40",16.58,"simulation end",0.000190868697250387
"L20.00_M040.000","L=20, M=40",16.62,"simulation end",0.000128279340021218
"L20.00_M040.000","L=20, M=40",16.66,"simulation end",8.62140656391439e-05
"L20.00_M040.000","L=20, M=40",16.7,"simulation end",5.79427538812623e-05
"L20.00_M040.000","L=20, M=40",16.74,"simulation end",3.8942144894675e-05
"L20.00_M040.000","L=20, M=40",16.78,"simulation end",2.61722115765896e-05
"L20.00_M040.000","L=20, M=40",16.82,"simulation end",1.7589798090478e-05
"L20.00_M040.000","L=20, M=40",16.86,"simulation end",1.18217345656837e-05
"L20.00_M040.000","L=20, M=40",16.9,"simulation end",7.94513897253461e-06
"L20.00_M040.000","L=20, M=40",16.94,"simulation end",5.33976021239224e-06
"L20.00_M040.000","L=20, M=40",16.98,"simulation end",3.58873992958793e-06
"L20.00_M040.000","L=20, M=40",17.02,"simulation end",2.41191612871004e-06
"L20.00_M040.000","L=20, M=40",17.06,"simulation end",1.62099772418317e-06
"L20.00_M040.000","L=20, M=40",17.1,"simulation end",1.08943820376011e-06
"L20.00_M040.000","L=20, M=40",17.14,"simulation end",7.32188310757921e-07
"L20.00_M040.000","L=20, M=40",17.18,"simulation end",4.92088230542414e-07
"L20.00_M040.000","L=20, M=40",17.22,"simulation end",3.30722058391486e-07
"L20.00_M040.000","L=20, M=40",17.26,"simulation end",2.22271277160225e-07
"L20.00_M040.000","L=20, M=40",17.3,"simulation end",1.49383808131879e-07
"L20.00_M040.000","L=20, M=40",17.34,"simulation end",1.00397686891179e-07
"L20.00_M040.000","L=20, M=40",17.38,"simulation end",6.7475154405558e-08
"L20.00_M040.000","L=20, M=40",17.42,"simulation end",4.53486190627283e-08
"L20.00_M040.000","L=20, M=40",17.46,"simulation end",3.04778442903302e-08
"L20.00_M040.000","L=20, M=40",17.5,"simulation end",2.04835122061459e-08
"L20.00_M040.000","L=20, M=40",17.54,"simulation end",1.37665337529106e-08
"L20.00_M040.000","L=20, M=40",17.58,"simulation end",9.25219511230574e-09
"L20.00_M040.000","L=20, M=40",17.62,"simulation end",6.21820393680431e-09
"L20.00_M040.000","L=20, M=40",17.66,"simulation end",4.17912287026153e-09
"L20.00_M040.000","L=20, M=40",17.7,"simulation end",2.80869976933157e-09
"L20.00_M040.000","L=20, M=40",17.74,"simulation end",1.88766749354675e-09
"L20.00_M040.000","L=20, M=40",17.78,"simulation end",1.26866125207767e-09
"L20.00_M040.000","L=20, M=40",17.82,"simulation end",8.52640297092269e-10
"L20.00_M040.000","L=20, M=40",17.86,"simulation end",5.73041444313341e-10
"L20.00_M040.000","L=20, M=40",17.9,"simulation end",3.85128990537866e-10
"L20.00_M040.000","L=20, M=40",17.94,"simulation end",2.5883701926218e-10
"L20.00_M040.000","L=20, M=40",17.98,"simulation end",1.73958866225774e-10
"L20.00_M040.000","L=20, M=40",18.02,"simulation end",1.16914061315661e-10
"L20.00_M040.000","L=20, M=40",18.06,"simulation end",7.85754588485995e-11
"L20.00_M040.000","L=20, M=40",18.1,"simulation end",5.28088979577517e-11
"L20.00_M040.000","L=20, M=40",18.14,"simulation end",3.54917393377158e-11
"L20.00_M040.000","L=20, M=40",18.18,"simulation end",2.38532446248258e-11
"L20.00_M040.000","L=20, M=40",18.22,"simulation end",1.60312593807683e-11
"L20.00_M040.000","L=20, M=40",18.26,"simulation end",1.07742691364178e-11
"L20.00_M040.000","L=20, M=40",18.3,"simulation end",7.24115758353583e-12
"L20.00_M040.000","L=20, M=40",18.34,"simulation end",4.86662830606922e-12
"L20.00_M040.000","L=20, M=40",18.38,"simulation end",3.27075758253166e-12
"L20.00_M040.000","L=20, M=40",18.42,"simulation end",2.19820674446144e-12
"L20.00_M040.000","L=20, M=40",18.46,"simulation end",1.47736809291514e-12
"L20.00_M040.000","L=20, M=40",18.5,"simulation end",9.9290773617477e-13
"L20.00_M040.000","L=20, M=40",18.54,"simulation end",6.6731221381742e-13
"L20.00_M040.000","L=20, M=40",18.58,"simulation end",4.48486374470538e-13
"L20.00_M040.000","L=20, M=40",18.62,"simulation end",3.01418172715835e-13
"L20.00_M040.000","L=20, M=40",18.66,"simulation end",2.0257675602248e-13
"L20.00_M040.000","L=20, M=40",18.7,"simulation end",1.36147537888178e-13
"L20.00_M040.000","L=20, M=40",18.74,"simulation end",9.15018704161522e-14
"L20.00_M040.000","L=20, M=40",18.78,"simulation end",6.14964649657934e-14
"L20.00_M040.000","L=20, M=40",18.82,"simulation end",4.13304688704159e-14
"L20.00_M040.000","L=20, M=40",18.86,"simulation end",2.77773309603421e-14
"L20.00_M040.000","L=20, M=40",18.9,"simulation end",1.86685546865311e-14
"L20.00_M040.000","L=20, M=40",18.94,"simulation end",1.25467395539436e-14
"L20.00_M040.000","L=20, M=40",18.98,"simulation end",8.43239763476167e-15
"L20.00_M040.000","L=20, M=40",19.02,"simulation end",5.66723589821994e-15
"L20.00_M040.000","L=20, M=40",19.06,"simulation end",3.80882959344551e-15
"L20.00_M040.000","L=20, M=40",19.1,"simulation end",2.55983446933418e-15
"L20.00_M040.000","L=20, M=40",19.14,"simulation end",1.72041181539815e-15
"L20.00_M040.000","L=20, M=40",19.18,"simulation end",1.15625434945285e-15
"L20.00_M040.000","L=20, M=40",19.22,"simulation end",7.77097107169148e-16
"L20.00_M040.000","L=20, M=40",19.26,"simulation end",5.22275084556916e-16
"L20.00_M040.000","L=20, M=40",19.3,"simulation end",3.51016862051448e-16
"L20.00_M040.000","L=20, M=40",19.34,"simulation end",2.35921194005826e-16
"L20.00_M040.000","L=20, M=40",19.38,"simulation end",1.58572820563132e-16
"L20.00_M040.000","L=20, M=40",19.42,"simulation end",1.06596033593188e-16
"L20.00_M040.000","L=20, M=40",19.46,"simulation end",7.16745684438919e-17
"L20.00_M040.000","L=20, M=40",19.5,"simulation end",4.82210049943974e-17
"L20.00_M040.000","L=20, M=40",19.54,"simulation end",3.24827827213842e-17
"L20.00_M040.000","L=20, M=40",19.58,"simulation end",2.19417925541543e-17
"L20.00_M040.000","L=20, M=40",19.62,"simulation end",1.4911480461231e-17
"L20.00_M040.000","L=20, M=40",19.66,"simulation end",1.02669995081747e-17
"L20.00_M040.000","L=20, M=40",19.7,"simulation end",7.26523482821926e-18
"L20.00_M040.000","L=20, M=40",19.74,"simulation end",5.42590557783805e-18
"L20.00_M040.000","L=20, M=40",19.78,"simulation end",4.45472024367435e-18
"L20.00_M040.000","L=20, M=40",19.82,"simulation end",4.19629018880137e-18
"L20.00_M040.000","L=20, M=40",19.86,"simulation end",4.60926763612655e-18
"L20.00_M040.000","L=20, M=40",19.9,"simulation end",5.75973019316192e-18
"L20.00_M040.000","L=20, M=40",19.94,"simulation end",7.83175346983477e-18
"L20.00_M040.000","L=20, M=40",19.98,"simulation end",1.11568634412669e-17
