"geometry","time","cdc42_ratio","cdc42_contrast","rac_ratio","rac_contrast","rho_front_back_ratio","rho_separation","cdc42_boundary_mean","rac_boundary_mean","rho_boundary_mean","cdc42_peaks","rac_peaks","cdc42_dominance","cdc42_peak_position"
"AR 1.00 - 0.5x",0,1,0,1,0,1,0,1,3,1.25,0,0,,0.59375
"AR 1.00 - 0.5x",1,1.36095521453477,0.152885244206504,1.10397411415829,0.0494179626349102,0.851071382815138,0.21318782228506,1.09306958742673,3.0907276946313,1.19914070449234,1,1,Inf,0.99375
"AR 1.00 - 0.5x",2,1.67154326637002,0.251369040068921,1.26409989603798,0.116646750658014,0.680764618015767,0.2130354322104,1.15828342649968,3.22566871048964,1.14225194646052,1,1,Inf,0.99375
"AR 1.00 - 0.5x",3,2.02811174294671,0.339522392243767,1.45977178747214,0.186916440709583,0.539617766773108,0.218990280077331,1.21395732156563,3.37020212854897,1.10325536108035,1,1,Inf,0.99375
"AR 1.00 - 0.5x",4,2.45212926017261,0.420647418080748,1.7018748816518,0.259773273151238,0.428824344853029,0.23139878341873,1.25210122966473,3.5031525831466,1.08869572601789,1,1,Inf,0.99375
"AR 1.00 - 0.5x",5,2.96868179646864,0.496054331748236,2.00462880004446,0.334360370914902,0.34618632032613,0.248802942116086,1.26947691715986,3.60485655725677,1.10112853384807,1,1,Inf,0.99375
"AR 1.00 - 0.5x",6,3.60013976326524,0.565230601041484,2.38494648904947,0.409148709892422,0.286436509704386,0.268915598893997,1.26871957998171,3.66571589840142,1.13847959295455,1,1,Inf,0.99375
"AR 1.00 - 0.5x",7,4.34912324312796,0.626106950784989,2.85685824413591,0.481443217924624,0.243684592823179,0.289186035782053,1.2566306803589,3.68785503733895,1.193014107223,1,1,Inf,0.99375
"AR 1.00 - 0.5x",8,5.1942438410987,0.677119588555743,3.42626589186463,0.548151862346102,0.212747419774443,0.307398058429313,1.24272002436214,3.68506132963031,1.25002705216956,1,1,Inf,0.99375
"AR 1.00 - 0.5x",9,6.10898472773687,0.718665874720947,4.09222423954535,0.607244318805064,0.189573698506327,0.322288225767775,1.23466859983022,3.67718502626089,1.29528582179215,1,1,Inf,0.99375
"AR 1.00 - 0.5x",10,7.08710282125304,0.752692646030916,4.85604114143587,0.658472344764024,0.171348560411182,0.33202242851251,1.2348199547747,3.67932729629671,1.32491246180175,1,1,Inf,0.99375
"AR 1.00 - 0.5x",11,7.17933826535801,0.755481441760318,5.56461230790547,0.695336159061292,0.181908986338879,0.333826478719356,1.11113273104319,3.60443705213138,1.36728760063182,1,1,Inf,0.98125
"AR 1.00 - 0.5x",12,7.99032102739717,0.777538533506736,6.4414991084888,0.731236949592788,0.183205694449218,0.340440038361121,1.1097745759392,3.60463184175323,1.38645792512804,1,1,Inf,0.93125
"AR 1.00 - 0.5x",13,8.83590617581675,0.796663371503346,7.40862014357478,0.762148846558582,0.176034400445972,0.346063162332593,1.11927979242607,3.6318469086946,1.39186929869609,1,1,Inf,0.93125
"AR 1.00 - 0.5x",14,9.72518526603824,0.813523034764436,8.47464294715151,0.788910251166638,0.166720005601155,0.348796404787579,1.1316198739291,3.66913540925055,1.3939346962651,1,1,Inf,0.46875
"AR 1.00 - 0.5x",15,10.6685820645501,0.828599568573449,9.66154475505112,0.812409923144349,0.157436559061467,0.343746330292795,1.14481414529881,3.71030910383281,1.39539138644076,1,1,Inf,0.46875
"AR 1.00 - 0.5x",16,11.6617041603346,0.842043379416065,10.9807997337151,0.833066235605975,0.148845237171071,0.34044373225278,1.15828251501314,3.75242592047496,1.39634531496018,1,1,Inf,0.46875
"AR 1.00 - 0.5x",17,12.6938465051211,0.853948998241505,12.4334837690088,0.851118292589594,0.14108710610751,0.338317377726227,1.17173731620863,3.79404375828618,1.39669776632736,1,1,Inf,0.48125
"AR 1.00 - 0.5x",18,13.7537641279564,0.864441373560373,14.013995009979,0.866790950798191,0.134131719384939,0.336870647547946,1.18499734963571,3.83435862184744,1.39655550437137,1,1,Inf,0.48125
"AR 1.00 - 0.5x",19,14.8315437800055,0.873669932143578,15.7131431683178,0.880333700258651,0.127901680071541,0.335871924544958,1.19795379160569,3.87294936718124,1.39593411216717,1,1,Inf,0.48125
"AR 1.00 - 0.5x",20,15.9186281736742,0.881787105936163,17.5198687474003,0.89200787396073,0.122314122782405,0.335277721897036,1.21048191837456,3.90956464967985,1.39495407817344,1,1,Inf,0.49375
"AR 1.00 - 0.5x",21,17.0076565090591,0.888936131195424,19.4221452764505,0.902067095649042,0.11729139781963,0.3348030487135,1.22245491207017,3.94399388083109,1.39385127773597,1,1,Inf,0.49375
"AR 1.00 - 0.5x",22,18.0924744560031,0.895246684519137,21.4076130541441,0.91074462080511,0.112763204619311,0.334533365519074,1.23379125573107,3.97608557991379,1.39282417908208,1,1,Inf,0.49375
"AR 1.00 - 0.5x",23,19.1683083202077,0.90083451877835,23.4641970554561,0.918247878911932,0.108666833915678,0.334422285425478,1.2444901182609,4.00581595269773,1.39192861283129,1,1,Inf,0.49375
"AR 1.00 - 0.5x",24,20.2320589340237,0.905802823635014,25.5808171738948,0.924757768472061,0.10494671366577,0.334289677236904,1.25461070188592,4.03330943758754,1.39106572192667,1,1,Inf,0.50625
"AR 1.00 - 0.5x",25,21.2822247950979,0.910242356030804,27.7479700427295,0.93042987045599,0.101554564144291,0.334240027457652,1.26419541368436,4.05875768655324,1.39015261433195,1,1,Inf,0.50625
"AR 1.00 - 0.5x",26,22.3179656283637,0.914229224286735,29.9576035237267,0.935395516049324,0.0984500194254206,0.334260078929428,1.27323643540621,4.08231362145824,1.38926192235382,1,1,Inf,0.50625
"AR 1.00 - 0.5x",27,23.3379573672308,0.917823835015306,32.2022129542494,0.939763051253364,0.0955998926252713,0.334255951317964,1.28170424049979,4.10406149203151,1.38856236530153,1,1,Inf,0.51875
"AR 1.00 - 0.5x",28,24.340046868213,0.921073547716724,34.4739685881311,0.943620630011237,0.0929759643167272,0.3342905167207,1.28959968102189,4.1240619933793,1.38819544132571,1,1,Inf,0.51875
"AR 1.00 - 0.5x",29,25.3215889488174,0.924016745193878,36.7644741544511,0.94704017347573,0.0905532160096131,0.334367270456324,1.29700570955399,4.14243341359238,1.38812769122947,1,1,Inf,0.51875
"AR 1.00 - 0.5x",30,26.2799385473057,0.926686051857051,39.0650593563267,0.950081192137703,0.088309231686582,0.334437214064993,1.3040548428974,4.15938517003832,1.38811222121257,1,1,Inf,0.51875
"AR 1.00 - 0.5x",31,27.2130097677018,0.92911071819464,41.3673983487505,0.952793891578216,0.0862239498135246,0.334477451234286,1.31081825730942,4.17512232056519,1.38796407032301,1,1,Inf,0.51875
"AR 1.00 - 0.5x",32,28.1198911928719,0.93131842468939,43.6643596417312,0.955221567799411,0.0842793731691728,0.334541684960654,1.3173025089232,4.18976039652214,1.38770994229175,1,1,Inf,0.53125
"AR 1.00 - 0.5x",33,29.0012843607606,0.933336187346171,45.9508974842183,0.957402305234479,0.0824594887330523,0.334637308114284,1.3235397493413,4.20338838062238,1.38738269394053,1,1,Inf,0.53125
"AR 1.00 - 0.5x",34,29.8592398552567,0.935189589588698,48.2244654197351,0.959369797458518,0.0807505595983889,0.334744663015682,1.3296185365492,4.21616807153369,1.38685406067776,1,1,Inf,0.53125
"AR 1.00 - 0.5x",35,30.6959356084588,0.936900427086107,50.484290052014,0.961153198422676,0.079141540547595,0.334854043541004,1.33560567876989,4.22830624249567,1.38598002204486,1,1,Inf,0.53125
"AR 1.00 - 0.5x",36,31.5124726450152,0.938485146244125,52.7297855835269,0.962776698654588,0.07762376632507,0.334996426482912,1.34149660961599,4.23994056375923,1.38480141829653,1,1,Inf,0.54375
"AR 1.00 - 0.5x",37,32.308666903909,0.939955567547337,54.9593434514263,0.964259766526103,0.0761898632004277,0.335161937532401,1.34724954713143,4.25110503841975,1.38346862080123,1,1,Inf,0.54375
"AR 1.00 - 0.5x",38,33.0835285225807,0.941320629444954,57.1701002359343,0.965618075404922,0.074832924193876,0.335340154704504,1.35282154808035,4.26177295891713,1.38211998320993,1,1,Inf,0.54375
"AR 1.00 - 0.5x",39,33.8358695850829,0.942587912292093,59.3583906709852,0.966864590361562,0.0735462421334529,0.33547620240555,1.35818412911069,4.27190332682693,1.38084889867153,1,1,Inf,0.54375
"AR 1.00 - 0.5x",40,34.564898352282,0.943764776713563,61.5205326710565,0.968010509275045,0.0723232852976531,0.335613125707878,1.36333496569935,4.28147174623606,1.37969319987362,1,1,Inf,0.54375
"AR 1.00 - 0.5x",41,35.2707525838269,0.944859153518315,63.653741750938,0.969065982171542,0.0711578179673128,0.335750952345469,1.36830555145737,4.29049457515033,1.37860448780443,1,1,Inf,0.54375
"AR 1.00 - 0.5x",42,35.9549160828873,0.945880001580463,65.7570192971857,0.970040603654029,0.0700440891460847,0.335893495076519,1.37313939807125,4.29903210781174,1.3774736175272,1,1,Inf,0.55625
"AR 1.00 - 0.5x",43,36.620236330908,0.946837122914168,67.8317214133697,0.970943629493312,0.0689769652014563,0.336044448574941,1.37785403007478,4.3071515320179,1.37624523297922,1,1,Inf,0.55625
"AR 1.00 - 0.5x",44,37.2700261198515,0.947739779593133,69.8811447943927,0.971783751436275,0.0679521601977187,0.336172438499507,1.38243351143928,4.31488518785185,1.37496168412934,1,1,Inf,0.55625
"AR 1.00 - 0.5x",45,37.9066521836485,0.948594908897339,71.9088976848948,0.972568505854473,0.0669665177865706,0.336314049978219,1.3868466476233,4.32222515816246,1.37370534233998,1,1,Inf,0.55625
"AR 1.00 - 0.5x",46,38.5308503684914,0.949406603162928,73.9171656067784,0.973303848539899,0.0660178328648424,0.336469055503723,1.39106534450127,4.32914596583324,1.37254552266313,1,1,Inf,0.55625
"AR 1.00 - 0.5x",47,39.1420157843396,0.950176891695104,75.9060216863706,0.973994234051578,0.065104306134666,0.336633988587196,1.39507315243674,4.33562825068759,1.37152452613334,1,1,Inf,0.55625
"AR 1.00 - 0.5x",48,39.7388403564841,0.950906800917771,77.8737506321289,0.974643021487236,0.0642241395159964,0.336804462659463,1.39886613759433,4.34166940223511,1.37066446419592,1,1,Inf,0.56875
"AR 1.00 - 0.5x",49,40.3199472951958,0.951597227709133,79.8176621953489,0.975252934251356,0.0633753851292649,0.336967441648905,1.40245344977477,4.3472846816717,1.3699718518699,1,1,Inf,0.56875
"AR 1.00 - 0.5x",50,40.8844598547389,0.952249593120306,81.7350658889309,0.975826453046101,0.062555934337229,0.337113242145897,1.4058599076496,4.35250771591147,1.36942540873426,1,1,Inf,0.56875
"AR 1.00 - 0.5x",51,41.4324611110403,0.952866273894266,83.6242287731915,0.976366106622249,0.0617635946340688,0.337260179742909,1.40912007230324,4.35738953172828,1.36896631110658,1,1,Inf,0.56875
"AR 1.00 - 0.5x",52,41.9653346615324,0.953450845530347,85.4852177572225,0.976874660758625,0.0609961974715346,0.33741042278535,1.41225667415248,4.36198451228232,1.36853872792281,1,1,Inf,0.56875
"AR 1.00 - 0.5x",53,42.485791608291,0.954007966141781,87.3204377349332,0.97735518469686,0.0602516774688299,0.337565746962519,1.41526465227557,4.36632634773675,1.3681534568527,1,1,Inf,0.56875
"AR 1.00 - 0.5x",54,42.997116679097,0.954542475712955,89.1342898448495,0.97781088636253,0.0595282027006336,0.337725697860391,1.41811980687652,4.37041705033037,1.36789100598277,1,1,Inf,0.56875
"AR 1.00 - 0.5x",55,43.5018194522887,0.955058017298726,90.931584767889,0.97824469136424,0.0588243672591618,0.33788779364566,1.42080600231009,4.37424134705566,1.3678413667712,1,1,Inf,0.58125
"AR 1.00 - 0.5x",56,44.0007916395561,0.955556337408029,92.715625390193,0.9786588416641,0.0581391882082228,0.338031722481375,1.42334757059732,4.37780092722343,1.36801491711648,1,1,Inf,0.58125
"AR 1.00 - 0.5x",57,44.4934521527882,0.956037629475049,94.4872727956791,0.979054800273964,0.0574719079669876,0.338172205585752,1.42580974920633,4.38114148741651,1.36828751276224,1,1,Inf,0.58125
"AR 1.00 - 0.5x",58,44.9783580846325,0.956501274005509,96.2451985437195,0.979433431881978,0.0568218624803749,0.338312205984947,1.4282389358515,4.38432658215838,1.36850528990409,1,1,Inf,0.58125
"AR 1.00 - 0.5x",59,45.4537841129975,0.956946456823947,97.9867044871314,0.979795266340441,0.0561884464966457,0.338451877941597,1.43061749392299,4.38737621632393,1.36865205821123,1,1,Inf,0.58125
"AR 1.00 - 0.5x",60,45.9181848260918,0.957372604941703,99.7086258822983,0.98014072794184,0.0555710569036909,0.338590944626768,1.43289739413626,4.39025487444545,1.36883470310871,1,1,Inf,0.58125
"AR 1.00 - 0.5x",61,46.3705626121194,0.957779686587714,101.408157609757,0.980470305816639,0.0549690361371238,0.338729984408684,1.43506786373228,4.39292761022596,1.36912991295976,1,1,Inf,0.58125
"AR 1.00 - 0.5x",62,46.8107575839116,0.958168410184887,103.083567740009,0.980784670977115,0.0543816887792207,0.338871470785073,1.43718726575235,4.39542614809911,1.36945886558811,1,1,Inf,0.59375
"AR 1.00 - 0.5x",63,47.2396976930676,0.958540370366222,104.734817465517,0.981084754786168,0.0538083327210965,0.339010781597086,1.43933708947777,4.39785107905584,1.36964255720633,1,1,Inf,0.59375
"AR 1.00 - 0.5x",64,47.659517568767,0.958898071745706,106.364038118755,0.981371788589138,0.0532482872462073,0.339150397522019,1.44155810514663,4.40030453403895,1.36957864424316,1,1,Inf,0.59375
"AR 1.00 - 0.5x",65,48.0731653512509,0.95924452833469,107.975473091115,0.981647246455835,0.0527008465513457,0.339297645940793,1.4438414597984,4.40283524701455,1.36929338199869,1,1,Inf,0.59375
"AR 1.00 - 0.5x",66,48.4833427423285,0.959582358645121,109.574347512456,0.981912622185949,0.0521653737911787,0.339450669192187,1.44615261303548,4.40543619013327,1.36887720967512,1,1,Inf,0.59375
"AR 1.00 - 0.5x",67,48.8914926025841,0.959913005290677,111.165001334232,0.982169126053497,0.0516414012961651,0.339606609367251,1.44845245540225,4.40806818874714,1.3684246966765,1,1,Inf,0.59375
"AR 1.00 - 0.5x",68,49.2975835923577,0.960236658360982,112.749510405114,0.982417506740231,0.0511285769644709,0.33976232260692,1.45070815694948,4.41068231455781,1.36801060701512,1,1,Inf,0.59375
"AR 1.00 - 0.5x",69,49.7005605284387,0.960552704365504,114.327504068167,0.982658083029198,0.0506265429691248,0.339915181800697,1.45289937654696,4.41323456138002,1.36768203615667,1,1,Inf,0.59375
"AR 1.00 - 0.5x",70,50.0989093927668,0.960860221406543,115.896841993335,0.982890897941332,0.050134892830746,0.340064269354733,1.45502384236536,4.41569651538158,1.36744499375804,1,1,Inf,0.59375
"AR 1.00 - 0.5x",71,50.4910439447632,0.961158293816193,117.454486665606,0.983115878036381,0.0496532370110097,0.340211116445129,1.45709645832793,4.41806261690336,1.36725418970121,1,1,Inf,0.59375
"AR 1.00 - 0.5x",72,50.8755451364741,0.961446188281234,118.997220996828,0.983332947351732,0.0491813012239739,0.340348183824866,1.45913501340529,4.42034663875168,1.36704352571281,1,1,Inf,0.60625
"AR 1.00 - 0.5x",73,51.2513458259708,0.961723473943404,120.522180584124,0.983542099142835,0.0487189452603824,0.34048985352951,1.46114532463682,4.42256632541436,1.36678220858338,1,1,Inf,0.60625
"AR 1.00 - 0.5x",74,51.6178926973898,0.961990115957281,122.027260705984,0.983743440368231,0.0482660639679811,0.340636060288433,1.4631209973093,4.42473012846337,1.3664891814269,1,1,Inf,0.60625
"AR 1.00 - 0.5x",75,51.975305667216,0.962246560452832,123.511467618776,0.983937222504488,0.0478224519566794,0.340784871456014,1.46505227209909,4.42683569983847,1.36620477378172,1,1,Inf,0.60625
"AR 1.00 - 0.5x",76,52.3245503151128,0.962493823423145,124.975281964198,0.984123869628898,0.0473877256342196,0.340933944013067,1.46693426588247,4.42887678265166,1.36596063688242,1,1,Inf,0.60625
"AR 1.00 - 0.5x",77,52.6675326247071,0.962733520581506,126.421001768518,0.984304000343418,0.0469613299502889,0.341081807772559,1.46877034725985,4.43085125622413,1.36576470636967,1,1,Inf,0.60625
"AR 1.00 - 0.5x",78,53.006818520326,0.962967638998263,127.852727986481,0.984478403901469,0.0465426392112781,0.341228321882102,1.4705687181224,4.43276425987796,1.36560448531376,1,1,Inf,0.60625
"AR 1.00 - 0.5x",79,53.3448254426558,0.963197968091546,129.275497527921,0.984647918926033,0.0461311312595424,0.341373967388288,1.47233540149587,4.43462432385375,1.36546554313745,1,1,Inf,0.60625
"AR 1.00 - 0.5x",80,53.6829623910437,0.963425536720235,130.693705705336,0.984813245330988,0.0457265093080053,0.341518918570695,1.47407175790262,4.43643748413343,1.36534581999156,1,1,Inf,0.60625
"AR 1.00 - 0.5x",81,54.0213325331855,0.96365046232216,132.109762788214,0.984974806069018,0.0453286731730312,0.341661229585582,1.47577957131339,4.43820663087102,1.36524814638297,1,1,Inf,0.60625
"AR 1.00 - 0.5x",82,54.35903192922,0.96387220060934,133.523722262781,0.985132733718941,0.0449376093560662,0.341795521956655,1.47746723131429,4.4399367792431,1.36515949600983,1,1,Inf,0.61875
"AR 1.00 - 0.5x",83,54.6946693808763,0.964089920593249,134.933798222558,0.985286955664069,0.0445533155420242,0.341930249136944,1.47914815848295,4.44163927613857,1.36504449913418,1,1,Inf,0.61875
"AR 1.00 - 0.5x",84,55.026786737394,0.96430278949649,136.337227369407,0.985437306123704,0.0441757878582521,0.342066949659096,1.4808318934149,4.4433285964298,1.36486731146201,1,1,Inf,0.61875
"AR 1.00 - 0.5x",85,55.3540819907533,0.964510113032661,137.731007971251,0.985583612277837,0.0438050257162277,0.342206792087564,1.48251822304861,4.44501477893383,1.36461701497648,1,1,Inf,0.61875
"AR 1.00 - 0.5x",86,55.6754929896686,0.96471137886062,139.112350300552,0.985725740837907,0.0434410149903285,0.342350075506124,1.48419890553051,4.44669910075023,1.36430931707054,1,1,Inf,0.61875
"AR 1.00 - 0.5x",87,55.9902249880757,0.964906262426259,140.478897858838,0.985863616198117,0.0430836978657189,0.342496381262195,1.48586209211362,4.44837482986031,1.36397272490927,1,1,Inf,0.61875
"AR 1.00 - 0.5x",88,56.2977704751337,0.965094627881412,141.828836150943,0.985997225393013,0.0427329549352613,0.342644897882748,1.48749527385232,4.45003005486179,1.36363729027259,1,1,Inf,0.61875
"AR 1.00 - 0.5x",89,56.5979516751931,0.965276542970166,143.160985412184,0.986126620914239,0.0423886043467423,0.342794586610239,1.48908645017148,4.45165018104321,1.36333071703699,1,1,Inf,0.61875
"AR 1.00 - 0.5x",90,56.8910078632991,0.96545232025114,144.474949079916,0.986251928509689,0.0420504062022411,0.342944216914353,1.49062453904611,4.45321960876733,1.36307863208354,1,1,Inf,0.61875
"AR 1.00 - 0.5x",91,57.1777325029724,0.965622585928425,145.771360943647,0.986373363392277,0.0417180633704272,0.343092480215219,1.49209991572872,4.45472298436149,1.36290552042992,1,1,Inf,0.61875
"AR 1.00 - 0.5x",92,57.4596045414355,0.9657883419553,147.052205419415,0.986491251553233,0.0413912214121444,0.343238226128409,1.49350600218598,4.45614675732304,1.36283360483817,1,1,Inf,0.61875
"AR 1.00 - 0.5x",93,57.7387149806861,0.965950906473565,148.320986691575,0.986606035465524,0.0410694878126252,0.343374550235273,1.49484262682178,4.45748207385663,1.36287669376407,1,1,Inf,0.61875
"AR 1.00 - 0.5x",94,58.0172871338981,0.966111624286247,149.582320601926,0.986718228328496,0.0407524934607069,0.34350638735308,1.49612013873943,4.45872932600071,1.36302809678644,1,1,Inf,0.63125
"AR 1.00 - 0.5x",95,58.2969689035815,0.966271463162779,150.840806955304,0.986828310253984,0.0404399742449759,0.343634696268464,1.49736044946726,4.45990227365326,1.36324992016581,1,1,Inf,0.63125
"AR 1.00 - 0.5x",96,58.5783720084276,0.966430771224882,152.099724918984,0.986936619245669,0.0401318155440279,0.343760466440114,1.49859115883737,4.46102748523395,1.36347845202501,1,1,Inf,0.63125
"AR 1.00 - 0.5x",97,58.861083093579,0.966589311508556,153.360284061638,0.987043299303587,0.039828038996967,0.34388531552081,1.49983496495558,4.46213692979341,1.36364997909485,1,1,Inf,0.63125
"AR 1.00 - 0.5x",98,59.1439960459992,0.966746472940202,154.621673728141,0.987148319690393,0.0395287514836642,0.344010827298624,1.50110232320607,4.46325765080484,1.36372786343793,1,1,Inf,0.63125
"AR 1.00 - 0.5x",99,59.4257188091172,0.966901510823265,155.881659225443,0.987251537178569,0.0392340815552306,0.344138033284122,1.50239164524274,4.46440505621568,1.36370948970942,1,1,Inf,0.63125
"AR 1.00 - 0.5x",100,59.7048939059016,0.967053727116298,157.137336000369,0.987352765320422,0.0389441264043669,0.344267329023111,1.50369390158504,4.46558222946432,1.3636150073169,1,1,Inf,0.63125
"AR 1.00 - 0.5x",101,59.9803775168404,0.967202564473339,158.385757090725,0.987451827336983,0.0386589244925378,0.344398645413333,1.50499707325891,4.46678300882692,1.3634729849908,1,1,Inf,0.63125
"AR 1.00 - 0.5x",102,60.2512965965908,0.967347629991047,159.624317862987,0.987548585254034,0.0383784530379814,0.344531653275114,1.50628864920776,4.46799570447429,1.36331180923388,1,1,Inf,0.63125
"AR 1.00 - 0.5x",103,60.517035094154,0.967488680217782,160.850917254546,0.987642949240414,0.0381026392531681,0.344665890329915,1.50755652604586,4.46920584436176,1.36315695045741,1,1,Inf,0.63125
"AR 1.00 - 0.5x",104,60.7771927544414,0.967625592701342,162.063974516527,0.987734875186688,0.0378313745256072,0.344800795232822,1.50878915459551,4.47039779202151,1.36303124406178,1,1,Inf,0.63125
"AR 1.00 - 0.5x",105,61.0315418418844,0.967758338087132,163.262377916907,0.987824357437394,0.0375645261363932,0.344935712614005,1.50997557090724,4.47155561790738,1.36295585762405,1,1,Inf,0.63125
"AR 1.00 - 0.5x",106,61.2800019476862,0.967886963110888,164.445425035191,0.987911421548377,0.0373019452264983,0.345065174738978,1.51110589466663,4.47266381940992,1.36295037376065,1,1,Inf,0.63125
"AR 1.00 - 0.5x",107,61.5226526080302,0.968011593933186,165.612807191527,0.987996120864221,0.0370434712075057,0.345192585157241,1.51217274948053,4.47370863400379,1.36303063280136,1,1,Inf,0.63125
"AR 1.00 - 0.5x",108,61.7597975405275,0.968132465712489,166.764683143839,0.988078539758662,0.0367889339875087,0.345318056511763,1.51317325194819,4.47468031146613,1.36320399315264,1,1,Inf,0.64375
"AR 1.00 - 0.5x",109,61.992084800939,0.96824997924231,167.901873345383,0.988158805107447,0.0365381558351581,0.34544128529734,1.51410972745498,4.47557542825388,1.36346525303914,1,1,Inf,0.64375
"AR 1.00 - 0.5x",110,62.2206455257349,0.968364764652935,169.026159881908,0.988237104211557,0.0362909542251572,0.345562405942657,1.51498696957383,4.47639691355661,1.36380023117179,1,1,Inf,0.64375
"AR 1.00 - 0.5x",111,62.4471153776716,0.968477684318745,170.140533393113,0.988313697752677,0.0360471494323224,0.345681830274955,1.51580697639716,4.47715032768975,1.36419893228013,1,1,Inf,0.64375
"AR 1.00 - 0.5x",112,62.6733710598209,0.968589695084292,171.249054225225,0.988388905767895,0.0358065825723959,0.345799827532494,1.51656546705971,4.47783850608978,1.36466789341026,1,1,Inf,0.64375
"AR 1.00 - 0.5x",113,62.9010277472012,0.968701598855152,172.356111638557,0.988463054569602,0.0355691372299939,0.345916198903668,1.51725260058233,4.47845833952571,1.36523153292837,1,1,Inf,0.64375
"AR 1.00 - 0.5x",114,63.1310032686243,0.968813835772651,173.465351070436,0.988536405723378,0.0353347445531104,0.346030347023219,1.51785712747562,4.4790013728861,1.36592484083374,1,1,Inf,0.64375
"AR 1.00 - 0.5x",115,63.3633870245885,0.968926433296061,174.578844757353,0.988609106052816,0.0351033684686885,0.34614166360409,1.51837580238766,4.47945943084791,1.36678008542138,1,1,Inf,0.64375
"AR 1.00 - 0.5x",116,63.5975841649718,0.969039089838216,175.696849779097,0.988681179078742,0.0348749909335908,0.346250072508912,1.5188338175088,4.47983972412783,1.36779259889955,1,1,Inf,0.64375
"AR 1.00 - 0.5x",117,63.8325753336633,0.969151310283342,176.818087744428,0.988752550286816,0.0346496162712501,0.346356683217144,1.51930552042644,4.48018909581341,1.36885780727219,1,1,Inf,0.64375
"AR 1.00 - 0.5x",118,64.0671707153581,0.969262533194364,177.940283279551,0.98882308687935,0.0344272935077764,0.346463733998493,1.51988940307586,4.48059898786437,1.36977135734083,1,1,Inf,0.64375
"AR 1.00 - 0.5x",119,64.300210706321,0.969372227465012,179.060724163052,0.988892636029893,0.0342081196376945,0.346573048671323,1.52063951905139,4.48116018562351,1.37037736807139,1,1,Inf,0.64375
"AR 1.00 - 0.5x",120,64.5306978034408,0.969479952647552,180.176709086397,0.988961053492553,0.0339921939048727,0.346684987354759,1.52154298524839,4.48191096689557,1.37067278086097,1,1,Inf,0.64375
"AR 1.00 - 0.5x",121,64.7578542541863,0.969585382268268,181.285836609318,0.989028220528803,0.0337795659728727,0.346795152363879,1.52255550236382,4.48283572360218,1.37074414814488,1,1,Inf,0.64375
"AR 1.00 - 0.5x",122,64.9811205820765,0.969688298980735,182.386142143394,0.989094050528441,0.0335702254834433,0.346906582420921,1.52363495359184,4.48389543500793,1.37067936379215,1,1,Inf,0.64375
"AR 1.00 - 0.5x",123,65.2001243646641,0.969788576393256,183.476121768343,0.989158488476294,0.0333641219437852,0.347019483363859,1.52475277524517,4.48505254626237,1.37053619248302,1,1,Inf,0.64375
"AR 1.00 - 0.5x",124,65.4146418636198,0.969886158475311,184.554691857021,0.989221506715976,0.0331611863825504,0.347133707824191,1.52589270722495,4.48628040265095,1.37034589111421,1,1,Inf,0.65625
"AR 1.00 - 0.5x",125,65.6245616633751,0.969981040774345,185.62112219717,0.989283099488133,0.0329613430906104,0.347249102294702,1.52704602299931,4.48756266935474,1.37012473410324,1,1,Inf,0.65625
"AR 1.00 - 0.5x",126,65.8298545105201,0.970073255214327,186.674965182071,0.98934327762864,0.032764513759584,0.347365477675282,1.52820724771738,4.48888918851911,1.36988293871131,1,1,Inf,0.65625
"AR 1.00 - 0.5x",127,66.0305561073099,0.970162861295702,187.715998831676,0.989402064412229,0.0325706190606329,0.347482638436507,1.52937160229243,4.49025212796637,1.36962923712329,1,1,Inf,0.65625
"AR 1.00 - 0.5x",128,66.2267707402572,0.970249946889055,188.744203044337,0.989459493529124,0.0323795796910679,0.347600399930736,1.53053406806184,4.49164384023042,1.36937232807294,1,1,Inf,0.65625
"AR 1.00 - 0.5x",129,66.4187018439236,0.970334640903795,189.759787787764,0.989515610060202,0.0321913162949439,0.347718575134494,1.53168942386389,4.49305630720199,1.36912090298889,1,1,Inf,0.65625
"AR 1.00 - 0.5x",130,66.6067163551896,0.970417140369716,190.763291447332,0.989570475220231,0.0320057472568111,0.347836963601002,1.53283264270478,4.49448147403478,1.36888338355563,1,1,Inf,0.65625
"AR 1.00 - 0.5x",131,66.7914451991358,0.970497752421046,191.755766154262,0.989624175505082,0.0318227842216226,0.347955373060263,1.53395932973367,4.49591186064925,1.36866779792647,1,1,Inf,0.65625
"AR 1.00 - 0.5x",132,66.9738861894728,0.970576936054162,192.739030238672,0.989676834876606,0.031642327304772,0.348073653714973,1.53506616144135,4.497341151497,1.36848165832059,1,1,Inf,0.65625
"AR 1.00 - 0.5x",133,67.1554087924213,0.970655300357873,193.715856159878,0.989728622827933,0.0314642653880265,0.348191679347148,1.53615143063278,4.49876473784704,1.3683312695595,1,1,Inf,0.65625
"AR 1.00 - 0.5x",134,67.3375536182214,0.970733514823002,194.689848955235,0.989779745803486,0.0312884870016685,0.348309269406648,1.53721574713834,4.50018031317566,1.36821983864232,1,1,Inf,0.65625
"AR 1.00 - 0.5x",135,67.5216659855794,0.970812151583983,195.664869304792,0.98983041553344,0.0311148983838591,0.348426170737895,1.53826263366227,4.50158852182911,1.36814465979428,1,1,Inf,0.65625
"AR 1.00 - 0.5x",136,67.7085680563583,0.970891548804226,196.644194889457,0.989880805752385,0.0309434365804187,0.348542167597075,1.53929839165933,4.50299333928571,1.36809526833582,1,1,Inf,0.65625
"AR 1.00 - 0.5x",137,67.8984387074133,0.970971766015,197.629836654635,0.989931019258313,0.0307740708006401,0.348657151867946,1.5403307594271,4.50440163276907,1.36805493666463,1,1,Inf,0.65625
"AR 1.00 - 0.5x",138,68.0909002307365,0.971052627866755,198.622289947682,0.989981078763678,0.0306067956172839,0.348767936884293,1.54136677997627,4.50582168015931,1.36800573346583,1,1,Inf,0.65625
"AR 1.00 - 0.5x",139,68.285208133692,0.971133809742754,199.620707477008,0.990030939352413,0.0304416214235972,0.348878228305008,1.54241106292377,4.50726119703272,1.36793420087348,1,1,Inf,0.65625
"AR 1.00 - 0.5x",140,68.4804467463311,0.971214923137989,200.623306691361,0.990080511857384,0.0302785647247189,0.348988300177732,1.54346526355648,4.50872580119033,1.36783422753768,1,1,Inf,0.65625
"AR 1.00 - 0.5x",141,68.6756809212014,0.971295580128426,201.627818320462,0.990129686947342,0.0301176397769664,0.349098366397173,1.54452863078932,4.51021844792517,1.36770638248854,1,1,Inf,0.65625
"AR 1.00 - 0.5x",142,68.8700530408135,0.971375433208391,202.631858566699,0.99017835414322,0.0299588528759591,0.349208563005176,1.54559899258547,4.51173974966072,1.36755538390801,1,1,Inf,0.66875
"AR 1.00 - 0.5x",143,69.0628335191034,0.971454194762838,203.633184646261,0.990226414139733,0.0298021995627022,0.349318951037211,1.5466736399595,4.51328874488805,1.36738758248569,1,1,Inf,0.66875
"AR 1.00 - 0.5x",144,69.253437575861,0.97153164216569,204.629840109972,0.99027378517179,0.0296476641980127,0.3494295328684,1.54774983323211,4.51486363176341,1.36720937189329,1,1,Inf,0.66875
"AR 1.00 - 0.5x",145,69.4414197354017,0.971607613709199,205.620214338851,0.990320404969089,0.0294952213895046,0.349540282608951,1.548824922388,4.51646216697892,1.3670265673443,1,1,Inf,0.66875
"AR 1.00 - 0.5x",146,69.6264556152613,0.97168199957683,206.603043050778,0.990366229846107,0.0293448387269312,0.349651175587806,1.5498962618263,4.51808173029921,1.36684438747033,1,1,Inf,0.66875
"AR 1.00 - 0.5x",147,69.8083191742157,0.971754731317951,207.577374084899,0.990411232240435,0.029196479800888,0.349762197042839,1.55096112161484,4.51971925642507,1.36666765213349,1,1,Inf,0.66875
"AR 1.00 - 0.5x",148,69.9868615178082,0.971825772301565,208.542518756929,0.990455397730902,0.0290501062832318,0.349873325574812,1.55201668798682,4.52137122831191,1.36650097580322,1,1,Inf,0.66875
"AR 1.00 - 0.5x",149,70.161993990106,0.971895110186512,209.498003137835,0.990498722219753,0.0289056784395825,0.349984504132508,1.55306012785336,4.52303378930243,1.36634890824238,1,1,Inf,0.66875
"AR 1.00 - 0.5x",150,70.3336750058567,0.971962751115293,210.443525895696,0.990541209566347,0.0287631543820881,0.350095615289416,1.55408865080766,4.52470291200703,1.3662160535811,1,1,Inf,0.66875
"AR 1.00 - 0.5x",151,70.5018991309443,0.97202871498088,211.378923153416,0.990582869663788,0.0286224888933724,0.350206470241599,1.55509953523768,4.52637453758859,1.36610718785227,1,1,Inf,0.66875
"AR 1.00 - 0.5x",152,70.6666886965804,0.972093031834252,212.304139732981,0.990623716902524,0.0284836325298792,0.35031681216513,1.55609014308624,4.52804465156359,1.36602734398859,1,1,Inf,0.66875
"AR 1.00 - 0.5x",153,70.8280908127312,0.972155740499711,213.21920995406,0.990663769134295,0.0283465312990527,0.350426330060007,1.55705799266425,4.52970933453222,1.36598177680926,1,1,Inf,0.66875
"AR 1.00 - 0.5x",154,70.9861843094071,0.972216891071713,214.124256331989,0.990703047466142,0.0282111268921025,0.350534679814234,1.55800097928016,4.53136487960399,1.36597566403945,1,1,Inf,0.66875
"AR 1.00 - 0.5x",155,71.1411024367296,0.972276553414829,215.019518971694,0.990741577383745,0.0280773573304287,0.35064151497326,1.55891781935969,4.53300808744254,1.36601336041554,1,1,Inf,0.66875
"AR 1.00 - 0.5x",156,71.2930787454136,0.972334834333959,215.905432990368,0.9907793918648,0.0279451578779006,0.350744980193301,1.55980871576321,4.5346368178918,1.36609707839218,1,1,Inf,0.66875
"AR 1.00 - 0.5x",157,71.4425207508066,0.972391904929982,216.782772476066,0.990816537151855,0.0278144622233675,0.350845199978195,1.56067606972866,4.53625076387453,1.36622515456212,1,1,Inf,0.66875
"AR 1.00 - 0.5x",158,71.5900971260873,0.972448032456465,217.652859653268,0.990853080983384,0.0276852044180954,0.350943511448733,1.56152485023492,4.53785221312209,1.36639061006016,1,1,Inf,0.66875
"AR 1.00 - 0.5x",159,71.736784340944,0.972503596108604,218.517772544857,0.990889120380486,0.0275573228204165,0.351040188423619,1.56236219621067,4.53944638353029,1.36658112808093,1,1,Inf,0.66875
"AR 1.00 - 0.5x",160,71.8837920805078,0.972559056781914,219.380391868346,0.990924782449816,0.0274307672413046,0.351135660249152,1.56319619774082,4.54104098505215,1.36678107479387,1,1,Inf,0.66875
"AR 1.00 - 0.5x",161,72.0323402318498,0.972614871799935,220.244120846879,0.990960211768139,0.0273055076905656,0.351230363611062,1.56403436294444,4.54264505626826,1.36697479010706,1,1,Inf,0.66875
"AR 1.00 - 0.5x",162,72.1833796156228,0.972671390546535,221.112288528622,0.990995545481752,0.0271815393521975,0.351324638227234,1.56488243125053,4.54426752372283,1.3671495296059,1,1,Inf,0.68125
"AR 1.00 - 0.5x",163,72.3374005006628,0.972728785226279,221.987481073832,0.991030886620322,0.0270588796646502,0.351418711153976,1.5657438227056,4.54591596215878,1.36729704859991,1,1,Inf,0.68125
"AR 1.00 - 0.5x",164,72.4943989198427,0.972787041878098,222.871093973918,0.991066287458116,0.0269375593839906,0.351512733830325,1.5666196387083,4.54759579814159,1.36741384484691,1,1,Inf,0.68125
"AR 1.00 - 0.5x",165,72.6539695221893,0.972845998484882,223.763237320284,0.991101747670817,0.0268176127950882,0.351606821055333,1.56750903751147,4.54931001683937,1.36750049944597,1,1,Inf,0.68125
"AR 1.00 - 0.5x",166,72.8154531321748,0.972905402390218,224.662936715335,0.991137224264156,0.0266990703867595,0.351701063834159,1.5684098135869,4.55105933504378,1.36756056556287,1,1,Inf,0.68125
"AR 1.00 - 0.5x",167,72.9780806803003,0.972964965005741,225.56848427464,0.99117264695307,0.0265819543544965,0.351795518067298,1.56931898857875,4.55284268888306,1.36759940252344,1,1,Inf,0.68125
"AR 1.00 - 0.5x",168,73.1410839233335,0.973024403014284,226.477805021245,0.991207933451735,0.0264662761890106,0.351890189913475,1.57023324480875,4.55465779610776,1.3676232446302,1,1,Inf,0.68125
"AR 1.00 - 0.5x",169,73.3037658213423,0.973083463834002,227.388757278171,0.991243001521463,0.0263520359007821,0.351985034876337,1.57114913637031,4.55650158616374,1.36763862394577,1,1,Inf,0.68125
"AR 1.00 - 0.5x",170,73.4655356914325,0.973141937657072,228.299337833707,0.991277776818307,0.0262392227038596,0.35207997049067,1.57206312803668,4.55837042621091,1.36765211444197,1,1,Inf,0.68125
"AR 1.00 - 0.5x",171,73.6259188357767,0.97319965996799,229.207796727832,0.991312196943683,0.0261278167646819,0.352174890949273,1.57297156397223,4.5602601998033,1.3676702881927,1,1,Inf,0.68125
"AR 1.00 - 0.5x",172,73.7845503627262,0.973256508325591,230.112682151875,0.991346212672632,0.0260177913220978,0.352269673689308,1.57387065121525,4.56216634197914,1.3676997662751,1,1,Inf,0.68125
"AR 1.00 - 0.5x",173,73.9411608360873,0.973312396316165,231.012838883385,0.991379787387519,0.025909114518305,0.352364176644322,1.57475650313331,4.56408391023546,1.3677472642527,1,1,Inf,0.68125
"AR 1.00 - 0.5x",174,74.0955589179925,0.973367266602489,231.907380154904,0.99141289555243,0.0258017506360685,0.352458232057745,1.5756252674085,4.5660077310012,1.36781953341833,1,1,Inf,0.68125
"AR 1.00 - 0.5x",175,74.2476141586787,0.97342108421162,232.795647467588,0.991445520814166,0.0256956608627953,0.352551645289155,1.57647336749568,4.56793264590236,1.36792307312989,1,1,Inf,0.68125
"AR 1.00 - 0.5x",176,74.397241629375,0.973473830649784,233.677167902987,0.991477654098729,0.0255908039998347,0.352643219544311,1.57729788677649,4.56985388881405,1.36806346941582,1,1,Inf,0.68125
"AR 1.00 - 0.5x",177,74.544389055145,0.973525499047453,234.551614541047,0.991509291906588,0.0254871376314947,0.352732285208214,1.57809707004006,4.57176761321421,1.36824429239196,1,1,Inf,0.68125
"AR 1.00 - 0.5x",178,74.6890264292522,0.973576090295343,235.418772580765,0.991540434889464,0.0253846201212802,0.352820178659835,1.57887076713893,4.57367150256082,1.36846579399206,1,1,Inf,0.68125
"AR 1.00 - 0.5x",179,74.8311377910812,0.973625610029614,236.27851158261,0.991571086708778,0.025283213363949,0.352906841015957,1.57962045484093,4.57556521584591,1.36872418977181,1,1,Inf,0.68125
"AR 1.00 - 0.5x",180,74.9707149256665,0.973674066356268,237.130762994009,0.991601253131456,0.0251828855684225,0.352992312979196,1.58034847440081,4.5774502649983,1.36901262073791,1,1,Inf,0.68125
"AR 1.00 - 0.5x",181,75.1077530667453,0.973721468320763,237.97550196418,0.991630941315902,0.0250836128877802,0.353076709877636,1.58105652844227,4.57932904291515,1.3693241941421,1,1,Inf,0.68125
"AR 1.00 - 0.5x",182,75.2422490015223,0.973767825238733,238.812733303359,0.991660159273236,0.0249853789777533,0.353160169910901,1.58174404789621,4.58120320064086,1.3696559497877,1,1,Inf,0.68125
"AR 1.00 - 0.5x",183,75.3742021789356,0.973813147071386,239.642482764262,0.991688915535503,0.0248881724386391,0.353242794983188,1.58240715052792,4.58307201838113,1.37001185926987,1,1,Inf,0.68125
"AR 1.00 - 0.5x",184,75.5036196840152,0.973857446114829,240.464796147659,0.991717219106437,0.0247919827577023,0.35332459359585,1.583038442307,4.58493135199317,1.37040401281315,1,1,Inf,0.69375
"AR 1.00 - 0.5x",185,75.6305265440558,0.97390074047253,241.279750242748,0.991745079817871,0.0246967955092004,0.353405432369999,1.583627533689,4.58677331952494,1.37085251446427,1,1,Inf,0.69375
"AR 1.00 - 0.5x",186,75.7549840478112,0.973943060182851,242.08748214585,0.991772509294411,0.0246025877633524,0.353485017324784,1.58416253194709,4.5885868120514,1.37138435189086,1,1,Inf,0.69375
"AR 1.00 - 0.5x",187,75.8771202982017,0.973984457375067,242.888247543687,0.991799522854656,0.0245093252777193,0.353562944838408,1.58463394966222,4.59035962533402,1.3720291048512,1,1,Inf,0.69375
"AR 1.00 - 0.5x",188,75.9971769229153,0.974025021696545,243.682521837971,0.991826142770735,0.0244169640507377,0.3536388836745,1.58504331629099,4.59208414245739,1.37280559639959,1,1,Inf,0.69375
"AR 1.00 - 0.5x",189,76.1155689517945,0.974064899900431,244.471152045016,0.991852403089577,0.0243254598526145,0.353712926949475,1.58541539712524,4.59376788634332,1.37369454763307,1,1,Inf,0.69375
"AR 1.00 - 0.5x",190,76.232937211469,0.974104312587208,245.255537422086,0.991878355220204,0.0242347869084918,0.353785908719773,1.58580153686826,4.59544361137845,1.3746143780884,1,1,Inf,0.69375
"AR 1.00 - 0.5x",191,76.3501509620916,0.974143554018657,246.037758086106,0.991904071606321,0.0241449550599023,0.353859157152875,1.58625863681502,4.59716453670971,1.37544663830823,1,1,Inf,0.69375
"AR 1.00 - 0.5x",192,76.4682187329389,0.974182961313533,246.820524458162,0.991929643420888,0.0240560055882737,0.353933692577108,1.58681840606828,4.598980535216,1.37610868001528,1,1,Inf,0.69375
"AR 1.00 - 0.5x",193,76.5881121041314,0.974222855206017,247.606865606543,0.991955169881892,0.0239679860912589,0.354009778322843,1.58747966715888,4.60091675409516,1.3765902373197,1,1,Inf,0.69375
"AR 1.00 - 0.5x",194,76.7105731418393,0.974263476395296,248.399622365829,0.991980741666616,0.0238809293347652,0.35408715366673,1.58822319193752,4.60297252475194,1.376926628674,1,1,Inf,0.69375
"AR 1.00 - 0.5x",195,76.8359909673505,0.974304945885009,249.200941049839,0.99200642494945,0.0237948495049023,0.354165425509284,1.58902726753738,4.60513325133053,1.37716065399798,1,1,Inf,0.69375
"AR 1.00 - 0.5x",196,76.9643827181178,0.974347260501875,250.011957162249,0.992032252078306,0.0237097486471989,0.35424427889688,1.58987478531189,4.60738166911076,1.37732483862154,1,1,Inf,0.69375
"AR 1.00 - 0.5x",197,77.0954568303537,0.974390315632002,250.832740486892,0.992058220880521,0.0236256236755284,0.354323524815094,1.5907542768683,4.60970354315281,1.37743959594026,1,1,Inf,0.69375
"AR 1.00 - 0.5x",198,77.2287143231315,0.974433940052513,251.662453637891,0.992084300729279,0.0235424703340182,0.354401077582855,1.59165865240735,4.61208901696537,1.37751677413627,1,1,Inf,0.69375
"AR 1.00 - 0.5x",199,77.3635512245376,0.974477930507905,252.499622673138,0.992110441905554,0.0234602843721642,0.354478889886429,1.59258358052394,4.61453186223749,1.37756338717367,1,1,Inf,0.69375
"AR 1.00 - 0.5x",200,77.4993418786791,0.974522079394105,253.342425549663,0.992136585173796,0.0233790612401314,0.354557010702094,1.59352616198338,4.61702810998197,1.37758420150378,1,1,Inf,0.69375
"AR 1.00 - 1x",0,1,0,1,0,1,0,1,3,1.25,0,0,,0.59375
"AR 1.00 - 1x",1,1.35612776484803,0.151149598150507,1.10261923632667,0.0488054301766722,0.852709902207336,0.213645731610419,1.09280885804856,3.09060403195789,1.19903306262282,1,1,Inf,0.99375
"AR 1.00 - 1x",2,1.6407822059762,0.242648638167161,1.25207355058583,0.111929537345819,0.690682497483058,0.212444073794168,1.15716637574162,3.22490948503458,1.1410542507777,1,1,Inf,0.99375
"AR 1.00 - 1x",3,1.9368837761284,0.319006078396286,1.41948606099484,0.173378168098376,0.561680380059925,0.215746581921217,1.212499711787,3.36915630955986,1.09857853891784,1,1,Inf,0.99375
"AR 1.00 - 1x",4,2.25535722906147,0.385628101842264,1.60867208531666,0.233326407233271,0.461726921430464,0.224161693365416,1.25247478699902,3.50471776492016,1.07699922837182,1,1,Inf,0.99375
"AR 1.00 - 1x",5,2.61267626047504,0.446393793465176,1.8267613963124,0.292476541313651,0.385766798953181,0.23681695156831,1.27358908549451,3.6131567042224,1.07941561769968,1,1,Inf,0.99375
"AR 1.00 - 1x",6,3.0296374440548,0.503677433077575,2.08437557601886,0.351570536496892,0.328313503766692,0.252277464786061,1.27600554697813,3.68222751959307,1.10657028183679,1,1,Inf,0.99375
"AR 1.00 - 1x",7,3.52294440747481,0.557810174121373,2.39333736521439,0.410609737628124,0.284735849797947,0.268865169154123,1.26295006535343,3.70752372009221,1.15607636442753,1,1,Inf,0.99375
"AR 1.00 - 1x",8,4.09841390852621,0.607721139185003,2.76378853409825,0.468620518426875,0.251542922902825,0.284864134692998,1.24170158576997,3.69522733815566,1.21833270409728,1,1,Inf,0.99375
"AR 1.00 - 1x",9,4.7496135354311,0.652150533653208,3.20225885626075,0.524065492295817,0.226054920720619,0.298917756188976,1.22165537019543,3.66274341270639,1.27685623286858,1,1,Inf,0.99375
"AR 1.00 - 1x",10,5.46503471715798,0.690643579269255,3.71239876785167,0.575587699911106,0.206133701217222,0.307478601302446,1.20866428678798,3.63015442448954,1.32059420992035,1,1,Inf,0.99375
"AR 1.00 - 1x",11,5.48500722625704,0.691596334403109,4.16682102933175,0.612914790613781,0.221369047677722,0.30745564710517,1.07787682943906,3.51930645049479,1.37775690159701,1,1,Inf,0.98125
"AR 1.00 - 1x",12,6.07910566274196,0.717478436502763,4.74455363227503,0.651844141768777,0.225570716180076,0.313867476782437,1.06792058193033,3.48561901107861,1.40566197723494,1,1,Inf,0.93125
"AR 1.00 - 1x",13,6.71296195543855,0.740696244639226,5.3899551530038,0.687008757947255,0.218962863078429,0.314677236120839,1.07084827865309,3.48452797525946,1.41516032475451,1,1,Inf,0.39375
"AR 1.00 - 1x",14,7.39134729331336,0.761659250881715,6.10962338844799,0.718691147093715,0.209217425142135,0.300377642762744,1.07783809454731,3.49798773501639,1.41937205379192,1,1,Inf,0.39375
"AR 1.00 - 1x",15,8.12717808767508,0.780874221934958,6.9258634154124,0.747661561248853,0.199104534773524,0.291980493677024,1.08638541715694,3.51879336961269,1.42214298955601,1,1,Inf,0.39375
"AR 1.00 - 1x",16,8.92225021132824,0.798432819430758,7.85634735620344,0.774173265844288,0.189562733115257,0.286927980610641,1.09553976573567,3.54318393533057,1.42419507518032,1,1,Inf,0.39375
"AR 1.00 - 1x",17,9.77112044203217,0.814318295783288,8.91144964825386,0.798213170527245,0.180859649899225,0.283810173084889,1.10484216960741,3.56909517435304,1.42583057491771,1,1,Inf,0.39375
"AR 1.00 - 1x",18,10.665628133317,0.828556167131026,10.0953454245377,0.819744232966651,0.173015045231336,0.281925469315102,1.11403536909208,3.5953558235759,1.42711341054417,1,1,Inf,0.39375
"AR 1.00 - 1x",19,11.5973086279025,0.841235929111867,11.4076888155892,0.838809626053229,0.165965257343793,0.280849170613664,1.12285800658418,3.62119910023152,1.42831798795474,1,1,Inf,0.40625
"AR 1.00 - 1x",20,12.5582318306086,0.852488139678739,12.8448838195347,0.855542305297062,0.159626149005941,0.280205897447745,1.13109174716208,3.6460293012511,1.42994692215278,1,1,Inf,0.40625
"AR 1.00 - 1x",21,13.541182708939,0.862459605932156,14.4009104848153,0.870137547908488,0.153914559965567,0.279789250802878,1.13874853933751,3.66951649632016,1.43225515931601,1,1,Inf,0.40625
"AR 1.00 - 1x",22,14.5396532141862,0.871296999203676,16.0678862266691,0.882820873455616,0.148754297907699,0.27962324721493,1.14616375547726,3.69183285949625,1.43465199513747,1,1,Inf,0.40625
"AR 1.00 - 1x",23,15.547877964796,0.879138581741127,17.8365454658091,0.89382341875636,0.144077767508861,0.279637104670593,1.153598572084,3.71345512141002,1.43625106406714,1,1,Inf,0.40625
"AR 1.00 - 1x",24,16.5609307355017,0.886110820085593,19.6967387261095,0.903366417943086,0.139826392964179,0.279681257665138,1.16097317854775,3.73458482229766,1.43705470065248,1,1,Inf,0.41875
"AR 1.00 - 1x",25,17.5746768992416,0.892326525470725,21.637878343683,0.911652498099139,0.135949689530242,0.279756979272204,1.16809948131298,3.75505238926084,1.43759857761685,1,1,Inf,0.41875
"AR 1.00 - 1x",26,18.5854620309634,0.897883440439744,23.6491799608152,0.918861398100083,0.132404312195037,0.279899156196156,1.17492584944825,3.77464745033345,1.43817939105521,1,1,Inf,0.41875
"AR 1.00 - 1x",27,19.5897137190448,0.902864118108157,25.7196639584132,0.925148759239157,0.129153742191281,0.280094359152624,1.18153336383805,3.79338727222124,1.438625009565,1,2,Inf,0.41875
"AR 1.00 - 1x",28,20.5837904101304,0.907337869669949,27.8380932122316,0.930647287069878,0.126167457366125,0.280323832832899,1.18794556091592,3.81139735502083,1.43885579157687,1,3,Inf,0.41875
"AR 1.00 - 1x",29,21.5641786328164,0.911363935175939,29.9930892289221,0.935469485302754,0.123418951987364,0.280477650278616,1.1941469404676,3.82872976661679,1.43903324144896,1,2,Inf,0.41875
"AR 1.00 - 1x",30,22.5277826552463,0.914994114434577,32.1734799474866,0.939710877388625,0.120884159643508,0.280644663937531,1.20016516236998,3.84540325796109,1.43916489183306,1,2,Inf,0.43125
"AR 1.00 - 1x",31,23.4719751884854,0.918273862873928,34.3686655082861,0.943452771789441,0.118541415910849,0.280815543665216,1.20601423041493,3.86143688809037,1.439143678396,1,2,Inf,0.43125
"AR 1.00 - 1x",32,24.3944552886763,0.921242650127178,36.5688039512524,0.946764341963212,0.116371792233612,0.280939045057795,1.2116725998668,3.8768142832257,1.43901317681749,1,2,Inf,0.43125
"AR 1.00 - 1x",33,25.2932763080353,0.923934926307042,38.7649322903765,0.949704428379373,0.114358601780686,0.281037198414275,1.217172237597,3.89153966588653,1.43879090631537,1,2,Inf,0.43125
"AR 1.00 - 1x",34,26.1671483485755,0.926381673396911,40.9492492764102,0.9523233422648,0.112486736009324,0.281123153533413,1.22258108357552,3.90570174849798,1.43831848543322,1,2,Inf,0.43125
"AR 1.00 - 1x",35,27.0157391619529,0.928611556938104,43.1155094994464,0.954664470099227,0.110742710265317,0.281183338179659,1.22790680022222,3.9193993083735,1.43755331795055,1,2,Inf,0.43125
"AR 1.00 - 1x",36,27.8399563694914,0.930651767486177,45.259417672898,0.956765560385086,0.109114486925552,0.281253192296127,1.23311373754514,3.93266834455493,1.4366237501714,1,2,Inf,0.43125
"AR 1.00 - 1x",37,28.6420742321142,0.932528338457732,47.3789936238665,0.958659743616218,0.107590488607309,0.281320512818441,1.23816564541082,3.94549479324794,1.43566313194438,1,2,Inf,0.44375
"AR 1.00 - 1x",38,29.4247249392038,0.934263990751059,49.4741300365147,0.960375741027074,0.106160013090679,0.281377099396347,1.24303441502956,3.95784482597771,1.43476399757829,1,2,Inf,0.44375
"AR 1.00 - 1x",39,30.1892872613279,0.935875418272869,51.5449204565812,0.961937329381769,0.104814512562162,0.281419062203777,1.24769311643713,3.96967687795002,1.43399642282899,1,2,Inf,0.44375
"AR 1.00 - 1x",40,30.9353995054789,0.937373571930519,53.5901463273353,0.963363351546861,0.103547341711623,0.28144156762846,1.25211603286298,3.98093836819263,1.43342866866668,1,2,Inf,0.44375
"AR 1.00 - 1x",41,31.6615861529324,0.93876598672718,55.60700317384,0.964668682532831,0.102352730563193,0.281423270927026,1.25630594710731,3.99158117662896,1.43306859780201,1,2,Inf,0.44375
"AR 1.00 - 1x",42,32.3660426139517,0.94005881898731,57.5917037638461,0.965865474606081,0.101225212596909,0.281368873473186,1.26030967186437,4.0016063973068,1.43277103857104,1,2,Inf,0.44375
"AR 1.00 - 1x",43,33.0471930691786,0.941258006322685,59.5402863716379,0.966964147019018,0.100159897523738,0.281320431064628,1.26416424629791,4.01107040946287,1.43236052700024,1,2,Inf,0.44375
"AR 1.00 - 1x",44,33.7041199836265,0.942369954894589,61.4493577140606,0.967974050123022,0.0991527813967924,0.281285462698633,1.26786658381239,4.02003670309048,1.43182080458212,1,2,Inf,0.44375
"AR 1.00 - 1x",45,34.3368675664357,0.943401887667608,63.3167073178052,0.968903880758113,0.0982003050422774,0.281261699053679,1.27140254838318,4.02855396834441,1.43123657350438,1,2,Inf,0.44375
"AR 1.00 - 1x",46,34.9464245874127,0.94436164311317,65.1416323527845,0.969761859076407,0.0972988377805784,0.281245421852245,1.27475535533942,4.03665119419305,1.43070526066498,1,2,Inf,0.45625
"AR 1.00 - 1x",47,35.5342949959937,0.945256915448367,66.9247531091855,0.970555653006422,0.0964447333062787,0.281230935828255,1.27789745421712,4.04432691044372,1.43032295837788,1,2,Inf,0.45625
"AR 1.00 - 1x",48,36.1018611998183,0.946094348495655,68.6673240290503,0.971292136911043,0.0956345645697916,0.281211854279213,1.28078505115269,4.05154487492881,1.43019897068912,1,2,Inf,0.45625
"AR 1.00 - 1x",49,36.6499129653855,0.946879027267905,70.3703888359649,0.971977173830498,0.0948652238195002,0.281182578569291,1.28336344964838,4.05823894210055,1.43048171971876,1,2,Inf,0.45625
"AR 1.00 - 1x",50,37.1786210314399,0.947614661138415,72.0342678601009,0.972615594588679,0.0941338663773422,0.281116168928865,1.28561685341448,4.0643482020356,1.43131542590814,1,2,Inf,0.45625
"AR 1.00 - 1x",51,37.6879251542548,0.948304283777802,73.6586604168788,0.973211413266292,0.0934376862920709,0.281029704240853,1.28766758133888,4.06991601155206,1.43260658632676,1,2,Inf,0.45625
"AR 1.00 - 1x",52,38.1779849281786,0.948950922216484,75.2432011915545,0.973768152848473,0.0927738314328795,0.280926809241391,1.28975488927124,4.07516722374896,1.43384671197402,1,2,Inf,0.45625
"AR 1.00 - 1x",53,38.6492941880682,0.949557740157658,76.7879491439031,0.974289076624194,0.092139609209012,0.280810647471193,1.29201262233479,4.08036621269304,1.43456759609465,1,2,Inf,0.45625
"AR 1.00 - 1x",54,39.1024538741575,0.950127740155851,78.2934316712049,0.974777229868255,0.0915327711492313,0.280689263229089,1.29437847938046,4.08559990618413,1.43477180500037,1,2,Inf,0.45625
"AR 1.00 - 1x",55,39.5380278759236,0.950663608843492,79.7604494984542,0.975235402818823,0.0909517021175237,0.280573409384687,1.2967045544238,4.09076199553468,1.43477082815126,1,2,Inf,0.45625
"AR 1.00 - 1x",56,39.9567150154795,0.951167958679203,81.1900940053237,0.975666167264994,0.0903953656771869,0.280470206811755,1.2989015991866,4.09569862178907,1.43484940462055,1,2,Inf,0.45625
"AR 1.00 - 1x",57,40.3596007988077,0.951643633851087,82.5840096479343,0.976071978259667,0.0898630322398132,0.280382199731454,1.30102309786,4.10037412486823,1.43498204400557,1,2,Inf,0.46875
"AR 1.00 - 1x",58,40.7484801659623,0.952094064453378,83.9447615914776,0.976455287382893,0.0893539307552106,0.280307101058632,1.30317365139609,4.10490023749675,1.43490853750269,1,2,Inf,0.46875
"AR 1.00 - 1x",59,41.1263304100194,0.952523754608251,85.2764489566797,0.976818702853612,0.0888667459740508,0.280236634353438,1.30537745508857,4.10939286778569,1.43454956013641,1,2,Inf,0.46875
"AR 1.00 - 1x",60,41.496815014589,0.952937649578835,86.5847969020471,0.977164986724388,0.0883995246805491,0.280165258485562,1.3075928047988,4.11387593580533,1.4340316266055,1,2,Inf,0.46875
"AR 1.00 - 1x",61,41.8625752549817,0.953339247861278,87.8755022569204,0.977496610998401,0.0879505320343975,0.280079004896914,1.30976266426489,4.11830196538846,1.43351067186767,1,2,Inf,0.46875
"AR 1.00 - 1x",62,42.2243040434088,0.953729735058511,89.15208584291,0.977815266487733,0.0875187608199115,0.279984475136603,1.3118364855855,4.12259835378452,1.43310786032811,1,2,Inf,0.46875
"AR 1.00 - 1x",63,42.5812727948429,0.954108729008101,90.4152656917418,0.978121816035145,0.0871035201045196,0.279875849126937,1.31377412757118,4.12669406839844,1.43291807523954,1,2,Inf,0.46875
"AR 1.00 - 1x",64,42.9322584850398,0.954475365734246,91.6637876732444,0.978416595627922,0.086703946345313,0.279746702106332,1.31555457351406,4.13053245691682,1.43301730502119,1,2,Inf,0.46875
"AR 1.00 - 1x",65,43.276129032599,0.954828932797457,92.8955894031696,0.978699744975109,0.0863189099336423,0.279595839944902,1.31720398868891,4.13409274068091,1.4334024419444,1,2,Inf,0.46875
"AR 1.00 - 1x",66,43.6120357381297,0.955169048735191,94.1086122320593,0.978971410127191,0.0859472465646598,0.279432391960287,1.31880965499043,4.1374210926711,1.43388183720005,1,2,Inf,0.46875
"AR 1.00 - 1x",67,43.9393968489592,0.955495619873983,95.3011751522035,0.97923182145141,0.0855881908410731,0.279273212164976,1.32046060208227,4.14062175361593,1.43415428288326,1,2,Inf,0.46875
"AR 1.00 - 1x",68,44.2578431674219,0.955808764624478,96.4720770242908,0.979481303147961,0.0852416887332935,0.279128709478181,1.3221806396502,4.14378965441555,1.43408436514283,1,2,Inf,0.46875
"AR 1.00 - 1x",69,44.5672194064564,0.95610879869232,97.6206099741594,0.979720263335179,0.0849081705246541,0.278998116304688,1.3239442205921,4.14696337304792,1.4337421566143,1,2,Inf,0.46875
"AR 1.00 - 1x",70,44.8676562145895,0.956396289563105,98.7466075392285,0.979949192766146,0.0845879999983615,0.278876611636228,1.32571604020686,4.15013453307608,1.43325062612083,1,2,Inf,0.46875
"AR 1.00 - 1x",71,45.1596544446027,0.956672119320125,99.8505488891632,0.980168675113528,0.0842811456776265,0.278760522487232,1.32746634193244,4.15327441902415,1.43270447703839,1,2,Inf,0.48125
"AR 1.00 - 1x",72,45.4440644029292,0.956937446674588,100.933610681842,0.980379386282681,0.0839872061789431,0.278649145091436,1.32917055439361,4.15635001013412,1.43216771997305,1,2,Inf,0.48125
"AR 1.00 - 1x",73,45.7218837224799,0.957193506754144,101.997503509586,0.980582053624107,0.0837056273300864,0.278542380703104,1.3308075982923,4.1593293259445,1.43168824725783,1,2,Inf,0.48125
"AR 1.00 - 1x",74,45.993926266526,0.957441308720259,103.044034596981,0.980777369815126,0.0834358859127859,0.278434460831469,1.33235873430605,4.1621828072498,1.43130613349862,1,2,Inf,0.48125
"AR 1.00 - 1x",75,46.2605151545147,0.957681375383634,104.074528255311,0.980965891227792,0.0831775415530468,0.278320260086187,1.33380628967398,4.16488249361762,1.43106085630213,1,2,Inf,0.48125
"AR 1.00 - 1x",76,46.5213609020339,0.957913663202469,105.089361554057,0.981147968366452,0.0829302006707129,0.278200486793683,1.33513818173237,4.16740309050898,1.43099094369973,1,2,Inf,0.48125
"AR 1.00 - 1x",77,46.775684370638,0.958137700666217,106.087840792977,0.981323743338271,0.0826934219034852,0.278070787628787,1.33636055908732,4.16973091000056,1.43110841631885,1,2,Inf,0.48125
"AR 1.00 - 1x",78,47.0225152462658,0.958352868654552,107.068479770415,0.981493216113997,0.0824666650967034,0.277932002585347,1.33750610920374,4.17187806455899,1.43135306965953,1,2,Inf,0.48125
"AR 1.00 - 1x",79,47.2610281531746,0.95855869473704,108.029552457558,0.981656349540841,0.0822493941927419,0.277789807342638,1.33861257900573,4.17388125244513,1.43161110069477,1,2,Inf,0.48125
"AR 1.00 - 1x",80,47.4907697230801,0.95875503706331,108.969664124828,0.981813166240739,0.0820412191173575,0.277647953147615,1.33969476333689,4.17577648291074,1.43182349598314,1,2,Inf,0.48125
"AR 1.00 - 1x",81,47.711678582354,0.958942084153008,109.8880789079,0.981963796111383,0.0818418717118041,0.277505461609198,1.34075870843821,4.17758734057385,1.43199954268763,1,2,Inf,0.48125
"AR 1.00 - 1x",82,47.9239107951585,0.959120193633459,110.784684533986,0.982108461384154,0.0816510861596606,0.277361547779517,1.34182642066945,4.17934205072948,1.43211999721823,1,2,Inf,0.48125
"AR 1.00 - 1x",83,48.1276183580725,0.959289701661848,111.659699906183,0.982247422976756,0.0814686155264826,0.277219680571296,1.34292374146942,4.18108127471305,1.43211703159175,1,2,Inf,0.48125
"AR 1.00 - 1x",84,48.3228779971039,0.959450865780431,112.513404370291,0.982380935440225,0.0812943723966073,0.277085037444211,1.34405428507137,4.18283730357645,1.43195662648669,1,2,Inf,0.48125
"AR 1.00 - 1x",85,48.5098417757654,0.959603991282012,113.346140413669,0.982509247861234,0.081128457640729,0.276959690870957,1.34520022079234,4.18461568457143,1.43167189615043,1,2,Inf,0.48125
"AR 1.00 - 1x",86,48.6889556933813,0.959749606887665,114.158584615429,0.982632645176398,0.0809709866935847,0.276842177199419,1.34633675564852,4.18639883453169,1.43132417431474,1,2,Inf,0.48125
"AR 1.00 - 1x",87,48.8610122573619,0.959888499862842,114.951997988847,0.982751483073259,0.0808219111075255,0.276729888054274,1.34744042679558,4.18815805879536,1.43097062597688,1,2,Inf,0.48125
"AR 1.00 - 1x",88,49.0270836205697,0.96002165516645,115.728246434465,0.982866186539323,0.0806809939088866,0.276620027260605,1.34849135356458,4.18986279225168,1.43065731510329,1,2,Inf,0.48125
"AR 1.00 - 1x",89,49.1887547715681,0.960150435907348,116.489923704673,0.982977263607496,0.0805477950224779,0.276509793826747,1.3494722687792,4.19148451325344,1.4304248872569,1,2,Inf,0.49375
"AR 1.00 - 1x",90,49.3486487082174,0.960276987539616,117.241018478802,0.983085396034892,0.0804215246224326,0.27639627065716,1.35037098254106,4.19299816305067,1.43031261626243,1,2,Inf,0.49375
"AR 1.00 - 1x",91,49.5101631053702,0.960404008281902,117.987300856887,0.983191483581886,0.0803010653094536,0.276274884404054,1.35119073697515,4.19438885921509,1.43034100726094,1,2,Inf,0.49375
"AR 1.00 - 1x",92,49.676068005831,0.96053363888118,118.735029163949,0.983296450387451,0.0801854131041429,0.276143471264484,1.35195834345445,4.19566406357329,1.43047386817549,1,2,Inf,0.49375
"AR 1.00 - 1x",93,49.8474039023358,0.960666625107519,119.48869610725,0.983400932497271,0.0800740888747743,0.276008992336123,1.35271072263693,4.19685592340487,1.43061757523434,1,2,Inf,0.49375
"AR 1.00 - 1x",94,50.0235410222109,0.960802406890392,120.249770542268,0.983505123423695,0.0799671697749885,0.275875705393067,1.3534678330864,4.19800256039959,1.43069479023159,1,2,Inf,0.49375
"AR 1.00 - 1x",95,50.2028822343816,0.960939698846542,121.016980917197,0.983608838827464,0.0798650721191588,0.275745486340481,1.35422568464772,4.19912707415553,1.43069718500015,1,2,Inf,0.49375
"AR 1.00 - 1x",96,50.3835554283708,0.961077041412831,121.787397145367,0.983711683393433,0.0797682792668132,0.275617900559334,1.3549670184579,4.20023223666081,1.43066415223465,1,2,Inf,0.49375
"AR 1.00 - 1x",97,50.5638515963581,0.961213137923521,122.557530500061,0.983813208374224,0.079677149947277,0.27549163224812,1.35567117602895,4.20130570802993,1.43064776609594,1,2,Inf,0.49375
"AR 1.00 - 1x",98,50.7424195374824,0.961346995021151,123.32409577265,0.983913013904743,0.0795918464236105,0.275364841601496,1.35631926977417,4.2023274282697,1.43069663985129,1,2,Inf,0.49375
"AR 1.00 - 1x",99,50.9182991939846,0.961477936853684,124.084396339854,0.984010795442734,0.0795123353300457,0.275235291913571,1.35689830063461,4.20327568396776,1.43085006430474,1,2,Inf,0.49375
"AR 1.00 - 1x",100,51.090872945097,0.961605558000382,124.836429885366,0.984106351381536,0.079438418239951,0.275100832612604,1.35740927789024,4.20413582380343,1.43112391155413,1,2,Inf,0.49375
"AR 1.00 - 1x",101,51.2597845738459,0.961729654718077,125.578834407318,0.984199570099025,0.079369786014146,0.274961086793893,1.3578724343636,4.20491151668281,1.43148632071483,1,2,Inf,0.49375
"AR 1.00 - 1x",102,51.4248495253001,0.961850152778506,126.310761372671,0.984290408929804,0.0793061219045308,0.274819004741172,1.35831476678723,4.20562528848356,1.43186329186336,1,2,Inf,0.49375
"AR 1.00 - 1x",103,51.5859778902687,0.961967047486054,127.03172726109,0.984378871996927,0.079247237165738,0.274678900481365,1.35874727290129,4.20630060359462,1.43219944929299,1,2,Inf,0.49375
"AR 1.00 - 1x",104,51.7431283889195,0.96208036836093,127.741477851925,0.984464991132847,0.079193129700586,0.274542856153185,1.35915904032304,4.2069428338984,1.43250310898114,1,2,Inf,0.49375
"AR 1.00 - 1x",105,51.8962899693018,0.962190164921572,128.439887217937,0.984548812248016,0.0791439018108529,0.274410026049123,1.35953049667867,4.20753780268144,1.43282515764927,1,2,Inf,0.49375
"AR 1.00 - 1x",106,52.045475119747,0.962296501341818,129.126896221866,0.984630387275279,0.0790996234363258,0.274278434328934,1.35985095350593,4.20806596323211,1.43320933023821,1,2,Inf,0.49375
"AR 1.00 - 1x",107,52.1907194067996,0.9623994557264,129.802487461522,0.984709770901044,0.0790602562327894,0.274146876531946,1.36013005481494,4.20852097907169,1.43365002676492,1,2,Inf,0.49375
"AR 1.00 - 1x",108,52.3320938331949,0.96249912845621,130.466698001857,0.984787021881604,0.0790256683311669,0.274015402492922,1.36039233608476,4.20891927147856,1.43408879761879,1,2,Inf,0.49375
"AR 1.00 - 1x",109,52.469733775447,0.962595661904747,131.119671165495,0.98486220876606,0.0789956919216622,0.27388473235363,1.36065545145947,4.2092893064537,1.43446751975591,1,2,Inf,0.49375
"AR 1.00 - 1x",110,52.6038749321206,0.962689264488199,131.761737159155,0.984935418571675,0.078970171398316,0.273756196849872,1.36091566538146,4.20964960995847,1.43477808583449,1,2,Inf,0.50625
"AR 1.00 - 1x",111,52.7348775333007,0.96278022595733,132.393493663817,0.985006764984802,0.0789489918486881,0.273631092845916,1.36115304417889,4.20999851261941,1.4350570075474,1,2,Inf,0.50625
"AR 1.00 - 1x",112,52.8632221349071,0.962868912762204,133.01584435754,0.985076391455146,0.0789320708663653,0.27350527421174,1.36134177248646,4.21031880617249,1.43535882763683,1,2,Inf,0.50625
"AR 1.00 - 1x",113,52.9894661964012,0.962955736722336,133.629961953305,0.985144465830766,0.0789192965027361,0.273379697192643,1.36145138865641,4.21058203558457,1.43574649956452,1,2,Inf,0.50625
"AR 1.00 - 1x",114,53.1141575788965,0.963041095168412,134.237164251202,0.985211165798441,0.0789104727564262,0.273252782508647,1.36144338198625,4.21074688462682,1.43629958867309,1,2,Inf,0.50625
"AR 1.00 - 1x",115,53.237718567949,0.963125292641238,134.838712010535,0.98527665662904,0.0789053483309998,0.273124106455226,1.3612800965368,4.21076256008363,1.4371170829973,1,2,Inf,0.50625
"AR 1.00 - 1x",116,53.360337986886,0.963208470107701,135.435566222815,0.98534106571058,0.0789036989023088,0.272993808033693,1.36096552219013,4.21059562356157,1.43826347140898,1,2,Inf,0.50625
"AR 1.00 - 1x",117,53.4819133327493,0.963290569701821,136.028176813883,0.985404461720917,0.0789053784178599,0.272862609064858,1.36060142741027,4.21028777035268,1.43961583787602,1,2,Inf,0.50625
"AR 1.00 - 1x",118,53.6020638006244,0.963371347879764,136.616378912926,0.985466846201022,0.0789103312938665,0.272732388681328,1.36034333465663,4.20997888422334,1.44083545508232,1,2,Inf,0.50625
"AR 1.00 - 1x",119,53.7202113950176,0.963450433596422,137.19943011524,0.985528160294639,0.0789185885852602,0.27260405021292,1.36025895974949,4.20980891066855,1.44170119098489,1,2,Inf,0.50625
"AR 1.00 - 1x",120,53.835706868687,0.963527414631686,137.776172325696,0.985588304054776,0.0789302185449538,0.272476538797381,1.36030793506825,4.20981529301531,1.44227567842401,1,2,Inf,0.50625
"AR 1.00 - 1x",121,53.947964463207,0.963601927395524,138.34527653415,0.985647163292902,0.0789452524091986,0.27234828985785,1.36042415639294,4.20995075794172,1.44271863139627,1,2,Inf,0.50625
"AR 1.00 - 1x",122,54.0565696657979,0.963673726638977,138.905512408483,0.9857046376117,0.0789636439266669,0.27221839490319,1.36056886106898,4.21015158680728,1.44312896857479,1,2,Inf,0.50625
"AR 1.00 - 1x",123,54.1613307199241,0.963742716611483,139.455974220912,0.985760662648252,0.0789852804002817,0.272087416711588,1.36073609529729,4.21037932616933,1.44351210312164,1,2,Inf,0.50625
"AR 1.00 - 1x",124,54.2622617161235,0.963808936914783,139.996202428342,0.985815220796344,0.079010038576371,0.271957574739545,1.36093279917513,4.21062457336412,1.44382318007548,1,2,Inf,0.50625
"AR 1.00 - 1x",125,54.359510284248,0.963872512785412,140.526170931565,0.985868338083088,0.0790378554831564,0.271831591208877,1.36116147555875,4.21089173508335,1.4440284452731,1,2,Inf,0.50625
"AR 1.00 - 1x",126,54.4532571715687,0.963933588358712,141.046151257523,0.985920069059991,0.0790687639397264,0.271711106194951,1.3614186405091,4.2111869583433,1.44412687179162,1,2,Inf,0.50625
"AR 1.00 - 1x",127,54.5436158317135,0.963992261395808,141.556498663493,0.985970474732821,0.0791028691177448,0.27159619533707,1.36169854600864,4.21151352115546,1.44413777924768,1,2,Inf,0.50625
"AR 1.00 - 1x",128,54.6305623395033,0.964048538862607,142.057428860147,0.986019600548286,0.0791402917505818,0.271485769865827,1.36199519681036,4.21187043803909,1.44408560789044,1,2,Inf,0.50625
"AR 1.00 - 1x",129,54.7139231239349,0.964102330479384,142.548864338086,0.986067462050486,0.0791811137904516,0.271378246790801,1.36230289680461,4.21225321846137,1.44399153649639,1,2,Inf,0.50625
"AR 1.00 - 1x",130,54.7934286914225,0.964153484614444,143.030411693516,0.986114043718379,0.0792253490049979,0.271272441864064,1.36261522285594,4.21265452126981,1.44387164001985,1,2,Inf,0.50625
"AR 1.00 - 1x",131,54.868816874535,0.964201855133403,143.501484691534,0.986159311758842,0.0792729484320089,0.271168015315389,1.36292438229442,4.21306366885685,1.44373845844284,1,2,Inf,0.50625
"AR 1.00 - 1x",132,54.9399496405209,0.964247375751099,143.961532106556,0.986203236328036,0.079323827676315,0.27106512908492,1.3632225735736,4.21346742548417,1.44360198698253,1,2,Inf,0.50625
"AR 1.00 - 1x",133,55.0068939212331,0.96429011037797,144.410283125816,0.986245814553091,0.0793778922700984,0.270964044086598,1.36350370253103,4.21385291821514,1.443469654246,1,2,Inf,0.50625
"AR 1.00 - 1x",134,55.0699233604432,0.964330252653583,144.847902796066,0.986287084273015,0.0794350562097317,0.270865127063769,1.36376365695175,4.2142104257739,1.44334694396398,1,2,Inf,0.50625
"AR 1.00 - 1x",135,55.129448225859,0.964368080157279,145.274989773531,0.986327122612714,0.0794952643300427,0.270768987741753,1.36399935034746,4.214533965312,1.44323885048267,1,2,Inf,0.50625
"AR 1.00 - 1x",136,55.1859812122646,0.964403932140222,145.692486378756,0.986366036534168,0.0795585122610914,0.270675484790593,1.36420776950265,4.21481979198753,1.44315117947589,1,2,Inf,0.51875
"AR 1.00 - 1x",137,55.2403300506043,0.964438331030411,146.101777601526,0.986403971232641,0.0796248139832862,0.270583138709512,1.36438591202236,4.21506460390581,1.44309085660381,1,2,Inf,0.51875
"AR 1.00 - 1x",138,55.2940394071106,0.964472259921938,146.505268405813,0.986441162260743,0.0796940688420671,0.270491796868104,1.36453085103659,4.21526466737372,1.44306608613705,1,2,Inf,0.51875
"AR 1.00 - 1x",139,55.3495787616427,0.964507276825263,146.907116666358,0.986478000213394,0.0797659297752265,0.270398923809045,1.36463882591915,4.21541522275751,1.44308780776841,1,2,Inf,0.51875
"AR 1.00 - 1x",140,55.4096946844882,0.96454510149033,147.313030593471,0.986515008209346,0.0798398944389116,0.270302898772441,1.36470393630787,4.21550936748205,1.44317122028199,1,2,Inf,0.51875
"AR 1.00 - 1x",141,55.4763328173126,0.964586935797168,147.728685097871,0.986552694937874,0.0799155900155107,0.27020347901908,1.36471834460783,4.21553719473526,1.44333497510859,1,2,Inf,0.51875
"AR 1.00 - 1x",142,55.5500705160268,0.964633112182713,148.157881230377,0.986591389046946,0.0799929606677097,0.270101204966497,1.36467572318563,4.21548722078321,1.44359642829205,1,2,Inf,0.51875
"AR 1.00 - 1x",143,55.6302866178854,0.96468320894268,148.601715082256,0.98663116930912,0.080072242229087,0.269996626151501,1.36457775079095,4.21535151714269,1.44396054784652,1,2,Inf,0.51875
"AR 1.00 - 1x",144,55.7156687159371,0.964736376291055,149.058903421149,0.986671900471065,0.080153836451489,0.269890087450014,1.36443955221083,4.21513303374038,1.44440412259921,1,2,Inf,0.51875
"AR 1.00 - 1x",145,55.8046852925593,0.964791636645825,149.526681348994,0.986713318980553,0.0802382033718851,0.269781991183118,1.36428634433026,4.21484919039312,1.44487218179401,1,2,Inf,0.51875
"AR 1.00 - 1x",146,55.8958832027468,0.964848071821417,150.001704386203,0.986755116386734,0.0803258125188389,0.269672946181973,1.36414004429624,4.21452552185472,1.44530443094454,1,2,Inf,0.51875
"AR 1.00 - 1x",147,55.9880204974212,0.964904904881009,150.480682708582,0.986796996394269,0.0804171399950191,0.269563659505057,1.36400907711084,4.21418350115944,1.44566901772306,1,2,Inf,0.51875
"AR 1.00 - 1x",148,56.0800946800242,0.964961515722574,150.960715739413,0.98683870373821,0.0805126845425956,0.269454705331166,1.36389034688043,4.21383414152464,1.4459676292929,1,2,Inf,0.51875
"AR 1.00 - 1x",149,56.171324005568,0.965017427271665,151.439408304832,0.986880033042371,0.0806129841306889,0.269346402073751,1.36377554036445,4.2134792605593,1.44621947529231,1,2,Inf,0.51875
"AR 1.00 - 1x",150,56.2611182763687,0.965072285344707,151.914869816076,0.986920827239329,0.0807186307969557,0.269239025680357,1.36365422028625,4.21311375268612,1.4464477056049,1,2,Inf,0.51875
"AR 1.00 - 1x",151,56.3490546680929,0.9651258418892,152.385671679777,0.986960972442228,0.0808302920650203,0.269132890616476,1.36351541625847,4.21272712196149,1.44667363618089,1,2,Inf,0.51875
"AR 1.00 - 1x",152,56.4348598129079,0.965177942341725,152.850798831362,0.9870003924894,0.0809487378234089,0.269027875785258,1.3633501166482,4.21230682527167,1.44691440174824,1,2,Inf,0.51875
"AR 1.00 - 1x",153,56.5183911510123,0.965228512829069,153.309600670104,0.987039043641388,0.0810748625443046,0.26892301060259,1.36315274304478,4.21184261760522,1.44718209031514,1,2,Inf,0.51875
"AR 1.00 - 1x",154,56.5996097408582,0.965277542521589,153.761733891781,0.987076908808746,0.0812097106574889,0.26881681893002,1.3629195667544,4.21132810211242,1.44748526042281,1,2,Inf,0.51875
"AR 1.00 - 1x",155,56.6785441719664,0.96532506101338,154.207092950727,0.987113990978267,0.0813545364152764,0.268708131745189,1.36264530190654,4.21075823259842,1.44783253477694,1,2,Inf,0.51875
"AR 1.00 - 1x",156,56.7552543442805,0.965371116053304,154.645734854324,0.987150306419435,0.0815109263460893,0.26859657546244,1.36232051172666,4.21012514840673,1.44823629409718,1,2,Inf,0.51875
"AR 1.00 - 1x",157,56.829805676131,0.965415757901717,155.077811763101,0.98718587877798,0.0816809895717279,0.268482223995009,1.36193138218609,4.20941554205736,1.44871465997082,1,2,Inf,0.51875
"AR 1.00 - 1x",158,56.9022571977368,0.965459032224426,155.503520750477,0.987220734777023,0.0818676117967701,0.26836473150924,1.36146102008268,4.20861085262032,1.44929169224565,1,2,Inf,0.51875
"AR 1.00 - 1x",159,56.9726585234893,0.965500978376045,155.923070610922,0.987254901448119,0.0820748001190378,0.268242739102631,1.36088998621574,4.20768876467206,1.44999784954273,1,2,Inf,0.51875
"AR 1.00 - 1x",160,57.0410487457699,0.965541628843401,156.336660210886,0.987288404385098,0.0823082095864096,0.268113790678516,1.36019496023408,4.20662364500962,1.45087266045102,1,2,Inf,0.51875
"AR 1.00 - 1x",161,57.1074536754432,0.965581007710802,156.744464258227,0.987321266648533,0.0825760053580177,0.267974433411804,1.35934640792485,4.20538512899849,1.4519693204409,1,2,Inf,0.51875
"AR 1.00 - 1x",162,57.1718807181912,0.965619127741652,157.146625811705,0.987353508241262,0.0828902393965156,0.267820231403543,1.35830733344143,4.20393610196992,1.45335867672219,1,2,Inf,0.51875
"AR 1.00 - 1x",163,57.2343129098921,0.965655986993533,157.543255232906,0.987385146110051,0.0832687427868705,0.267645595079555,1.35703606835958,4.20223280654146,1.45512780552355,1,2,Inf,0.51875
"AR 1.00 - 1x",164,57.2947107415307,0.965691570048822,157.934434101383,0.987416194537653,0.0837364982432218,0.267443630990069,1.35549677435692,4.20023056997609,1.45736600037509,1,2,Inf,0.51875
"AR 1.00 - 1x",165,57.3530397445409,0.965725864346474,158.320224981048,0.987446665982063,0.0843224957948061,0.267207003894486,1.3536821627449,4.19789861377985,1.4601264100466,1,2,Inf,0.51875
"AR 1.00 - 1x",166,57.4093197307455,0.965758889005735,158.700690282706,0.987476572603039,0.0850464361625713,0.266929443803322,1.35164489630784,4.19524513109063,1.46335150502621,1,2,Inf,0.51875
"AR 1.00 - 1x",167,57.4636310708409,0.965790698193607,159.075912506019,0.987505927852044,0.0859017715136973,0.266615506921577,1.3495000742452,4.19233806165623,1.46682377584601,1,2,Inf,0.53125
"AR 1.00 - 1x",168,57.516039363095,0.965821336820322,159.445995031889,0.987534746507057,0.0868562010665645,0.266275007224793,1.34736871606295,4.18928959208952,1.47026481960816,1,2,Inf,0.53125
"AR 1.00 - 1x",169,57.5665105866426,0.965850791177985,159.811039172073,0.98756304287133,0.0878759430912043,0.265918229901111,1.34532128402604,4.18620893598257,1.47349995585345,1,2,Inf,0.53125
"AR 1.00 - 1x",170,57.6149457313629,0.965879009610174,160.171132315515,0.987590829875882,0.0889491225373872,0.265549445859625,1.34338055465263,4.18317092894166,1.47648983229921,1,2,Inf,0.53125
"AR 1.00 - 1x",171,57.6613046977462,0.965905974810737,160.526379815037,0.987618121558285,0.0900762631056825,0.265169139446016,1.34154531970807,4.18021462075854,1.47924852277394,1,2,Inf,0.53125
"AR 1.00 - 1x",172,57.7056247913942,0.965931714258951,160.876947056239,0.987644936253306,0.0912453585269656,0.264780426307812,1.33978386609346,4.17734170520686,1.48182272419829,1,2,Inf,0.53125
"AR 1.00 - 1x",173,57.7479043600997,0.965956232451444,161.223053474648,0.987671296050949,0.0924374535832559,0.264387674308937,1.33802961479024,4.17451056329167,1.48433296594718,1,2,Inf,0.53125
"AR 1.00 - 1x",174,57.7880685971312,0.965979491285795,161.564933253091,0.98769722374944,0.0936543615238332,0.263989686554643,1.33622531663705,4.17165649432328,1.48693790667887,1,2,Inf,0.53125
"AR 1.00 - 1x",175,57.826076542571,0.966001472177859,161.902823818945,0.9877227419813,0.094920141028442,0.263580211503553,1.33439334400984,4.16874862998976,1.48967856746913,1,2,Inf,0.53125
"AR 1.00 - 1x",176,57.8620145018173,0.966022229838256,162.236996340942,0.987747875513326,0.0962514932147559,0.263156548214101,1.33264958454381,4.16584192613847,1.49236074588715,1,2,Inf,0.53125
"AR 1.00 - 1x",177,57.89605347654,0.966041867290876,162.56778148093,0.987772653135647,0.0976350223909758,0.262724387224306,1.33111170979073,4.16305511447074,1.49468786762897,1,2,Inf,0.53125
"AR 1.00 - 1x",178,57.9283220243671,0.966060462417834,162.895542955632,0.987797105620246,0.0990402763594671,0.262292100189753,1.32979817243619,4.16047608678705,1.49654724305109,1,2,Inf,0.53125
"AR 1.00 - 1x",179,57.9588489619361,0.966078035185334,163.220613684976,0.987821260954264,0.10045001088088,0.261863018920896,1.32864048845301,4.15810363153657,1.49806256315672,1,2,Inf,0.53125
"AR 1.00 - 1x",180,57.9876070526369,0.966094573081845,163.543241511584,0.987845140392113,0.101870460700278,0.261434300461552,1.32755923312863,4.1558749285088,1.49941915745873,1,2,Inf,0.53125
"AR 1.00 - 1x",181,58.0145636408101,0.966110060354374,163.863556070234,0.987868756154041,0.103316518574465,0.261001466434298,1.32650828330561,4.15372013820272,1.50072469020895,1,2,Inf,0.53125
"AR 1.00 - 1x",182,58.0396471964304,0.96612445881755,164.181532841675,0.987892108968882,0.104797373548519,0.260562105386123,1.32546867989889,4.15158968242911,1.50200735533005,1,2,Inf,0.53125
"AR 1.00 - 1x",183,58.062712781732,0.966137688131748,164.496953966532,0.987915185433537,0.106319569626518,0.260114976493084,1.32443478231786,4.14945535165558,1.50326587006446,1,2,Inf,0.53125
"AR 1.00 - 1x",184,58.0835939794344,0.966149655677748,164.809402315235,0.987937957847543,0.107886412642638,0.259659912634322,1.32340798479668,4.14730664026335,1.50448279491443,1,2,Inf,0.53125
"AR 1.00 - 1x",185,58.1021361366636,0.966160275571507,165.118296272881,0.987960386996056,0.109485070207514,0.259200604461828,1.32237775312978,4.14513916578074,1.50565643374564,1,2,Inf,0.53125
"AR 1.00 - 1x",186,58.1181388919369,0.966169435684438,165.422934546108,0.987982425586626,0.111088789674376,0.25874373426641,1.32131509361045,4.14293905965979,1.50683310412533,1,2,Inf,0.53125
"AR 1.00 - 1x",187,58.1313450848682,0.966176991287286,165.722550896318,0.988004022315831,0.112678512401667,0.258293697294147,1.32019439181536,4.14068504529691,1.50806817359322,1,2,Inf,0.53125
"AR 1.00 - 1x",188,58.1415238600873,0.96618281252388,166.016402504144,0.988025128250799,0.114251577886997,0.257850670950791,1.31900550929993,4.13836204160755,1.50937987609698,1,2,Inf,0.53125
"AR 1.00 - 1x",189,58.148515410842,0.966186809827633,166.303869880481,0.98804570389538,0.115815997260261,0.257412118272888,1.31773680653561,4.13596160141092,1.51078244966534,1,2,Inf,0.53125
"AR 1.00 - 1x",190,58.1522369175189,0.966188937152305,166.584530023893,0.988065724206674,0.117390340213531,0.256973012343283,1.31636661868807,4.13347169876408,1.51233543203392,1,2,Inf,0.53125
"AR 1.00 - 1x",191,58.1527316147695,0.966189219915913,166.858198793037,0.988085181335313,0.119001209863602,0.256526817268051,1.31489230828726,4.13088172746779,1.51410286917961,1,2,Inf,0.53125
"AR 1.00 - 1x",192,58.1502372169818,0.966187794096863,167.124948011641,0.988104085540823,0.120664198579052,0.256070335499239,1.31337988184427,4.12821103630501,1.5160330087135,1,2,Inf,0.53125
"AR 1.00 - 1x",193,58.1451348729553,0.966184877178892,167.385074442721,0.98812246271459,0.122360552411368,0.255609129647203,1.31197296907121,4.12553804215193,1.51786284115428,1,2,Inf,0.53125
"AR 1.00 - 1x",194,58.1377308192699,0.966180643519918,167.638982348916,0.988140345890715,0.124047017161815,0.25515434316795,1.31078515828737,4.12297148204342,1.51929417648901,1,2,Inf,0.53125
"AR 1.00 - 1x",195,58.1281402192568,0.966175158011335,167.887022301425,0.988157763854522,0.125693015559572,0.254713192778226,1.30980412417228,4.12056634874727,1.52029140208912,1,2,Inf,0.53125
"AR 1.00 - 1x",196,58.1163431443045,0.966168408030281,168.129373419002,0.98817473298949,0.127292493781761,0.254286526146077,1.30893995726119,4.11829410003274,1.52102570681834,1,2,Inf,0.53125
"AR 1.00 - 1x",197,58.1022301072706,0.966160329375558,168.365978982346,0.988191252977622,0.128852170139289,0.25387218797295,1.30810286492109,4.11608377248507,1.52167797146373,1,2,Inf,0.53125
"AR 1.00 - 1x",198,58.0856143372989,0.966150813147466,168.59652130721,0.988207305287959,0.130381548080322,0.253467347144266,1.30723570179584,4.11386781296816,1.52236287044864,1,2,Inf,0.53125
"AR 1.00 - 1x",199,58.066258606691,0.966139720930734,168.82044180735,0.988222854806438,0.131889075218889,0.253068407428295,1.30631639015855,4.11160294973391,1.52313017444206,1,2,Inf,0.53125
"AR 1.00 - 1x",200,58.0439188874007,0.966126909634605,169.037012945872,0.988237855009623,0.133380455342276,0.252674655173061,1.30534837610749,4.10927145536218,1.52397540377957,1,2,Inf,0.53125
"AR 1.00 - 2x",0,1,0,1,0,1,0,1,3,1.25,0,0,,0.59375
"AR 1.00 - 2x",1,1.35285789507035,0.149969913529265,1.10170954651052,0.0483937215203653,0.853813588374376,0.21435656401495,1.09260755991145,3.09050938449568,1.19894974829789,1,1,Inf,0.99375
"AR 1.00 - 2x",2,1.61956263212379,0.236513769331595,1.24380207147466,0.108655783223529,0.697666740080199,0.212955433461486,1.15634222952541,3.22438506894447,1.14014099019792,1,1,Inf,0.99375
"AR 1.00 - 2x",3,1.874282555664,0.304174185638484,1.39170309460863,0.163775802896107,0.577967986286429,0.214774876303313,1.21161027175457,3.3687909055694,1.09496814999827,1,1,Inf,0.99375
"AR 1.00 - 2x",4,2.12227164545597,0.359440744718442,1.54496218087745,0.214133705000505,0.487470750395936,0.220422885947998,1.25361885078945,3.50756929981917,1.06763375395227,1,1,Inf,0.99375
"AR 1.00 - 2x",5,2.37505902804999,0.407417771547675,1.70678684305784,0.261116550374313,0.418922357726133,0.229293215259264,1.27920864098988,3.62420742298647,1.06092798077308,1,1,Inf,0.99375
"AR 1.00 - 2x",6,2.64938715019899,0.45196277684845,1.88381368061064,0.306473919086025,0.366008606976312,0.240458374270675,1.28725520061091,3.70587053656786,1.07667847455969,1,1,Inf,0.99375
"AR 1.00 - 2x",7,2.962616809809,0.495283017260404,2.08479190290252,0.35165804924534,0.324140014344317,0.252914296872331,1.27820298636133,3.74419563053407,1.11588108233166,1,1,Inf,0.99375
"AR 1.00 - 2x",8,3.33013716106742,0.53812086647459,2.31947963186405,0.397495926529634,0.290391724357701,0.265588823510883,1.25581978165803,3.73801871916261,1.17523753858806,1,1,Inf,0.99375
"AR 1.00 - 2x",9,3.76376859854438,0.580164326073453,2.59793696297905,0.44412589198227,0.262942706595042,0.277417384798518,1.22849698058612,3.69795417105147,1.24188291510074,1,1,Inf,0.99375
"AR 1.00 - 2x",10,4.2702650047993,0.620512441370837,2.93001450229944,0.491096025515986,0.240559528070843,0.284360654365578,1.20493390847857,3.64435279029781,1.29925087698054,1,1,Inf,0.99375
"AR 1.00 - 2x",11,4.25403615673768,0.619340267113457,3.21810310845017,0.525853221559857,0.259013809409347,0.281302055005625,1.06578427186713,3.50563280056381,1.3732396192718,1,1,Inf,0.98125
"AR 1.00 - 2x",12,4.71506042226186,0.650047444431313,3.61151921687934,0.566303444496232,0.265041568208388,0.28562147185519,1.04711061057518,3.44326748126539,1.41270823532174,1,1,Inf,0.98125
"AR 1.00 - 2x",13,5.21802824683142,0.678354629376417,4.06493795430247,0.605128430388554,0.25858111301266,0.289366747253234,1.04384135094549,3.41813582282355,1.42810548215062,1,1,Inf,0.34375
"AR 1.00 - 2x",14,5.7542561643591,0.703890413491627,4.57524109057925,0.641271118592612,0.24838316425276,0.264498020494947,1.04633577578318,3.41247623739772,1.43514006604145,1,1,Inf,0.33125
"AR 1.00 - 2x",15,6.33434112800774,0.727310202089923,5.15641693436737,0.675135712652067,0.237546221594295,0.249093074832395,1.05119609946212,3.41789465961457,1.43974291933471,1,1,Inf,0.33125
"AR 1.00 - 2x",16,6.96578061513942,0.748926050486642,5.8247424458152,0.706948648116918,0.227148723231693,0.240259389941447,1.05695444418838,3.42928449201377,1.44362304351652,1,1,Inf,0.33125
"AR 1.00 - 2x",17,7.64991281257647,0.76878379663063,6.5943281612789,0.736645565278918,0.217554462269896,0.235002432350345,1.06289984859711,3.44366539266225,1.44763312431944,1,1,Inf,0.33125
"AR 1.00 - 2x",18,8.38324115432424,0.786854034005264,7.47541763781576,0.764023428051927,0.208847881895302,0.231841847971579,1.06900725118601,3.45965053077926,1.45165182322338,1,1,Inf,0.33125
"AR 1.00 - 2x",19,9.15991709236527,0.803147999947469,8.47435878535451,0.788903920010755,0.200994687714958,0.229986449539669,1.07550859320465,3.47710664835653,1.45460308205348,1,1,Inf,0.33125
"AR 1.00 - 2x",20,9.97372936229142,0.817746553248113,9.5943132733334,0.811219477053399,0.193914001331443,0.228972934511283,1.08227002773222,3.49601382045239,1.45642023526483,1,1,Inf,0.33125
"AR 1.00 - 2x",21,10.8191004765971,0.830782384500396,10.8360417938606,0.831024591258421,0.187513996047637,0.228509739821299,1.08895039059672,3.51586278776935,1.45796545400064,1,2,Inf,0.33125
"AR 1.00 - 2x",22,11.6913686943549,0.842412583846092,12.1984974253586,0.848467599337683,0.181707357040687,0.228394882476378,1.0953811751924,3.53601679328331,1.45986303805902,1,2,Inf,0.34375
"AR 1.00 - 2x",23,12.5868321869389,0.852798652954394,13.6792589489567,0.86375334020917,0.176415083891337,0.2283532169431,1.10175916950556,3.55624520396534,1.46175939506793,1,2,Inf,0.34375
"AR 1.00 - 2x",24,13.5025935484138,0.862093632195963,15.2748396079014,0.877110924089906,0.171567974348049,0.228494366202891,1.10830252364454,3.57674428600509,1.46284726443948,1,2,Inf,0.34375
"AR 1.00 - 2x",25,14.4359967824979,0.870432727592448,16.9806897760316,0.888769561962744,0.167109850453697,0.228785079306344,1.11494714296166,3.59760820020395,1.46315025529964,1,2,Inf,0.34375
"AR 1.00 - 2x",26,15.3840541555071,0.877930090988637,18.7908972730855,0.898943439885372,0.162996889322435,0.229163663222458,1.12154177070434,3.6186714774961,1.46311191101692,1,2,Inf,0.34375
"AR 1.00 - 2x",27,16.3432952114724,0.88468166080244,20.697928797874,0.907825303574783,0.159193105693773,0.229592215937663,1.12795925255599,3.63967016220952,1.46307670434921,1,2,Inf,0.34375
"AR 1.00 - 2x",28,17.309933843708,0.8907696763368,22.6926444698111,0.91558561550407,0.155667104924851,0.230036564102553,1.13407750433805,3.66032075170875,1.46335367115153,1,2,Inf,0.34375
"AR 1.00 - 2x",29,18.280123968919,0.896266227166166,24.764574111513,0.922374032214012,0.152391318081546,0.230415501053092,1.13981335561366,3.68036458897084,1.46419394720915,1,2,Inf,0.34375
"AR 1.00 - 2x",30,19.250163633115,0.901235365983442,26.9023439272133,0.928321434026573,0.149341670300867,0.230783527239537,1.14524206579595,3.69969750651958,1.46554648751684,1,2,Inf,0.35625
"AR 1.00 - 2x",31,20.2165704458912,0.90573405795717,29.0941296767119,0.933541856119943,0.146496539815511,0.231133560172954,1.15061457910897,3.71849571347601,1.46685279766868,1,2,Inf,0.35625
"AR 1.00 - 2x",32,21.1760306032638,0.909812534272673,31.3280341162686,0.938134190504534,0.143836540825751,0.231489272440865,1.15612804159351,3.7370891689605,1.46750227318466,1,2,Inf,0.35625
"AR 1.00 - 2x",33,22.1253355712581,0.9135147685171,33.5923488622435,0.942183746817408,0.141345404373556,0.231862220474622,1.16177134306366,3.75566709303281,1.46743714013625,1,2,Inf,0.35625
"AR 1.00 - 2x",34,23.0614491726589,0.91687948694825,35.8757594581082,0.945763828884066,0.139009942717135,0.232237722047403,1.16743315067396,3.77419821692836,1.46698404316437,1,2,Inf,0.35625
"AR 1.00 - 2x",35,23.9816888554164,0.919941361387728,38.1675782183333,0.948937358627298,0.136818624840438,0.232587260575099,1.17301861161472,3.79255612019069,1.46642061339929,2,2,1.06734562593831,0.35625
"AR 1.00 - 2x",36,24.8838652886627,0.922731787633124,40.4579847649999,0.951758388369893,0.134760425261868,0.232857941028389,1.17846822435701,3.81061735451478,1.46589060783801,2,2,1.06543918525533,0.35625
"AR 1.00 - 2x",37,25.7663985487986,0.925279450787758,42.7382539592986,0.954273437575694,0.132824487035369,0.23310069592436,1.18374280808808,3.82829034282355,1.46549131347211,2,2,1.0637690825173,0.35625
"AR 1.00 - 2x",38,26.6284350150699,0.927610811147678,45.0009981203721,0.956522682512963,0.131000134940268,0.233316435806018,1.18881237956599,3.84550725005524,1.46534316369585,2,2,1.06240604124711,0.35625
"AR 1.00 - 2x",39,27.4698231898425,0.929750178402458,47.2403354071919,0.958540918442664,0.129277355163072,0.233482134201151,1.19370072699245,3.86223846758235,1.46550781291999,2,2,1.06138478272033,0.36875
"AR 1.00 - 2x",40,28.2909851291562,0.931719606179814,49.4519168170242,0.960358295062337,0.127647344163009,0.233620832995712,1.19853673219902,3.87857310720669,1.46572704387978,2,2,1.06069847743633,0.36875
"AR 1.00 - 2x",41,29.0928037004111,0.933538927781173,51.6328697594759,0.962000931943485,0.126102237971891,0.233723492900245,1.20343397098278,3.89469857806997,1.46561142082076,2,2,1.060326585873,0.36875
"AR 1.00 - 2x",42,29.8763417767763,0.935225487058693,53.7815726674465,0.963491373054566,0.124634624161601,0.233794028759141,1.20839923892513,3.91074762627429,1.46509418647509,3,2,1.06022832672859,0.36875
"AR 1.00 - 2x",43,30.6421917509968,0.9367932532696,55.8969889520409,0.964848754972151,0.123238099009033,0.233845160858306,1.21338693694059,3.92674176121062,1.46433305081344,3,2,1.06033586383912,0.36875
"AR 1.00 - 2x",44,31.3898647305942,0.938252289207281,57.9776876646422,0.966088870567928,0.121908032440476,0.23387325734338,1.21834277609189,3.94262805664354,1.46348270042547,3,2,1.06057866726248,0.36875
"AR 1.00 - 2x",45,32.1177953420123,0.939609506630931,60.0212068322382,0.967224509251374,0.120641178002664,0.233858788244667,1.22320185125416,3.95829898880102,1.46264776843676,3,2,1.0609042736423,0.36875
"AR 1.00 - 2x",46,32.8239948672921,0.940870378917483,62.0242246848138,0.968266170508212,0.119434578648418,0.233824240383684,1.22790452543757,3.97361915027055,1.46188721072546,3,2,1.06128708463549,0.36875
"AR 1.00 - 2x",47,33.5069372971393,0.942040640037741,63.9834185328065,0.969222918012688,0.118284533473922,0.23376670650907,1.23240851067289,3.98847608991717,1.46122065167687,3,2,1.06173191372533,0.36875
"AR 1.00 - 2x",48,34.1662271790443,0.943127251330737,65.8965088088744,0.970103073604124,0.117186156065825,0.233690354439403,1.23669032177909,4.00280928338124,1.46067204610538,3,2,1.06225515488297,0.36875
"AR 1.00 - 2x",49,34.8027784971638,0.94413841372232,67.762978270709,0.970914581504508,0.116133555337404,0.233591926725379,1.24074851657555,4.01662091497943,1.46029084899265,3,2,1.06285686898472,0.36875
"AR 1.00 - 2x",50,35.4182400292599,0.945082464215923,69.5839758461379,0.971664956868402,0.115120228676742,0.233462222434382,1.24459046663487,4.0299450924781,1.46015510366832,3,2,1.06352507290299,0.38125
"AR 1.00 - 2x",51,36.0140153644893,0.945966413524571,71.361318115134,0.972360923597083,0.11413930706501,0.233288860990727,1.24824892996606,4.04282368118423,1.4603141363094,3,2,1.06426828592431,0.38125
"AR 1.00 - 2x",52,36.590945198355,0.946795698021248,73.0965197831562,0.973008178982589,0.11318289501882,0.233060188188736,1.25180498690837,4.05533677942073,1.46063338177037,3,2,1.06511451544667,0.38125
"AR 1.00 - 2x",53,37.1500319191713,0.947575404281773,74.790894131536,0.973611605682749,0.112240307502243,0.232765044279931,1.25530438997619,4.06758442970594,1.46090769676597,3,2,1.06608493494835,0.38125
"AR 1.00 - 2x",54,37.6932176342091,0.948311354746787,76.4464420031816,0.974175701965523,0.111295780462704,0.232372533981885,1.25869084450708,4.07958531993317,1.46120301506574,3,2,1.06718326760411,0.38125
"AR 1.00 - 2x",55,38.2232068729157,0.949009778662921,78.0662283472935,0.974704750159384,0.110325972471485,0.231826218685313,1.26189366526563,4.09126430370954,1.46178457663503,3,2,1.06840639514089,0.38125
"AR 1.00 - 2x",56,38.7426176268522,0.949676188448929,79.6538380004931,0.975202667974861,0.10929966145146,0.231050657634804,1.26500508486501,4.1026044485748,1.46268420513519,3,2,1.06975674973066,0.38125
"AR 1.00 - 2x",57,39.2527332005831,0.950313932968631,81.2123446637515,0.975672753183479,0.108190635998426,0.230087355637212,1.26830034638252,4.11382906351968,1.46331557833388,3,2,1.07123982290088,0.38125
"AR 1.00 - 2x",58,39.7527752882411,0.950923587759259,82.7431768836012,0.976117457273207,0.107003915611353,0.229063798955822,1.27192015909107,4.12524233985981,1.46318286356879,3,2,1.07286448320644,0.38125
"AR 1.00 - 2x",59,40.2409949698456,0.951504564779236,84.2459542694986,0.976538476023423,0.105779439222369,0.228067176385195,1.2757976182301,4.13694063109361,1.46241835573722,3,2,1.07464384054481,0.38125
"AR 1.00 - 2x",60,40.7161668484054,0.952056956544739,85.7194998796372,0.976937136367531,0.104566934546873,0.227099861534997,1.27981202872186,4.14882454385345,1.46131764226717,3,2,1.07658413055934,0.38125
"AR 1.00 - 2x",61,41.1777219734018,0.952581602172321,87.1627587183898,0.977314684464577,0.10339979206285,0.22612685240362,1.28383813854893,4.16070634705144,1.46010342246128,3,2,1.07868114087166,0.38125
"AR 1.00 - 2x",62,41.6246411855553,0.953078783905921,88.5744980118721,0.977672216485825,0.102302094284466,0.225166376166856,1.28774837671789,4.17236030423916,1.4589744280953,3,2,1.08093058965639,0.38125
"AR 1.00 - 2x",63,42.0569067346527,0.953549844805958,89.9540108633505,0.978010865260194,0.101301353330451,0.224227191133674,1.29145327959513,4.18357825050646,1.45812616239571,3,2,1.08333132747606,0.38125
"AR 1.00 - 2x",64,42.4767594055755,0.953998411396239,91.3030961781558,0.978332254465877,0.100416524689929,0.223282727428306,1.29499102276376,4.19427760989675,1.45758657278903,3,2,1.08587674800335,0.38125
"AR 1.00 - 2x",65,42.8860268142664,0.954427407874849,92.6252148525483,0.978638233267076,0.09966154100777,0.222321558598771,1.29851648177151,4.20458071578317,1.45703353968166,3,2,1.08855579855433,0.38125
"AR 1.00 - 2x",66,43.2830521898698,0.95483599478589,93.9217922256159,0.978930022778686,0.0990699954016651,0.221371786026131,1.30211483723396,4.21469067808148,1.45621590223883,3,2,1.09136239874603,0.39375
"AR 1.00 - 2x",67,43.6643135452801,0.955221521585182,95.190957868089,0.979208024908717,0.0987015612953543,0.220442447443204,1.30576307034863,4.2247127622434,1.45524012150411,3,2,1.09429440535299,0.39375
"AR 1.00 - 2x",68,44.0267346666561,0.955581944486837,96.4296232206202,0.979472362368977,0.09863389567817,0.219523282436913,1.30942815670535,4.2346546916128,1.45428611819536,3,2,1.09735051855228,0.39375
"AR 1.00 - 2x",69,44.368429845606,0.95591648186181,97.6350403778475,0.979723230280654,0.098951848707756,0.218605625928499,1.31313512225081,4.24452371131587,1.45336094440768,3,2,1.10052761024604,0.39375
"AR 1.00 - 2x",70,44.690184987913,0.956226922685275,98.8059140243915,0.97996110731964,0.099631936433977,0.217676006734453,1.3169470479431,4.25438456261663,1.4522797552064,3,2,1.10381321024799,0.39375
"AR 1.00 - 2x",71,44.9947968377994,0.95651682065141,99.9431002637239,0.980186857796374,0.100475292923087,0.216722647480174,1.32088705403803,4.26431721916884,1.4509128130336,3,2,1.10718506899973,0.39375
"AR 1.00 - 2x",72,45.283508971763,0.956788064595098,101.048179271415,0.980401414172411,0.101332077387258,0.215775336194752,1.32492703193157,4.27435745619454,1.44931388334306,3,2,1.11062868085483,0.39375
"AR 1.00 - 2x",73,45.5551450614864,0.957040194003078,102.121320773324,0.980605368657018,0.102219441188136,0.21485783565125,1.32902140668596,4.28449277414434,1.44760970325326,3,2,1.11404825853004,0.39375
"AR 1.00 - 2x",74,45.8092508387856,0.957273402924389,103.162307676223,0.980799196517259,0.103246336215016,0.213960793892903,1.33313103488105,4.29468734875987,1.44590161133141,2,2,1.11732015699585,0.39375
"AR 1.00 - 2x",75,46.0495987995764,0.957491667282442,104.174465318392,0.980983977489732,0.104495712117605,0.213057646029871,1.33722872176608,4.30490451595746,1.44425531188289,2,2,1.12069963643067,0.39375
"AR 1.00 - 2x",76,46.2833923263505,0.957701850446855,105.166400435107,0.981161648206935,0.105931058863565,0.212147666149292,1.3412944320662,4.3151118197345,1.44273646307615,2,2,1.12421421207428,0.39375
"AR 1.00 - 2x",77,46.5164387526611,0.957909303548385,106.148021712535,0.981334233072769,0.107390016818681,0.211257230901824,1.34533112573847,4.32528940882648,1.44139116322132,2,2,1.12788303071686,0.39375
"AR 1.00 - 2x",78,46.7498179937247,0.958115023595214,107.125129804853,0.981502912379299,0.108763453884628,0.210392078731221,1.34938996437226,4.33546089607943,1.44012794366393,2,2,1.13170167328697,0.39375
"AR 1.00 - 2x",79,46.9807205189166,0.958316590947993,108.097576187671,0.981667787040845,0.110089651007834,0.209531416742332,1.35353109933273,4.34569885585012,1.43873536044233,2,2,1.1356382739654,0.39375
"AR 1.00 - 2x",80,47.2048845184703,0.95851042855971,109.060829380808,0.981828230704313,0.111449511783349,0.208666384220226,1.35776379007166,4.35606938738872,1.43712165683054,2,2,1.13964710741112,0.39375
"AR 1.00 - 2x",81,47.418570178129,0.958693534471544,110.008935913239,0.981983432382749,0.11288807157485,0.207809124292334,1.36206170046115,4.3665926142344,1.43535269197495,2,2,1.14368971578614,0.39375
"AR 1.00 - 2x",82,47.6201317761138,0.958864776236938,110.937421999484,0.982132874205293,0.114475539419607,0.206957310084053,1.3663998100162,4.37725677322889,1.4335184874975,2,2,1.14774795126198,0.39375
"AR 1.00 - 2x",83,47.8109744025369,0.959025607980978,111.845097088872,0.982276589310523,0.116210132555449,0.20611623108368,1.37076530391315,4.3880440688886,1.43166895374917,2,2,1.15182239840816,0.39375
"AR 1.00 - 2x",84,47.9937687888531,0.959178482295997,112.733774363074,0.982415074051659,0.117965894167432,0.205305494730096,1.37515404627661,4.39894335931971,1.42982039679583,2,2,1.15592284091707,0.39375
"AR 1.00 - 2x",85,48.1703286070915,0.959325063373452,113.606269096171,0.98254894766427,0.119647266970779,0.204526745201688,1.37956656187876,4.40995396605275,1.4279730295764,2,2,1.1600607933335,0.40625
"AR 1.00 - 2x",86,48.3409303697374,0.959465701497459,114.464400225519,0.982678643840927,0.121226330716407,0.203777047048676,1.38400130039809,4.42108247658818,1.42612579308646,2,2,1.16424431964792,0.40625
"AR 1.00 - 2x",87,48.5046668559257,0.959599768526458,115.308263735934,0.982804317287886,0.122717964945224,0.203055667437576,1.38844982724993,4.43233426770504,1.4242882001897,2,2,1.16847434569874,0.40625
"AR 1.00 - 2x",88,48.6602231340225,0.959726318695701,116.136782756665,0.982925943901373,0.124176592847456,0.202344717737796,1.39290022632389,4.44370784914741,1.42247940997662,2,2,1.17274497175322,0.40625
"AR 1.00 - 2x",89,48.8060428192706,0.959844230001221,116.948284015135,0.983043415877561,0.125706432986672,0.20162809344624,1.39734335953132,4.45519552820583,1.42071730496899,2,2,1.17704825042359,0.40625
"AR 1.00 - 2x",90,48.940971517216,0.95995272139809,117.740828583367,0.983156593870357,0.127416066982318,0.20089346063624,1.40177497499983,4.46678601787877,1.41901021192503,2,2,1.18138017746422,0.40625
"AR 1.00 - 2x",91,49.0652474709219,0.96005212994979,118.512963869993,0.983265413765693,0.129285802151019,0.200154100090367,1.40619242582765,4.47846545494443,1.41735990778337,2,2,1.18574101907651,0.40625
"AR 1.00 - 2x",92,49.1802346441822,0.960143669829733,119.264557598087,0.983369996614599,0.131176525348172,0.199437062207152,1.41058952992314,4.49021738417888,1.41577412398912,2,2,1.19013031619182,0.40625
"AR 1.00 - 2x",93,49.2876051805538,0.96022876824579,119.997033725817,0.983470669169196,0.132986432796631,0.198751963939804,1.41495472457943,4.50202320062716,1.41427241699306,2,2,1.1945425134117,0.40625
"AR 1.00 - 2x",94,49.3888902174316,0.960308711079568,120.712930563463,0.983567892164447,0.134703089079848,0.19809437747853,1.41927235524867,4.51386290843449,1.41288000457332,2,2,1.19896487699737,0.40625
"AR 1.00 - 2x",95,49.4851124824195,0.960384360821292,121.415021691685,0.983662135803585,0.136349336872532,0.197462208318493,1.42352368826186,4.52571507812242,1.41162533089245,2,2,1.20337782819782,0.40625
"AR 1.00 - 2x",96,49.5766334514905,0.960456047318407,122.105474179413,0.983753768763481,0.1379724729013,0.196848535199117,1.42768821762821,4.53755616981223,1.41054748900955,2,2,1.20775888008574,0.40625
"AR 1.00 - 2x",97,49.6637474504479,0.960524041338314,122.785605230363,0.983843032505451,0.139621526984336,0.196240933756386,1.43175210240783,4.5493632288302,1.40969418220081,2,2,1.21208814043146,0.40625
"AR 1.00 - 2x",98,49.7472229168611,0.960588976400214,123.456400253975,0.983930115318146,0.14128990530848,0.195632831040193,1.43572969652728,4.56112875976362,1.40907856262363,2,2,1.21635026602838,0.40625
"AR 1.00 - 2x",99,49.828226534477,0.960651784719591,124.119140390751,0.984015235448758,0.142937471487204,0.195021159434297,1.43968146627887,4.57288605049228,1.4086055863977,2,2,1.22053410206016,0.40625
"AR 1.00 - 2x",100,49.9077181634527,0.960713226360324,124.775370543936,0.984098635596535,0.144526602121192,0.194405094568208,1.44369200486327,4.5847142715852,1.4080733122687,2,2,1.22463423292744,0.40625
"AR 1.00 - 2x",101,49.9855243907062,0.960773179762282,125.426063622732,0.984180477168314,0.146069471325084,0.193782650469839,1.44781759547304,4.59670050035787,1.4073010539662,2,2,1.22865387362383,0.40625
"AR 1.00 - 2x",102,50.0602606880616,0.960830595593343,126.070788478055,0.984260741402849,0.147654035184678,0.193147507162472,1.45206266944476,4.60889195672585,1.40624592572234,2,2,1.2326062754242,0.40625
"AR 1.00 - 2x",103,50.1303632224347,0.960884298996678,126.707746139967,0.984339242838034,0.14936929526553,0.19249833862263,1.45640088928769,4.62128451224961,1.40497544541526,2,2,1.23651191264622,0.40625
"AR 1.00 - 2x",104,50.1950354358271,0.960933711970822,127.334659320086,0.98441574543778,0.151202493653214,0.191849924489289,1.4607978938625,4.63384020986313,1.40358208595982,2,2,1.24039049428295,0.40625
"AR 1.00 - 2x",105,50.2541871788018,0.960978797829279,127.949703523641,0.984490076786928,0.153049595224299,0.191227077870833,1.46522351674639,4.64650962634813,1.40214048704128,2,2,1.24425203321698,0.40625
"AR 1.00 - 2x",106,50.3079154885761,0.961019659813595,128.551868498803,0.984562167854658,0.154810274702369,0.19064778147337,1.46966025978716,4.65925420004826,1.4006943401285,2,2,1.24809195146714,0.40625
"AR 1.00 - 2x",107,50.3562325660494,0.961056333378275,129.140829915459,0.984632032842427,0.15645483091085,0.190110821619531,1.47410050935083,4.67205687736385,1.39925764461672,2,2,1.2518914256141,0.40625
"AR 1.00 - 2x",108,50.3990814449534,0.961088798792213,129.716608999913,0.98469972549547,0.158023578073147,0.18960016267538,1.47853607294965,4.68491331752229,1.39783022792454,2,2,1.25562299114902,0.41875
"AR 1.00 - 2x",109,50.4366881739597,0.961117247804992,130.279376570969,0.984765314611935,0.159567453500606,0.189105145668035,1.48295493206134,4.69781732003251,1.39641289209078,2,2,1.259259186798,0.41875
"AR 1.00 - 2x",110,50.4697861016546,0.961142251571632,130.829645236833,0.984828905543916,0.161075961919961,0.188625521136424,1.4873483502911,4.71075814989653,1.39500722316862,2,2,1.26277850898168,0.41875
"AR 1.00 - 2x",111,50.4990992355563,0.961164369286305,131.368403159641,0.984890654021202,0.162514085302443,0.18816395557163,1.49171560277055,4.72372787888678,1.39360907748278,2,2,1.26616736090739,0.41875
"AR 1.00 - 2x",112,50.524968008066,0.961183867213912,131.896819557661,0.984950730900432,0.16390079182437,0.187714240341116,1.49606048050985,4.73672462816669,1.39221050579062,2,2,1.26942104363929,0.41875
"AR 1.00 - 2x",113,50.5475624044545,0.961200881153069,132.41589244098,0.985009282152164,0.165283090857766,0.187269162454721,1.5003844211579,4.74974751869971,1.39080870657904,2,2,1.27254364876764,0.41875
"AR 1.00 - 2x",114,50.5671174078238,0.961215594345079,132.926435923423,0.9850664285493,0.166688468314486,0.18682666995671,1.50468269385067,4.76278936773058,1.38941273663879,2,2,1.27549433112815,0.41875
"AR 1.00 - 2x",115,50.58410127716,0.961228363963267,133.429388107484,0.98512230079928,0.168135011855172,0.186384202560211,1.50894735660013,4.77583399268654,1.38803975927075,2,2,1.27815422649249,0.41875
"AR 1.00 - 2x",116,50.5993839986241,0.961239847358384,133.926128750647,0.985177074162587,0.169638217223958,0.18593651307534,1.51317336513577,4.7888598303696,1.38670380545484,2,2,1.28070545127917,0.41875
"AR 1.00 - 2x",117,50.6141430661103,0.961250930826493,134.418467701015,0.985230965658128,0.171185276241957,0.185480882619196,1.51736148836231,4.80184602742796,1.38540876709015,2,2,1.28317022381934,0.41875
"AR 1.00 - 2x",118,50.6294284359045,0.961262402846801,134.908271051917,0.985284192164905,0.172735871179485,0.18501830884929,1.52151658863968,4.81477665595415,1.38415051685158,2,2,1.28557119864452,0.41875
"AR 1.00 - 2x",119,50.6458711495394,0.961274735898848,135.397032446341,0.985336924388096,0.174257903430374,0.184550497670658,1.52564375944161,4.82764147766542,1.38292362606488,2,2,1.28792819712618,0.41875
"AR 1.00 - 2x",120,50.6636576317434,0.961288068021511,135.885650944618,0.985389264790002,0.17573363784533,0.18408222193098,1.52974523184656,4.84043431993865,1.38172649752008,2,2,1.29025428186815,0.41875
"AR 1.00 - 2x",121,50.6824198511545,0.961302121577124,136.374308637568,0.985441237012689,0.177158841783886,0.183621015918298,1.53381984797455,4.85315141791578,1.38056142631022,2,2,1.29255286112532,0.41875
"AR 1.00 - 2x",122,50.7012460771869,0.961316212823689,136.862374611973,0.985492778536354,0.178552663847376,0.183172433701592,1.53786431462825,4.86579064606319,1.3794313890054,2,2,1.29481801523591,0.41875
"AR 1.00 - 2x",123,50.7189428599268,0.961329449338964,137.348452512424,0.985543748674598,0.179946359997934,0.182739546105338,1.54187471458442,4.87835101724542,1.37833791904164,2,2,1.29703697322818,0.41875
"AR 1.00 - 2x",124,50.7343569760428,0.961340971128216,137.830626608006,0.985593956831679,0.181358049376235,0.182324733793223,1.54584770764731,4.89083244241832,1.37728061509832,2,2,1.29919220461991,0.41875
"AR 1.00 - 2x",125,50.7465936248912,0.96135011292728,138.306838795626,0.985643203038049,0.182792816196076,0.18192746337717,1.54978070217728,4.903235716713,1.37625794206167,2,2,1.30126294946523,0.41875
"AR 1.00 - 2x",126,50.7553588048786,0.961356658591816,138.775382569435,0.985691328735899,0.184248382636183,0.181544142463119,1.553670835306,4.91556172752589,1.3752697029942,2,2,1.30322780337711,0.41875
"AR 1.00 - 2x",127,50.7612091079705,0.961361026249829,139.235488256447,0.98573827477719,0.185688961966031,0.181175704321551,1.55751338826817,4.92780986351855,1.37432005181575,2,2,1.305067405128,0.41875
"AR 1.00 - 2x",128,50.7651742794987,0.961363985964748,139.68760464992,0.985784106531796,0.187055688035205,0.180827565555438,1.56130095734191,4.93997681561082,1.37341884472414,2,2,1.30676601355972,0.41875
"AR 1.00 - 2x",129,50.7682200926594,0.961366259136972,140.133129686367,0.985828982858635,0.188326458898391,0.180499627268306,1.56502415832785,4.95205606388614,1.37258042905253,2,2,1.30831266969763,0.41875
"AR 1.00 - 2x",130,50.7712307514133,0.96136850580966,140.574017938458,0.98587311408461,0.189529682878104,0.180184731543937,1.56867313080798,4.964037720716,1.3718219989855,2,2,1.30970193662966,0.41875
"AR 1.00 - 2x",131,50.7751228199394,0.961371409837974,141.012543588087,0.985916737004577,0.19069856608457,0.179877281998639,1.57223984924298,4.97590952870545,1.37116175589642,2,2,1.31093322823933,0.41875
"AR 1.00 - 2x",132,50.7804895470798,0.961375413452174,141.45081152297,0.985960065944043,0.191840304363463,0.179576849691765,1.57572332795672,4.98766098707747,1.3706101274419,2,2,1.31200877009647,0.41875
"AR 1.00 - 2x",133,50.7870395552867,0.961380298677532,141.889815854294,0.986003201221566,0.192951127613771,0.179284460774717,1.57913760151752,4.99929156011752,1.37014793833927,2,2,1.31293180079905,0.41875
"AR 1.00 - 2x",134,50.7934834938213,0.961385103586659,142.328618831459,0.986046052656435,0.194035118634819,0.179000900731128,1.58251267908311,5.01081808656461,1.36971081804063,2,2,1.31370633672251,0.41875
"AR 1.00 - 2x",135,50.7980682664954,0.961388521484813,142.764410991423,0.986088351169753,0.195097962943707,0.17872499468246,1.58587899474843,5.02227030154253,1.36921919141885,2,2,1.31433818662012,0.43125
"AR 1.00 - 2x",136,50.7997218934236,0.961389754097233,143.193949363118,0.986129792485512,0.196137992758052,0.178456076133848,1.58924900458653,5.03367306903171,1.36863273855443,2,2,1.31483593395292,0.43125
"AR 1.00 - 2x",137,50.7995219219377,0.961389605042803,143.616394106144,0.986170309304407,0.197150633975393,0.178193004177274,1.59261446919286,5.04503124408573,1.36796400955282,2,2,1.31521083025293,0.43125
"AR 1.00 - 2x",138,50.8010774995067,0.961390764506413,144.035904709097,0.986210311136326,0.198140432309321,0.177933008378552,1.59595772246175,5.05633005736809,1.36725271731643,2,2,1.3154757743084,0.43125
"AR 1.00 - 2x",139,50.8086402542258,0.961396400480963,144.460854328982,0.98625059635992,0.19912896479722,0.177671296595317,1.59926559026513,5.06754829838846,1.36653739761887,2,2,1.31564445202708,0.43125
"AR 1.00 - 2x",140,50.8246651529217,0.961408337244467,144.899516111628,0.986291935344941,0.20014820603307,0.177401681713275,1.60253533731197,5.0786708700272,1.36584074774169,2,2,1.31573138689646,0.43125
"AR 1.00 - 2x",141,50.8491347828596,0.961426550156028,145.356265274649,0.98633471552279,0.201228517082732,0.177118135230609,1.60577156869692,5.08969114858982,1.36516972424132,2,2,1.31575290715303,0.43125
"AR 1.00 - 2x",142,50.8804583818884,0.961449839450567,145.830921607078,0.986378890916778,0.202392390869966,0.176816237247666,1.60898034614697,5.10060603452763,1.36452345154645,2,2,1.31572832051287,0.43125
"AR 1.00 - 2x",143,50.9166950373038,0.961476746573276,146.320339920108,0.986424142103632,0.203646673436902,0.176495164875979,1.6121641764242,5.11141018616077,1.36390206393124,2,2,1.31567981364247,0.43125
"AR 1.00 - 2x",144,50.9563691832584,0.961506163124185,146.820434247811,0.986470070865527,0.204967049616933,0.176160636362291,1.61531942214549,5.12209324590557,1.36331310428185,2,2,1.31562931231981,0.43125
"AR 1.00 - 2x",145,50.9986597066226,0.961537470171654,147.327575544681,0.986516330543018,0.206293526083343,0.175824880004811,1.61843778435883,5.13264250835072,1.36277264351016,2,2,1.3155923089602,0.43125
"AR 1.00 - 2x",146,51.0431247218053,0.961570332091109,147.839099536827,0.986562670654258,0.207557508767598,0.175500497038286,1.6215102317953,5.14304979711051,1.36230097092724,2,2,1.31557228357303,0.43125
"AR 1.00 - 2x",147,51.0893868915443,0.961604462648712,148.353171961691,0.986608921834529,0.20871719844613,0.175193879303489,1.62453040390516,5.15331672312242,1.3619163573426,2,2,1.31555972622731,0.43125
"AR 1.00 - 2x",148,51.1369914914579,0.961639520371487,148.8684333493,0.986654961586617,0.209766814531013,0.174904468733867,1.62749874958534,5.16345608012501,1.36162594091366,2,2,1.31553570776228,0.43125
"AR 1.00 - 2x",149,51.1854066023718,0.961675109379926,149.383706878574,0.986700686919395,0.210726429221041,0.174627500398308,1.63042822258661,5.17349278971225,1.36140989502586,2,2,1.31547745604287,0.43125
"AR 1.00 - 2x",150,51.2341148874759,0.961710847320598,149.897871674116,0.986746002592274,0.21162223562243,0.174357689128644,1.63334390638715,5.18346409128193,1.36121159878006,2,2,1.31536300775834,0.43125
"AR 1.00 - 2x",151,51.2826446299706,0.961746388038421,150.409854303429,0.986790820127255,0.212472716136247,0.17409107708717,1.63626892866298,5.19341120078767,1.36096170473227,2,2,1.31517353753643,0.43125
"AR 1.00 - 2x",152,51.3305503849469,0.961781407126662,150.918642975244,0.986835058812855,0.213294246338642,0.17382373114946,1.63920882443325,5.20336158667632,1.36062183243548,2,2,1.31489468256536,0.43125
"AR 1.00 - 2x",153,51.3774579428199,0.961815634462761,151.423307747464,0.986878647173084,0.214102666205096,0.173552149105516,1.64215252827805,5.21331753713775,1.36019589326563,2,2,1.31451745846985,0.43125
"AR 1.00 - 2x",154,51.4230725476576,0.961848859618409,151.923016743068,0.986921524028261,0.214901008988655,0.173276338977125,1.64508579189468,5.22326246775719,1.35970726606204,2,2,1.31403764462439,0.43125
"AR 1.00 - 2x",155,51.4670420135942,0.961880831789949,152.41699191352,0.986963634372864,0.215678397885273,0.17300077974398,1.64800045697323,5.23317590926768,1.35917746187327,2,2,1.31345370835235,0.43125
"AR 1.00 - 2x",156,51.5088219527532,0.96191116224623,152.904411306885,0.98700492089202,0.216429696331791,0.172731133904115,1.65089405096352,5.24304252845681,1.35862046256121,2,2,1.31276512035544,0.43125
"AR 1.00 - 2x",157,51.5477571814227,0.961939384147359,153.384377044885,0.987045321305934,0.21717037521772,0.172470215818747,1.65376544117512,5.25285186494205,1.35804536604885,2,2,1.31197222058857,0.43125
"AR 1.00 - 2x",158,51.5833277410163,0.961965130661749,153.856025393477,0.987084777651253,0.217927871014878,0.172216835175834,1.65661207859175,5.26259413935888,1.35745951836136,2,2,1.31107689607224,0.43125
"AR 1.00 - 2x",159,51.6153369643298,0.961988269668293,154.318700075359,0.987123250458382,0.218720738265399,0.171967816922939,1.65943082604562,5.27225808976762,1.35686924264113,2,2,1.31008273927725,0.43125
"AR 1.00 - 2x",160,51.6439281783746,0.962008914053234,154.772075368024,0.987160728293086,0.219544732189094,0.171721143218481,1.66222053022421,5.28183300936515,1.35627843129717,2,2,1.30899410601576,0.43125
"AR 1.00 - 2x",161,51.6694731399713,0.962027339922598,155.216203349114,0.987197230779381,0.220377462079644,0.171477109452673,1.66498259819022,5.29131197687761,1.35568805997369,2,2,1.30781478841384,0.43125
"AR 1.00 - 2x",162,51.6924513106353,0.962043899073712,155.651526787378,0.987232808763399,0.221197086729685,0.171237061024985,1.66771919347014,5.30069245129406,1.35509817008459,2,2,1.30654751522173,0.43125
"AR 1.00 - 2x",163,51.7134130213035,0.962058992477081,156.078906689371,0.987267545705834,0.22199669764363,0.171001899105754,1.67043158706264,5.30997430627678,1.3545100685802,2,2,1.30519458308938,0.43125
"AR 1.00 - 2x",164,51.7330098618524,0.962073092257781,156.499660106302,0.987301559897652,0.222783589589764,0.17077145065495,1.67311984489377,5.31915774415095,1.35392671953021,2,2,1.3037589472658,0.43125
"AR 1.00 - 2x",165,51.7519911151098,0.962086739140598,156.915520314969,0.987335000410277,0.223568717892952,0.170544579633331,1.67578286119246,5.32824226252997,1.35335214572931,2,2,1.30224495149189,0.43125
"AR 1.00 - 2x",166,51.7711002637617,0.962100468059155,157.328427725995,0.987368029679034,0.224356949581917,0.17032029522201,1.67841814338612,5.33722625242758,1.35279119582266,2,2,1.30052196944201,0.43125
"AR 1.00 - 2x",167,51.790920354891,0.962114697251822,157.740184365316,0.987400795784656,0.225144049315294,0.170100000794637,1.68102228023787,5.34610719069104,1.35224899344366,2,2,1.29866748464269,0.43125
"AR 1.00 - 2x",168,51.8117668612505,0.962129651801757,158.152124553037,0.987433406838791,0.225920197191804,0.169884716768581,1.68359236989336,5.3548828587757,1.35172928405804,2,2,1.2967507224447,0.44375
"AR 1.00 - 2x",169,51.8336793644726,0.962145358338513,158.564939947812,0.987465918260903,0.226675621477536,0.16967487906651,1.68612708449463,5.36355290375193,1.35123314769268,2,2,1.29477546193504,0.44375
"AR 1.00 - 2x",170,51.85648774397,0.962161693192939,158.978688327184,0.987498334803761,0.227403457242168,0.16947011907371,1.68862657655249,5.3721194116357,1.35075955822615,2,2,1.29274416691073,0.44375
"AR 1.00 - 2x",171,51.8798912276165,0.962178439600203,159.392922342398,0.987530621857924,0.228099239865014,0.169269934268986,1.6910917010046,5.38058622508167,1.35030714095675,2,2,1.2906586984925,0.44375
"AR 1.00 - 2x",172,51.9035129835833,0.962195327168148,159.806855253567,0.987562719283041,0.22876026737345,0.169074369317165,1.69352314530527,5.38895771285195,1.34987580941089,2,2,1.28852096093153,0.44375
"AR 1.00 - 2x",173,51.9269397277976,0.962212060431116,160.219518838197,0.987594554217674,0.229386684560697,0.168884020719276,1.69592063110985,5.3972375878885,1.3494677584423,2,2,1.2863332848712,0.44375
"AR 1.00 - 2x",174,51.9497812315958,0.962228361411877,160.629918069705,0.987626053246296,0.229982478376969,0.168699523239685,1.69828209884423,5.40542788037074,1.3490880998205,2,2,1.28409853628065,0.44375
"AR 1.00 - 2x",175,51.9717669763757,0.962244038397059,161.037212110789,0.987657156193032,0.23055399846235,0.168521147964728,1.70060292010369,5.41352796667923,1.34874563648312,2,2,1.28181994846945,0.44375
"AR 1.00 - 2x",176,51.9928477172241,0.962259057851123,161.440924377815,0.987687831698444,0.231106600157272,0.168348936924057,1.70287568240935,5.42153379764224,1.34845345159901,2,2,1.27950068837626,0.44375
"AR 1.00 - 2x",177,52.0132369090645,0.962273573231707,161.841117910624,0.987718089720449,0.231642019091118,0.168183049238505,1.70509152565275,5.42943801398447,1.34822763095222,2,2,1.27714327691747,0.44375
"AR 1.00 - 2x",178,52.0333495438021,0.962287880791913,162.238430939921,0.987747983189473,0.232158797630469,0.168023636101627,1.70724378182353,5.43723199400989,1.34808180966267,2,2,1.27474914006123,0.44375
"AR 1.00 - 2x",179,52.053663316407,0.962302320424658,162.633915884264,0.987777594949115,0.232655371986187,0.167870344596319,1.70933333343119,5.44491043241323,1.34801655249936,2,2,1.27231858121637,0.44375
"AR 1.00 - 2x",180,52.0745763867663,0.962317174508835,163.028741557918,0.987807014910897,0.233133432185697,0.167722062109302,1.71137252700741,5.4524772558531,1.34800836090668,2,2,1.26985129161085,0.44375
"AR 1.00 - 2x",181,52.096327544174,0.962332611453474,163.423898098654,0.987836318058826,0.233599303788158,0.167577044455427,1.71338284466657,5.45994883944402,1.34801163110728,2,2,1.26734726433889,0.44375
"AR 1.00 - 2x",182,52.1189901497219,0.962348681811104,163.820018359129,0.987865551648938,0.234062605889627,0.167433125814986,1.71538619674229,5.46735022108499,1.34798009286422,2,2,1.26480778660088,0.44375
"AR 1.00 - 2x",183,52.1425089528218,0.96236534481698,164.2173406735,0.987894733132448,0.234533837946954,0.167287812105201,1.71739727844776,5.47470584532045,1.34788879736462,2,2,1.26223622731372,0.44375
"AR 1.00 - 2x",184,52.1667460383893,0.962382501299668,164.615769764333,0.987923855301666,0.235022739567807,0.167138382072672,1.71942248975881,5.48203183984588,1.34773640048966,2,2,1.25963855210161,0.44375
"AR 1.00 - 2x",185,52.1915149211951,0.962400018067486,165.014975136652,0.987952894018424,0.235538150629047,0.166982060243526,1.72146320999787,5.48933416649999,1.34753368680933,2,2,1.25702367221382,0.44375
"AR 1.00 - 2x",186,52.2165977468534,0.962417740241234,165.414481718068,0.987981815168055,0.236089405589431,0.166816163447593,1.72351920418829,5.49661120564707,1.34729313934725,2,2,1.2544037323398,0.44375
"AR 1.00 - 2x",187,52.2417602107252,0.962435501905192,165.81373496675,0.988010579582079,0.236687764904046,0.166638347248498,1.72559028252374,5.50385737852388,1.34702465354137,2,2,1.2517941955867,0.44375
"AR 1.00 - 2x",188,52.2667880126267,0.962453151867803,166.212149186149,0.988039146618626,0.237344179420845,0.1664474188462,1.72767620894047,5.51106578823125,1.34673545850012,2,2,1.24921306529342,0.44375
"AR 1.00 - 2x",189,52.2915423346445,0.962470592661008,166.609157528208,0.988067477759004,0.238060713939709,0.166244894594246,1.72977568038925,5.51822986407036,1.34643145964949,2,2,1.24667812378586,0.44375
"AR 1.00 - 2x",190,52.3159757804387,0.962487791497313,167.004260223951,0.988095539974201,0.238821381945872,0.166036059813637,1.73188575517373,5.52534532130037,1.34611817908098,2,2,1.2442018742193,0.44375
"AR 1.00 - 2x",191,52.3400642990503,0.962504732113051,167.397037191662,0.988123306482384,0.239595885253384,0.165828348533204,1.73400267142346,5.53241320973266,1.34580053080546,2,2,1.24178648446608,0.44375
"AR 1.00 - 2x",192,52.3637334386626,0.962521362897166,167.787116991643,0.988150754419847,0.240355844817175,0.165627789862665,1.73612304999272,5.53944219506259,1.34548202255141,2,2,1.23942223028441,0.44375
"AR 1.00 - 2x",193,52.3868658626396,0.96253760231691,168.174151954612,0.988177863007485,0.241084095997073,0.165437369139777,1.73824390572783,5.54644731335405,1.34516455578534,2,2,1.23709004188837,0.44375
"AR 1.00 - 2x",194,52.4093349317241,0.962553362580592,168.557832709649,0.98820461450799,0.241772649577185,0.165257795088812,1.74036181889383,5.55344558097832,1.34484902986773,2,2,1.23476603592637,0.44375
"AR 1.00 - 2x",195,52.4310293069293,0.962568566880657,168.937927146966,0.988230996849395,0.242422209021233,0.165088064527742,1.74247258806339,5.56045133783195,1.34453618499318,2,2,1.23242645216231,0.44375
"AR 1.00 - 2x",196,52.4519153214091,0.962583192988055,169.314340197602,0.988257007614981,0.243039405439882,0.164926343037484,1.74457159738554,5.56747341313887,1.34422733763291,2,2,1.23005143225109,0.44375
"AR 1.00 - 2x",197,52.4720834700239,0.962597305543159,169.687180614575,0.988282658411728,0.243627510860075,0.164771605262307,1.7466542590161,5.57451461936281,1.34392480865687,2,2,1.22762591596669,0.44375
"AR 1.00 - 2x",198,52.4917004660597,0.962611022222616,170.056776501278,0.988307975627115,0.244184259679309,0.164623683621116,1.74871627369668,5.58157287098513,1.34363169121275,2,2,1.22513836761308,0.44375
"AR 1.00 - 2x",199,52.5109236385667,0.96262445377492,170.423605672854,0.988332995376279,0.244711115910407,0.164481530251999,1.75075394916341,5.58864257818955,1.34335099896817,2,2,1.22257994903633,0.44375
"AR 1.00 - 2x",200,52.5298731299132,0.962637684659813,170.788182039369,0.988357755601944,0.245218598662385,0.164342597413196,1.75276459135094,5.59571551879109,1.34308494240111,2,2,1.21994510690975,0.44375
"AR 1.29 - 0.5x",0,1,0,1,0,1,0,1,3,1.25,0,0,,0.59375
"AR 1.29 - 0.5x",1,1.36119994316738,0.152973044156037,1.10403610770034,0.0494459706844331,0.850994410312871,0.212997285678457,1.09032549573537,3.08826694076683,1.20063018653597,1,1,Inf,0.99375
"AR 1.29 - 0.5x",2,1.67351292562844,0.25192057953867,1.26481566727881,0.116925925188864,0.680208171789229,0.212566523918726,1.15399036512818,3.22046098857593,1.14487566396632,1,1,Inf,0.99375
"AR 1.29 - 0.5x",3,2.03463972596069,0.340943182516716,1.46245983403911,0.187804011113778,0.538364737807403,0.218373038052247,1.20924961052654,3.36349285417498,1.10537272563476,1,1,Inf,0.99375
"AR 1.29 - 0.5x",4,2.46731233068011,0.423184354549421,1.70857015610631,0.261603028634456,0.427024937123387,0.230797488960561,1.24897156747584,3.49775590717063,1.08767363248384,1,1,Inf,0.99375
"AR 1.29 - 0.5x",5,2.99735856275951,0.499669602163652,2.01804273760185,0.337318860637073,0.344165033689457,0.248338445488898,1.27020028256492,3.60513505195878,1.09370652788597,1,1,Inf,0.99375
"AR 1.29 - 0.5x",6,3.6461362425146,0.569534792867471,2.40805790811916,0.413155511461435,0.284505497617717,0.268696484907646,1.27475052658777,3.67610629103195,1.12193066759409,1,1,Inf,0.99375
"AR 1.29 - 0.5x",7,4.41211785819409,0.630458897532701,2.89179400351114,0.486098185516597,0.242049061958784,0.289371410012054,1.26734677961218,3.7101464037707,1.16752976452161,1,1,Inf,0.99375
"AR 1.29 - 0.5x",8,5.26780682194844,0.680909119120192,3.47271910029873,0.552844711427011,0.211479260125042,0.308145672418923,1.25531522643848,3.71600968958554,1.22043664495829,1,1,Inf,0.99375
"AR 1.29 - 0.5x",9,6.18293000690394,0.721562092617124,4.14660988896615,0.61139467666127,0.188636570533331,0.323625660817862,1.24642624290225,3.71007497823908,1.2671593821645,1,1,Inf,0.99375
"AR 1.29 - 0.5x",10,7.15237822011453,0.754672814974978,4.91234029097175,0.661724477690495,0.17065139583605,0.335510992768483,1.24476635283022,3.70858990437633,1.29982375088683,1,1,Inf,0.99375
"AR 1.29 - 0.5x",11,7.22750221922809,0.756912858032916,5.61551002227476,0.697680149638366,0.18125245287512,0.337975795228185,1.12035185290345,3.62812988081084,1.34630405258996,1,1,Inf,0.99375
"AR 1.29 - 0.5x",12,8.02744352738436,0.778453335771851,6.48350621423662,0.732745595080124,0.182545837238618,0.344646451302105,1.11780699010249,3.62237717354622,1.36851918536324,1,1,Inf,0.99375
"AR 1.29 - 0.5x",13,8.85927484764005,0.797145324488167,7.43630349600942,0.762929344475806,0.175360561733232,0.35126170688071,1.12663603618513,3.64433418909334,1.37548663122956,1,1,Inf,0.99375
"AR 1.29 - 0.5x",14,9.73331725868384,0.813664317209864,8.48260244283369,0.789087435431666,0.166025738263298,0.356016823979509,1.13891571685243,3.67767685165087,1.37787005690872,1,1,Inf,0.48125
"AR 1.29 - 0.5x",15,10.6609425832281,0.828487278303163,9.64476444673708,0.812114207880565,0.156722694828558,0.351349062425307,1.15249104471492,3.71613594930665,1.37877750021778,1,1,Inf,0.48125
"AR 1.29 - 0.5x",16,11.6380728931132,0.841748024646237,10.9341985544573,0.832414385358703,0.148115305691649,0.348512930992362,1.16653274179229,3.75628967320337,1.3787370984912,1,1,Inf,0.49375
"AR 1.29 - 0.5x",17,12.6541386842274,0.853524264968079,12.3516875752238,0.85020620137103,0.140344817949119,0.346686762316211,1.18053864466088,3.79615342634531,1.37798766374775,1,1,Inf,0.49375
"AR 1.29 - 0.5x",18,13.6979116246834,0.863926246730097,13.8912994234893,0.865693386243699,0.133380470295117,0.345552656060214,1.19412825962646,3.8344342508714,1.37692640682451,1,1,Inf,0.49375
"AR 1.29 - 0.5x",19,14.7593204960257,0.873090974924688,15.5434854589618,0.879106491497136,0.127143839955814,0.344867254427959,1.20703309635565,3.87027581380423,1.375889036007,1,1,Inf,0.50625
"AR 1.29 - 0.5x",20,15.8295558780318,0.881161451051084,17.2968060832852,0.890691304761268,0.121550005255763,0.34442599907937,1.21907286024863,3.90315701180269,1.37509779598611,1,1,Inf,0.50625
"AR 1.29 - 0.5x",21,16.901125380002,0.88827518060768,19.13896116756,0.900690011596943,0.116519399164471,0.344231414839727,1.23013830368123,3.93282360595333,1.37472332866782,1,1,Inf,0.51875
"AR 1.29 - 0.5x",22,17.9682554531136,0.894560677709994,21.0577324241163,0.909328848426262,0.11198034794328,0.34406642655088,1.24019944981968,3.95924056385917,1.37492662393846,1,1,Inf,0.51875
"AR 1.29 - 0.5x",23,19.0272860297956,0.900136244270716,23.041970580698,0.916812143443612,0.107869020054531,0.344076969093061,1.24935157375787,3.9825785963408,1.37578404470482,1,1,Inf,0.51875
"AR 1.29 - 0.5x",24,20.0762143693782,0.905106298268354,25.082143760249,0.923319186552137,0.104130056977347,0.344147019930975,1.25786083254086,4.00324898223215,1.37703603955179,1,1,Inf,0.53125
"AR 1.29 - 0.5x",25,21.1133350134079,0.909556835330928,27.1698896470671,0.92900220678684,0.100717425553887,0.344257551480566,1.26604629483022,4.02185041292096,1.37805748201485,1,1,Inf,0.53125
"AR 1.29 - 0.5x",26,22.1362302394018,0.913555493729747,29.2969936219467,0.93398684948888,0.0975931774853417,0.344469428927397,1.27404905768075,4.03889936016746,1.37842195783693,1,1,Inf,0.53125
"AR 1.29 - 0.5x",27,23.1418493071224,0.917156305030454,31.4547757095705,0.938375787344905,0.094724764432884,0.344669815482851,1.28180918735734,4.05461642933461,1.37823443971653,1,1,Inf,0.54375
"AR 1.29 - 0.5x",28,24.1273458193754,0.920405441371455,33.6343471514918,0.942253855940985,0.0920827625872046,0.344875689541299,1.28920386909935,4.06898333348064,1.37785057582996,1,1,Inf,0.54375
"AR 1.29 - 0.5x",29,25.0911294042008,0.923345595009851,35.8275969790164,0.945692899780033,0.0896397722804864,0.345115336682557,1.29616085974475,4.08191709854261,1.37756841460737,1,1,Inf,0.54375
"AR 1.29 - 0.5x",30,26.0333994019297,0.926017443449704,38.0283307422841,0.948755174460148,0.0873707167877861,0.345328976896951,1.30272892559644,4.09343837149601,1.37743026265426,1,1,Inf,0.54375
"AR 1.29 - 0.5x",31,26.955286084201,0.928457180013253,40.2324812638861,0.951494551414452,0.0852546252249915,0.3455533973391,1.30905159366417,4.10375733120281,1.37718368430494,1,1,Inf,0.55625
"AR 1.29 - 0.5x",32,27.857235661166,0.930693292195986,42.4369081067173,0.95395620712491,0.0832757937850214,0.345832055211798,1.31524591463213,4.11318264454359,1.37656307447881,1,1,Inf,0.55625
"AR 1.29 - 0.5x",33,28.7383504737799,0.932746774177559,44.6379404849729,0.956176813003678,0.0814223617477234,0.346138147907292,1.32134273963014,4.12195979346433,1.3755262181729,1,1,Inf,0.55625
"AR 1.29 - 0.5x",34,29.5970369062269,0.93463419330017,46.8309639252333,0.958186082071725,0.0796839075962884,0.346427662100337,1.32731793929793,4.13021021181469,1.37419144527418,1,1,Inf,0.55625
"AR 1.29 - 0.5x",35,30.4322473390121,0.936371078452361,49.0112201978879,0.960008974144477,0.0780500085854999,0.346746574603233,1.33313247223246,4.13796356334911,1.37270862326741,1,1,Inf,0.56875
"AR 1.29 - 0.5x",36,31.2446375742634,0.937974182671653,51.1752825152566,0.961667672821605,0.0765098703357055,0.347084982955251,1.33875079198403,4.14520635683965,1.37120984887904,1,1,Inf,0.56875
"AR 1.29 - 0.5x",37,32.0366924211722,0.939461251916422,53.3221922828084,0.963182634647959,0.0750528244856724,0.347403754453465,1.34414941670057,4.15191601561815,1.36980096843953,1,1,Inf,0.56875
"AR 1.29 - 0.5x",38,32.8111665751602,0.940847944552457,55.4529403118277,0.964572261622643,0.0736696093200673,0.347704865110794,1.34932823982495,4.15808564480177,1.36853543110077,1,1,Inf,0.56875
"AR 1.29 - 0.5x",39,33.5692728336842,0.942145152730803,57.5684418024466,0.965851917202338,0.0723531267632977,0.348011728012449,1.35431946276832,4.16374544289017,1.36737577543995,1,1,Inf,0.58125
"AR 1.29 - 0.5x",40,34.3103603307456,0.9433593998683,59.6679117986265,0.967033643639515,0.0710979952969335,0.348323977922728,1.35917376572983,4.16896718755824,1.36620608304922,1,1,Inf,0.58125
"AR 1.29 - 0.5x",41,35.0329442838146,0.944495237906541,61.748856310216,0.968126909116679,0.0698997641136162,0.348623333460858,1.36392805595658,4.17383719993777,1.36492366582213,1,1,Inf,0.58125
"AR 1.29 - 0.5x",42,35.7361948163228,0.945557780004168,63.8084206196718,0.969139812683648,0.0687542687188458,0.348905306779791,1.36859000730744,4.17841960146528,1.36351096632527,1,1,Inf,0.58125
"AR 1.29 - 0.5x",43,36.4211428317442,0.94655427791202,65.8452564652515,0.970080150697908,0.0676571486308337,0.349197235348433,1.37314505512691,4.18274090470965,1.36202216612897,1,1,Inf,0.58125
"AR 1.29 - 0.5x",44,37.0905747455945,0.947493572534468,67.8606489042774,0.970955835708429,0.0666039484207689,0.349499364661828,1.37756842963138,4.18679682022156,1.36053658011458,1,1,Inf,0.59375
"AR 1.29 - 0.5x",45,37.747258322763,0.948383444750075,69.8576016384332,0.971774376301847,0.0655909205236452,0.349811451474561,1.38183570506964,4.19056918119293,1.35911961353412,1,1,Inf,0.59375
"AR 1.29 - 0.5x",46,38.3922557155752,0.949228599285082,71.8384996301976,0.972541993449151,0.064615462034022,0.350102857794332,1.38592997557524,4.1940432972603,1.35780685414244,1,1,Inf,0.59375
"AR 1.29 - 0.5x",47,39.024813263003,0.950030997350119,73.8035171500683,0.973263289265026,0.0636757048769993,0.350394860890657,1.38984351261371,4.19721801251721,1.3566114917779,1,1,Inf,0.59375
"AR 1.29 - 0.5x",48,39.6434014732508,0.950791520209836,75.750778155222,0.973941632279543,0.0627699142222743,0.350692301383013,1.39357474198681,4.20010557254796,1.3555400308113,1,1,Inf,0.59375
"AR 1.29 - 0.5x",49,40.2470531691333,0.951511687591377,77.6777931627742,0.974579866572233,0.0618961128537226,0.350992534508289,1.39712363803992,4.20272466407036,1.35460630706305,1,1,Inf,0.59375
"AR 1.29 - 0.5x",50,40.8364987644446,0.952194852364182,79.5833689285823,0.975180983041643,0.0610519146065782,0.351293966631609,1.40048876900858,4.20509253629995,1.35384055390306,1,1,Inf,0.60625
"AR 1.29 - 0.5x",51,41.4143269142899,0.952846121923812,81.4689770294734,0.975748456303935,0.0602346531298199,0.351578918046905,1.40366899849184,4.20722146819089,1.35328555455972,1,1,Inf,0.60625
"AR 1.29 - 0.5x",52,41.9835225408139,0.95347054215715,83.3382474635374,0.976285966804507,0.059441940221057,0.351851560995947,1.4066708143756,4.20912291979618,1.35297181855905,1,1,Inf,0.60625
"AR 1.29 - 0.5x",53,42.5456032299938,0.954071138033462,85.1946526312369,0.976796704448053,0.058672140714022,0.352123176518681,1.40951760678537,4.21081851596845,1.35288831113676,1,1,Inf,0.60625
"AR 1.29 - 0.5x",54,43.1000843118941,0.954648612781437,87.0394385601677,0.977282908288504,0.0579242846326999,0.352394383316813,1.41225790544542,4.21235397288594,1.35296798868656,1,1,Inf,0.60625
"AR 1.29 - 0.5x",55,43.6452297653294,0.955202380847569,88.8712598387446,0.977745944547917,0.0571977255515933,0.352667064719585,1.41496847950616,4.21381129871025,1.3530783431295,1,1,Inf,0.60625
"AR 1.29 - 0.5x",56,44.1792143360282,0.955731855248198,90.6872583220145,0.978186718235419,0.0564918691984903,0.352943112337824,1.41773164021046,4.21530240725467,1.35304440672644,1,1,Inf,0.61875
"AR 1.29 - 0.5x",57,44.7012281200823,0.956237499903834,92.4847794105698,0.978606143025526,0.0558059783102814,0.353208339518434,1.4205906128311,4.21692825279096,1.35274878941104,1,1,Inf,0.61875
"AR 1.29 - 0.5x",58,45.212277902097,0.956721458218591,94.2631151012837,0.979005515430882,0.0551390176465266,0.353471434046681,1.42353482095354,4.2187359975954,1.35220323828317,1,1,Inf,0.61875
"AR 1.29 - 0.5x",59,45.7150337658098,0.957187229917753,96.0244518879459,0.979386639542063,0.0544896855134033,0.353738842645933,1.42652294703934,4.22071463734077,1.3515066352319,1,1,Inf,0.61875
"AR 1.29 - 0.5x",60,46.2123296150456,0.957638184425396,97.7729648290438,0.979751544327321,0.0538567437946317,0.354007628984993,1.42950791551282,4.22281795661551,1.35076982079896,1,1,Inf,0.61875
"AR 1.29 - 0.5x",61,46.7055260411342,0.958076135702277,99.5124056074461,0.980101958679498,0.0532392953904908,0.354274166066358,1.43244916094314,4.22498775193591,1.35007776182144,1,1,Inf,0.61875
"AR 1.29 - 0.5x",62,47.1940968804291,0.958501141644753,101.244131562557,0.980438975133,0.052636730086227,0.35453591828367,1.43531905372916,4.22716969386043,1.34948328860826,1,1,Inf,0.61875
"AR 1.29 - 0.5x",63,47.6762787777125,0.958912224799819,102.966771451905,0.980763084473339,0.0520485581438283,0.35479272630425,1.43811241795005,4.22932875383489,1.34899842590043,1,1,Inf,0.63125
"AR 1.29 - 0.5x",64,48.150021774217,0.95930825810846,104.677189296829,0.981074439873847,0.0514743442897417,0.355030625439473,1.44085526708762,4.23146788854758,1.34857362509339,1,1,Inf,0.63125
"AR 1.29 - 0.5x",65,48.6138638536776,0.959688686898113,106.371970630167,0.981373164818882,0.0509137108712909,0.355269324472181,1.44359404661654,4.23363449301999,1.34810835731282,1,1,Inf,0.63125
"AR 1.29 - 0.5x",66,49.0676784630951,0.96005406958355,108.048968136741,0.981659615545448,0.0503662870341981,0.355513665298445,1.44636637169859,4.23589661790764,1.34751995233191,1,1,Inf,0.63125
"AR 1.29 - 0.5x",67,49.5130885137003,0.960406301438932,109.708588892519,0.981934554310491,0.0498315872440522,0.355765340386305,1.44918404635163,4.23830659061487,1.34679604703733,1,1,Inf,0.63125
"AR 1.29 - 0.5x",68,49.9529627615097,0.960748111756304,111.354107805193,0.982199137716729,0.0493089922976965,0.356023844490089,1.45203855055041,4.24088400912769,1.34597751902343,1,1,Inf,0.63125
"AR 1.29 - 0.5x",69,50.3899491772698,0.961081884064508,112.990290422022,0.982454645982605,0.0487979139329135,0.356286761912149,1.45491353737823,4.24362157139878,1.3451149143834,1,1,Inf,0.63125
"AR 1.29 - 0.5x",70,50.8252088820529,0.961408742132584,114.621031016542,0.982702108929353,0.0482979196537552,0.356551100346446,1.45779311931966,4.24649854827049,1.34424373772278,1,1,Inf,0.63125
"AR 1.29 - 0.5x",71,51.2582285596285,0.961728515199899,116.24770821481,0.98294209728743,0.0478086889353951,0.356811818942026,1.4606646518145,4.24949106122329,1.34338276716131,1,1,Inf,0.64375
"AR 1.29 - 0.5x",72,51.6874066810644,0.96204026491365,117.869027696645,0.983174759323312,0.0473299197319934,0.357057942415188,1.46351837259529,4.25257683756197,1.34254127725439,1,1,Inf,0.64375
"AR 1.29 - 0.5x",73,52.110794418643,0.962342871691297,119.481903407075,0.983399996651426,0.0468612791033131,0.357300208935545,1.46634597299782,4.25573604461065,1.34172569349227,1,1,Inf,0.64375
"AR 1.29 - 0.5x",74,52.5267020044127,0.962635471174086,121.082665799559,0.983617657864027,0.0464023930127696,0.357537747195299,1.46913914177542,4.25895025368861,1.34094368481362,1,1,Inf,0.64375
"AR 1.29 - 0.5x",75,52.9341782649706,0.962917762644416,122.668213249327,0.983827695513253,0.0459528453526872,0.357770265397011,1.47188852348789,4.26220098667135,1.34020662989385,1,1,Inf,0.64375
"AR 1.29 - 0.5x",76,53.3334373114287,0.963190254492158,124.237047982051,0.984030284710267,0.045512170103265,0.357998409419802,1.47458346045669,4.2654688287368,1.33953130556464,1,1,Inf,0.64375
"AR 1.29 - 0.5x",77,53.7260772579619,0.963454351193991,125.790104351028,0.984225898304628,0.0450798536054117,0.358223557601992,1.47721315604578,4.26873398711633,1.33893950442778,1,1,Inf,0.64375
"AR 1.29 - 0.5x",78,54.114626855497,0.963711992367403,127.330827190131,0.984415280071117,0.0446553987190339,0.358446626464938,1.47976985565302,4.27197909999994,1.33845160369124,1,1,Inf,0.64375
"AR 1.29 - 0.5x",79,54.5013808175921,0.963964860503685,128.863919200564,0.984599263503582,0.0442384394946156,0.358667478833009,1.48225318536028,4.27519421374547,1.3380737731343,1,1,Inf,0.64375
"AR 1.29 - 0.5x",80,54.8873842211357,0.96421374827481,130.393295252139,0.984778523164656,0.0438287900931985,0.358882499486253,1.48467257803571,4.27838182831495,1.33778797362471,1,1,Inf,0.64375
"AR 1.29 - 0.5x",81,55.2722422099281,0.964458498160801,131.920601207383,0.984953423458569,0.043426393123358,0.359087115917482,1.48704472460174,4.28155831556251,1.33755510055219,1,1,Inf,0.65625
"AR 1.29 - 0.5x",82,55.654558907548,0.964698339576455,133.444972496429,0.98512402536991,0.043031246869816,0.359290402060315,1.48938676760955,4.28474934242798,1.33733188315144,1,1,Inf,0.65625
"AR 1.29 - 0.5x",83,56.0325260671846,0.964932291484968,134.963709334977,0.985290192436038,0.0426433573048178,0.359493330723726,1.49171000986478,4.28798131924182,1.33708968742037,1,1,Inf,0.65625
"AR 1.29 - 0.5x",84,56.4043991567738,0.965159464616328,136.47325913687,0.985451716118778,0.0422627062459239,0.359696577925305,1.49401771831696,4.29127382698402,1.33682218286662,1,1,Inf,0.65625
"AR 1.29 - 0.5x",85,56.768827681874,0.965379252440196,137.970121174303,0.98560841724034,0.0418892262145695,0.359900452406345,1.49630626356361,4.29463612029525,1.3365415976191,1,1,Inf,0.65625
"AR 1.29 - 0.5x",86,57.1251071458815,0.96559146127713,139.451579611093,0.985760217111563,0.0415227844948145,0.360105109221325,1.49856726252352,4.2980673215643,1.3362717923663,1,1,Inf,0.65625
"AR 1.29 - 0.5x",87,57.4734259220329,0.965796428574807,140.91633689526,0.985907189801016,0.0411631769892544,0.360310916451245,1.50078973387295,4.30155862409427,1.33604354576671,1,1,Inf,0.65625
"AR 1.29 - 0.5x",88,57.8150783040881,0.965995114557877,142.365101753942,0.986049603595772,0.0408101306082404,0.360518640456029,1.50296300390954,4.30509668973071,1.33589132387819,1,1,Inf,0.65625
"AR 1.29 - 0.5x",89,58.1523770458462,0.966189017248624,143.800902242841,0.986187931366299,0.0404633275088725,0.360728892540657,1.50508206106225,4.30866891168003,1.33584589336036,1,1,Inf,0.65625
"AR 1.29 - 0.5x",90,58.4879710831922,0.966379757729457,145.228566115889,0.986322781839938,0.0401224658005605,0.360940563523344,1.50715572238498,4.31227161757982,1.33591659628706,1,1,Inf,0.65625
"AR 1.29 - 0.5x",91,58.8238524566495,0.966568518778538,146.653196250477,0.986454746319157,0.0397873220091003,0.361145385860647,1.50921231748408,4.31591922898832,1.33606925937058,1,1,Inf,0.65625
"AR 1.29 - 0.5x",92,59.1607537856575,0.96675573568899,148.078440567603,0.986584243889424,0.0394577643096456,0.361350819675241,1.51129277793753,4.31964630451872,1.33622578757047,1,1,Inf,0.66875
"AR 1.29 - 0.5x",93,59.4981962897346,0.966941163164242,149.505546808389,0.986711453216098,0.0391337231973454,0.361556430728608,1.51343113824208,4.32349525970311,1.33630273808903,1,1,Inf,0.66875
"AR 1.29 - 0.5x",94,59.8349139694913,0.967124141886631,150.933443269756,0.986836341249444,0.0388151512134131,0.361761862098832,1.51563990740955,4.32749711304667,1.33625633525823,1,1,Inf,0.66875
"AR 1.29 - 0.5x",95,60.1693222776763,0.967303871850647,152.359453225006,0.986958743279649,0.0385019883174473,0.361966632516772,1.5179116715194,4.33166114979907,1.33609069514321,1,1,Inf,0.66875
"AR 1.29 - 0.5x",96,60.499868388318,0.967479605202214,153.780158329589,0.987078447124074,0.0381941423566533,0.362170151212913,1.52022912026557,4.33597780517925,1.33583648526953,1,1,Inf,0.66875
"AR 1.29 - 0.5x",97,60.8252373732099,0.967650750972019,155.192114603905,0.987195256270959,0.0378914870074358,0.362371783565341,1.52257316540819,4.3404271440205,1.33552968631739,1,1,Inf,0.66875
"AR 1.29 - 0.5x",98,61.1444595819588,0.967816921838988,156.592336737727,0.987309027574555,0.0375938694918676,0.362570909095673,1.52492652097557,4.34498590153542,1.33520199477923,1,1,Inf,0.66875
"AR 1.29 - 0.5x",99,61.4569899043212,0.967977963666456,157.978611929063,0.987419691392875,0.0373011185375587,0.362767007455947,1.52727432198049,4.34963114238675,1.33487962590691,1,1,Inf,0.66875
"AR 1.29 - 0.5x",100,61.7628231390025,0.968134001946175,159.34976986707,0.987527266165346,0.0370130476510524,0.362959817559384,1.52960362195608,4.35434142293864,1.33458543438985,1,1,Inf,0.66875
"AR 1.29 - 0.5x",101,62.0626617640624,0.968285512471982,160.706016689204,0.987631876407889,0.0367294539173264,0.363149506931683,1.53190296392122,4.35909689186633,1.33434130693704,1,1,Inf,0.66875
"AR 1.29 - 0.5x",102,62.3580221966429,0.968433358071174,162.049288261024,0.987733770436347,0.0364501190311339,0.363332942343474,1.53416287980991,4.36387959584606,1.33416865213751,1,1,Inf,0.66875
"AR 1.29 - 0.5x",103,62.6510197947527,0.968578665252353,163.383282272324,0.987833312655926,0.0361748251092255,0.363510290127512,1.53637795689315,4.36867506472778,1.33408442384679,1,1,Inf,0.66875
"AR 1.29 - 0.5x",104,62.9437324777604,0.968722501447728,164.712736604912,0.987930921660124,0.0359033864927746,0.363684765815004,1.5385501313224,4.37347570599813,1.33409194046636,1,1,Inf,0.68125
"AR 1.29 - 0.5x",105,63.2375039200799,0.968865539942395,166.042061878772,0.988026967713967,0.0356356764410451,0.363855980956448,1.54069088675172,4.37828492017665,1.33417204549599,1,1,Inf,0.68125
"AR 1.29 - 0.5x",106,63.5326369140633,0.969007930008139,167.374075493172,0.988121686820599,0.0353716340230757,0.364024200046756,1.54281924051411,4.38311874884891,1.33428463336409,1,1,Inf,0.68125
"AR 1.29 - 0.5x",107,63.8285323624506,0.969149386433458,168.709469253189,0.988215153763658,0.0351112553312833,0.364190255079133,1.54495562906599,4.38800225183881,1.3343836741374,1,1,Inf,0.68125
"AR 1.29 - 0.5x",108,64.1240394856306,0.969289374310983,170.047038897526,0.988307310007289,0.0348545725183411,0.364355031399835,1.54711618578823,4.39296210853682,1.33443416634306,1,1,Inf,0.68125
"AR 1.29 - 0.5x",109,64.4177982746282,0.969427280453496,171.384319646461,0.988398016686774,0.0346016248177462,0.364519131226503,1.54931092230522,4.39802029261348,1.33441773308349,1,1,Inf,0.68125
"AR 1.29 - 0.5x",110,64.7084829194696,0.969562529659205,172.7182699009,0.988487106156762,0.0343524337842279,0.364682889861309,1.55154484239697,4.40319169377611,1.33432791008205,1,1,Inf,0.68125
"AR 1.29 - 0.5x",111,64.9949446997749,0.969694648444689,174.045813048543,0.988574419660952,0.0341069926610116,0.364846516024552,1.55381948807293,4.40848472748982,1.33416422413807,1,1,Inf,0.68125
"AR 1.29 - 0.5x",112,65.2762812161802,0.969823291782525,175.364193407551,0.988659829632321,0.0338652685363345,0.365010163846106,1.55613389236534,4.41390279518441,1.33392955473635,1,1,Inf,0.68125
"AR 1.29 - 0.5x",113,65.5518599885375,0.969948247872494,176.671174783168,0.988743249981654,0.0336272094072091,0.365173929865289,1.55848518458469,4.41944550019081,1.33362960560709,1,1,Inf,0.68125
"AR 1.29 - 0.5x",114,65.821323811359,0.970069434636672,177.965136311853,0.988824639026258,0.0333927500857413,0.36533785393445,1.56086918767476,4.42510956058529,1.33327244222538,1,1,Inf,0.68125
"AR 1.29 - 0.5x",115,66.0846094942101,0.970186902553668,179.245132566371,0.988903999949826,0.0331618153993764,0.365499325833431,1.56328101704509,4.43088961028638,1.33286759304495,1,1,Inf,0.68125
"AR 1.29 - 0.5x",116,66.3420149457997,0.970300858956928,180.510996705442,0.988981383848354,0.0329343215459141,0.365658130830547,1.56571553868671,4.436778936862,1.33242525399395,1,1,Inf,0.68125
"AR 1.29 - 0.5x",117,66.5943267928978,0.970411718040661,181.763554996021,0.989056899226744,0.0327101768591306,0.365818161569248,1.56816760933906,4.44277009001823,1.33195608179007,1,1,Inf,0.68125
"AR 1.29 - 0.5x",118,66.8429378506955,0.970520144566831,183.004926756445,0.989130725816667,0.0324892838193719,0.365980331918566,1.57063216874424,4.44885531609225,1.33147139941287,1,1,Inf,0.69375
"AR 1.29 - 0.5x",119,67.0897709940165,0.970627012386695,184.238671838456,0.989203118440926,0.0322715450257134,0.366145298619319,1.57310436613021,4.45502687269259,1.33098287964769,1,1,Inf,0.69375
"AR 1.29 - 0.5x",120,67.3368777247365,0.970733225359577,185.469412451124,0.989274380319484,0.0320568721835056,0.366312953758526,1.57557982580487,4.46127732916288,1.33050099490128,1,1,Inf,0.69375
"AR 1.29 - 0.5x",121,67.5858800057274,0.970839478915588,186.701846006091,0.989344803780272,0.0318451904935286,0.366482505839066,1.57805492055984,4.46759987201862,1.33003316251207,1,1,Inf,0.69375
"AR 1.29 - 0.5x",122,67.8375970761529,0.970946109612347,187.939599394028,0.989414606538733,0.0316364346565442,0.366652922303112,1.58052685452486,4.47398851628479,1.3295831951757,1,1,Inf,0.69375
"AR 1.29 - 0.5x",123,68.0920061658278,0.971053091218689,189.18450016482,0.989483895910199,0.0314305426446518,0.366823272387309,1.582993527307,4.48043813454323,1.32915224145129,1,1,Inf,0.69375
"AR 1.29 - 0.5x",124,68.3484376028793,0.971160128920959,190.436478157139,0.989552670320448,0.0312274530066281,0.366992854219841,1.58545329124913,4.48694431725583,1.32874023242624,1,1,Inf,0.69375
"AR 1.29 - 0.5x",125,68.6058444138934,0.971266780586591,191.693940758252,0.989620846446287,0.0310271052090117,0.367161186633495,1.58790472016787,4.4935031493086,1.3283470356352,1,1,Inf,0.69375
"AR 1.29 - 0.5x",126,68.8630423631534,0.971372560765335,192.954345383256,0.98968829496422,0.0308294403911622,0.36732794232843,1.59034646175729,4.50011099644693,1.32797307710552,1,1,Inf,0.69375
"AR 1.29 - 0.5x",127,69.118878766319,0.971477011110442,194.214750258676,0.989754872532174,0.0306344012435007,0.367492871945946,1.59277720751046,4.50676437204374,1.32761948304252,1,1,Inf,0.69375
"AR 1.29 - 0.5x",128,69.3723278788205,0.971579737941255,195.472230248489,0.989820444357605,0.0304419310819597,0.367655750926447,1.5951957942779,4.51345992933155,1.32728785781611,1,1,Inf,0.69375
"AR 1.29 - 0.5x",129,69.6225300277934,0.971680425507088,196.724132768053,0.989884896840862,0.030251972778638,0.367816358075651,1.59760144506713,4.52019460937428,1.32697977549105,1,1,Inf,0.69375
"AR 1.29 - 0.5x",130,69.868796305295,0.971778834913687,197.968200360164,0.989948142485183,0.0300644682704214,0.367969815593406,1.5999941449167,4.5269659655674,1.32669599221001,1,1,Inf,0.69375
"AR 1.29 - 0.5x",131,70.1105985660977,0.971874797282982,199.202606026961,0.990010120049433,0.0298793590992137,0.368120409447366,1.60237510098777,4.53377265838049,1.32643539724186,1,1,Inf,0.69375
"AR 1.29 - 0.5x",132,70.3475602553824,0.971968207562513,200.425948410928,0.990070792686949,0.0296965880973477,0.368268384634491,1.6047471399304,4.54061504074613,1.32619389220692,1,1,Inf,0.69375
"AR 1.29 - 0.5x",133,70.5794585572319,0.972059023072927,201.63724551478,0.990130146139131,0.0295161019898572,0.368413849530548,1.60711479138117,4.54749563380418,1.32596369524602,1,1,Inf,0.70625
"AR 1.29 - 0.5x",134,70.8062474106623,0.972147270298614,202.835957114607,0.99018818844177,0.0293378542345974,0.368557133518525,1.60948381539297,4.5544191955843,1.32573379195893,1,1,Inf,0.70625
"AR 1.29 - 0.5x",135,71.0281145897382,0.9722330646666,204.022066373024,0.990244952480573,0.0291618070467611,0.368698859575594,1.61186016646916,4.56139214795446,1.32549196926465,1,1,Inf,0.70625
"AR 1.29 - 0.5x",136,71.2455817639488,0.972316646206343,205.196252365161,0.990300502666469,0.028987931650298,0.368840007412533,1.6142487473136,4.56842141194054,1.32522794750453,1,1,Inf,0.70625
"AR 1.29 - 0.5x",137,71.4596201504724,0.972398420032471,206.360150461974,0.990354945270129,0.0288162066358255,0.368981842252082,1.61665248256843,4.57551304389718,1.32493622770413,1,1,Inf,0.70625
"AR 1.29 - 0.5x",138,71.671678916946,0.972478962509099,207.516579719533,0.990408436572813,0.0286466153923361,0.369125542960912,1.61907207309941,4.58267118967045,1.32461717145068,1,1,Inf,0.70625
"AR 1.29 - 0.5x",139,71.883495691352,0.972558945190148,208.669470125005,0.990461176828426,0.0284791432917071,0.369271699292409,1.62150642654457,4.5898976896306,1.32427568824868,1,1,Inf,0.70625
"AR 1.29 - 0.5x",140,72.0967019557059,0.972638984434456,209.823283083021,0.990513381772864,0.028313773841297,0.369420153202344,1.62395344315435,4.59719232876753,1.32391840099412,1,1,Inf,0.70625
"AR 1.29 - 0.5x",141,72.3124341921011,0.9727194981037,210.982077650873,0.990565240127074,0.0281504840947116,0.369570276014174,1.62641075403723,4.60455345995278,1.32355112857083,1,1,Inf,0.70625
"AR 1.29 - 0.5x",142,72.5311523024583,0.972800643844485,212.148668325869,0.99061687780783,0.0279892424102363,0.369721337595271,1.62887618238447,4.61197867368711,1.32317782827249,1,1,Inf,0.70625
"AR 1.29 - 0.5x",143,72.7526872893206,0.972882344040505,213.324223837085,0.990668343670194,0.0278300104410444,0.369872719910183,1.63134792463908,4.61946530811747,1.32280076095446,1,1,Inf,0.70625
"AR 1.29 - 0.5x",144,72.9764168151342,0.972964356938266,214.50834451777,0.990719616892444,0.0276727474337834,0.370023970155485,1.63382455709334,4.62701074887595,1.32242109868744,1,1,Inf,0.70625
"AR 1.29 - 0.5x",145,73.2014641179343,0.973046353953053,215.699441361424,0.990770626876401,0.0275174138233343,0.370174153719346,1.63630497064325,4.63461256335929,1.32203945822801,1,1,Inf,0.70625
"AR 1.29 - 0.5x",146,73.4268631386957,0.973127982079898,216.895207506792,0.990821275865199,0.0273639728156198,0.370320130739915,1.63878829362037,4.64226853750499,1.32165622353267,1,1,Inf,0.70625
"AR 1.29 - 0.5x",147,73.6516732958996,0.973208905953487,218.093041213819,0.990871458130666,0.0272123903697343,0.370465340827088,1.6412738253442,4.64997666652486,1.32127170549806,1,1,Inf,0.70625
"AR 1.29 - 0.5x",148,73.8750477063651,0.973288831710087,219.290359808351,0.990921073433536,0.0270626345028429,0.370609693564234,1.64376098381413,4.6577351269474,1.32088621192291,1,1,Inf,0.70625
"AR 1.29 - 0.5x",149,74.0962656606624,0.973367517247297,220.484798351185,0.990970034896802,0.0269146745594552,0.370753130782579,1.64624926507586,4.6655422416041,1.32050007501436,1,1,Inf,0.70625
"AR 1.29 - 0.5x",150,74.3147412402177,0.973444773664946,221.674313413672,0.991018272519451,0.0267684806880986,0.370895617099891,1.64873821195578,4.6733964430026,1.32011366221341,1,1,Inf,0.70625
"AR 1.29 - 0.5x",151,74.5300177572817,0.973520461673568,222.857219962223,0.991065733772905,0.026624023524373,0.371037129586164,1.65122739163148,4.68129623933513,1.31972737911804,1,1,Inf,0.71875
"AR 1.29 - 0.5x",152,74.7417542602672,0.973594485372922,224.032185827647,0.991112382468116,0.0264812739727081,0.371177646259641,1.65371638185014,4.68924018686399,1.31934166198163,1,1,Inf,0.71875
"AR 1.29 - 0.5x",153,74.949708729054,0.973666785120469,225.19820183621,0.991158196732933,0.0263402029919106,0.371317139428973,1.65620476344646,4.69722687032108,1.31895696292025,1,1,Inf,0.71875
"AR 1.29 - 0.5x",154,75.1537229516645,0.97373733124946,226.354542446792,0.991203166743554,0.0262007813929241,0.371455576575499,1.65869211452578,4.70525488970201,1.31857374273258,1,1,Inf,0.71875
"AR 1.29 - 0.5x",155,75.3537142785695,0.97380612038462,227.500731330756,0.991247292783912,0.0260629797288977,0.371592928977261,1.66117800132212,4.71332284943292,1.31819248543584,1,1,Inf,0.71875
"AR 1.29 - 0.5x",156,75.5496797907031,0.973873176145632,228.636526791883,0.991290584176913,0.0259267683386731,0.371729193870143,1.66366196096112,4.72142934512972,1.31781374490807,1,1,Inf,0.71875
"AR 1.29 - 0.5x",157,75.7417203478572,0.973938556616475,229.761944571261,0.991333059687481,0.0257921175847782,0.371864442106744,1.66614347072666,4.72957294319002,1.31743824291805,1,1,Inf,0.71875
"AR 1.29 - 0.5x",158,75.9300937917114,0.974002371485273,230.877340619421,0.99137475013877,0.0256589983662666,0.371998902171618,1.66862189839188,4.73775214871354,1.31706705220202,1,1,Inf,0.71875
"AR 1.29 - 0.5x",159,76.1153009979894,0.974064809783312,231.983575600121,0.991415703897374,0.0255273830213588,0.372133055280274,1.67109643448981,4.74596535934588,1.31670189096534,1,1,Inf,0.71875
"AR 1.29 - 0.5x",160,76.2981809748216,0.974126169920461,233.082251731348,0.991455994697559,0.0253972465637736,0.372267624818222,1.67356603008065,4.75421081177218,1.3163454590585,1,1,Inf,0.71875
"AR 1.29 - 0.5x",161,76.4799401395666,0.974186866995543,234.175922616218,0.991495728058591,0.0252685675251163,0.372403327978097,1.67602939701962,4.76248654745695,1.31600152873863,1,1,Inf,0.71875
"AR 1.29 - 0.5x",162,76.6620236791139,0.974247387522843,235.268071085655,0.991535039030835,0.0251413268803906,0.372538648981308,1.6784851235426,4.77079043995778,1.31567442446992,1,1,Inf,0.71875
"AR 1.29 - 0.5x",163,76.8458295601386,0.974308193370142,236.362688055847,0.991574075873587,0.0250155043300008,0.372673618706921,1.68093188059904,4.77912030608034,1.31536797129996,1,1,Inf,0.71875
"AR 1.29 - 0.5x",164,77.032401384056,0.974369621278775,237.463536254155,0.991612973490973,0.0248910740426972,0.372809319427941,1.6833686207456,4.78747407075523,1.31508457265802,1,1,Inf,0.71875
"AR 1.29 - 0.5x",165,77.2222502297645,0.974431827336527,238.573417987234,0.991651828417347,0.0247680032938707,0.372945060647823,1.68579469419356,4.79584992537898,1.31482495093517,1,1,Inf,0.71875
"AR 1.29 - 0.5x",166,77.4153471442753,0.974494788675484,239.69374344184,0.991690685551686,0.024646254943922,0.373080221776987,1.68820988215365,4.80424643972383,1.31458845765104,1,1,Inf,0.71875
"AR 1.29 - 0.5x",167,77.6112330900548,0.974558343364124,240.824486721191,0.991729538943234,0.0245257916506319,0.373214326581569,1.69061438905116,4.81266262680768,1.3143735412256,1,1,Inf,0.71875
"AR 1.29 - 0.5x",168,77.809172507425,0.974622243371334,241.964434693284,0.991768342545588,0.0244065793182415,0.373347048304705,1.69300882876755,4.82109798163055,1.31417807826151,1,1,Inf,0.71875
"AR 1.29 - 0.5x",169,78.0082987598453,0.974686203457193,243.111571743756,0.991807025018464,0.0242885887436102,0.37347818636725,1.69539421401409,4.82955251101483,1.31399950126259,1,1,Inf,0.73125
"AR 1.29 - 0.5x",170,78.2077272239935,0.974749938293973,244.263469584814,0.991845503925287,0.0241717957277499,0.373607638490235,1.69777193421579,4.83802675387731,1.31383479913355,1,1,Inf,0.73125
"AR 1.29 - 0.5x",171,78.4066308758124,0.974813186531892,245.417607050627,0.991883696851301,0.0240561803719687,0.373735377303337,1.70014369626078,4.84652177293578,1.31368051441127,1,1,Inf,0.73125
"AR 1.29 - 0.5x",172,78.604283052487,0.974875723726055,246.571594214457,0.991921528774955,0.0239417261436865,0.373861430876281,1.70251140853207,4.85503909109212,1.31353284266945,1,1,Inf,0.73125
"AR 1.29 - 0.5x",173,78.8000752439519,0.97493736699012,247.72330574161,0.991958936079445,0.0238284189846387,0.373985864046226,1.70487700973711,4.86358055436322,1.31338787801571,1,1,Inf,0.73125
"AR 1.29 - 0.5x",174,78.9935176356372,0.974997974096979,248.87094165228,0.991995867999796,0.0237162464977892,0.37410876049232,1.70724227004621,4.87214812620496,1.31324197162571,1,1,Inf,0.73125
"AR 1.29 - 0.5x",175,79.184229226197,0.97505743935808,250.013036648458,0.992032286343753,0.0236051971785698,0.374230207807981,1.70960860878234,4.88074364499109,1.31309211208354,1,1,Inf,0.73125
"AR 1.29 - 0.5x",176,79.371923206563,0.975115688163144,251.148437778094,0.992068164222536,0.023495259695149,0.374350285969521,1.71197697115758,4.88936859354387,1.31293622107309,1,1,Inf,0.73125
"AR 1.29 - 0.5x",177,79.5563914655378,0.975172671421664,252.276266587738,0.992103484361385,0.0233864222593827,0.374469057854045,1.71434778815876,4.89802392838933,1.31277328723727,1,1,Inf,0.73125
"AR 1.29 - 0.5x",178,79.7374901151778,0.975228360490933,253.395876771759,0.992138237359113,0.0232786721256182,0.37458656229012,1.71672101933916,4.90670999865955,1.31260331671748,1,1,Inf,0.73125
"AR 1.29 - 0.5x",179,79.9151269854114,0.975282742862647,254.506813644197,0.992172420095281,0.023171995249249,0.374701544532663,1.71909625974268,4.91542656038574,1.3124271330771,1,1,Inf,0.73125
"AR 1.29 - 0.5x",180,80.0892522043985,0.975335818920137,255.608779461888,0.992206034399158,0.0230663761464193,0.374813400784363,1.72147288529,4.9241728723759,1.31224608729386,1,1,Inf,0.73125
"AR 1.29 - 0.5x",181,80.2598535581699,0.975387600242618,256.701608638781,0.992239086086562,0.0229617979900092,0.374924006382358,1.72385021340342,4.93294785038117,1.31206173561852,1,1,Inf,0.73125
"AR 1.29 - 0.5x",182,80.426959369726,0.975438110234243,257.785258572445,0.992271584513613,0.022858242958823,0.375033348070343,1.72622766051936,4.94175025508662,1.31187552769247,1,1,Inf,0.73125
"AR 1.29 - 0.5x",183,80.5906534981329,0.975487388392522,258.859825478191,0.992303542895407,0.0227556928648693,0.375141458720777,1.72860487973425,4.950578891126,1.31168854011576,1,1,Inf,0.73125
"AR 1.29 - 0.5x",184,80.7511089665801,0.975535500064989,259.925600003113,0.992334979779768,0.0226541301175806,0.375248479668156,1.73098185895862,4.95943279420471,1.31150129815921,1,1,Inf,0.73125
"AR 1.29 - 0.5x",185,80.9086460249406,0.975582553282702,260.983181047721,0.992365922148126,0.0225535390969843,0.375354743711041,1.73335895676168,4.96831138062757,1.31131374250734,1,1,Inf,0.73125
"AR 1.29 - 0.5x",186,81.0638105176006,0.975628721267201,262.033657604851,0.992396410336944,0.0224539078748826,0.375460830347692,1.73573685977504,4.97721453233422,1.31112538473364,1,1,Inf,0.73125
"AR 1.29 - 0.5x",187,81.2174412697182,0.975674261213762,263.078827394208,0.992426503783984,0.022355229704524,0.375567489282747,1.738116472081,4.98614259948522,1.3109355965675,1,1,Inf,0.73125
"AR 1.29 - 0.5x",188,81.3706624518359,0.975719510557907,264.121341209353,0.992456284390849,0.0222575028893024,0.375675387360808,1.74049878233843,4.99509632592955,1.3107438167298,1,1,Inf,0.74375
"AR 1.29 - 0.5x",189,81.5247473125126,0.975764845514447,265.164605446599,0.992485852893009,0.0221607277409471,0.375784839950004,1.74288475914169,5.00407672738492,1.3105494584614,1,1,Inf,0.74375
"AR 1.29 - 0.5x",190,81.6808816848708,0.975810611120201,266.212354395039,0.992515316125529,0.0220649015229294,0.375895748039672,1.74527528510225,5.01308495569472,1.31035161051893,1,1,Inf,0.74375
"AR 1.29 - 0.5x",191,81.8399361434039,0.975857055266945,267.268009750068,0.992544768935128,0.0219700146529293,0.376007744385331,1.74767110642281,5.02212216666579,1.31014888620515,1,1,Inf,0.74375
"AR 1.29 - 0.5x",192,82.0023436112078,0.9759042948309,268.334088473988,0.992574278245536,0.0218760506807252,0.376120385722661,1.75007278501997,5.03118939838533,1.30993960750654,1,1,Inf,0.74375
"AR 1.29 - 0.5x",193,82.168101275039,0.975952318625311,269.411871113975,0.992603875000898,0.0217829894257025,0.376233277284999,1.75248066366645,5.04028746984848,1.30972217839368,1,1,Inf,0.74375
"AR 1.29 - 0.5x",194,82.3368564546856,0.976001014616054,270.501381342571,0.992633554974527,0.0216908107918321,0.376346118574234,1.75489485762665,5.04941691264617,1.30949540451791,1,1,Inf,0.74375
"AR 1.29 - 0.5x",195,82.5080246228887,0.976050205845106,271.601597462932,0.992663285840532,0.0215994973464875,0.376458702353305,1.75731527421553,5.05857794275906,1.30925863772531,1,1,Inf,0.74375
"AR 1.29 - 0.5x",196,82.6809028358613,0.976099684250265,272.710773672867,0.992693016890923,0.0215090352063754,0.376570895682063,1.75974165148209,5.06777046963992,1.30901175884873,1,1,Inf,0.74375
"AR 1.29 - 0.5x",197,82.8547603671148,0.976149237190065,273.826768740713,0.992722688516973,0.0214194137064877,0.376680337678351,1.76217360480945,5.07699413274046,1.3087550679111,1,1,Inf,0.74375
"AR 1.29 - 0.5x",198,83.0289014576373,0.976198665395997,274.94732122134,0.992752239843648,0.0213306245167955,0.376788778974283,1.76461067282653,5.08624835371563,1.30848914558915,1,1,Inf,0.74375
"AR 1.29 - 0.5x",199,83.2027024378191,0.976247793216887,276.070247773344,0.992781613991134,0.0212426606846959,0.376896686007028,1.76705235756235,5.09553239402393,1.30821472508301,1,1,Inf,0.74375
"AR 1.29 - 0.5x",200,83.3756287946936,0.976296472944024,277.193565967853,0.992810761122236,0.0211555158450811,0.37700404538662,1.7694981563737,5.10484541022019,1.30793259222996,1,1,Inf,0.74375
"AR 1.29 - 1x",0,1,0,1,0,1,0,1,3,1.25,0,0,,0.59375
"AR 1.29 - 1x",1,1.35625952502353,0.151197065195936,1.10265171757917,0.0488201239991155,0.852669286256606,0.213508308959223,1.09008587168122,3.08815574916847,1.20052641599292,1,1,Inf,0.99375
"AR 1.29 - 1x",2,1.64193393163877,0.242978798202037,1.25248481915319,0.112091685149786,0.690353247958406,0.212070295695096,1.15299443434927,3.21985855904623,1.14368708621285,1,1,Inf,0.99375
"AR 1.29 - 1x",3,1.94077418783881,0.31990697950535,1.42108135862005,0.173922845310765,0.560871342795295,0.215194578734926,1.20801518098312,3.36291527916012,1.1008073471362,1,1,Inf,0.99375
"AR 1.29 - 1x",4,2.26437347679535,0.387325006094766,1.61266069034176,0.234496845536272,0.460454130098887,0.223545528610932,1.24951445682284,3.50005004040555,1.0764807941927,1,1,Inf,0.99375
"AR 1.29 - 1x",5,2.62964545150845,0.448981993773299,1.83469495612678,0.294456711937456,0.384183569551058,0.236243340275191,1.27431747305588,3.61421075334929,1.07318966316565,1,1,Inf,0.99375
"AR 1.29 - 1x",6,3.05726895524249,0.507057574426819,2.09798359256474,0.354418788788919,0.326625498024837,0.251838258851101,1.2821928231137,3.69364194965253,1.09164022183921,1,1,Inf,0.99375
"AR 1.29 - 1x",7,3.56238398774578,0.561632689100293,2.41404799275318,0.414185153739697,0.283150747902713,0.268692151908903,1.27485362609503,3.73242292070738,1.13105854365805,1,1,Inf,0.99375
"AR 1.29 - 1x",8,4.14686736103109,0.611414116644472,2.79172385081267,0.472535427501835,0.250234590482864,0.285136206932189,1.25702961932046,3.73226686473789,1.18633897498617,1,1,Inf,0.99375
"AR 1.29 - 1x",9,4.79905829034767,0.655116417207095,3.2350025149663,0.5277452627402,0.225116111490781,0.299729033928408,1.23684821099617,3.70529822092609,1.24470389259269,1,1,Inf,0.99375
"AR 1.29 - 1x",10,5.50458470034449,0.692524566573162,3.74460188936551,0.578468321128739,0.205547365391617,0.311045338304674,1.22166505173375,3.67055406596492,1.29203976142793,1,1,Inf,0.99375
"AR 1.29 - 1x",11,5.5047662242791,0.692533147073759,4.19105981087472,0.614722219957818,0.220971704791312,0.310863653129898,1.08855740014135,3.55275505664491,1.35485578140925,1,1,Inf,0.99375
"AR 1.29 - 1x",12,6.08031691667486,0.717526768428995,4.75548787444799,0.652505566230244,0.225282136898468,0.31679834193794,1.07537575357758,3.50937163410073,1.38798096651973,1,1,Inf,0.99375
"AR 1.29 - 1x",13,6.69356022367126,0.740042328667751,5.38180635680189,0.68660910592056,0.218716519532801,0.315328543717429,1.075459081992,3.49781472952029,1.40152551994953,1,1,Inf,0.40625
"AR 1.29 - 1x",14,7.34998344318976,0.760478566980729,6.07705057249927,0.717396395643716,0.208964888880803,0.302116201575317,1.08029084985429,3.50142438057603,1.40836311566462,1,1,Inf,0.40625
"AR 1.29 - 1x",15,8.06266154349697,0.779314278658555,6.86367376160095,0.745665949448947,0.198818702735067,0.294522836667021,1.08720569828395,3.51352017015001,1.41266890101374,1,1,Inf,0.40625
"AR 1.29 - 1x",16,8.83313642149726,0.796606096542342,7.75893541626263,0.771661748266048,0.189232672331472,0.290066043380372,1.09503271537346,3.53016277703883,1.41572671388315,1,1,Inf,0.40625
"AR 1.29 - 1x",17,9.6553743474474,0.812301291837849,8.77239262340392,0.795341829061371,0.180486628137509,0.287465281338814,1.10313564339315,3.5490012285401,1.41801414265933,1,1,Inf,0.40625
"AR 1.29 - 1x",18,10.5206373870969,0.826398494041657,9.90723162815852,0.81663541509133,0.172605580479347,0.286005156566021,1.11102779518914,3.56843329824977,1.42017681032884,1,1,Inf,0.41875
"AR 1.29 - 1x",19,11.4205430346216,0.838976444554389,11.1623930945345,0.835558677930024,0.165522906164144,0.285215931541438,1.11852127017391,3.58739583460428,1.42271666117241,1,1,Inf,0.41875
"AR 1.29 - 1x",20,12.3479940118841,0.850164751481058,12.5342502577499,0.852226760854022,0.159148935938115,0.28473711163012,1.12583759423464,3.60560326786801,1.42520411700532,1,1,Inf,0.41875
"AR 1.29 - 1x",21,13.2968549494005,0.860109093428001,14.0174610970462,0.866821695952762,0.153398154183549,0.284618671195724,1.13318422813866,3.62329214987101,1.42682574749149,1,1,Inf,0.41875
"AR 1.29 - 1x",22,14.2615423022202,0.868951645882536,15.6052826825789,0.87955640152406,0.148195810431276,0.284741146994321,1.14044323983316,3.64051660123488,1.42763793055961,1,1,Inf,0.43125
"AR 1.29 - 1x",23,15.2369293427943,0.876824000537542,17.2897733509164,0.89064927368825,0.143476649057889,0.284852456057913,1.14740612481334,3.65700394344791,1.42820914669781,1,1,Inf,0.43125
"AR 1.29 - 1x",24,16.2183446126432,0.883844815225069,19.0620342133511,0.900309211980657,0.139182965489674,0.285061728259837,1.15401305965685,3.67247888439849,1.42884419674272,1,1,Inf,0.43125
"AR 1.29 - 1x",25,17.2014598753027,0.890118704010453,20.912424635294,0.908727581119497,0.135264213290058,0.285356389921214,1.16035697706004,3.68691277675068,1.42933140121001,1,1,Inf,0.43125
"AR 1.29 - 1x",26,18.182147680512,0.895736388160962,22.8307086924632,0.916074673824848,0.131677566595896,0.285708954346601,1.16647652574327,3.70041865614747,1.42945211018323,1,1,Inf,0.43125
"AR 1.29 - 1x",27,19.1564871531918,0.90077636123796,24.8062124444006,0.922499281740434,0.128386932351347,0.285989767136803,1.17230303354652,3.71301517185694,1.42933326940012,1,1,Inf,0.44375
"AR 1.29 - 1x",28,20.1208927046911,0.905307032805683,26.8280820162883,0.928130152885515,0.125360652080735,0.286293515487976,1.17772430692565,3.72458246876209,1.42922975080683,1,1,Inf,0.44375
"AR 1.29 - 1x",29,21.0721842022799,0.909388215426663,28.8855903492639,0.933078116355521,0.122570295927512,0.286580961590515,1.18261988923998,3.73493048197492,1.42939642674598,1,1,Inf,0.44375
"AR 1.29 - 1x",30,22.0075651404805,0.91307207052166,30.9683838808155,0.937438188697421,0.11999053220383,0.286805576823786,1.18691189579547,3.74389828924247,1.43004957487008,1,1,Inf,0.44375
"AR 1.29 - 1x",31,22.9246063047258,0.916404058042746,33.0666630440402,0.941291578884187,0.117599038848262,0.287004570136257,1.19063448135008,3.75146769749075,1.43123641737846,1,1,Inf,0.44375
"AR 1.29 - 1x",32,23.8212199875823,0.91942378331925,35.1713121441649,0.944707562943009,0.115376345447253,0.287156071299296,1.19391153058845,3.75779611948109,1.43280467497009,1,1,Inf,0.44375
"AR 1.29 - 1x",33,24.695709622976,0.922165994660381,37.2740207445309,0.94774523394473,0.113305893836727,0.287329108365595,1.19693719612973,3.76316076414192,1.43453574139326,1,1,Inf,0.45625
"AR 1.29 - 1x",34,25.547202496127,0.924662495029682,39.367643757465,0.95045536935432,0.111373484898092,0.287518427796604,1.19997939277433,3.76795854837122,1.43590945161726,1,1,Inf,0.45625
"AR 1.29 - 1x",35,26.3763721281649,0.926944301069666,41.4469856720434,0.952882402169791,0.109565682920837,0.287702928120252,1.20312059839163,3.77251716237351,1.43657440134099,1,1,Inf,0.45625
"AR 1.29 - 1x",36,27.1853699380508,0.929041201006201,43.5093836962615,0.955065655061677,0.107869045187116,0.28787032159818,1.2062177448021,3.77685668964577,1.43682242989284,1,1,Inf,0.45625
"AR 1.29 - 1x",37,27.9762576081654,0.930977974207531,45.5538601672027,0.957039008305288,0.106271552562736,0.287986204629831,1.20908563807354,3.78076913505189,1.43714902406487,1,1,Inf,0.45625
"AR 1.29 - 1x",38,28.7496216528836,0.932772254271471,47.5792570897199,0.958830164975429,0.104763518371685,0.288051325424641,1.21163699085978,3.78402425166243,1.43788218425205,1,1,Inf,0.45625
"AR 1.29 - 1x",39,29.5046796794162,0.934436289086833,49.583151786256,0.960461143100549,0.103336963327836,0.288101843302591,1.21398628355517,3.78658619118227,1.43887837576066,1,1,Inf,0.45625
"AR 1.29 - 1x",40,30.240066131706,0.935979648968471,51.5620375057866,0.961949724650993,0.101985343507318,0.288153172114269,1.21633440907931,3.78867174604154,1.43962002913521,1,1,Inf,0.46875
"AR 1.29 - 1x",41,30.9543389063238,0.937410690740211,53.5119532807517,0.963310799198491,0.100703651363579,0.288214937538547,1.21875971415037,3.79052383283282,1.43981887154137,1,1,Inf,0.46875
"AR 1.29 - 1x",42,31.6461593850553,0.938737050921967,55.4289361036527,0.964557191077885,0.0994880149462052,0.288290575189027,1.22120488017288,3.79222555557232,1.43958934896411,1,1,Inf,0.46875
"AR 1.29 - 1x",43,32.314512094629,0.939966102630618,57.3093464307438,0.965700181490193,0.0983349221132972,0.288376140361417,1.22357080606245,3.7937193597024,1.43920453114304,1,1,Inf,0.46875
"AR 1.29 - 1x",44,32.9589917149055,0.941105436321829,59.1502551110896,0.966749933207993,0.0972405070927138,0.288439862853664,1.22577879600874,3.79489793431468,1.43889921827808,1,1,Inf,0.46875
"AR 1.29 - 1x",45,33.5798303223305,0.942162816261465,60.9497237527166,0.96771575595747,0.0962002417548936,0.2884758589273,1.22780786268094,3.7956766849846,1.43879181000567,1,1,Inf,0.46875
"AR 1.29 - 1x",46,34.1776157255065,0.943145663549055,62.7067456718942,0.968606150276448,0.0952091935627885,0.28849538629684,1.22972241660009,3.79605457993727,1.43877916054916,1,1,Inf,0.46875
"AR 1.29 - 1x",47,34.7530072918691,0.944060649677018,64.4209758911844,0.969428765426449,0.0942627287439739,0.288509613690732,1.23160778375746,3.79612000447642,1.43860020390058,1,1,Inf,0.46875
"AR 1.29 - 1x",48,35.3065746035611,0.944913558443934,66.0924610398097,0.970190391453769,0.0933572650472657,0.288526566934199,1.23347817403464,3.79596021564048,1.43816059733345,1,1,Inf,0.46875
"AR 1.29 - 1x",49,35.8388313362945,0.945709461254555,67.721462185772,0.970897010389659,0.0924902739560867,0.288542780116838,1.23528985843462,3.79559105589119,1.4375649869901,1,1,Inf,0.48125
"AR 1.29 - 1x",50,36.3508048855134,0.946453630487205,69.3087321252393,0.971554031205719,0.0916593621737298,0.288551085951701,1.23697055752296,3.79495274459496,1.43696535085012,1,1,Inf,0.48125
"AR 1.29 - 1x",51,36.8450491149002,0.947152928935886,70.8565766535808,0.972166778698045,0.0908613323179944,0.288547580664326,1.23842642979145,3.79392461551887,1.43652037801682,1,2,Inf,0.48125
"AR 1.29 - 1x",52,37.3257695410354,0.947815790160231,72.3698303145885,0.972740839232903,0.090092198367704,0.288531061975036,1.23956392478362,3.79236273172441,1.43639674663617,1,2,Inf,0.48125
"AR 1.29 - 1x",53,37.7969676302099,0.948449579383038,73.8548307744447,0.973281617508074,0.0893484290397739,0.288481858211355,1.24032670449319,3.79016006019174,1.43673535531028,1,2,Inf,0.48125
"AR 1.29 - 1x",54,38.260505158036,0.949058220418984,75.316679413337,0.973793409050624,0.0886279209294491,0.28842202649585,1.24072924047505,3.78729497492893,1.43757918685576,1,2,Inf,0.48125
"AR 1.29 - 1x",55,38.7160592639774,0.949642536619589,76.7574828111701,0.974279002769973,0.0879297005233773,0.288357749594491,1.24084980753481,3.78384269163423,1.43883031029449,1,2,Inf,0.48125
"AR 1.29 - 1x",56,39.1622973119543,0.950202051828228,78.1766889577597,0.974740039949549,0.0872532831674141,0.288296270358197,1.24080398881781,3.77994545456764,1.44034519637587,1,2,Inf,0.48125
"AR 1.29 - 1x",57,39.5979522608928,0.950736431553309,79.572501689107,0.975177635569551,0.0865983284301529,0.288241912244394,1.24078870073747,3.77582177561635,1.44182342425051,1,2,Inf,0.48125
"AR 1.29 - 1x",58,40.0222193530643,0.951245933751495,80.9430860628197,0.975592815744494,0.0859644782166073,0.288194150442556,1.24097290859339,3.77173800404881,1.44282569052071,1,2,Inf,0.48125
"AR 1.29 - 1x",59,40.4346012368403,0.951731163320047,82.2869987593827,0.975986648218913,0.0853512389413552,0.288145342540959,1.24133141002466,3.76782628751666,1.44330752589022,1,2,Inf,0.48125
"AR 1.29 - 1x",60,40.8346596198556,0.952192750743674,83.6030528106198,0.976360191109452,0.0847577584808657,0.288084050272714,1.24172274128351,3.76401724773754,1.44357496422469,1,2,Inf,0.49375
"AR 1.29 - 1x",61,41.2219914293172,0.952631320023165,84.8901514242616,0.976714443194764,0.0841826366686925,0.288002280039069,1.24199664345643,3.76012873708979,1.44396744793464,1,2,Inf,0.49375
"AR 1.29 - 1x",62,41.5963543463348,0.953047625068128,86.1473688071947,0.977050368503669,0.0836240794295229,0.287903654949963,1.24206703574513,3.75597202934504,1.44471009896913,1,2,Inf,0.49375
"AR 1.29 - 1x",63,41.9577005953615,0.953442573222461,87.3741259355179,0.97736894165766,0.0830805151783205,0.287795253930421,1.24199455500394,3.75148131943698,1.44572298429125,1,2,Inf,0.49375
"AR 1.29 - 1x",64,42.3061095683828,0.953817139892424,88.5702435686136,0.977671155951832,0.0825512222530173,0.28769144861695,1.24193392374212,3.74677619956914,1.44664335716087,1,2,Inf,0.49375
"AR 1.29 - 1x",65,42.6417891674476,0.954172364649711,89.73591756637,0.977958012067966,0.0820362539744111,0.287602407485925,1.24198669115211,3.74204286006501,1.44719482669899,1,2,Inf,0.49375
"AR 1.29 - 1x",66,42.9651177353654,0.954509390557342,90.8717222232487,0.978230515858405,0.0815358515946423,0.287527297499053,1.24215242492561,3.73739343774955,1.44735666134183,1,2,Inf,0.49375
"AR 1.29 - 1x",67,43.276563086569,0.954829375620469,91.9785352353529,0.978489658984867,0.0810500620001155,0.287462046682692,1.24236955319018,3.73283254524804,1.44728141199389,1,2,Inf,0.49375
"AR 1.29 - 1x",68,43.5766174010055,0.955133428317177,93.0573671848192,0.978736381212223,0.0805786075142815,0.287400056202496,1.2425650654911,3.72829696384869,1.44715403511775,1,2,Inf,0.49375
"AR 1.29 - 1x",69,43.8661216832356,0.955422935503086,94.1094888344163,0.978971603942884,0.0801207520650419,0.287332552814921,1.24267792754618,3.72370103086065,1.44713016989785,1,2,Inf,0.49375
"AR 1.29 - 1x",70,44.1470453147753,0.955700312477692,95.1372608405397,0.97919641164608,0.0796750762967649,0.287249959714094,1.24267719320002,3.71896878309038,1.44731201849676,1,2,Inf,0.49375
"AR 1.29 - 1x",71,44.4229868709117,0.955969430066679,96.1453056048178,0.97941228361424,0.0792393757221473,0.287149490582729,1.24258224233258,3.71406435944488,1.44767978783922,1,2,Inf,0.49375
"AR 1.29 - 1x",72,44.6981040755914,0.956234508182403,97.1403966225956,0.979621032023224,0.0788113402415815,0.287040104416243,1.24243664563164,3.70900327799982,1.44808907049404,1,2,Inf,0.49375
"AR 1.29 - 1x",73,44.9750713106979,0.956498164266368,98.1291447722442,0.979824298851815,0.078389758791821,0.286931904350361,1.24225125598356,3.70381539495157,1.44846579941137,1,2,Inf,0.49375
"AR 1.29 - 1x",74,45.2541838258055,0.956760668234207,99.1154164166157,0.980023056672138,0.0779747799285641,0.286827703450326,1.24201865907453,3.69851439714901,1.44886253738559,1,2,Inf,0.50625
"AR 1.29 - 1x",75,45.5339113974808,0.957020591221818,100.099500498453,0.980217508591641,0.0775671775146717,0.286726873546551,1.2417607380742,3.69311937926737,1.44928549561487,1,2,Inf,0.50625
"AR 1.29 - 1x",76,45.8119084277507,0.957275828583515,101.078908839627,0.980407314079521,0.0771676897656818,0.286623527511722,1.24151569842539,3.6876741935049,1.44963316206238,1,2,Inf,0.50625
"AR 1.29 - 1x",77,46.0858525116973,0.957524396537088,102.049788218433,0.980591905771212,0.0767768141542695,0.286522584555143,1.2412876758104,3.68221727190455,1.44984644972304,1,2,Inf,0.50625
"AR 1.29 - 1x",78,46.3539678100195,0.957764890831876,103.008219917422,0.980770750604251,0.0763947710518888,0.286424968912063,1.24104290554818,3.67674747303337,1.44999031520583,1,2,Inf,0.50625
"AR 1.29 - 1x",79,46.6152328185389,0.957996635076385,103.951095468862,0.980943505248181,0.0760214264546483,0.286326138416194,1.24074146144771,3.67122959453681,1.45018384478532,1,2,Inf,0.50625
"AR 1.29 - 1x",80,46.8693045027821,0.958219572630646,104.876477911852,0.981110062976735,0.0756562642042994,0.286221847896399,1.24037022054878,3.66562568671662,1.45050496339161,1,2,Inf,0.50625
"AR 1.29 - 1x",81,47.116255089207,0.958434005383586,105.78350207277,0.981270515002991,0.0752985306099822,0.286111744565974,1.23996043760392,3.65992945355075,1.45090575754164,1,2,Inf,0.50625
"AR 1.29 - 1x",82,47.3562817200513,0.958640326988361,106.672002728817,0.981425069198005,0.0749475314117883,0.286000286487003,1.239554235365,3.65417110301729,1.45124238512922,1,2,Inf,0.50625
"AR 1.29 - 1x",83,47.5895372203983,0.958838875313256,107.542123629449,0.981573973927138,0.07460289402439,0.285892442719002,1.23915380890158,3.64837858121891,1.45145015073691,1,2,Inf,0.50625
"AR 1.29 - 1x",84,47.8161181046173,0.95902992540878,108.394087557374,0.981717476285443,0.0742645622037622,0.285789325117629,1.23872559233534,3.64254707102655,1.45159964031949,1,2,Inf,0.50625
"AR 1.29 - 1x",85,48.0361162384467,0.959213735641814,109.228137268068,0.981855812412614,0.0739325482753141,0.285688410161574,1.2382322185907,3.63664658079332,1.4518084557851,1,2,Inf,0.50625
"AR 1.29 - 1x",86,48.2496191235627,0.959390548889684,110.044522644424,0.981989206199713,0.0736067120467226,0.2855867497327,1.23765872025794,3.63064733781157,1.45215690301165,1,2,Inf,0.50625
"AR 1.29 - 1x",87,48.456647193946,0.959560542141951,110.843430882262,0.982117859008587,0.0732867507971683,0.285483741526375,1.23702720455291,3.62454622260984,1.45262601174292,1,2,Inf,0.50625
"AR 1.29 - 1x",88,48.6571222911344,0.95972380380252,111.62490003217,0.982241937622775,0.0729723508738084,0.285381710171117,1.23637534377975,3.61837281795438,1.45310911052846,1,2,Inf,0.50625
"AR 1.29 - 1x",89,48.8509422889532,0.959880397277,112.388840481235,0.982361579926986,0.0726633270559919,0.285282799948164,1.23571410248478,3.61215888783358,1.45354071814431,1,2,Inf,0.50625
"AR 1.29 - 1x",90,49.0381038650241,0.960030459879237,113.135191434031,0.982476920791288,0.0723595874602474,0.285186057153496,1.23502867844328,3.60590982182642,1.45395841468019,1,2,Inf,0.51875
"AR 1.29 - 1x",91,49.218733363334,0.960174224516378,113.864069412829,0.982588114714865,0.0720609773088518,0.285085605177498,1.23431731284339,3.59961669005891,1.45440800076893,1,2,Inf,0.51875
"AR 1.29 - 1x",92,49.3929919181686,0.960311941723013,114.575756602526,0.982695332838026,0.0717672255108191,0.284981590610413,1.23361024828814,3.59328802444994,1.45483646864309,1,2,Inf,0.51875
"AR 1.29 - 1x",93,49.5610098155479,0.960443828014982,115.270592625858,0.982798745969794,0.0714780808139457,0.284880642168752,1.23293670707116,3.58695350407094,1.45513640468558,1,2,Inf,0.51875
"AR 1.29 - 1x",94,49.7230464028717,0.960570191622269,115.949037075955,0.982898533839991,0.0711934699649098,0.284786479418411,1.23229106748801,3.58063426698638,1.45527975467864,1,2,Inf,0.51875
"AR 1.29 - 1x",95,49.8799582560205,0.96069179164935,116.612157251686,0.982994955226269,0.0709134230409318,0.28469885420323,1.23164161607056,3.57432387887344,1.45533330983286,1,2,Inf,0.51875
"AR 1.29 - 1x",96,50.033842681907,0.960810319292122,117.262597855074,0.983088482442683,0.0706377447039088,0.284613965075195,1.23094951318569,3.56799324148367,1.45539630461218,1,2,Inf,0.51875
"AR 1.29 - 1x",97,50.1881129632424,0.960928428804629,117.905409239147,0.983179907349905,0.0703657734753566,0.284527548514753,1.23017716271197,3.5616012969945,1.45556759568692,1,2,Inf,0.51875
"AR 1.29 - 1x",98,50.3462873042948,0.961048790379968,118.547339003854,0.983270225697491,0.0700966028969008,0.284435930926133,1.22929429731899,3.55510422156847,1.45593537191439,1,2,Inf,0.51875
"AR 1.29 - 1x",99,50.5104859097219,0.961172954114523,119.194506391753,0.983360304392937,0.0698294971887748,0.28433611575028,1.22828988864322,3.54846730269265,1.45655382894169,1,2,Inf,0.51875
"AR 1.29 - 1x",100,50.6809914723913,0.961301052030544,119.850379389669,0.983450610497868,0.0695640384082756,0.284227170486576,1.22718421479052,3.54168112124603,1.45740097896493,1,2,Inf,0.51875
"AR 1.29 - 1x",101,50.856741899399,0.961432208682143,120.515334623779,0.983541171933632,0.0693000855764018,0.284111450429781,1.2260193311029,3.53476860349152,1.45837559606512,1,2,Inf,0.51875
"AR 1.29 - 1x",102,51.0360163383775,0.961565082403801,121.18741471716,0.983631702130456,0.0690377528612693,0.283993159194905,1.2248377883338,3.52777225109193,1.4593614113366,1,2,Inf,0.51875
"AR 1.29 - 1x",103,51.2169251465097,0.961698242583446,121.863396067522,0.983721758766127,0.0687773765060815,0.283876455738245,1.22367576118537,3.52074056919276,1.46025510981013,1,2,Inf,0.51875
"AR 1.29 - 1x",104,51.3976662283973,0.9618303610836,122.539636371522,0.983810863794472,0.0685194332439233,0.2837650276668,1.22254882698651,3.51371678260638,1.46098650777695,1,2,Inf,0.51875
"AR 1.29 - 1x",105,51.576641359867,0.961960293615738,123.212587167167,0.983898572233196,0.0682644471331467,0.283660811723546,1.22143885532742,3.50672035773885,1.46157064867966,1,2,Inf,0.51875
"AR 1.29 - 1x",106,51.752521802398,0.962087120545788,123.879062829284,0.983984505050826,0.0680128666367092,0.283562974168519,1.22030266240481,3.49973670321413,1.46210017162465,1,2,Inf,0.51875
"AR 1.29 - 1x",107,51.9242995511672,0.962210175345516,124.53639032513,0.984068364600733,0.0677649319016705,0.283468929038156,1.21908534613681,3.49272193777832,1.46270187082447,1,2,Inf,0.51875
"AR 1.29 - 1x",108,52.0913171920411,0.962329056693666,125.182509331066,0.984149942725005,0.0675206228580636,0.283376193568982,1.21773132051146,3.48561436441382,1.46351546416093,1,2,Inf,0.51875
"AR 1.29 - 1x",109,52.2532575812294,0.962443612074824,125.816025137821,0.984229122480172,0.0672797142064129,0.283280716441909,1.216213800698,3.47835657726458,1.46466182789924,1,2,Inf,0.53125
"AR 1.29 - 1x",110,52.410082804162,0.962553886925557,126.436188007,0.9843058707948,0.0670418619247066,0.283180531091151,1.21459188361088,3.47094349191892,1.46611942169271,1,2,Inf,0.53125
"AR 1.29 - 1x",111,52.5619323477519,0.9626600476806,127.042788187928,0.98438022142204,0.0668067003453625,0.28307873848521,1.21300671759391,3.46346323078447,1.46761988502408,1,2,Inf,0.53125
"AR 1.29 - 1x",112,52.7090178320475,0.962762305461363,127.635986669328,0.984452251257331,0.0665739295738188,0.282975189226606,1.21155496796284,3.45603918007634,1.46889351433913,1,2,Inf,0.53125
"AR 1.29 - 1x",113,52.8515514536943,0.962860865731608,128.216134075005,0.984522056674138,0.0663433030261226,0.282868710809299,1.21024360897165,3.44873747033588,1.46989655297191,1,2,Inf,0.53125
"AR 1.29 - 1x",114,52.9897177653014,0.962955909332695,128.783644244056,0.984589737700391,0.0661145970669526,0.282760084224147,1.20906248208862,3.44157570732706,1.47064916985518,1,2,Inf,0.53125
"AR 1.29 - 1x",115,53.1236808248941,0.963047598213607,129.338951236786,0.984655392873566,0.0658876848022575,0.282652290943984,1.20800823371858,3.43456487775662,1.47113116543263,1,2,Inf,0.53125
"AR 1.29 - 1x",116,53.2536046717737,0.963136089996237,129.88252075226,0.984719120716007,0.0656626078668508,0.282548229365814,1.20706252942386,3.42770587732571,1.47135359491939,1,2,Inf,0.53125
"AR 1.29 - 1x",117,53.3796570087114,0.963221540737567,130.414859384376,0.984781020887827,0.06543953919988,0.282449454485309,1.20619139440718,3.42097661131538,1.47138309663647,1,2,Inf,0.53125
"AR 1.29 - 1x",118,53.5019807296142,0.963304085957498,130.936475341767,0.984841189710281,0.0652186825405514,0.282356177702219,1.20536084072122,3.41434085614687,1.47129823390193,1,2,Inf,0.53125
"AR 1.29 - 1x",119,53.620646527884,0.963383809472504,131.447786013793,0.984899709838927,0.0650001927095221,0.282268169995974,1.20454435897866,3.40776284343507,1.47115992406705,1,2,Inf,0.53125
"AR 1.29 - 1x",120,53.7356228205651,0.963460724534799,131.949018435686,0.984956639593639,0.0647841652969129,0.282185726409914,1.20372072097713,3.40121154470111,1.47101131205883,1,2,Inf,0.53125
"AR 1.29 - 1x",121,53.8467980472463,0.963534790157173,132.440168574537,0.985012009341978,0.0645706649848755,0.282108769675288,1.20287220762486,3.39465944577184,1.47088513574195,1,2,Inf,0.53125
"AR 1.29 - 1x",122,53.9540505179182,0.963605958411603,132.921056002976,0.985065828632985,0.0643597037845703,0.282035902106707,1.20198410275318,3.38808259387348,1.47080808770425,1,2,Inf,0.53125
"AR 1.29 - 1x",123,54.0573143789262,0.963674217993359,133.391446388274,0.985118100491145,0.0641511883196508,0.281965303528985,1.20104248472992,3.38145963778941,1.47080632866484,1,2,Inf,0.53125
"AR 1.29 - 1x",124,54.1565903027933,0.963739600489795,133.851155954934,0.985168833104639,0.0639449206821173,0.281895268386779,1.20003408146898,3.37477010628297,1.47090991496198,1,2,Inf,0.53125
"AR 1.29 - 1x",125,54.2518960752386,0.963802147219047,134.300061239957,0.985218040689184,0.0637406358820633,0.281823914571583,1.19895145479837,3.36799638639225,1.47114708664584,1,2,Inf,0.53125
"AR 1.29 - 1x",126,54.3432064344289,0.963861869796619,134.738026802263,0.985265735423475,0.0635380375598712,0.281749941692305,1.19780240214412,3.36113076683441,1.47152125823617,1,2,Inf,0.53125
"AR 1.29 - 1x",127,54.4304559464297,0.963918752500739,135.164858937443,0.985311922506241,0.0633368609958378,0.281674013090791,1.19661524613428,3.35418408964281,1.47197938621997,1,2,Inf,0.53125
"AR 1.29 - 1x",128,54.5136630670473,0.963972833181906,135.580415898614,0.985356612169898,0.0631369627121793,0.281598503708312,1.19542429903487,3.34718502692101,1.4724239047705,1,2,Inf,0.53125
"AR 1.29 - 1x",129,54.5932223518713,0.964024391546487,135.984978897702,0.985399859049557,0.0629383443155987,0.281525344612072,1.19424469167928,3.34016316976899,1.4727881307359,1,2,Inf,0.53125
"AR 1.29 - 1x",130,54.670373757714,0.964074248743069,136.379967514093,0.985441836708872,0.0627410309497353,0.281453076159361,1.19306643913764,3.33313139455054,1.47308205966757,1,2,Inf,0.53125
"AR 1.29 - 1x",131,54.7475211686465,0.964123965369695,136.768800955011,0.985482925117036,0.0625448867708283,0.281380538204012,1.19186667572259,3.32608286806704,1.47336743765101,1,2,Inf,0.53125
"AR 1.29 - 1x",132,54.8277261235832,0.964175506708392,137.156986743824,0.985523714383635,0.0623495873806619,0.281307945196071,1.1906238613416,3.31899922055143,1.47371451308843,1,2,Inf,0.54375
"AR 1.29 - 1x",133,54.9134950088461,0.964230459933088,137.550682099918,0.985564849124614,0.0621547947105193,0.281233488671159,1.18932960882939,3.31186283978322,1.47416702179705,1,2,Inf,0.54375
"AR 1.29 - 1x",134,55.0059325928995,0.964289497426322,137.954603644332,0.985606810083679,0.0619603017637107,0.281155522200407,1.18799339117708,3.3046680511009,1.47471854390202,1,2,Inf,0.54375
"AR 1.29 - 1x",135,55.1047542762682,0.964352397122146,138.370801182769,0.985649791900261,0.0617660537355538,0.281073890331195,1.18663213005055,3.29742242674549,1.47532154159168,1,2,Inf,0.54375
"AR 1.29 - 1x",136,55.2087855135562,0.964418373716371,138.798727497168,0.985693718134591,0.0615721315554594,0.280989647250944,1.18525224637566,3.2901355264983,1.4759363913773,1,2,Inf,0.54375
"AR 1.29 - 1x",137,55.3164989401909,0.964486428708503,139.236070984138,0.98573833403942,0.0613787090219248,0.280903679224206,1.18384443138303,3.28280682683048,1.47656886633567,1,2,Inf,0.54375
"AR 1.29 - 1x",138,55.4263912665346,0.964555592602886,139.679717208142,0.985783309494141,0.0611859791529597,0.280816297045709,1.18239628838179,3.2754256281645,1.47725311295744,1,2,Inf,0.54375
"AR 1.29 - 1x",139,55.5371786504866,0.96462504766352,140.126492171459,0.985828316361962,0.060994099000736,0.280727664292851,1.18091069183606,3.26798413302808,1.47799835842979,1,2,Inf,0.54375
"AR 1.29 - 1x",140,55.6478542413112,0.96469416138023,140.573598382591,0.985873072219333,0.0608031853184272,0.280638520729947,1.17940861667576,3.26049121166402,1.47875512958398,1,2,Inf,0.54375
"AR 1.29 - 1x",141,55.7576634667379,0.964762467694392,141.018786423267,0.985917356074011,0.0606133565333285,0.280550362851085,1.17790821733079,3.25296896402126,1.47945556046177,1,2,Inf,0.54375
"AR 1.29 - 1x",142,55.8660468105499,0.964829628360434,141.460344185287,0.985961005419173,0.0604247666899219,0.2804643975325,1.17640631418341,3.24543469293337,1.48008211923326,1,2,Inf,0.54375
"AR 1.29 - 1x",143,55.9725811092605,0.964895394221925,141.896989099223,0.98600390384285,0.0602375793033722,0.280380839918782,1.17487839374557,3.23788691316995,1.4806810236176,1,2,Inf,0.54375
"AR 1.29 - 1x",144,56.0769348992383,0.96495957599106,142.327737198967,0.98604596682341,0.060051913089538,0.280299030940242,1.17328627317057,3.23030237265064,1.4813372879867,1,2,Inf,0.54375
"AR 1.29 - 1x",145,56.1788461510727,0.965022029393252,142.751797822859,0.986087130524346,0.0598677979478671,0.280217429224633,1.1715871135672,3.22264144285161,1.48215452247981,1,2,Inf,0.54375
"AR 1.29 - 1x",146,56.2781195595425,0.965082652583925,143.168517369499,0.986127345716721,0.0596851457504681,0.280133936552838,1.16975141321172,3.2148610426294,1.48323424975655,1,2,Inf,0.54375
"AR 1.29 - 1x",147,56.3746303019228,0.965141387587591,143.577373376979,0.986166576738221,0.0595037592920019,0.280046972122013,1.16780367439494,3.20694415768986,1.48460313610592,1,2,Inf,0.54375
"AR 1.29 - 1x",148,56.468319971229,0.965198217017632,143.978000282455,0.986204803514302,0.0593234112129364,0.279957017889984,1.16584865231998,3.19894001025778,1.48609699224223,1,2,Inf,0.54375
"AR 1.29 - 1x",149,56.5591867683104,0.965253157449036,144.370215670169,0.986242023575601,0.0591439725848241,0.279866157275938,1.16399613039913,3.1909512051864,1.48744626944299,1,2,Inf,0.54375
"AR 1.29 - 1x",150,56.6472808986159,0.965306256100485,144.754019798456,0.986278251517416,0.0589654552499638,0.279775481644856,1.16227104074457,3.18305282251811,1.48854544325814,1,2,Inf,0.54375
"AR 1.29 - 1x",151,56.7326947433921,0.965357584486754,145.129566912379,0.98631351585953,0.0587879277262484,0.279684975161007,1.16064623392027,3.17525854361003,1.48945033887609,1,2,Inf,0.54375
"AR 1.29 - 1x",152,56.8155386719761,0.96540722362984,145.497118963613,0.986347854386838,0.0586114523677484,0.279594791912723,1.15910618291214,3.16756070211901,1.49020372904928,1,2,Inf,0.54375
"AR 1.29 - 1x",153,56.8959112982664,0.965455246231526,145.856986312702,0.986381308440162,0.0584360935640255,0.279505592294154,1.15765258890177,3.15996141534894,1.49079153763556,1,2,Inf,0.54375
"AR 1.29 - 1x",154,56.9738774542896,0.965501703735843,146.20946648637,0.986413917204263,0.0582619482346945,0.279417284015213,1.15628047156675,3.15246463986023,1.49120309245383,1,2,Inf,0.54375
"AR 1.29 - 1x",155,57.0494655626611,0.965546625096124,146.554800237579,0.986445713749876,0.0580891686876639,0.279331376264177,1.15497035844212,3.14506128010159,1.49146530330269,1,2,Inf,0.54375
"AR 1.29 - 1x",156,57.1226889109001,0.965590029685895,146.893160412169,0.986476724180982,0.0579179489454739,0.279249891942641,1.15369827311628,3.13773044861623,1.49162594970075,1,2,Inf,0.54375
"AR 1.29 - 1x",157,57.1935794654695,0.965631947400886,147.224677247125,0.986506970113583,0.0577484593359914,0.279172474336091,1.15244478520119,3.13044973176307,1.49172953694594,1,2,Inf,0.55625
"AR 1.29 - 1x",158,57.2622109748928,0.965672432155692,147.549487527774,0.986536473243463,0.0575807854928305,0.279098395143125,1.15119470485141,3.12319989727886,1.49180995519353,1,2,Inf,0.55625
"AR 1.29 - 1x",159,57.3286991963647,0.965711561760241,147.867778959443,0.986565259359818,0.0574149398543299,0.279027483611149,1.14993353987329,3.11596252447913,1.49189444069703,1,2,Inf,0.55625
"AR 1.29 - 1x",160,57.3931849732016,0.965749427764253,148.179800789627,0.986593359225487,0.0572509114749684,0.27895980596675,1.14864702268668,3.1087182630218,1.49200729147241,1,2,Inf,0.55625
"AR 1.29 - 1x",161,57.4558083369928,0.965786120200919,148.485832760139,0.986620805710671,0.0570886783945411,0.27889492575801,1.14732195846737,3.10144814195195,1.49217100094392,1,2,Inf,0.55625
"AR 1.29 - 1x",162,57.5166791461104,0.965821710507423,148.786126829869,0.986647628573295,0.0569281829065681,0.278831864258453,1.14594523737561,3.09413412175783,1.49240828491561,1,2,Inf,0.55625
"AR 1.29 - 1x",163,57.5758547551562,0.965856238746154,149.080845724438,0.986673849082166,0.0567693152684038,0.278769406988173,1.14450221492025,3.08675735434817,1.49274550499054,1,2,Inf,0.55625
"AR 1.29 - 1x",164,57.6333376162432,0.965889712554144,149.370024003974,0.986699476752447,0.0566119137359113,0.278706108934352,1.14297745127653,3.07929696791856,1.49321389865433,1,2,Inf,0.55625
"AR 1.29 - 1x",165,57.6890945590098,0.965922118665691,149.653571753369,0.986724509902267,0.0564557620082504,0.278640216267954,1.14135928652413,3.07173238606356,1.49384377139146,1,2,Inf,0.55625
"AR 1.29 - 1x",166,57.7430824400616,0.965953437972195,149.93132203888,0.986748940027937,0.056300591913,0.278570082855278,1.13964719638291,3.0640496791823,1.49464780410046,1,2,Inf,0.55625
"AR 1.29 - 1x",167,57.7952591632472,0.965983651939573,150.20309672389,0.986772757679347,0.0561461252196104,0.27849503881481,1.13785593405171,3.05624883608118,1.49560114431404,1,2,Inf,0.55625
"AR 1.29 - 1x",168,57.8455718318865,0.966012735746477,150.468750326382,0.986795956290057,0.0559921584085788,0.278415824040473,1.13600887991318,3.04834507217409,1.49664574225715,1,2,Inf,0.55625
"AR 1.29 - 1x",169,57.893931103536,0.966040643534493,150.728163013187,0.986818531508708,0.0558386349190326,0.278334024785065,1.13412701675954,3.0403617773455,1.49772259566531,1,2,Inf,0.55625
"AR 1.29 - 1x",170,57.9401872432703,0.96606729476876,150.981186861196,0.98684047650038,0.0556856505095884,0.278251207303872,1.13222477756967,3.03232260177052,1.49879013687732,1,2,Inf,0.55625
"AR 1.29 - 1x",171,57.9841244708968,0.966092571214025,151.227583217361,0.986861776573407,0.0555334048038658,0.278168601591778,1.13030569171536,3.0242451344692,1.49982720432014,1,2,Inf,0.55625
"AR 1.29 - 1x",172,58.0254957500906,0.966116337108496,151.467005548433,0.986882407817968,0.055382141888313,0.278086981421845,1.12835535241775,3.01613333867611,1.50084820402679,1,1,Inf,0.55625
"AR 1.29 - 1x",173,58.0641240791844,0.966138497248877,151.699085183301,0.986902344584454,0.0552320813502642,0.278006167457641,1.12634223421965,3.00797355671527,1.50191414719241,1,1,Inf,0.55625
"AR 1.29 - 1x",174,58.1001012817661,0.966159110447801,151.923690736483,0.986921581670126,0.0550833362681349,0.277924888060022,1.12422812445908,2.9997375176159,1.50312171758319,1,1,Inf,0.55625
"AR 1.29 - 1x",175,58.1341086591945,0.966178571972285,152.141449614788,0.986940178475319,0.0549358630403847,0.277841649850478,1.12199156338509,2.99139433032588,1.50456318340657,1,1,Inf,0.55625
"AR 1.29 - 1x",176,58.1677270462732,0.966197788898738,152.354485492759,0.986958320823981,0.0547894827678133,0.277756013900196,1.11966443004478,2.98293896258911,1.50623685533508,1,1,Inf,0.55625
"AR 1.29 - 1x",177,58.2033192559521,0.966218110316527,152.566855594405,0.986976356374175,0.0546439758402469,0.277668860959029,1.11732830254333,2.97441703285179,1.50799368034642,1,1,Inf,0.55625
"AR 1.29 - 1x",178,58.2432870899717,0.966240900897976,152.783929862452,0.986994739945917,0.0544991838527891,0.277580574691745,1.11504125588218,2.96589553256054,1.50968835857266,1,1,Inf,0.55625
"AR 1.29 - 1x",179,58.2892215409859,0.966267055832106,153.010801676807,0.98701389786804,0.0543550322574204,0.27749043247359,1.1128168980235,2.95741480266878,1.51130902265576,1,1,Inf,0.55625
"AR 1.29 - 1x",180,58.3415346158042,0.966296793418832,153.250787665803,0.987034101865767,0.0542115689988202,0.277399037383575,1.11068968913337,2.94900534514344,1.51283232810891,1,1,Inf,0.55625
"AR 1.29 - 1x",181,58.3996166737326,0.966329749045596,153.50481808021,0.98705541985777,0.0540690625536498,0.277308670531251,1.10872690792973,2.94072570231095,1.51411350427453,1,1,Inf,0.55625
"AR 1.29 - 1x",182,58.4622450151958,0.966365212085603,153.771700692876,0.987077741014368,0.0539279541770631,0.277219443052667,1.10696011238162,2.9326368449644,1.51503879881929,1,1,Inf,0.55625
"AR 1.29 - 1x",183,58.52797613663,0.966402351804981,154.04883583232,0.987100838330944,0.0537886435610374,0.277132480736047,1.10536077502905,2.92475464631236,1.51564108544085,1,1,Inf,0.55625
"AR 1.29 - 1x",184,58.5954010187821,0.966440363420498,154.332983285389,0.987124434503872,0.0536513815971819,0.277047341044548,1.10387762145009,2.91705111472802,1.51602194145504,1,1,Inf,0.55625
"AR 1.29 - 1x",185,58.6632819216272,0.966478545336692,154.620857118274,0.987148252252074,0.0535163396918477,0.276964582085163,1.1024687890506,2.90948525760612,1.51626459492056,1,1,Inf,0.55625
"AR 1.29 - 1x",186,58.7306215500453,0.966516337046245,154.90949660169,0.987172045041557,0.0533836751001541,0.276884883661825,1.10110881718805,2.90202371701745,1.51641803688166,1,1,Inf,0.55625
"AR 1.29 - 1x",187,58.7966867256895,0.966553330802846,155.196454862169,0.987195612078617,0.0532535033132844,0.276808183343554,1.09978252067803,2.89464307382545,1.51651212921316,1,1,Inf,0.56875
"AR 1.29 - 1x",188,58.8609926738634,0.966589261041886,155.479861493739,0.987218802592818,0.0531258494921844,0.276733802183877,1.09847814412603,2.88732437408147,1.51656925472157,1,1,Inf,0.56875
"AR 1.29 - 1x",189,58.9232601943454,0.966623978843716,155.758400888161,0.987241513126771,0.053000652514398,0.276661063649446,1.09718451359548,2.88004930933189,1.51660772545305,1,1,Inf,0.56875
"AR 1.29 - 1x",190,58.9833655220657,0.966657422727235,156.031238857155,0.987263680688278,0.0528778118290166,0.276589606540117,1.09589177163298,2.87280065627384,1.51664192205023,1,1,Inf,0.56875
"AR 1.29 - 1x",191,59.0412973332617,0.966689593849065,156.297927136543,0.987285274279146,0.0527572206886798,0.276519172933432,1.09459309251597,2.8655650992861,1.51668223033688,1,1,Inf,0.56875
"AR 1.29 - 1x",192,59.0971201755516,0.966720535124516,156.558307470836,0.987306286592535,0.0526387659328966,0.276449417039733,1.09328445041151,2.8583346780649,1.51673615963672,1,1,Inf,0.56875
"AR 1.29 - 1x",193,59.1509384136957,0.966750310922088,156.812423180472,0.987326726504207,0.0525223303576769,0.276380089595472,1.09196206290656,2.85110466112423,1.51681084693003,1,1,Inf,0.56875
"AR 1.29 - 1x",194,59.2028631311214,0.966778988639726,157.06043795921,0.987346612309678,0.0524078212418225,0.27631126922989,1.09061973741284,2.84386934800122,1.51691564535553,1,1,Inf,0.56875
"AR 1.29 - 1x",195,59.2529910765417,0.966806627118987,157.302564991637,0.987365965926669,0.0522951994055581,0.276243270991495,1.08924814117866,2.83661901907395,1.51706342580414,1,1,Inf,0.56875
"AR 1.29 - 1x",196,59.3014023049426,0.96683327545376,157.539016236706,0.98738480881568,0.0521844684527707,0.276176217746079,1.08783626385381,2.82933998514967,1.51727030940591,1,1,Inf,0.56875
"AR 1.29 - 1x",197,59.3481735866055,0.966858980460613,157.769981322022,0.987403160324473,0.0520756128091302,0.276109557402444,1.08637385523291,2.82201728601708,1.51755434196651,1,1,Inf,0.56875
"AR 1.29 - 1x",198,59.3933946652135,0.966883795635485,157.995635347551,0.987421038347196,0.0519685204995733,0.276041941618595,1.0848534743099,2.8146379612745,1.51793343009361,1,1,Inf,0.56875
"AR 1.29 - 1x",199,59.4371731451867,0.966907783803927,158.216161767723,0.987438461160006,0.0518629516844495,0.275971650258811,1.08327215738742,2.80719332366235,1.51842127759715,1,1,Inf,0.56875
"AR 1.29 - 1x",200,59.4796217758838,0.966931010127489,158.431770259376,0.987455448830894,0.0517585908872971,0.275897369256508,1.08163323476726,2.79968038899241,1.51901930905619,1,1,Inf,0.56875
"AR 1.29 - 2x",0,1,0,1,0,1,0,1,3,1.25,0,0,,0.59375
"AR 1.29 - 2x",1,1.35292395349774,0.149993778155517,1.10172551724554,0.0484009526509709,0.85379350029202,0.21425910522213,1.08989710840045,3.08806518356758,1.20045111417297,1,1,Inf,0.99375
"AR 1.29 - 2x",2,1.62018938282018,0.236696395644751,1.24402172106799,0.108743029881123,0.697487189994485,0.212674059739965,1.15223864903408,3.21940491576918,1.14282258401509,1,1,Inf,0.99375
"AR 1.29 - 2x",3,1.87645749009092,0.304700310402715,1.39258713711762,0.164084781292677,0.577492760794778,0.214326178804817,1.20721267839783,3.36273487654662,1.09741808954864,1,1,Inf,0.99375
"AR 1.29 - 2x",4,2.12732459017145,0.36047572219219,1.54719396752649,0.214822261085148,0.486666817121898,0.219879725636021,1.2505707162909,3.50302809790709,1.0678288706081,1,1,Inf,0.99375
"AR 1.29 - 2x",5,2.38453775701235,0.409077356027055,1.7112107215235,0.262322185390242,0.417837978025004,0.228734469158699,1.27946206222848,3.62494719736843,1.05633145953934,1,1,Inf,0.99375
"AR 1.29 - 2x",6,2.66495975510599,0.454291415556851,1.89137490897618,0.308287557662942,0.364736138102714,0.239952870015488,1.29266646616551,3.71636089266286,1.06445454462611,1,1,Inf,0.99375
"AR 1.29 - 2x",7,2.98578165308549,0.498216366555917,2.09642413676661,0.354093653949982,0.322796000390919,0.252553300665629,1.2898100617933,3.76843547198975,1.09368293714761,1,1,Inf,0.99375
"AR 1.29 - 2x",8,3.3612745441217,0.541418459267675,2.33578537731146,0.400441043478662,0.289116340212099,0.265524560017825,1.27257384388889,3.777089896818,1.14362409037792,1,1,Inf,0.99375
"AR 1.29 - 2x",9,3.80033177063652,0.5833621308773,2.61847686815085,0.447281253169359,0.261893758405668,0.27780019298878,1.24696206546538,3.74742022617707,1.20666275609729,1,1,Inf,0.99375
"AR 1.29 - 2x",10,4.30520847130223,0.623011987027707,2.95232981587182,0.493969356512614,0.239868058445076,0.287551112603664,1.22199395168082,3.69602451132293,1.26677781500937,1,1,Inf,0.99375
"AR 1.29 - 2x",11,4.27469641141359,0.620831258520903,3.23679364596091,0.527944911382061,0.258660494118708,0.283962013071279,1.0801549801461,3.55243950832761,1.34672997237904,1,1,Inf,0.99375
"AR 1.29 - 2x",12,4.71731967791093,0.650185731659002,3.62086205765396,0.567180328032685,0.265030822310378,0.28789575339251,1.05729949480204,3.48041446643705,1.39245662875327,1,1,Inf,0.99375
"AR 1.29 - 2x",13,5.19701000613538,0.677263712980956,4.05845065966733,0.604622020741124,0.258804699088034,0.282709019120407,1.04960629300866,3.44278404248768,1.41437550347327,1,1,Inf,0.34375
"AR 1.29 - 2x",14,5.708249450732,0.701859626018863,4.54754003331128,0.639479843680152,0.248714499042292,0.259721022929615,1.0484268094516,3.4239928088533,1.42669314462854,1,1,Inf,0.34375
"AR 1.29 - 2x",15,6.26302270433999,0.724632555698207,5.10329586015743,0.672308201040018,0.237899407633599,0.246768038059142,1.05084823838803,3.41781681126589,1.43414670003813,1,1,Inf,0.34375
"AR 1.29 - 2x",16,6.86900674863385,0.745838316843835,5.74247936997772,0.703373211803152,0.22747699190033,0.239388296516238,1.05529244826253,3.42014657957032,1.43868438627355,1,1,Inf,0.34375
"AR 1.29 - 2x",17,7.52776651996893,0.765472003095215,6.47935078802561,0.732597112144815,0.217831387927052,0.235072218640082,1.06069631434137,3.42790299641721,1.44183778898367,1,1,Inf,0.34375
"AR 1.29 - 2x",18,8.23643475664054,0.783466234245622,7.32447481009011,0.759744603037804,0.209057673604888,0.232561707671946,1.06643277988816,3.43883365485474,1.44460877002294,1,1,Inf,0.34375
"AR 1.29 - 2x",19,8.98973817184065,0.799794552610232,8.28476738809358,0.78459341883301,0.201131027960703,0.231175638994902,1.07236525701473,3.45164931743182,1.44719863551577,1,1,Inf,0.34375
"AR 1.29 - 2x",20,9.78160365334538,0.814498838548992,9.36398969757411,0.80702412310694,0.19397879464348,0.23051071397362,1.07858155597783,3.46597192465101,1.44891415685957,1,2,Inf,0.34375
"AR 1.29 - 2x",21,10.6061746402703,0.827677933342435,10.5633472380606,0.82703970063123,0.187514250938841,0.230321152673409,1.08489655360424,3.48149783265983,1.44981154750967,1,2,Inf,0.34375
"AR 1.29 - 2x",22,11.4582510992608,0.839463823287471,11.8820191466271,0.844744835632102,0.181652318883596,0.230334733150179,1.09100709129511,3.4976034930327,1.45063682807,1,2,Inf,0.35625
"AR 1.29 - 2x",23,12.3333584119449,0.850000282133849,13.317543524148,0.860311233094784,0.176315714238732,0.23044550784498,1.09676149006911,3.51365544763353,1.45183311566176,1,2,Inf,0.35625
"AR 1.29 - 2x",24,13.2276347458775,0.859428497025515,14.8660592886464,0.873944754421082,0.171436350254172,0.230695675051414,1.1021899083685,3.52932493980123,1.45322387860084,1,2,Inf,0.35625
"AR 1.29 - 2x",25,14.1376103743926,0.867878750309013,16.5224295043636,0.885860576611141,0.166956000032846,0.231073225932491,1.10724748198123,3.54449603154833,1.45470249566929,1,2,Inf,0.35625
"AR 1.29 - 2x",26,15.0599386857768,0.875466523308008,18.2802742176106,0.896267035550086,0.162827170897153,0.231537949642169,1.11184428066576,3.55904910583456,1.45664601622252,1,2,Inf,0.35625
"AR 1.29 - 2x",27,15.9911509164075,0.882291669949874,20.1319459765372,0.905356562892002,0.159011973865071,0.232000850371928,1.11617461933154,3.57304977390978,1.45903112398111,1,2,Inf,0.35625
"AR 1.29 - 2x",28,16.9275304356805,0.888439737577047,22.068518777361,0.91330175902049,0.155478986316052,0.232431319338866,1.12059306603579,3.58693178957341,1.46098131870842,1,2,Inf,0.36875
"AR 1.29 - 2x",29,17.8651927575014,0.89398465068931,24.0798964444882,0.920254854144761,0.152200971889278,0.232887817213389,1.12509990981641,3.6009852983,1.4623068903649,1,2,Inf,0.36875
"AR 1.29 - 2x",30,18.8003358358431,0.898991612234195,26.1550951055797,0.92634899667175,0.149153841335042,0.233329770226729,1.12954356872716,3.615097854888,1.46352810702498,1,2,Inf,0.36875
"AR 1.29 - 2x",31,19.7294844647905,0.903519067085482,28.2826412181145,0.931700150095655,0.146315407223429,0.23373984929306,1.13390499608029,3.62909633068311,1.46477775941801,1,2,Inf,0.36875
"AR 1.29 - 2x",32,20.6496064055612,0.907619567647832,30.4509857749128,0.936408988439551,0.143664952268878,0.234128625768183,1.13819317663227,3.64289884722249,1.46595121298387,1,2,Inf,0.36875
"AR 1.29 - 2x",33,21.5581330275049,0.911340180609742,32.6488844612105,0.940562665537826,0.141184085527976,0.234502333582376,1.142449404269,3.65647719353753,1.46701987452715,2,2,1.05912456476134,0.36875
"AR 1.29 - 2x",34,22.4529786654809,0.914722985573526,34.8657533812729,0.944236498290197,0.138857234564415,0.234820698002884,1.14678559538893,3.66994494485492,1.46767184403105,2,2,1.0551877573575,0.36875
"AR 1.29 - 2x",35,23.3325909972312,0.917805711679961,37.0920105844663,0.947495551709849,0.136671543634896,0.235144758331718,1.15119967781181,3.68343636442824,1.46780626745841,2,2,1.0516375959217,0.36875
"AR 1.29 - 2x",36,24.1959483739858,0.920622158359995,39.3193309258427,0.950396002263071,0.134616172124991,0.235462214261807,1.1555988910281,3.69694084038794,1.46767219295542,2,2,1.04841188145502,0.38125
"AR 1.29 - 2x",37,25.0423584006987,0.923202039952482,41.5406628823175,0.95298615807815,0.132681342859945,0.235764744118423,1.15988008124073,3.71033461481453,1.46754576583791,2,2,1.04544545215629,0.38125
"AR 1.29 - 2x",38,25.8710390800605,0.925570425689861,43.7498876445861,0.955307150357908,0.130858199063376,0.236014797998667,1.1639446919795,3.72345158657025,1.4676649936553,2,2,1.04269213090066,0.38125
"AR 1.29 - 2x",39,26.6807540878367,0.927747633115283,45.9412571900101,0.957393556974745,0.129138986951993,0.23622393054028,1.16772620234746,3.73612983200317,1.46824665478889,2,2,1.0401225471951,0.38125
"AR 1.29 - 2x",40,27.4698116343531,0.92975014988906,48.1089996555511,0.959274267160237,0.127516666547823,0.236389108794165,1.17128487044473,3.74830209428429,1.46931214981858,2,2,1.03771130311631,0.38125
"AR 1.29 - 2x",41,28.2364710518816,0.931592291133533,50.2474037255613,0.960973632718833,0.125984163902825,0.236509125757136,1.17484098350554,3.76010487451718,1.47040775317456,3,2,1.03543262053443,0.38125
"AR 1.29 - 2x",42,28.9795520612101,0.933287862476513,52.3514058575503,0.962512702939074,0.124534370697533,0.236596677881737,1.17858167499902,3.77181060298303,1.47091173040046,3,2,1.03327126800869,0.38125
"AR 1.29 - 2x",43,29.6987410786408,0.934850748606381,54.4172602879151,0.963910161029088,0.123161028427654,0.236693645697452,1.18250620401366,3.78360420090581,1.47069877957595,3,2,1.0312202051875,0.38125
"AR 1.29 - 2x",44,30.3942243766095,0.936294014593012,56.4426054110248,0.965182637770533,0.121859529738732,0.23679582035182,1.18652229641714,3.79550395362542,1.4700381309716,3,2,1.02926390981954,0.38125
"AR 1.29 - 2x",45,31.06659240222,0.937629793184338,58.4261625663306,0.966344789674621,0.120626420582043,0.236897360258972,1.19054745547877,3.80744028592022,1.4691904604608,3,2,1.02738844250943,0.38125
"AR 1.29 - 2x",46,31.7183583746448,0.938872238726075,60.3687197185684,0.967410107149508,0.119456879605729,0.23698653777279,1.19452605684289,3.81932694317025,1.46831403371727,3,2,1.02559933749523,0.38125
"AR 1.29 - 2x",47,32.3543580138194,0.940037820569913,62.2745711341395,0.968391725709842,0.118343801061621,0.237056447484541,1.1984186350705,3.83108831803571,1.46750387649536,3,2,1.0239104578728,0.39375
"AR 1.29 - 2x",48,32.9786068531205,0.941139434920172,64.1495150967455,0.969301383179444,0.117281392227077,0.237107513888389,1.20218931439426,3.84265856997029,1.466840260628,3,2,1.02233073138741,0.39375
"AR 1.29 - 2x",49,33.5921314861403,0.942183383501496,65.997113808453,0.97014796778085,0.116266733128279,0.23713681375941,1.2058055527233,3.85397672202485,1.46640823070292,3,3,1.02087016478025,0.39375
"AR 1.29 - 2x",50,34.1938021015895,0.943171812064328,67.8175168041136,0.97093763197395,0.115297995523525,0.237139175189163,1.20926371204925,3.86499874646892,1.4662780967427,3,3,1.01953947273949,0.39375
"AR 1.29 - 2x",51,34.7818935978182,0.944105808863007,69.6086534866364,0.971674859932309,0.114373065499882,0.237096194951023,1.21264789176516,3.87575178484351,1.46635143061759,3,3,1.01833722634452,0.39375
"AR 1.29 - 2x",52,35.3549842251491,0.944986910526109,71.3678136688692,0.972363404411368,0.113489311600556,0.237014385549512,1.21609260418476,3.88637104572721,1.46627120755816,3,3,1.01724251322956,0.39375
"AR 1.29 - 2x",53,35.9121262342156,0.945817263754747,73.0925863391906,0.973006746034696,0.11264398130746,0.236914449959422,1.21962829433909,3.89698197356216,1.46582783794913,3,3,1.01622490139691,0.39375
"AR 1.29 - 2x",54,36.4526492909913,0.946599238295245,74.781061922047,0.973608181922057,0.111834747830594,0.236807680704246,1.22316722940771,3.90756411263833,1.46514911201454,3,3,1.01526410263643,0.39375
"AR 1.29 - 2x",55,36.9759726625808,0.947335121136458,76.4316812723322,0.974170779103118,0.111059968499898,0.236700778744593,1.22659491146518,3.91797594571951,1.46445253441133,3,3,1.01435852559852,0.39375
"AR 1.29 - 2x",56,37.4815936395263,0.948027100469516,78.0431291077599,0.974697357979422,0.110318547438017,0.236597559886987,1.22982863477847,3.92806768710072,1.46388283669218,3,3,1.01351874797075,0.39375
"AR 1.29 - 2x",57,37.9692864738768,0.948677530923213,79.6144723103935,0.975190558932157,0.109609535937619,0.236498147128605,1.23282626315344,3.93775427645971,1.46351271527644,3,3,1.01275325000932,0.39375
"AR 1.29 - 2x",58,38.4394786565745,0.949289390526297,81.1455900630067,0.975652983946357,0.108931684123934,0.236397360811814,1.23556770691875,3.9470185188433,1.46340096220309,3,2,1.01205655096467,0.39375
"AR 1.29 - 2x",59,38.8935832269086,0.949866624198075,82.6377402766656,0.976087350119884,0.108283008055194,0.236288853163549,1.2380173906582,3.95585286803902,1.46367599841345,3,2,1.0114102910789,0.39375
"AR 1.29 - 2x",60,39.3339558619459,0.950413988480437,84.0938571848506,0.976496540806049,0.107660653699109,0.236162996896751,1.24013480146986,3.96421643093961,1.46455453823508,3,2,1.01079349280321,0.40625
"AR 1.29 - 2x",61,39.763308020966,0.950936268494909,85.518168251553,0.976883468057426,0.107061082050074,0.236012979519649,1.24200885568198,3.97211545780639,1.46608985408726,3,2,1.01019214572502,0.40625
"AR 1.29 - 2x",62,40.1837626881264,0.951437171607037,86.9150401536766,0.977250763959114,0.106480473675507,0.235838589358628,1.24392579144785,3.97977208609586,1.46773564649424,3,2,1.00960340778644,0.40625
"AR 1.29 - 2x",63,40.5961599821641,0.95191863862295,88.2875838251602,0.977600469020235,0.105914978501678,0.235631185621133,1.24608288317581,3.98751708303296,1.46891894495859,3,2,1.00903371516181,0.40625
"AR 1.29 - 2x",64,41.0001113772708,0.952381078658702,89.6368951232823,0.977933930798494,0.105360205956735,0.235384172945747,1.24851175058613,3.99553754612061,1.46955806057783,3,2,1.00849336906129,0.40625
"AR 1.29 - 2x",65,41.3947634168152,0.95282436228417,90.9624127173883,0.97825198425202,0.104809870651196,0.235099964072073,1.25118707497891,4.00388299154301,1.46967220699977,3,2,1.00799127306056,0.40625
"AR 1.29 - 2x",66,41.7797879389342,0.953248950115066,92.2631643617693,0.978555306227419,0.104254105661219,0.234762077208637,1.25403131548196,4.01251476954924,1.46938261418065,2,2,1.0075317904391,0.40625
"AR 1.29 - 2x",67,42.1558689151568,0.953656361225586,93.539052204829,0.978844721272784,0.103678426177964,0.234339539113635,1.25694378244647,4.02132736753308,1.46890784642589,2,2,1.00711435021124,0.40625
"AR 1.29 - 2x",68,42.5241020946445,0.954048448934089,94.7911516039396,0.979121244848697,0.103067181861608,0.233808789553128,1.25982001155575,4.03017024297246,1.46846773679529,2,2,1.00673644448098,0.40625
"AR 1.29 - 2x",69,42.8845071025013,0.954425829705035,96.0205294410843,0.979385806163689,0.10241625584411,0.233191522602586,1.26257400654416,4.03886401547156,1.4682407287439,2,2,1.00639758061984,0.40625
"AR 1.29 - 2x",70,43.2352991952271,0.954787239232332,97.2265408559838,0.979638904286242,0.101745319006089,0.23254477118103,1.26523515291403,4.04729341054407,1.46817943379006,2,2,1.00610051987661,0.40625
"AR 1.29 - 2x",71,43.5740054529886,0.955130799225361,98.4066371076854,0.979880619059335,0.101089894497256,0.231898521643943,1.26794064674707,4.05552677546978,1.4679214328136,2,2,1.00584971449712,0.40625
"AR 1.29 - 2x",72,43.898524372782,0.95545510619916,99.5577388073916,0.980110929067023,0.100486796752742,0.2312531943833,1.27076029364134,4.06371250138539,1.46726922703323,2,2,1.0056488416048,0.40625
"AR 1.29 - 2x",73,44.2072558700293,0.955759314262516,100.677451450712,0.980329955447698,0.0999768237535529,0.230616675865876,1.27367552001488,4.07191998129261,1.46632721302529,2,2,1.00549819262817,0.40625
"AR 1.29 - 2x",74,44.4993242485222,0.956043303213125,101.764718376552,0.980538067620917,0.0996102166018783,0.229996320053581,1.27664374329942,4.08013407933967,1.46525159734722,3,2,1.00504926081212,0.40625
"AR 1.29 - 2x",75,44.7750615619139,0.956308087160192,102.820133370519,0.980735913785987,0.0994493233078091,0.229386730806294,1.27962558617587,4.08830556564945,1.4641460112675,3,2,1.00460042282327,0.40625
"AR 1.29 - 2x",76,45.0383474177051,0.956557954136493,103.847705107323,0.980924713631521,0.099552701539464,0.228758003873165,1.28258902914206,4.09638233032073,1.46307503601968,3,2,1.00419783417484,0.41875
"AR 1.29 - 2x",77,45.2975673338552,0.956801185998006,104.857492912081,0.981106675163174,0.0999040103758797,0.22807609908858,1.28550378299513,4.10431770382672,1.46210342371235,3,2,1.00384518505881,0.41875
"AR 1.29 - 2x",78,45.5605367302944,0.957045168710465,105.862786589216,0.981284410936353,0.100381499230218,0.22735178862415,1.28833728079844,4.11206694843474,1.46131789341753,3,2,1.00355119892237,0.41875
"AR 1.29 - 2x",79,45.8298284882191,0.95729217755937,106.873141364442,0.981459703734379,0.100885678408155,0.226607738996201,1.29107042107174,4.11959172260477,1.46080242033292,3,2,1.00332708637,0.41875
"AR 1.29 - 2x",80,46.1032170066973,0.957540055072764,107.890862982158,0.981632986044681,0.101415148009979,0.225861086864458,1.29373108860283,4.12688853093332,1.46055146474635,3,2,1.00318374945873,0.41875
"AR 1.29 - 2x",81,46.3762571166034,0.957784761361001,108.912218974383,0.981803660969977,0.10204205483552,0.225103420822056,1.2963904572732,4.13401700555254,1.46040779328868,3,2,1.00313018388864,0.41875
"AR 1.29 - 2x",82,46.644881763027,0.958022773360054,109.930696621944,0.981970725318565,0.102826961065336,0.2243184564353,1.29909960136443,4.14106780955227,1.46021910374485,3,2,1.00317342803935,0.41875
"AR 1.29 - 2x",83,46.9064346482244,0.958251954780481,110.939857874148,0.982133263004063,0.103767005018363,0.223501730584528,1.30188945342489,4.14811351420373,1.45993661908923,3,2,1.0033190966513,0.41875
"AR 1.29 - 2x",84,47.1595456029895,0.958471368968318,111.934700732937,0.982290651261126,0.104791898479714,0.222681280094774,1.30481122403591,4.15522249138255,1.45944051248392,3,2,1.00357108236064,0.41875
"AR 1.29 - 2x",85,47.4036534752,0.958680804930877,112.91206218829,0.982442596845503,0.105807406887055,0.221896166713462,1.30789150858385,4.16246128181502,1.45859385995775,3,2,1.0039309003201,0.41875
"AR 1.29 - 2x",86,47.6384133172947,0.958880237581911,113.870423804646,0.982589077903976,0.106776816287602,0.221163597616923,1.31110326671166,4.16985706877358,1.45743512979748,3,2,1.00439736183054,0.41875
"AR 1.29 - 2x",87,47.8638799175499,0.959069971451823,114.80958245716,0.982730271903538,0.107755246379257,0.220463090901319,1.31440386025331,4.17739598557144,1.45609932352531,3,2,1.00496658322849,0.41875
"AR 1.29 - 2x",88,48.0809086374294,0.959250958152091,115.730583165451,0.982866529526669,0.108812002563317,0.219754070629633,1.31776253963724,4.18505121734758,1.45469111149094,3,2,1.00563306396506,0.41875
"AR 1.29 - 2x",89,48.2906402868452,0.959424345304483,116.63529684588,0.982998300224291,0.109994324128315,0.219006576679347,1.32116178623019,4.19280041999917,1.45326211306436,3,2,1.00639177394702,0.41875
"AR 1.29 - 2x",90,48.4940310848965,0.959591086921786,117.525563342856,0.983126003002284,0.111298644472474,0.218224838009399,1.32459245156587,4.20062877286943,1.45183269994913,3,2,1.00723932903081,0.41875
"AR 1.29 - 2x",91,48.6913883479024,0.95975157735587,118.402430545466,0.983249922209595,0.112640103511234,0.217443793221643,1.32804936392674,4.208527956872,1.45041034042772,3,2,1.00817203428324,0.41875
"AR 1.29 - 2x",92,48.8819509872358,0.959905337293007,119.265759284623,0.983370162780357,0.113945603228877,0.216694659664034,1.33152799969317,4.21649484426216,1.44899844828566,3,2,1.00918314765933,0.41875
"AR 1.29 - 2x",93,49.0644756428061,0.960051514086169,120.114361788249,0.983486681757059,0.115229281791128,0.215982261385876,1.33502331814427,4.22452975538939,1.44760093461539,3,2,1.01026264594334,0.41875
"AR 1.29 - 2x",94,49.2382208090259,0.960189672966271,120.946626335895,0.983599382286386,0.116526855269302,0.215293785217355,1.3385303242593,4.23263478015818,1.446223055691,3,2,1.01139860359306,0.41875
"AR 1.29 - 2x",95,49.4031628981319,0.960319950475288,121.76117713041,0.983708204444184,0.117807392347781,0.214619490167489,1.34204267676731,4.24081192188025,1.44487219974697,3,2,1.01257852892471,0.41875
"AR 1.29 - 2x",96,49.5590917250556,0.960442327348834,122.557003271786,0.983813139303803,0.119033396438107,0.213949888591275,1.34555083753262,4.24906009845964,1.44356112368994,3,2,1.0137911159896,0.43125
"AR 1.29 - 2x",97,49.7052957781873,0.960556388256779,123.333179541654,0.983914189218253,0.120258374551663,0.213266934977377,1.34904323222995,4.25737237660433,1.44230694042844,3,2,1.01502919904978,0.43125
"AR 1.29 - 2x",98,49.8410126610545,0.96066168049536,124.088827067631,0.98401136179078,0.12157166830808,0.212561470128488,1.35250632096566,4.26573453669754,1.44113092735678,3,2,1.01629169769189,0.43125
"AR 1.29 - 2x",99,49.9659418374458,0.960758107710853,124.823403334071,0.984104705905229,0.123028614222656,0.211844956105749,1.35592123688537,4.27412376410938,1.44006914911985,3,2,1.01758278145769,0.43125
"AR 1.29 - 2x",100,50.0808799800238,0.960846406702818,125.537277405967,0.984194380968199,0.124610807496657,0.211133198851825,1.35926285705275,4.28250808150718,1.43918417447718,3,2,1.01890833198024,0.43125
"AR 1.29 - 2x",101,50.1876135452379,0.960928047598225,126.232146619004,0.984280702219157,0.126231635394891,0.21044097392643,1.36250990107694,4.29085222305767,1.43855562569551,3,2,1.0202713141184,0.43125
"AR 1.29 - 2x",102,50.2881575579841,0.961004643269962,126.910703739713,0.984364091967864,0.127794413345662,0.209776912761637,1.36567172755924,4.2991382101921,1.43822382440342,3,2,1.02166892336861,0.43125
"AR 1.29 - 2x",103,50.3839438179737,0.961077335615091,127.575726088761,0.984444964373607,0.129241747861988,0.209141748744584,1.36881440804177,4.30739903793638,1.43809065558687,3,2,1.0230926235437,0.43125
"AR 1.29 - 2x",104,50.4754834984843,0.961146552415406,128.229173102767,0.984523618375167,0.130581988488476,0.208527474168154,1.37203825880287,4.31573140658935,1.43790975921076,3,2,1.02453064761065,0.43125
"AR 1.29 - 2x",105,50.5625320703111,0.96121214533699,128.871794095593,0.984600197341327,0.131869349102507,0.207919160872528,1.37541474883024,4.32425554329482,1.43744681999028,3,2,1.02597141031058,0.43125
"AR 1.29 - 2x",106,50.6446013024249,0.961273783714812,129.503335628993,0.984674721221795,0.133173781047482,0.207298587713025,1.37895237007464,4.33305373637139,1.43662922475264,3,2,1.02740660886284,0.43125
"AR 1.29 - 2x",107,50.7215110310516,0.961331369479919,130.123182210177,0.984747167005189,0.134523126299242,0.206659730589338,1.38261784523476,4.34214426896505,1.4355277139596,3,2,1.02883262133267,0.43125
"AR 1.29 - 2x",108,50.7932585552701,0.961384935881844,130.730985416516,0.98481754316438,0.135895331558702,0.206016040657861,1.38637057880825,4.35149980715378,1.43424990742506,3,2,1.03025004569857,0.43125
"AR 1.29 - 2x",109,50.8597683017338,0.96143445939898,131.326964775694,0.984885922507252,0.137300169601898,0.205382594734249,1.39017845714552,4.36107598772914,1.43288175529497,3,2,1.03166318143779,0.43125
"AR 1.29 - 2x",110,50.9214398422827,0.961480266994228,131.912137750316,0.984952465336483,0.138796969027818,0.204761647524038,1.39402045665298,4.37082943571134,1.43147933619179,2,2,1.03307946766972,0.43125
"AR 1.29 - 2x",111,50.9797461038617,0.961523475008828,132.488605131702,0.98501744775873,0.14040132106315,0.20415293020501,1.39788360841032,4.38072450184396,1.43007625011968,2,2,1.03450679637049,0.43125
"AR 1.29 - 2x",112,51.0366984538362,0.961565586222303,133.059405639269,0.985081240734562,0.142037470649032,0.203564056010018,1.40176055262369,4.39073552477102,1.42869067767954,2,2,1.03594891019628,0.43125
"AR 1.29 - 2x",113,51.0936675610955,0.96160761770796,133.62761542434,0.985144206902157,0.143622833787259,0.203001818568123,1.40564649944663,4.40084780826379,1.42732999313037,2,2,1.03740256932662,0.43125
"AR 1.29 - 2x",114,51.1508813696162,0.961649737310763,134.195221740037,0.985206577760228,0.145139654842628,0.202464446662178,1.40953632588012,4.41105460113576,1.42599683141157,2,2,1.03864074576323,0.43125
"AR 1.29 - 2x",115,51.2077003022292,0.961691474850989,134.762512742585,0.985268392875196,0.14661250349074,0.20194454701594,1.41342536491795,4.42135302722769,1.42469101326317,2,2,1.03978037783417,0.43125
"AR 1.29 - 2x",116,51.2630990531878,0.961732081789398,135.328184024557,0.985329519245707,0.148051819041703,0.201437900136432,1.41730943320059,4.43174167508804,1.42340993106901,2,2,1.04089661650111,0.43125
"AR 1.29 - 2x",117,51.3159434659845,0.961770736270858,135.889883030493,0.985389716495305,0.149441349877067,0.200945036563637,1.42118326252491,4.44221819636154,1.42215279937958,2,2,1.04197852891991,0.43125
"AR 1.29 - 2x",118,51.365268616637,0.961806746096504,136.444938762397,0.985448718461307,0.150763540575701,0.200464727987513,1.42504160535944,4.45277768099658,1.42092136066216,2,2,1.0430176690247,0.43125
"AR 1.29 - 2x",119,51.410562242323,0.961839753010989,136.991147788728,0.985506316658355,0.152011476260782,0.199992655566851,1.42888053892764,4.46341318138883,1.41971684129176,2,2,1.04400836826152,0.43125
"AR 1.29 - 2x",120,51.4517779874149,0.961869738705905,137.52736155871,0.985562419023246,0.153195698323797,0.199522714031507,1.43269577936901,4.47411610848532,1.41854197343659,2,2,1.04494756727622,0.43125
"AR 1.29 - 2x",121,51.4890165362276,0.961896790376714,138.053524823024,0.98561704924384,0.154358615094614,0.19904794683851,1.43648155797849,4.48487485304093,1.41740458439429,2,2,1.04583530216553,0.44375
"AR 1.29 - 2x",122,51.5221009863981,0.961920792153422,138.570046482667,0.985670277753699,0.155570793875614,0.198562658628174,1.44023241214071,4.49567361543464,1.41631459075195,2,2,1.04667568343603,0.44375
"AR 1.29 - 2x",123,51.5504671679646,0.961941346903587,139.076940691723,0.985722132492874,0.156901005180469,0.198063608572227,1.44394434322491,4.50649302486399,1.41527962810375,2,2,1.04747725375357,0.44375
"AR 1.29 - 2x",124,51.574018007662,0.961958395500444,139.57389439994,0.98577260729286,0.158379541041704,0.197553139937763,1.4476130978372,4.51731140148704,1.41430808828529,2,2,1.04825206725064,0.44375
"AR 1.29 - 2x",125,51.5948982382155,0.961973498057901,140.06239008892,0.985821876414122,0.159974661369895,0.197037938201256,1.45123188019913,4.52810574000706,1.41341769965064,2,2,1.04901308454382,0.44375
"AR 1.29 - 2x",126,51.6180652495449,0.961990240604346,140.548499745461,0.985870567306637,0.161602105348701,0.19652790742381,1.45479176629523,4.5388536482745,1.41264008039553,2,2,1.04976986116622,0.44375
"AR 1.29 - 2x",127,51.6487623589298,0.96201240237396,141.042106767125,0.985919668149678,0.163177028906927,0.196031899538749,1.45828695611673,4.54953818566511,1.41201022598881,2,2,1.05052449305716,0.44375
"AR 1.29 - 2x",128,51.6896353560747,0.962041870540875,141.552152511325,0.985970046998476,0.164664105957464,0.195552036896175,1.46172566318451,4.56015661644659,1.41153617528476,2,2,1.05127082002842,0.44375
"AR 1.29 - 2x",129,51.7403839783558,0.962078395166391,142.082845843325,0.98602208400167,0.166071563877898,0.195086250724803,1.46513779662079,4.57073025116584,1.41116278748772,2,2,1.05199687693197,0.44375
"AR 1.29 - 2x",130,51.7990677828649,0.962120543335633,142.633444485777,0.986075666380068,0.167418252622525,0.194633480472121,1.46856013345362,4.5813023330317,1.41078442050983,2,2,1.05268856703327,0.44375
"AR 1.29 - 2x",131,51.8633958446522,0.962166637839965,143.200176108218,0.98613039141853,0.168703830990427,0.194196274522218,1.47200869066131,4.59191625044554,1.41032548408777,2,2,1.05333228750603,0.44375
"AR 1.29 - 2x",132,51.9312468032778,0.962215135278541,143.77823220505,0.986185768609418,0.169912208766307,0.193777711904072,1.47547269913346,4.60259467887943,1.40978701477048,2,2,1.05391576020309,0.44375
"AR 1.29 - 2x",133,52.0007545876753,0.962264688200023,144.36294217324,0.986241335170442,0.171047879671429,0.193374993178526,1.47892691985871,4.61333565447491,1.40922021871071,2,2,1.05442877736599,0.44375
"AR 1.29 - 2x",134,52.0704270011213,0.96231422822436,144.950266057608,0.986296701924404,0.172141609032928,0.192980096445497,1.48234471032961,4.62411990555435,1.40868848906645,2,2,1.05486423906374,0.44375
"AR 1.29 - 2x",135,52.1392337340802,0.962363025217706,145.536968343534,0.986351566962193,0.173221233194604,0.19258590773965,1.48570750860212,4.63492207704026,1.4082450263279,2,2,1.05521830871238,0.44375
"AR 1.29 - 2x",136,52.2065475516049,0.962410641320785,146.120657277936,0.986405715981667,0.174296719215809,0.19218891020572,1.48901434886354,4.64572211630228,1.40791179638583,2,2,1.05548967486125,0.44375
"AR 1.29 - 2x",137,52.2720476648579,0.962456858940691,146.699752216933,0.986459015875243,0.175372847438334,0.191786687646389,1.49229175731606,4.65651888403161,1.40764675908978,2,2,1.05567908662248,0.44375
"AR 1.29 - 2x",138,52.3356934083103,0.962501659354289,147.27341558074,0.986511405350942,0.176458724693686,0.191376768621939,1.49558329080465,4.66733668724932,1.40734398060574,2,2,1.05578957116699,0.44375
"AR 1.29 - 2x",139,52.3976972132049,0.962545201303074,147.841445694308,0.986562882464152,0.177560371037231,0.190958638819459,1.49891758698308,4.67820765800977,1.40691097286508,2,2,1.05582668679086,0.44375
"AR 1.29 - 2x",140,52.4584162355442,0.962587743131264,148.404103871856,0.986613486857661,0.178670178206073,0.190534980307379,1.50229487474438,4.689145732772,1.4063314626762,2,2,1.0557982009601,0.44375
"AR 1.29 - 2x",141,52.5181399870603,0.962629493467382,148.961866984834,0.986663276203395,0.179769625976928,0.190109982368489,1.50570042024727,4.70014114710547,1.40564296732716,2,2,1.05571319543289,0.44375
"AR 1.29 - 2x",142,52.5768733512816,0.96267046068764,149.515140429484,0.986712300209181,0.180849875833175,0.189686116349328,1.50911846963571,4.71117197979888,1.40489099674921,2,2,1.05558140745319,0.44375
"AR 1.29 - 2x",143,52.6343095305147,0.96271043633251,150.064041208241,0.986760581909476,0.181928675864084,0.189262538010938,1.51253687873807,4.72221454372332,1.4041090000379,2,2,1.05541345832458,0.44375
"AR 1.29 - 2x",144,52.6900402528389,0.962749143219459,150.608371785243,0.986808116356311,0.18304079492809,0.18883642886911,1.51594836721945,4.73324817729109,1.40331667742567,2,2,1.05522123000447,0.44375
"AR 1.29 - 2x",145,52.7438196177857,0.962786418713378,151.147777855846,0.98685488524259,0.184208313387948,0.18840711912092,1.51935006301301,4.74425744166727,1.40252340595015,2,2,1.05501665985457,0.44375
"AR 1.29 - 2x",146,52.7956173327642,0.962822250228516,151.681923613482,0.986900872397554,0.185418916955076,0.18797972548249,1.52274139056974,4.75523299210373,1.40173328632611,2,2,1.05480825405759,0.44375
"AR 1.29 - 2x",147,52.8454295745454,0.962856643250824,152.210518252959,0.986946065956791,0.186638387636765,0.187562719872501,1.52612183978476,4.76617163391544,1.4009493638651,2,2,1.05459752437213,0.44375
"AR 1.29 - 2x",148,52.8931441456427,0.962889528311892,152.733227915147,0.986990450749503,0.18783967396249,0.187160952744151,1.52948922051364,4.7770749528319,1.40017581651282,2,2,1.05437820683449,0.44375
"AR 1.29 - 2x",149,52.9385725976114,0.962920783704822,153.249624361006,0.987034004080819,0.189010131611426,0.186776768991328,1.53283941490588,4.7879466473011,1.39941779557064,2,2,1.05413805919504,0.44375
"AR 1.29 - 2x",150,52.9814869770543,0.96295026106172,153.759200917782,0.987076697293995,0.190147916618194,0.186408061971599,1.53616786297042,4.79879047349727,1.39867918900219,2,2,1.05386186674773,0.44375
"AR 1.29 - 2x",151,53.0216817324621,0.962977827867247,154.261417871245,0.987118499705712,0.191260861018673,0.186049793431219,1.53947072936995,4.80960930433371,1.39796100782847,2,2,1.05353476157403,0.45625
"AR 1.29 - 2x",152,53.0590562077672,0.963003423657392,154.755770331517,0.987159384235055,0.192353992644714,0.185698452114825,1.54274426183162,4.82040418938627,1.39726291921271,2,2,1.05314419890409,0.45625
"AR 1.29 - 2x",153,53.0935893289364,0.963027042116983,155.241842715495,0.987199331720365,0.193420441106186,0.185354304869668,1.54598392455459,4.83117334969421,1.39658600605691,2,2,1.05268015699732,0.45625
"AR 1.29 - 2x",154,53.1252616988029,0.963048677507933,155.719321180194,0.98723833165599,0.194451872490822,0.185018686529748,1.54918491166435,4.84191200094216,1.39593333842425,2,2,1.05213506479216,0.45625
"AR 1.29 - 2x",155,53.1540664431292,0.963068332050367,156.188005700225,0.987276382882456,0.195448961070449,0.184691488798309,1.55234290161305,4.85261306228051,1.39530907738134,2,2,1.05150421256859,0.45625
"AR 1.29 - 2x",156,53.1800859591042,0.963086068163317,156.647865268628,0.98731349773375,0.196416769342527,0.184372169770884,1.55545341017817,4.86326784953539,1.39471909299765,2,2,1.05078588369251,0.45625
"AR 1.29 - 2x",157,53.2035378592837,0.96310203947956,157.099114347198,0.987349707756061,0.197355471923032,0.184061444551195,1.5585103616806,4.87386615391907,1.39417310087754,2,2,1.04988746475481,0.45625
"AR 1.29 - 2x",158,53.2247436766529,0.963116469264914,157.542250357691,0.987385066154367,0.198259187462746,0.183760680803723,1.56150571937213,4.88439610922807,1.39368552954633,2,2,1.0493270300728,0.45625
"AR 1.29 - 2x",159,53.2440595827537,0.963129603215835,157.978017305152,0.987419644338871,0.199124599899149,0.183469567832298,1.56443087465974,4.89484459757026,1.39327368636775,2,2,1.04870104847052,0.45625
"AR 1.29 - 2x",160,53.2618483402007,0.963141690503044,158.40732543177,0.987453525146458,0.199957789579081,0.18318529157515,1.56727937621828,4.90519863008076,1.39295388447618,2,2,1.04800944288177,0.45625
"AR 1.29 - 2x",161,53.2784996524226,0.96315299772825,158.831184374945,0.987486797349207,0.200770787580781,0.18290430031174,1.57005122319295,4.91544834869208,1.39273418101237,2,2,1.04725297458674,0.45625
"AR 1.29 - 2x",162,53.2944567579088,0.963163827038224,159.250676820845,0.987519553491584,0.201573731170817,0.182624298943539,1.57275834575267,4.92559234754826,1.39260098519526,2,2,1.0464337760028,0.45625
"AR 1.29 - 2x",163,53.3102273110672,0.963174523491776,159.666961888298,0.987551890093058,0.202369817016346,0.182344659274475,1.5754257910951,4.93564301156634,1.39250844215358,2,2,1.04555517832436,0.45625
"AR 1.29 - 2x",164,53.3263678937168,0.963185464489127,160.081277300424,0.987583907741991,0.203154025289118,0.182065784914037,1.57808181661202,4.94562494462577,1.39239328893602,2,2,1.04462091865604,0.45625
"AR 1.29 - 2x",165,53.343428947348,0.963197022367916,160.494904120369,0.987615708304274,0.203915351376539,0.181788647063435,1.58074339499633,4.95556370984806,1.39221086920309,2,2,1.04363419430469,0.45625
"AR 1.29 - 2x",166,53.3618686444067,0.963209506040301,160.909072856308,0.987647387729933,0.20464287052276,0.181514585920974,1.5834119706773,4.96547462295623,1.3919521283141,2,2,1.04259725947231,0.45625
"AR 1.29 - 2x",167,53.3819755080187,0.963223108735631,161.324826291906,0.987679025780053,0.205332622211282,0.181244564733401,1.58608095390874,4.97536192771264,1.39163078537501,2,2,1.04151196171154,0.45625
"AR 1.29 - 2x",168,53.4038319858357,0.963237883674799,161.742885272902,0.987710676281509,0.20599046002294,0.180977897031642,1.58874406147326,4.98522505927421,1.39126567964234,2,2,1.0403809373441,0.45625
"AR 1.29 - 2x",169,53.4273195499498,0.963253747997556,162.163562453324,0.987742361285032,0.206630329511853,0.180711675297839,1.59139734076128,4.99506203167334,1.39087295990566,2,2,1.03920884985254,0.45625
"AR 1.29 - 2x",170,53.4521524871467,0.963270506148089,162.586744406355,0.98777407052596,0.207271138113988,0.180441571396113,1.59403712187257,5.00486756081554,1.39046537142186,2,2,1.03800326629878,0.45625
"AR 1.29 - 2x",171,53.4779318297224,0.963287886804307,163.011938038108,0.987805765702645,0.207934178723776,0.180163315554763,1.59665872807398,5.0146308703074,1.39005359788412,2,2,1.03677502415105,0.45625
"AR 1.29 - 2x",172,53.5042183222783,0.963305592455722,163.438365312791,0.987837388214146,0.208640021332503,0.179873840665465,1.59925800023568,5.02433746428192,1.38964700383145,2,2,1.03553783352361,0.45625
"AR 1.29 - 2x",173,53.5306193748568,0.963323358088939,163.865088614862,0.987868868923049,0.209402051114942,0.179572046144849,1.601833676183,5.03397443477066,1.38925307113653,2,2,1.03430649765003,0.45625
"AR 1.29 - 2x",174,53.5568507895028,0.963340992541585,164.291142965221,0.987900138119192,0.210217258692281,0.179259651799286,1.6043872024788,5.04353492014582,1.3888771136852,2,2,1.03309334526733,0.45625
"AR 1.29 - 2x",175,53.5827151719438,0.963358363655972,164.715635521323,0.987931132788356,0.211064083713465,0.17894113933456,1.60691974749582,5.05301844364861,1.38852351154295,2,2,1.0319041390692,0.45625
"AR 1.29 - 2x",176,53.6080236896159,0.963375345510255,165.137783542398,0.987961799192478,0.211915181141078,0.178621643787109,1.60942887833724,5.06242761179914,1.38819794625544,2,2,1.0307362615616,0.45625
"AR 1.29 - 2x",177,53.6325702247112,0.96339180104883,165.556914772192,0.987992092656522,0.212753069649479,0.178304705914968,1.61190707706376,5.07176361412502,1.38790970240272,2,2,1.02958036979208,0.45625
"AR 1.29 - 2x",178,53.6561736928465,0.963407610433188,165.972473914399,0.988021977796021,0.213571101287752,0.177992378745891,1.61434280029639,5.08102334810656,1.38767300056579,2,2,1.02842352232342,0.45625
"AR 1.29 - 2x",179,53.6786844371761,0.963422675205401,166.384026509484,0.988051428552015,0.214366826372851,0.177686002655122,1.61672307954214,5.09019954901003,1.38750666944558,2,2,1.02780975187592,0.45625
"AR 1.29 - 2x",180,53.6999538832719,0.963436897876222,166.791232259331,0.988080426056417,0.215143102002582,0.177385325362588,1.61903646878148,5.09928265533737,1.38743189806371,2,2,1.02735883797739,0.45625
"AR 1.29 - 2x",181,53.7198537028138,0.963450194679575,167.193813824165,0.988108956242048,0.215908810619748,0.177088167334902,1.62127681753676,5.10826325327927,1.38746602983734,2,2,1.02687511224788,0.45625
"AR 1.29 - 2x",182,53.7383294833623,0.963462531303446,167.591561716632,0.988137010063638,0.216670929665793,0.176792427981339,1.6234481879738,5.11713606662297,1.38760913492075,2,2,1.02636048945752,0.45625
"AR 1.29 - 2x",183,53.7554202349615,0.963473935705035,167.984372409886,0.988164586041431,0.217427205809039,0.176498134143192,1.62556628443786,5.12590474153349,1.38782974609064,2,2,1.02581584282434,0.45625
"AR 1.29 - 2x",184,53.771226282511,0.963484476508085,168.372285374607,0.988191692663433,0.218169011078112,0.17620790863201,1.62764885576899,5.13458119771278,1.38807469804103,2,2,1.02523999089781,0.45625
"AR 1.29 - 2x",185,53.7858708041362,0.963494237279715,168.755493148735,0.98821834885633,0.218890746076354,0.17592475828303,1.62970041670083,5.1431756171329,1.3883102752738,2,2,1.02463169373503,0.46875
"AR 1.29 - 2x",186,53.7994881979112,0.963503308775861,169.134321002637,0.988244582349913,0.219594336788684,0.175649170657103,1.63170791458749,5.15168569515368,1.3885513567169,2,2,1.02399182648752,0.46875
"AR 1.29 - 2x",187,53.8122221691224,0.963511787684341,169.509180428626,0.988270426290406,0.220285965358773,0.17537970820248,1.63365081986131,5.16009570925536,1.38884933357675,2,2,1.02332355733511,0.46875
"AR 1.29 - 2x",188,53.824219857796,0.963519772735706,169.88050791688,0.988295914938567,0.220970681453311,0.175114411127565,1.6355206473322,5.16838779659476,1.38925178957505,2,2,1.02263082588779,0.46875
"AR 1.29 - 2x",189,53.8356288102334,0.963527362713004,170.248714481206,0.988321080213309,0.221648807784822,0.174852179475958,1.63734421402379,5.17656406338659,1.38974607329776,2,2,1.02191633489973,0.46875
"AR 1.29 - 2x",190,53.8465986743761,0.963534657602489,170.614171663,0.988345950799871,0.22231536081445,0.174593728162201,1.6391866526661,5.18466602675138,1.39022380870296,2,2,1.02118027596037,0.46875
"AR 1.29 - 2x",191,53.8572843414028,0.963541760697576,170.977240267293,0.988370554168147,0.222963157666209,0.174341080913414,1.64111259699803,5.19276348309577,1.39054045965159,2,2,1.02047138234715,0.46875
"AR 1.29 - 2x",192,53.8678539645685,0.96354878393291,171.338324831638,0.988394920271194,0.223587716764269,0.174095601415072,1.64314417183342,5.20091330108751,1.39062680453827,2,2,1.02007171125482,0.46875
"AR 1.29 - 2x",193,53.8784993118805,0.963555854750441,171.697922591529,0.988419084781173,0.224189776958178,0.173856735716167,1.64526310326932,5.20913200210348,1.39051058738883,2,2,1.01965221060949,0.46875
"AR 1.29 - 2x",194,53.8894327114534,0.963563114042119,172.056633929638,0.988443089671944,0.224774046680785,0.17362250992263,1.64743707830766,5.21740277742884,1.39025846079256,2,2,1.01921556287006,0.46875
"AR 1.29 - 2x",195,53.9008620850267,0.96357069954744,172.415116304299,0.988466980026756,0.225346526687124,0.173390745670648,1.64963712919162,5.22569561221727,1.38992987766957,2,2,1.01876628793925,0.46875
"AR 1.29 - 2x",196,53.9129540374113,0.963578721358945,172.773991765107,0.988490797847911,0.225912630063153,0.173159919413576,1.6518419108774,5.23398081028552,1.38956525493968,2,2,1.01830939107566,0.46875
"AR 1.29 - 2x",197,53.9258026223804,0.963587241250708,173.13374146121,0.988514575158051,0.226476407100665,0.172929293840988,1.65403694379052,5.24223388408741,1.3891895318867,2,2,1.01784930648702,0.46875
"AR 1.29 - 2x",198,53.9394159824099,0.963596263916596,173.494623942904,0.988538328833246,0.227040208186529,0.172698481160059,1.65621358379246,5.25043665639651,1.38881696875135,2,2,1.01738915316661,0.46875
"AR 1.29 - 2x",199,53.9537222201225,0.963605740990778,173.856639008459,0.988562058544982,0.227604246841114,0.172467086646235,1.65836799192979,5.25857754634753,1.38845393224204,2,2,1.01693021217925,0.46875
"AR 1.29 - 2x",200,53.9685865904992,0.963615582570833,174.219538050486,0.988585747786735,0.228166147087478,0.172234933204481,1.66049960494153,5.26665136271565,1.38810078792304,2,2,1.01647169711257,0.46875
