"geometry","time","species","relative_x","value"
"AR 1.00 - 0.5x",10,"cdc42_act",0.01,0.287487815459415
"AR 1.00 - 0.5x",10,"cdc42_act",0.03,0.292359631576645
"AR 1.00 - 0.5x",10,"cdc42_act",0.05,0.29764063163057
"AR 1.00 - 0.5x",10,"cdc42_act",0.07,0.302626681970845
"AR 1.00 - 0.5x",10,"cdc42_act",0.09,0.307578008313905
"AR 1.00 - 0.5x",10,"cdc42_act",0.11,0.314022262204065
"AR 1.00 - 0.5x",10,"cdc42_act",0.13,0.317906424451427
"AR 1.00 - 0.5x",10,"cdc42_act",0.15,0.322504247985109
"AR 1.00 - 0.5x",10,"cdc42_act",0.17,0.326502772442725
"AR 1.00 - 0.5x",10,"cdc42_act",0.19,0.331495253945412
"AR 1.00 - 0.5x",10,"cdc42_act",0.21,0.339975909420294
"AR 1.00 - 0.5x",10,"cdc42_act",0.23,0.347923000969861
"AR 1.00 - 0.5x",10,"cdc42_act",0.25,0.359103955300843
"AR 1.00 - 0.5x",10,"cdc42_act",0.27,0.37554982581619
"AR 1.00 - 0.5x",10,"cdc42_act",0.29,0.406875338789615
"AR 1.00 - 0.5x",10,"cdc42_act",0.31,0.487318689226068
"AR 1.00 - 0.5x",10,"cdc42_act",0.33,0.592559503568484
"AR 1.00 - 0.5x",10,"cdc42_act",0.35,0.740727154432966
"AR 1.00 - 0.5x",10,"cdc42_act",0.37,0.90560558765837
"AR 1.00 - 0.5x",10,"cdc42_act",0.39,1.04383728476579
"AR 1.00 - 0.5x",10,"cdc42_act",0.41,1.21007628379085
"AR 1.00 - 0.5x",10,"cdc42_act",0.43,1.30090710185379
"AR 1.00 - 0.5x",10,"cdc42_act",0.45,1.38413163563077
"AR 1.00 - 0.5x",10,"cdc42_act",0.47,1.45649092282177
"AR 1.00 - 0.5x",10,"cdc42_act",0.49,1.5209155830888
"AR 1.00 - 0.5x",10,"cdc42_act",0.51,1.61510852026287
"AR 1.00 - 0.5x",10,"cdc42_act",0.53,1.68090828892215
"AR 1.00 - 0.5x",10,"cdc42_act",0.55,1.74753500817019
"AR 1.00 - 0.5x",10,"cdc42_act",0.57,1.81680366985951
"AR 1.00 - 0.5x",10,"cdc42_act",0.59,1.88266647047024
"AR 1.00 - 0.5x",10,"cdc42_act",0.61,1.94225554125309
"AR 1.00 - 0.5x",10,"cdc42_act",0.63,1.96971585248694
"AR 1.00 - 0.5x",10,"cdc42_act",0.65,1.99128286887078
"AR 1.00 - 0.5x",10,"cdc42_act",0.67,2.0104238513158
"AR 1.00 - 0.5x",10,"cdc42_act",0.69,2.02835588844688
"AR 1.00 - 0.5x",10,"cdc42_act",0.71,2.05195864594574
"AR 1.00 - 0.5x",10,"cdc42_act",0.73,2.0704121146542
"AR 1.00 - 0.5x",10,"cdc42_act",0.75,2.08938619087966
"AR 1.00 - 0.5x",10,"cdc42_act",0.77,2.10802582086936
"AR 1.00 - 0.5x",10,"cdc42_act",0.79,2.12972895038328
"AR 1.00 - 0.5x",10,"cdc42_act",0.81,2.1595681543177
"AR 1.00 - 0.5x",10,"cdc42_act",0.83,2.18274179591544
"AR 1.00 - 0.5x",10,"cdc42_act",0.85,2.20679737358487
"AR 1.00 - 0.5x",10,"cdc42_act",0.87,2.2326679081439
"AR 1.00 - 0.5x",10,"cdc42_act",0.89,2.25897519029154
"AR 1.00 - 0.5x",10,"cdc42_act",0.91,2.29396048461072
"AR 1.00 - 0.5x",10,"cdc42_act",0.93,2.32135564472634
"AR 1.00 - 0.5x",10,"cdc42_act",0.95,2.34454069447277
"AR 1.00 - 0.5x",10,"cdc42_act",0.97,2.36819721029411
"AR 1.00 - 0.5x",10,"cdc42_act",0.99,2.38685586701376
"AR 1.00 - 0.5x",10,"Rac_act",0.01,1.14214244794261
"AR 1.00 - 0.5x",10,"Rac_act",0.03,1.16069756469668
"AR 1.00 - 0.5x",10,"Rac_act",0.05,1.18225321167145
"AR 1.00 - 0.5x",10,"Rac_act",0.07,1.2041444427403
"AR 1.00 - 0.5x",10,"Rac_act",0.09,1.22727706692085
"AR 1.00 - 0.5x",10,"Rac_act",0.11,1.25862036944163
"AR 1.00 - 0.5x",10,"Rac_act",0.13,1.28008211131417
"AR 1.00 - 0.5x",10,"Rac_act",0.15,1.30538001954596
"AR 1.00 - 0.5x",10,"Rac_act",0.17,1.32923900795575
"AR 1.00 - 0.5x",10,"Rac_act",0.19,1.35888541277116
"AR 1.00 - 0.5x",10,"Rac_act",0.21,1.4081894768716
"AR 1.00 - 0.5x",10,"Rac_act",0.23,1.4525000050605
"AR 1.00 - 0.5x",10,"Rac_act",0.25,1.50894018188852
"AR 1.00 - 0.5x",10,"Rac_act",0.27,1.58325302754547
"AR 1.00 - 0.5x",10,"Rac_act",0.29,1.70447396637259
"AR 1.00 - 0.5x",10,"Rac_act",0.31,1.96123033873639
"AR 1.00 - 0.5x",10,"Rac_act",0.33,2.2399549796219
"AR 1.00 - 0.5x",10,"Rac_act",0.35,2.58913299853966
"AR 1.00 - 0.5x",10,"Rac_act",0.37,2.98444974602746
"AR 1.00 - 0.5x",10,"Rac_act",0.39,3.32324809624476
"AR 1.00 - 0.5x",10,"Rac_act",0.41,3.74541117386399
"AR 1.00 - 0.5x",10,"Rac_act",0.43,3.97535522095188
"AR 1.00 - 0.5x",10,"Rac_act",0.45,4.18436503273031
"AR 1.00 - 0.5x",10,"Rac_act",0.47,4.36234746401074
"AR 1.00 - 0.5x",10,"Rac_act",0.49,4.51622544653255
"AR 1.00 - 0.5x",10,"Rac_act",0.51,4.73548311955112
"AR 1.00 - 0.5x",10,"Rac_act",0.53,4.88189707641825
"AR 1.00 - 0.5x",10,"Rac_act",0.55,5.02159793729609
"AR 1.00 - 0.5x",10,"Rac_act",0.57,5.15891201570383
"AR 1.00 - 0.5x",10,"Rac_act",0.59,5.29211508665998
"AR 1.00 - 0.5x",10,"Rac_act",0.61,5.43037505040639
"AR 1.00 - 0.5x",10,"Rac_act",0.63,5.49703963625789
"AR 1.00 - 0.5x",10,"Rac_act",0.65,5.54947165330647
"AR 1.00 - 0.5x",10,"Rac_act",0.67,5.59484223277605
"AR 1.00 - 0.5x",10,"Rac_act",0.69,5.63662460754462
"AR 1.00 - 0.5x",10,"Rac_act",0.71,5.69155277454261
"AR 1.00 - 0.5x",10,"Rac_act",0.73,5.73564846723363
"AR 1.00 - 0.5x",10,"Rac_act",0.75,5.7817400117071
"AR 1.00 - 0.5x",10,"Rac_act",0.77,5.8262800513632
"AR 1.00 - 0.5x",10,"Rac_act",0.79,5.88342754072801
"AR 1.00 - 0.5x",10,"Rac_act",0.81,5.9632748350594
"AR 1.00 - 0.5x",10,"Rac_act",0.83,6.02667978726744
"AR 1.00 - 0.5x",10,"Rac_act",0.85,6.09460829710458
"AR 1.00 - 0.5x",10,"Rac_act",0.87,6.17047093978111
"AR 1.00 - 0.5x",10,"Rac_act",0.89,6.24953269281298
"AR 1.00 - 0.5x",10,"Rac_act",0.91,6.3557085286849
"AR 1.00 - 0.5x",10,"Rac_act",0.93,6.4406432105106
"AR 1.00 - 0.5x",10,"Rac_act",0.95,6.50932748701002
"AR 1.00 - 0.5x",10,"Rac_act",0.97,6.57853829282445
"AR 1.00 - 0.5x",10,"Rac_act",0.99,6.62857143888079
"AR 1.00 - 0.5x",10,"Rho_act",0.01,2.03575648479244
"AR 1.00 - 0.5x",10,"Rho_act",0.03,2.0375550224017
"AR 1.00 - 0.5x",10,"Rho_act",0.05,2.04037369185337
"AR 1.00 - 0.5x",10,"Rho_act",0.07,2.04409270293766
"AR 1.00 - 0.5x",10,"Rho_act",0.09,2.0491023016
"AR 1.00 - 0.5x",10,"Rho_act",0.11,2.05607081326279
"AR 1.00 - 0.5x",10,"Rho_act",0.13,2.06395166095035
"AR 1.00 - 0.5x",10,"Rho_act",0.15,2.07146933518308
"AR 1.00 - 0.5x",10,"Rho_act",0.17,2.08034954163441
"AR 1.00 - 0.5x",10,"Rho_act",0.19,2.08922320207255
"AR 1.00 - 0.5x",10,"Rho_act",0.21,2.10042005291448
"AR 1.00 - 0.5x",10,"Rho_act",0.23,2.10800105969678
"AR 1.00 - 0.5x",10,"Rho_act",0.25,2.11240381591067
"AR 1.00 - 0.5x",10,"Rho_act",0.27,2.10956721177182
"AR 1.00 - 0.5x",10,"Rho_act",0.29,2.08542826577802
"AR 1.00 - 0.5x",10,"Rho_act",0.31,1.99384398397065
"AR 1.00 - 0.5x",10,"Rho_act",0.33,1.8633144613252
"AR 1.00 - 0.5x",10,"Rho_act",0.35,1.69690869097114
"AR 1.00 - 0.5x",10,"Rho_act",0.37,1.52624490217683
"AR 1.00 - 0.5x",10,"Rho_act",0.39,1.39576291845112
"AR 1.00 - 0.5x",10,"Rho_act",0.41,1.23895445548896
"AR 1.00 - 0.5x",10,"Rho_act",0.43,1.15661522370959
"AR 1.00 - 0.5x",10,"Rho_act",0.45,1.07810589878081
"AR 1.00 - 0.5x",10,"Rho_act",0.47,1.00810838515584
"AR 1.00 - 0.5x",10,"Rho_act",0.49,0.942963483137135
"AR 1.00 - 0.5x",10,"Rho_act",0.51,0.84007152850605
"AR 1.00 - 0.5x",10,"Rho_act",0.53,0.764971318432619
"AR 1.00 - 0.5x",10,"Rho_act",0.55,0.686271604678443
"AR 1.00 - 0.5x",10,"Rho_act",0.57,0.607118888288624
"AR 1.00 - 0.5x",10,"Rho_act",0.59,0.545503915490405
"AR 1.00 - 0.5x",10,"Rho_act",0.61,0.500223003865866
"AR 1.00 - 0.5x",10,"Rho_act",0.63,0.482117816449024
"AR 1.00 - 0.5x",10,"Rho_act",0.65,0.469289066287752
"AR 1.00 - 0.5x",10,"Rho_act",0.67,0.458570461317022
"AR 1.00 - 0.5x",10,"Rho_act",0.69,0.449167474491336
"AR 1.00 - 0.5x",10,"Rho_act",0.71,0.43743817968765
"AR 1.00 - 0.5x",10,"Rho_act",0.73,0.428676074704733
"AR 1.00 - 0.5x",10,"Rho_act",0.75,0.419985680714848
"AR 1.00 - 0.5x",10,"Rho_act",0.77,0.411625106854035
"AR 1.00 - 0.5x",10,"Rho_act",0.79,0.402225996330042
"AR 1.00 - 0.5x",10,"Rho_act",0.81,0.389660396713424
"AR 1.00 - 0.5x",10,"Rho_act",0.83,0.380164660500904
"AR 1.00 - 0.5x",10,"Rho_act",0.85,0.370592632818185
"AR 1.00 - 0.5x",10,"Rho_act",0.87,0.360577414063643
"AR 1.00 - 0.5x",10,"Rho_act",0.89,0.350734994885898
"AR 1.00 - 0.5x",10,"Rho_act",0.91,0.338060473871587
"AR 1.00 - 0.5x",10,"Rho_act",0.93,0.328521544656143
"AR 1.00 - 0.5x",10,"Rho_act",0.95,0.320672139088011
"AR 1.00 - 0.5x",10,"Rho_act",0.97,0.312927553554182
"AR 1.00 - 0.5x",10,"Rho_act",0.99,0.307242272013689
"AR 1.00 - 0.5x",20,"cdc42_act",0.01,0.15712815950349
"AR 1.00 - 0.5x",20,"cdc42_act",0.03,0.156823968430905
"AR 1.00 - 0.5x",20,"cdc42_act",0.05,0.156357333194929
"AR 1.00 - 0.5x",20,"cdc42_act",0.07,0.155764273524306
"AR 1.00 - 0.5x",20,"cdc42_act",0.09,0.155003594579632
"AR 1.00 - 0.5x",20,"cdc42_act",0.11,0.154007749660918
"AR 1.00 - 0.5x",20,"cdc42_act",0.13,0.153018675163943
"AR 1.00 - 0.5x",20,"cdc42_act",0.15,0.152185452982842
"AR 1.00 - 0.5x",20,"cdc42_act",0.17,0.151337385257989
"AR 1.00 - 0.5x",20,"cdc42_act",0.19,0.150702393725651
"AR 1.00 - 0.5x",20,"cdc42_act",0.21,0.150297264642158
"AR 1.00 - 0.5x",20,"cdc42_act",0.23,0.150392316569994
"AR 1.00 - 0.5x",20,"cdc42_act",0.25,0.151065291989864
"AR 1.00 - 0.5x",20,"cdc42_act",0.27,0.152431501505297
"AR 1.00 - 0.5x",20,"cdc42_act",0.29,0.155209537293631
"AR 1.00 - 0.5x",20,"cdc42_act",0.31,0.161962299532987
"AR 1.00 - 0.5x",20,"cdc42_act",0.33,0.174696671471395
"AR 1.00 - 0.5x",20,"cdc42_act",0.35,0.280901426378311
"AR 1.00 - 0.5x",20,"cdc42_act",0.37,0.59627962313111
"AR 1.00 - 0.5x",20,"cdc42_act",0.39,0.879989163949674
"AR 1.00 - 0.5x",20,"cdc42_act",0.41,1.17619945689303
"AR 1.00 - 0.5x",20,"cdc42_act",0.43,1.3385547772963
"AR 1.00 - 0.5x",20,"cdc42_act",0.45,1.47576440295421
"AR 1.00 - 0.5x",20,"cdc42_act",0.47,1.5875167382616
"AR 1.00 - 0.5x",20,"cdc42_act",0.49,1.67484756047018
"AR 1.00 - 0.5x",20,"cdc42_act",0.51,1.78526535605581
"AR 1.00 - 0.5x",20,"cdc42_act",0.53,1.85289218331537
"AR 1.00 - 0.5x",20,"cdc42_act",0.55,1.91695608779847
"AR 1.00 - 0.5x",20,"cdc42_act",0.57,1.98590132888125
"AR 1.00 - 0.5x",20,"cdc42_act",0.59,2.11262371830627
"AR 1.00 - 0.5x",20,"cdc42_act",0.61,2.34572074557762
"AR 1.00 - 0.5x",20,"cdc42_act",0.63,2.41084657564076
"AR 1.00 - 0.5x",20,"cdc42_act",0.65,2.43539998250445
"AR 1.00 - 0.5x",20,"cdc42_act",0.67,2.44859767051502
"AR 1.00 - 0.5x",20,"cdc42_act",0.69,2.45317511470928
"AR 1.00 - 0.5x",20,"cdc42_act",0.71,2.45281641536353
"AR 1.00 - 0.5x",20,"cdc42_act",0.73,2.45017622596765
"AR 1.00 - 0.5x",20,"cdc42_act",0.75,2.44634932600439
"AR 1.00 - 0.5x",20,"cdc42_act",0.77,2.441135576435
"AR 1.00 - 0.5x",20,"cdc42_act",0.79,2.43910974692061
"AR 1.00 - 0.5x",20,"cdc42_act",0.81,2.43679092149374
"AR 1.00 - 0.5x",20,"cdc42_act",0.83,2.43575189542037
"AR 1.00 - 0.5x",20,"cdc42_act",0.85,2.43547512840081
"AR 1.00 - 0.5x",20,"cdc42_act",0.87,2.43660211312847
"AR 1.00 - 0.5x",20,"cdc42_act",0.89,2.43789987932189
"AR 1.00 - 0.5x",20,"cdc42_act",0.91,2.43804605194138
"AR 1.00 - 0.5x",20,"cdc42_act",0.93,2.43866140887307
"AR 1.00 - 0.5x",20,"cdc42_act",0.95,2.43479256268244
"AR 1.00 - 0.5x",20,"cdc42_act",0.97,2.430529203182
"AR 1.00 - 0.5x",20,"cdc42_act",0.99,2.42615070424913
"AR 1.00 - 0.5x",20,"Rac_act",0.01,0.460920889295228
"AR 1.00 - 0.5x",20,"Rac_act",0.03,0.459557257698413
"AR 1.00 - 0.5x",20,"Rac_act",0.05,0.457469791810791
"AR 1.00 - 0.5x",20,"Rac_act",0.07,0.454823066310331
"AR 1.00 - 0.5x",20,"Rac_act",0.09,0.45144156106695
"AR 1.00 - 0.5x",20,"Rac_act",0.11,0.447046413780845
"AR 1.00 - 0.5x",20,"Rac_act",0.13,0.442704013402056
"AR 1.00 - 0.5x",20,"Rac_act",0.15,0.439106532518991
"AR 1.00 - 0.5x",20,"Rac_act",0.17,0.435491338693114
"AR 1.00 - 0.5x",20,"Rac_act",0.19,0.432920388829558
"AR 1.00 - 0.5x",20,"Rac_act",0.21,0.431647956222445
"AR 1.00 - 0.5x",20,"Rac_act",0.23,0.43267733396323
"AR 1.00 - 0.5x",20,"Rac_act",0.25,0.43665984593793
"AR 1.00 - 0.5x",20,"Rac_act",0.27,0.444251420215681
"AR 1.00 - 0.5x",20,"Rac_act",0.29,0.459732847650274
"AR 1.00 - 0.5x",20,"Rac_act",0.31,0.50087418674325
"AR 1.00 - 0.5x",20,"Rac_act",0.33,0.579352600745613
"AR 1.00 - 0.5x",20,"Rac_act",0.35,0.971654270678066
"AR 1.00 - 0.5x",20,"Rac_act",0.37,1.90840036293208
"AR 1.00 - 0.5x",20,"Rac_act",0.39,2.9046277160301
"AR 1.00 - 0.5x",20,"Rac_act",0.41,4.07385951092163
"AR 1.00 - 0.5x",20,"Rac_act",0.43,4.74862041417125
"AR 1.00 - 0.5x",20,"Rac_act",0.45,5.30214411560375
"AR 1.00 - 0.5x",20,"Rac_act",0.47,5.72677912979815
"AR 1.00 - 0.5x",20,"Rac_act",0.49,6.01728431387328
"AR 1.00 - 0.5x",20,"Rac_act",0.51,6.33304648572293
"AR 1.00 - 0.5x",20,"Rac_act",0.53,6.48656739208968
"AR 1.00 - 0.5x",20,"Rac_act",0.55,6.60881020563783
"AR 1.00 - 0.5x",20,"Rac_act",0.57,6.74139708196786
"AR 1.00 - 0.5x",20,"Rac_act",0.59,7.03439659663156
"AR 1.00 - 0.5x",20,"Rac_act",0.61,7.59534115552169
"AR 1.00 - 0.5x",20,"Rac_act",0.63,7.79464276333327
"AR 1.00 - 0.5x",20,"Rac_act",0.65,7.88042444160538
"AR 1.00 - 0.5x",20,"Rac_act",0.67,7.91800029775438
"AR 1.00 - 0.5x",20,"Rac_act",0.69,7.9171964810198
"AR 1.00 - 0.5x",20,"Rac_act",0.71,7.88738441854878
"AR 1.00 - 0.5x",20,"Rac_act",0.73,7.85646064942669
"AR 1.00 - 0.5x",20,"Rac_act",0.75,7.82240997572133
"AR 1.00 - 0.5x",20,"Rac_act",0.77,7.7821227195639
"AR 1.00 - 0.5x",20,"Rac_act",0.79,7.76529791940652
"AR 1.00 - 0.5x",20,"Rac_act",0.81,7.74761121774695
"AR 1.00 - 0.5x",20,"Rac_act",0.83,7.74112720239355
"AR 1.00 - 0.5x",20,"Rac_act",0.85,7.74156928545657
"AR 1.00 - 0.5x",20,"Rac_act",0.87,7.75213221210126
"AR 1.00 - 0.5x",20,"Rac_act",0.89,7.76575330410736
"AR 1.00 - 0.5x",20,"Rac_act",0.91,7.77726006059054
"AR 1.00 - 0.5x",20,"Rac_act",0.93,7.78959337687558
"AR 1.00 - 0.5x",20,"Rac_act",0.95,7.77801412546614
"AR 1.00 - 0.5x",20,"Rac_act",0.97,7.76438909744943
"AR 1.00 - 0.5x",20,"Rac_act",0.99,7.74789279514263
"AR 1.00 - 0.5x",20,"Rho_act",0.01,2.27196811455783
"AR 1.00 - 0.5x",20,"Rho_act",0.03,2.27263622387746
"AR 1.00 - 0.5x",20,"Rho_act",0.05,2.27369215110262
"AR 1.00 - 0.5x",20,"Rho_act",0.07,2.2750795573321
"AR 1.00 - 0.5x",20,"Rho_act",0.09,2.27696002432896
"AR 1.00 - 0.5x",20,"Rho_act",0.11,2.27967583024115
"AR 1.00 - 0.5x",20,"Rho_act",0.13,2.28258443410167
"AR 1.00 - 0.5x",20,"Rho_act",0.15,2.28558344207484
"AR 1.00 - 0.5x",20,"Rho_act",0.17,2.28909357880245
"AR 1.00 - 0.5x",20,"Rho_act",0.19,2.29301987205023
"AR 1.00 - 0.5x",20,"Rho_act",0.21,2.2989904449384
"AR 1.00 - 0.5x",20,"Rho_act",0.23,2.30426206644903
"AR 1.00 - 0.5x",20,"Rho_act",0.25,2.31058349403257
"AR 1.00 - 0.5x",20,"Rho_act",0.27,2.31758303790704
"AR 1.00 - 0.5x",20,"Rho_act",0.29,2.32605811239303
"AR 1.00 - 0.5x",20,"Rho_act",0.31,2.34090321235545
"AR 1.00 - 0.5x",20,"Rho_act",0.33,2.35344757651795
"AR 1.00 - 0.5x",20,"Rho_act",0.35,2.24561315782283
"AR 1.00 - 0.5x",20,"Rho_act",0.37,1.89617340154199
"AR 1.00 - 0.5x",20,"Rho_act",0.39,1.64459134717189
"AR 1.00 - 0.5x",20,"Rho_act",0.41,1.41588231164855
"AR 1.00 - 0.5x",20,"Rho_act",0.43,1.30345328651364
"AR 1.00 - 0.5x",20,"Rho_act",0.45,1.20864757881742
"AR 1.00 - 0.5x",20,"Rho_act",0.47,1.12905744555486
"AR 1.00 - 0.5x",20,"Rho_act",0.49,1.06170821994059
"AR 1.00 - 0.5x",20,"Rho_act",0.51,0.96534222007205
"AR 1.00 - 0.5x",20,"Rho_act",0.53,0.898632756825589
"AR 1.00 - 0.5x",20,"Rho_act",0.55,0.828550810203701
"AR 1.00 - 0.5x",20,"Rho_act",0.57,0.7496923366447
"AR 1.00 - 0.5x",20,"Rho_act",0.59,0.593819070947469
"AR 1.00 - 0.5x",20,"Rho_act",0.61,0.335093504110975
"AR 1.00 - 0.5x",20,"Rho_act",0.63,0.290253233996133
"AR 1.00 - 0.5x",20,"Rho_act",0.65,0.280891067402202
"AR 1.00 - 0.5x",20,"Rho_act",0.67,0.276956317022724
"AR 1.00 - 0.5x",20,"Rho_act",0.69,0.276083402248003
"AR 1.00 - 0.5x",20,"Rho_act",0.71,0.276778332331837
"AR 1.00 - 0.5x",20,"Rho_act",0.73,0.277839150080234
"AR 1.00 - 0.5x",20,"Rho_act",0.75,0.279002418073051
"AR 1.00 - 0.5x",20,"Rho_act",0.77,0.280301310086465
"AR 1.00 - 0.5x",20,"Rho_act",0.79,0.280649258459563
"AR 1.00 - 0.5x",20,"Rho_act",0.81,0.280773533001583
"AR 1.00 - 0.5x",20,"Rho_act",0.83,0.280564945451265
"AR 1.00 - 0.5x",20,"Rho_act",0.85,0.280113987725498
"AR 1.00 - 0.5x",20,"Rho_act",0.87,0.279339325463864
"AR 1.00 - 0.5x",20,"Rho_act",0.89,0.278571799686393
"AR 1.00 - 0.5x",20,"Rho_act",0.91,0.278001078129591
"AR 1.00 - 0.5x",20,"Rho_act",0.93,0.277564229757407
"AR 1.00 - 0.5x",20,"Rho_act",0.95,0.278250690720388
"AR 1.00 - 0.5x",20,"Rho_act",0.97,0.279116506275005
"AR 1.00 - 0.5x",20,"Rho_act",0.99,0.280108037756502
"AR 1.00 - 0.5x",50,"cdc42_act",0.01,0.0739897951811566
"AR 1.00 - 0.5x",50,"cdc42_act",0.03,0.0740662947690224
"AR 1.00 - 0.5x",50,"cdc42_act",0.05,0.0741922120847222
"AR 1.00 - 0.5x",50,"cdc42_act",0.07,0.074364781222197
"AR 1.00 - 0.5x",50,"cdc42_act",0.09,0.0746141873500965
"AR 1.00 - 0.5x",50,"cdc42_act",0.11,0.0750132911654232
"AR 1.00 - 0.5x",50,"cdc42_act",0.13,0.075467055760723
"AR 1.00 - 0.5x",50,"cdc42_act",0.15,0.0760075928700685
"AR 1.00 - 0.5x",50,"cdc42_act",0.17,0.0766866313145873
"AR 1.00 - 0.5x",50,"cdc42_act",0.19,0.0775693601634496
"AR 1.00 - 0.5x",50,"cdc42_act",0.21,0.0791345467079378
"AR 1.00 - 0.5x",50,"cdc42_act",0.23,0.0806959654756748
"AR 1.00 - 0.5x",50,"cdc42_act",0.25,0.0827913326403115
"AR 1.00 - 0.5x",50,"cdc42_act",0.27,0.0853645298784272
"AR 1.00 - 0.5x",50,"cdc42_act",0.29,0.0889288163174504
"AR 1.00 - 0.5x",50,"cdc42_act",0.31,0.0955221515521738
"AR 1.00 - 0.5x",50,"cdc42_act",0.33,0.102194299078205
"AR 1.00 - 0.5x",50,"cdc42_act",0.35,0.111508375435847
"AR 1.00 - 0.5x",50,"cdc42_act",0.37,0.126969825496859
"AR 1.00 - 0.5x",50,"cdc42_act",0.39,0.203335257349292
"AR 1.00 - 0.5x",50,"cdc42_act",0.41,0.585981402045433
"AR 1.00 - 0.5x",50,"cdc42_act",0.43,0.870262985392946
"AR 1.00 - 0.5x",50,"cdc42_act",0.45,1.12376297194995
"AR 1.00 - 0.5x",50,"cdc42_act",0.47,1.3548686085977
"AR 1.00 - 0.5x",50,"cdc42_act",0.49,1.56237314496826
"AR 1.00 - 0.5x",50,"cdc42_act",0.51,1.81948018385621
"AR 1.00 - 0.5x",50,"cdc42_act",0.53,1.98108786629173
"AR 1.00 - 0.5x",50,"cdc42_act",0.55,2.11767555532215
"AR 1.00 - 0.5x",50,"cdc42_act",0.57,2.23729291100682
"AR 1.00 - 0.5x",50,"cdc42_act",0.59,2.361353657958
"AR 1.00 - 0.5x",50,"cdc42_act",0.61,2.59367882355706
"AR 1.00 - 0.5x",50,"cdc42_act",0.63,2.84602275487514
"AR 1.00 - 0.5x",50,"cdc42_act",0.65,3.13466242048821
"AR 1.00 - 0.5x",50,"cdc42_act",0.67,3.26851793215561
"AR 1.00 - 0.5x",50,"cdc42_act",0.69,3.34080727591431
"AR 1.00 - 0.5x",50,"cdc42_act",0.71,3.40429881337488
"AR 1.00 - 0.5x",50,"cdc42_act",0.73,3.42981617551266
"AR 1.00 - 0.5x",50,"cdc42_act",0.75,3.43531178965737
"AR 1.00 - 0.5x",50,"cdc42_act",0.77,3.42675673209189
"AR 1.00 - 0.5x",50,"cdc42_act",0.79,3.39981158474876
"AR 1.00 - 0.5x",50,"cdc42_act",0.81,3.34726393761212
"AR 1.00 - 0.5x",50,"cdc42_act",0.83,3.29409363467698
"AR 1.00 - 0.5x",50,"cdc42_act",0.85,3.23150634162851
"AR 1.00 - 0.5x",50,"cdc42_act",0.87,3.16514521161265
"AR 1.00 - 0.5x",50,"cdc42_act",0.89,3.09518913036666
"AR 1.00 - 0.5x",50,"cdc42_act",0.91,2.99397259526938
"AR 1.00 - 0.5x",50,"cdc42_act",0.93,2.924016235285
"AR 1.00 - 0.5x",50,"cdc42_act",0.95,2.8404737525705
"AR 1.00 - 0.5x",50,"cdc42_act",0.97,2.76058526841509
"AR 1.00 - 0.5x",50,"cdc42_act",0.99,2.69916880670791
"AR 1.00 - 0.5x",50,"Rac_act",0.01,0.111746380766465
"AR 1.00 - 0.5x",50,"Rac_act",0.03,0.111882273404626
"AR 1.00 - 0.5x",50,"Rac_act",0.05,0.112108178118951
"AR 1.00 - 0.5x",50,"Rac_act",0.07,0.112420661851831
"AR 1.00 - 0.5x",50,"Rac_act",0.09,0.112878449914051
"AR 1.00 - 0.5x",50,"Rac_act",0.11,0.113626587792328
"AR 1.00 - 0.5x",50,"Rac_act",0.13,0.114486495697979
"AR 1.00 - 0.5x",50,"Rac_act",0.15,0.115539264352496
"AR 1.00 - 0.5x",50,"Rac_act",0.17,0.116877793129748
"AR 1.00 - 0.5x",50,"Rac_act",0.19,0.118662375628469
"AR 1.00 - 0.5x",50,"Rac_act",0.21,0.121910785083069
"AR 1.00 - 0.5x",50,"Rac_act",0.23,0.125226756334763
"AR 1.00 - 0.5x",50,"Rac_act",0.25,0.129798533060149
"AR 1.00 - 0.5x",50,"Rac_act",0.27,0.13557419669311
"AR 1.00 - 0.5x",50,"Rac_act",0.29,0.143957103275912
"AR 1.00 - 0.5x",50,"Rac_act",0.31,0.160466249531679
"AR 1.00 - 0.5x",50,"Rac_act",0.33,0.178537364013412
"AR 1.00 - 0.5x",50,"Rac_act",0.35,0.207531414703902
"AR 1.00 - 0.5x",50,"Rac_act",0.37,0.26274842189215
"AR 1.00 - 0.5x",50,"Rac_act",0.39,0.490075239666171
"AR 1.00 - 0.5x",50,"Rac_act",0.41,1.45503563212186
"AR 1.00 - 0.5x",50,"Rac_act",0.43,2.39328103389486
"AR 1.00 - 0.5x",50,"Rac_act",0.45,3.43975927807023
"AR 1.00 - 0.5x",50,"Rac_act",0.47,4.50512416766523
"AR 1.00 - 0.5x",50,"Rac_act",0.49,5.53133983938038
"AR 1.00 - 0.5x",50,"Rac_act",0.51,6.77953359186241
"AR 1.00 - 0.5x",50,"Rac_act",0.53,7.51404199628889
"AR 1.00 - 0.5x",50,"Rac_act",0.55,8.04242252146227
"AR 1.00 - 0.5x",50,"Rac_act",0.57,8.4184097148945
"AR 1.00 - 0.5x",50,"Rac_act",0.59,8.71734151038898
"AR 1.00 - 0.5x",50,"Rac_act",0.61,9.24665084137741
"AR 1.00 - 0.5x",50,"Rac_act",0.63,9.73978946425465
"AR 1.00 - 0.5x",50,"Rac_act",0.65,10.3817446213935
"AR 1.00 - 0.5x",50,"Rac_act",0.67,10.8004147125754
"AR 1.00 - 0.5x",50,"Rac_act",0.69,11.0696949502162
"AR 1.00 - 0.5x",50,"Rac_act",0.71,11.3164006255176
"AR 1.00 - 0.5x",50,"Rac_act",0.73,11.4089063641982
"AR 1.00 - 0.5x",50,"Rac_act",0.75,11.4012672015344
"AR 1.00 - 0.5x",50,"Rac_act",0.77,11.3109346780159
"AR 1.00 - 0.5x",50,"Rac_act",0.79,11.1323058475172
"AR 1.00 - 0.5x",50,"Rac_act",0.81,10.7970116534063
"AR 1.00 - 0.5x",50,"Rac_act",0.83,10.4719358144002
"AR 1.00 - 0.5x",50,"Rac_act",0.85,10.1026192569956
"AR 1.00 - 0.5x",50,"Rac_act",0.87,9.72541865584491
"AR 1.00 - 0.5x",50,"Rac_act",0.89,9.34256037812891
"AR 1.00 - 0.5x",50,"Rac_act",0.91,8.80673996560982
"AR 1.00 - 0.5x",50,"Rac_act",0.93,8.45347775162915
"AR 1.00 - 0.5x",50,"Rac_act",0.95,8.04192972156863
"AR 1.00 - 0.5x",50,"Rac_act",0.97,7.66294786140052
"AR 1.00 - 0.5x",50,"Rac_act",0.99,7.38265457452784
"AR 1.00 - 0.5x",50,"Rho_act",0.01,2.30877094102035
"AR 1.00 - 0.5x",50,"Rho_act",0.03,2.3087039449849
"AR 1.00 - 0.5x",50,"Rho_act",0.05,2.30860048227312
"AR 1.00 - 0.5x",50,"Rho_act",0.07,2.30846794425768
"AR 1.00 - 0.5x",50,"Rho_act",0.09,2.30829618070415
"AR 1.00 - 0.5x",50,"Rho_act",0.11,2.30806737871705
"AR 1.00 - 0.5x",50,"Rho_act",0.13,2.30784060214455
"AR 1.00 - 0.5x",50,"Rho_act",0.15,2.30764616070193
"AR 1.00 - 0.5x",50,"Rho_act",0.17,2.30745034832849
"AR 1.00 - 0.5x",50,"Rho_act",0.19,2.3073041727412
"AR 1.00 - 0.5x",50,"Rho_act",0.21,2.30722311187919
"AR 1.00 - 0.5x",50,"Rho_act",0.23,2.30727839857223
"AR 1.00 - 0.5x",50,"Rho_act",0.25,2.30751707398908
"AR 1.00 - 0.5x",50,"Rho_act",0.27,2.30797540904678
"AR 1.00 - 0.5x",50,"Rho_act",0.29,2.30889174146301
"AR 1.00 - 0.5x",50,"Rho_act",0.31,2.31105282884896
"AR 1.00 - 0.5x",50,"Rho_act",0.33,2.31367249604513
"AR 1.00 - 0.5x",50,"Rho_act",0.35,2.31794894620925
"AR 1.00 - 0.5x",50,"Rho_act",0.37,2.32271352981031
"AR 1.00 - 0.5x",50,"Rho_act",0.39,2.25247347440391
"AR 1.00 - 0.5x",50,"Rho_act",0.41,1.85947022381128
"AR 1.00 - 0.5x",50,"Rho_act",0.43,1.64520786351158
"AR 1.00 - 0.5x",50,"Rho_act",0.45,1.5029929269973
"AR 1.00 - 0.5x",50,"Rho_act",0.47,1.39512828246811
"AR 1.00 - 0.5x",50,"Rho_act",0.49,1.31145008195594
"AR 1.00 - 0.5x",50,"Rho_act",0.51,1.20817684371536
"AR 1.00 - 0.5x",50,"Rho_act",0.53,1.14157990327784
"AR 1.00 - 0.5x",50,"Rho_act",0.55,1.07730034855114
"AR 1.00 - 0.5x",50,"Rho_act",0.57,1.01120210433367
"AR 1.00 - 0.5x",50,"Rho_act",0.59,0.92598249008831
"AR 1.00 - 0.5x",50,"Rho_act",0.61,0.735419820282025
"AR 1.00 - 0.5x",50,"Rho_act",0.63,0.464357873866188
"AR 1.00 - 0.5x",50,"Rho_act",0.65,0.21181613047045
"AR 1.00 - 0.5x",50,"Rho_act",0.67,0.14906468446093
"AR 1.00 - 0.5x",50,"Rho_act",0.69,0.131811085886484
"AR 1.00 - 0.5x",50,"Rho_act",0.71,0.120105420536148
"AR 1.00 - 0.5x",50,"Rho_act",0.73,0.115855253473055
"AR 1.00 - 0.5x",50,"Rho_act",0.75,0.114545195953593
"AR 1.00 - 0.5x",50,"Rho_act",0.77,0.114863261240074
"AR 1.00 - 0.5x",50,"Rho_act",0.79,0.117017152527292
"AR 1.00 - 0.5x",50,"Rho_act",0.81,0.121436396464968
"AR 1.00 - 0.5x",50,"Rho_act",0.83,0.125941208113274
"AR 1.00 - 0.5x",50,"Rho_act",0.85,0.131326783243888
"AR 1.00 - 0.5x",50,"Rho_act",0.87,0.137200812443671
"AR 1.00 - 0.5x",50,"Rho_act",0.89,0.143609931965484
"AR 1.00 - 0.5x",50,"Rho_act",0.91,0.153290678487611
"AR 1.00 - 0.5x",50,"Rho_act",0.93,0.16049840472295
"AR 1.00 - 0.5x",50,"Rho_act",0.95,0.169656206782402
"AR 1.00 - 0.5x",50,"Rho_act",0.97,0.179287637870304
"AR 1.00 - 0.5x",50,"Rho_act",0.99,0.187661060979986
"AR 1.00 - 0.5x",100,"cdc42_act",0.01,0.0611173291678284
"AR 1.00 - 0.5x",100,"cdc42_act",0.03,0.0611966172801172
"AR 1.00 - 0.5x",100,"cdc42_act",0.05,0.0613244533696781
"AR 1.00 - 0.5x",100,"cdc42_act",0.07,0.0614959900557277
"AR 1.00 - 0.5x",100,"cdc42_act",0.09,0.0617362171190278
"AR 1.00 - 0.5x",100,"cdc42_act",0.11,0.0621015987849358
"AR 1.00 - 0.5x",100,"cdc42_act",0.13,0.0625071257493666
"AR 1.00 - 0.5x",100,"cdc42_act",0.15,0.0629587850556981
"AR 1.00 - 0.5x",100,"cdc42_act",0.17,0.0635108283469719
"AR 1.00 - 0.5x",100,"cdc42_act",0.19,0.0641848750233122
"AR 1.00 - 0.5x",100,"cdc42_act",0.21,0.0653123171090264
"AR 1.00 - 0.5x",100,"cdc42_act",0.23,0.0663928239977104
"AR 1.00 - 0.5x",100,"cdc42_act",0.25,0.0677952015268973
"AR 1.00 - 0.5x",100,"cdc42_act",0.27,0.0694633574545577
"AR 1.00 - 0.5x",100,"cdc42_act",0.29,0.0716697082456416
"AR 1.00 - 0.5x",100,"cdc42_act",0.31,0.0756286612644067
"AR 1.00 - 0.5x",100,"cdc42_act",0.33,0.0795821872466393
"AR 1.00 - 0.5x",100,"cdc42_act",0.35,0.0848989579871575
"AR 1.00 - 0.5x",100,"cdc42_act",0.37,0.0918732083277945
"AR 1.00 - 0.5x",100,"cdc42_act",0.39,0.101261364737371
"AR 1.00 - 0.5x",100,"cdc42_act",0.41,0.122225698941671
"AR 1.00 - 0.5x",100,"cdc42_act",0.43,0.170129814749645
"AR 1.00 - 0.5x",100,"cdc42_act",0.45,0.430806595979605
"AR 1.00 - 0.5x",100,"cdc42_act",0.47,0.739409099245578
"AR 1.00 - 0.5x",100,"cdc42_act",0.49,1.01531619600472
"AR 1.00 - 0.5x",100,"cdc42_act",0.51,1.37506877784376
"AR 1.00 - 0.5x",100,"cdc42_act",0.53,1.62984763222921
"AR 1.00 - 0.5x",100,"cdc42_act",0.55,1.86766585530977
"AR 1.00 - 0.5x",100,"cdc42_act",0.57,2.0859194788315
"AR 1.00 - 0.5x",100,"cdc42_act",0.59,2.2954519831271
"AR 1.00 - 0.5x",100,"cdc42_act",0.61,2.59470829342731
"AR 1.00 - 0.5x",100,"cdc42_act",0.63,2.79303000106467
"AR 1.00 - 0.5x",100,"cdc42_act",0.65,3.03974675075703
"AR 1.00 - 0.5x",100,"cdc42_act",0.67,3.32967948528769
"AR 1.00 - 0.5x",100,"cdc42_act",0.69,3.6324809886943
"AR 1.00 - 0.5x",100,"cdc42_act",0.71,3.86630769621869
"AR 1.00 - 0.5x",100,"cdc42_act",0.73,3.97002491223248
"AR 1.00 - 0.5x",100,"cdc42_act",0.75,4.04168360702605
"AR 1.00 - 0.5x",100,"cdc42_act",0.77,4.09817418691682
"AR 1.00 - 0.5x",100,"cdc42_act",0.79,4.10598927217139
"AR 1.00 - 0.5x",100,"cdc42_act",0.81,4.08878115193721
"AR 1.00 - 0.5x",100,"cdc42_act",0.83,4.04527381646197
"AR 1.00 - 0.5x",100,"cdc42_act",0.85,3.97533752461747
"AR 1.00 - 0.5x",100,"cdc42_act",0.87,3.88642116585102
"AR 1.00 - 0.5x",100,"cdc42_act",0.89,3.77871990631128
"AR 1.00 - 0.5x",100,"cdc42_act",0.91,3.60888561662994
"AR 1.00 - 0.5x",100,"cdc42_act",0.93,3.48014753680155
"AR 1.00 - 0.5x",100,"cdc42_act",0.95,3.32178854270129
"AR 1.00 - 0.5x",100,"cdc42_act",0.97,3.16396026025034
"AR 1.00 - 0.5x",100,"cdc42_act",0.99,3.0390558552215
"AR 1.00 - 0.5x",100,"Rac_act",0.01,0.0683531655881781
"AR 1.00 - 0.5x",100,"Rac_act",0.03,0.0684676280272433
"AR 1.00 - 0.5x",100,"Rac_act",0.05,0.0686525438977996
"AR 1.00 - 0.5x",100,"Rac_act",0.07,0.068901244532404
"AR 1.00 - 0.5x",100,"Rac_act",0.09,0.0692507816513642
"AR 1.00 - 0.5x",100,"Rac_act",0.11,0.0697856480364974
"AR 1.00 - 0.5x",100,"Rac_act",0.13,0.0703811652306003
"AR 1.00 - 0.5x",100,"Rac_act",0.15,0.0710504439798968
"AR 1.00 - 0.5x",100,"Rac_act",0.17,0.0718723714939366
"AR 1.00 - 0.5x",100,"Rac_act",0.19,0.0728871933472713
"AR 1.00 - 0.5x",100,"Rac_act",0.21,0.0746060841637082
"AR 1.00 - 0.5x",100,"Rac_act",0.23,0.0762731603379668
"AR 1.00 - 0.5x",100,"Rac_act",0.25,0.0784690505517873
"AR 1.00 - 0.5x",100,"Rac_act",0.27,0.0811239485027242
"AR 1.00 - 0.5x",100,"Rac_act",0.29,0.0847367306526396
"AR 1.00 - 0.5x",100,"Rac_act",0.31,0.0914624575372359
"AR 1.00 - 0.5x",100,"Rac_act",0.33,0.0984752970107541
"AR 1.00 - 0.5x",100,"Rac_act",0.35,0.108529074575124
"AR 1.00 - 0.5x",100,"Rac_act",0.37,0.122667261238247
"AR 1.00 - 0.5x",100,"Rac_act",0.39,0.14422284683824
"AR 1.00 - 0.5x",100,"Rac_act",0.41,0.202813748230129
"AR 1.00 - 0.5x",100,"Rac_act",0.43,0.339352368343527
"AR 1.00 - 0.5x",100,"Rac_act",0.45,0.907064920096072
"AR 1.00 - 0.5x",100,"Rac_act",0.47,1.7398403508906
"AR 1.00 - 0.5x",100,"Rac_act",0.49,2.74611501581728
"AR 1.00 - 0.5x",100,"Rac_act",0.51,4.29758766233358
"AR 1.00 - 0.5x",100,"Rac_act",0.53,5.51958096346429
"AR 1.00 - 0.5x",100,"Rac_act",0.55,6.69926049405805
"AR 1.00 - 0.5x",100,"Rac_act",0.57,7.75742216427232
"AR 1.00 - 0.5x",100,"Rac_act",0.59,8.67273968662484
"AR 1.00 - 0.5x",100,"Rac_act",0.61,9.78740075484159
"AR 1.00 - 0.5x",100,"Rac_act",0.63,10.3751679609719
"AR 1.00 - 0.5x",100,"Rac_act",0.65,11.0001414561191
"AR 1.00 - 0.5x",100,"Rac_act",0.67,11.6428917752391
"AR 1.00 - 0.5x",100,"Rac_act",0.69,12.2852265751356
"AR 1.00 - 0.5x",100,"Rac_act",0.71,12.9156033458042
"AR 1.00 - 0.5x",100,"Rac_act",0.73,13.2357417327456
"AR 1.00 - 0.5x",100,"Rac_act",0.75,13.4555674000367
"AR 1.00 - 0.5x",100,"Rac_act",0.77,13.6180131503425
"AR 1.00 - 0.5x",100,"Rac_act",0.79,13.554381759673
"AR 1.00 - 0.5x",100,"Rac_act",0.81,13.3188529524383
"AR 1.00 - 0.5x",100,"Rac_act",0.83,12.9674010543003
"AR 1.00 - 0.5x",100,"Rac_act",0.85,12.4672145184913
"AR 1.00 - 0.5x",100,"Rac_act",0.87,11.8731675382227
"AR 1.00 - 0.5x",100,"Rac_act",0.89,11.190929357048
"AR 1.00 - 0.5x",100,"Rac_act",0.91,10.1609323407302
"AR 1.00 - 0.5x",100,"Rac_act",0.93,9.42727849373142
"AR 1.00 - 0.5x",100,"Rac_act",0.95,8.56206010840599
"AR 1.00 - 0.5x",100,"Rac_act",0.97,7.75031628443116
"AR 1.00 - 0.5x",100,"Rac_act",0.99,7.15286519347381
"AR 1.00 - 0.5x",100,"Rho_act",0.01,2.22717716756397
"AR 1.00 - 0.5x",100,"Rho_act",0.03,2.22714059417146
"AR 1.00 - 0.5x",100,"Rho_act",0.05,2.22708338211147
"AR 1.00 - 0.5x",100,"Rho_act",0.07,2.22700975745106
"AR 1.00 - 0.5x",100,"Rho_act",0.09,2.22691352461607
"AR 1.00 - 0.5x",100,"Rho_act",0.11,2.22678283724371
"AR 1.00 - 0.5x",100,"Rho_act",0.13,2.2266503885423
"AR 1.00 - 0.5x",100,"Rho_act",0.15,2.2265271700358
"AR 1.00 - 0.5x",100,"Rho_act",0.17,2.22639756090205
"AR 1.00 - 0.5x",100,"Rho_act",0.19,2.22628334927756
"AR 1.00 - 0.5x",100,"Rho_act",0.21,2.22616413424304
"AR 1.00 - 0.5x",100,"Rho_act",0.23,2.22610835557104
"AR 1.00 - 0.5x",100,"Rho_act",0.25,2.22611167315616
"AR 1.00 - 0.5x",100,"Rho_act",0.27,2.2261923515388
"AR 1.00 - 0.5x",100,"Rho_act",0.29,2.22643444055211
"AR 1.00 - 0.5x",100,"Rho_act",0.31,2.22707350219562
"AR 1.00 - 0.5x",100,"Rho_act",0.33,2.22787368042723
"AR 1.00 - 0.5x",100,"Rho_act",0.35,2.22917060113485
"AR 1.00 - 0.5x",100,"Rho_act",0.37,2.23115409021365
"AR 1.00 - 0.5x",100,"Rho_act",0.39,2.23423194800084
"AR 1.00 - 0.5x",100,"Rho_act",0.41,2.23874553809779
"AR 1.00 - 0.5x",100,"Rho_act",0.43,2.21138458758728
"AR 1.00 - 0.5x",100,"Rho_act",0.45,1.93309123549369
"AR 1.00 - 0.5x",100,"Rho_act",0.47,1.68369533786602
"AR 1.00 - 0.5x",100,"Rho_act",0.49,1.52832869563346
"AR 1.00 - 0.5x",100,"Rho_act",0.51,1.372270076975
"AR 1.00 - 0.5x",100,"Rho_act",0.53,1.28210334313837
"AR 1.00 - 0.5x",100,"Rho_act",0.55,1.20595698773139
"AR 1.00 - 0.5x",100,"Rho_act",0.57,1.13666512133537
"AR 1.00 - 0.5x",100,"Rho_act",0.59,1.06134732284293
"AR 1.00 - 0.5x",100,"Rho_act",0.61,0.930097086633107
"AR 1.00 - 0.5x",100,"Rho_act",0.63,0.82515863892943
"AR 1.00 - 0.5x",100,"Rho_act",0.65,0.663965003796451
"AR 1.00 - 0.5x",100,"Rho_act",0.67,0.437911254084978
"AR 1.00 - 0.5x",100,"Rho_act",0.69,0.206127457944865
"AR 1.00 - 0.5x",100,"Rho_act",0.71,0.107061120129861
"AR 1.00 - 0.5x",100,"Rho_act",0.73,0.0886806456991474
"AR 1.00 - 0.5x",100,"Rho_act",0.75,0.0797737988646325
"AR 1.00 - 0.5x",100,"Rho_act",0.77,0.0737884887337081
"AR 1.00 - 0.5x",100,"Rho_act",0.79,0.0717551976204586
"AR 1.00 - 0.5x",100,"Rho_act",0.81,0.0711446583218648
"AR 1.00 - 0.5x",100,"Rho_act",0.83,0.0724639684451756
"AR 1.00 - 0.5x",100,"Rho_act",0.85,0.0751831297059854
"AR 1.00 - 0.5x",100,"Rho_act",0.87,0.0789345396062096
"AR 1.00 - 0.5x",100,"Rho_act",0.89,0.0837761864280453
"AR 1.00 - 0.5x",100,"Rho_act",0.91,0.0918684157318772
"AR 1.00 - 0.5x",100,"Rho_act",0.93,0.0985979246167213
"AR 1.00 - 0.5x",100,"Rho_act",0.95,0.107465035591175
"AR 1.00 - 0.5x",100,"Rho_act",0.97,0.117523337297217
"AR 1.00 - 0.5x",100,"Rho_act",0.99,0.127159729829846
"AR 1.00 - 0.5x",150,"cdc42_act",0.01,0.0586081194103093
"AR 1.00 - 0.5x",150,"cdc42_act",0.03,0.0586819533653077
"AR 1.00 - 0.5x",150,"cdc42_act",0.05,0.0588002800307111
"AR 1.00 - 0.5x",150,"cdc42_act",0.07,0.0589581963138011
"AR 1.00 - 0.5x",150,"cdc42_act",0.09,0.0591774944256897
"AR 1.00 - 0.5x",150,"cdc42_act",0.11,0.059506064089268
"AR 1.00 - 0.5x",150,"cdc42_act",0.13,0.0598681590401583
"AR 1.00 - 0.5x",150,"cdc42_act",0.15,0.0602616607530041
"AR 1.00 - 0.5x",150,"cdc42_act",0.17,0.0607382597669101
"AR 1.00 - 0.5x",150,"cdc42_act",0.19,0.0613060601018858
"AR 1.00 - 0.5x",150,"cdc42_act",0.21,0.0622310952610158
"AR 1.00 - 0.5x",150,"cdc42_act",0.23,0.0631003482171204
"AR 1.00 - 0.5x",150,"cdc42_act",0.25,0.0642092925748419
"AR 1.00 - 0.5x",150,"cdc42_act",0.27,0.065504984742988
"AR 1.00 - 0.5x",150,"cdc42_act",0.29,0.0671709151794501
"AR 1.00 - 0.5x",150,"cdc42_act",0.31,0.070093824915357
"AR 1.00 - 0.5x",150,"cdc42_act",0.33,0.0729768940321922
"AR 1.00 - 0.5x",150,"cdc42_act",0.35,0.0768231336446454
"AR 1.00 - 0.5x",150,"cdc42_act",0.37,0.0817872216005927
"AR 1.00 - 0.5x",150,"cdc42_act",0.39,0.0884411956618763
"AR 1.00 - 0.5x",150,"cdc42_act",0.41,0.100962060940238
"AR 1.00 - 0.5x",150,"cdc42_act",0.43,0.113930320760804
"AR 1.00 - 0.5x",150,"cdc42_act",0.45,0.145732663672799
"AR 1.00 - 0.5x",150,"cdc42_act",0.47,0.279676403923611
"AR 1.00 - 0.5x",150,"cdc42_act",0.49,0.605121319940564
"AR 1.00 - 0.5x",150,"cdc42_act",0.51,1.00452470026848
"AR 1.00 - 0.5x",150,"cdc42_act",0.53,1.28875257505438
"AR 1.00 - 0.5x",150,"cdc42_act",0.55,1.56712644607778
"AR 1.00 - 0.5x",150,"cdc42_act",0.57,1.83450910481228
"AR 1.00 - 0.5x",150,"cdc42_act",0.59,2.09907167965077
"AR 1.00 - 0.5x",150,"cdc42_act",0.61,2.46963925688178
"AR 1.00 - 0.5x",150,"cdc42_act",0.63,2.71256054390832
"AR 1.00 - 0.5x",150,"cdc42_act",0.65,2.97647868064156
"AR 1.00 - 0.5x",150,"cdc42_act",0.67,3.23738684814554
"AR 1.00 - 0.5x",150,"cdc42_act",0.69,3.5076727563047
"AR 1.00 - 0.5x",150,"cdc42_act",0.71,3.90141846123343
"AR 1.00 - 0.5x",150,"cdc42_act",0.73,4.11906881004905
"AR 1.00 - 0.5x",150,"cdc42_act",0.75,4.25166636916773
"AR 1.00 - 0.5x",150,"cdc42_act",0.77,4.3706779872777
"AR 1.00 - 0.5x",150,"cdc42_act",0.79,4.4235635417254
"AR 1.00 - 0.5x",150,"cdc42_act",0.81,4.46996183632879
"AR 1.00 - 0.5x",150,"cdc42_act",0.83,4.47076913852222
"AR 1.00 - 0.5x",150,"cdc42_act",0.85,4.43957845763787
"AR 1.00 - 0.5x",150,"cdc42_act",0.87,4.38027322259052
"AR 1.00 - 0.5x",150,"cdc42_act",0.89,4.29265800604422
"AR 1.00 - 0.5x",150,"cdc42_act",0.91,4.13942469837043
"AR 1.00 - 0.5x",150,"cdc42_act",0.93,4.01149617885933
"AR 1.00 - 0.5x",150,"cdc42_act",0.95,3.84706085617113
"AR 1.00 - 0.5x",150,"cdc42_act",0.97,3.67609172002599
"AR 1.00 - 0.5x",150,"cdc42_act",0.99,3.53640408594501
"AR 1.00 - 0.5x",150,"Rac_act",0.01,0.0582498368994004
"AR 1.00 - 0.5x",150,"Rac_act",0.03,0.0583458652635763
"AR 1.00 - 0.5x",150,"Rac_act",0.05,0.058499970925069
"AR 1.00 - 0.5x",150,"Rac_act",0.07,0.058705941368753
"AR 1.00 - 0.5x",150,"Rac_act",0.09,0.0589926310738803
"AR 1.00 - 0.5x",150,"Rac_act",0.11,0.0594238727491324
"AR 1.00 - 0.5x",150,"Rac_act",0.13,0.0599000945852209
"AR 1.00 - 0.5x",150,"Rac_act",0.15,0.0604209000741509
"AR 1.00 - 0.5x",150,"Rac_act",0.17,0.0610536340955422
"AR 1.00 - 0.5x",150,"Rac_act",0.19,0.0618133300550501
"AR 1.00 - 0.5x",150,"Rac_act",0.21,0.063062271638466
"AR 1.00 - 0.5x",150,"Rac_act",0.23,0.0642460541998844
"AR 1.00 - 0.5x",150,"Rac_act",0.25,0.065772192873459
"AR 1.00 - 0.5x",150,"Rac_act",0.27,0.0675764987956317
"AR 1.00 - 0.5x",150,"Rac_act",0.29,0.0699455172824587
"AR 1.00 - 0.5x",150,"Rac_act",0.31,0.0742139154638035
"AR 1.00 - 0.5x",150,"Rac_act",0.33,0.0785529809302568
"AR 1.00 - 0.5x",150,"Rac_act",0.35,0.08459996546969
"AR 1.00 - 0.5x",150,"Rac_act",0.37,0.0928014566562922
"AR 1.00 - 0.5x",150,"Rac_act",0.39,0.104699294187852
"AR 1.00 - 0.5x",150,"Rac_act",0.41,0.129952026368867
"AR 1.00 - 0.5x",150,"Rac_act",0.43,0.160785426604874
"AR 1.00 - 0.5x",150,"Rac_act",0.45,0.246966194430434
"AR 1.00 - 0.5x",150,"Rac_act",0.47,0.536855712215335
"AR 1.00 - 0.5x",150,"Rac_act",0.49,1.27612430204887
"AR 1.00 - 0.5x",150,"Rac_act",0.51,2.55002343875924
"AR 1.00 - 0.5x",150,"Rac_act",0.53,3.6772785637328
"AR 1.00 - 0.5x",150,"Rac_act",0.55,4.93302249104669
"AR 1.00 - 0.5x",150,"Rac_act",0.57,6.20699094437395
"AR 1.00 - 0.5x",150,"Rac_act",0.59,7.46678324983961
"AR 1.00 - 0.5x",150,"Rac_act",0.61,9.10870262338375
"AR 1.00 - 0.5x",150,"Rac_act",0.63,10.0861240538718
"AR 1.00 - 0.5x",150,"Rac_act",0.65,10.9960795046315
"AR 1.00 - 0.5x",150,"Rac_act",0.67,11.7775887661281
"AR 1.00 - 0.5x",150,"Rac_act",0.69,12.4521769229289
"AR 1.00 - 0.5x",150,"Rac_act",0.71,13.341861960625
"AR 1.00 - 0.5x",150,"Rac_act",0.73,13.8652976119443
"AR 1.00 - 0.5x",150,"Rac_act",0.75,14.2353478012087
"AR 1.00 - 0.5x",150,"Rac_act",0.77,14.5883651115961
"AR 1.00 - 0.5x",150,"Rac_act",0.79,14.6589925017867
"AR 1.00 - 0.5x",150,"Rac_act",0.81,14.6496248875098
"AR 1.00 - 0.5x",150,"Rac_act",0.83,14.4655299263179
"AR 1.00 - 0.5x",150,"Rac_act",0.85,14.1043196228636
"AR 1.00 - 0.5x",150,"Rac_act",0.87,13.5941779631895
"AR 1.00 - 0.5x",150,"Rac_act",0.89,12.9328394998813
"AR 1.00 - 0.5x",150,"Rac_act",0.91,11.8550215457222
"AR 1.00 - 0.5x",150,"Rac_act",0.93,11.0276544012536
"AR 1.00 - 0.5x",150,"Rac_act",0.95,10.0158840076997
"AR 1.00 - 0.5x",150,"Rac_act",0.97,9.03868066784342
"AR 1.00 - 0.5x",150,"Rac_act",0.99,8.30802431768614
"AR 1.00 - 0.5x",150,"Rho_act",0.01,2.18163080056695
"AR 1.00 - 0.5x",150,"Rho_act",0.03,2.18161104866372
"AR 1.00 - 0.5x",150,"Rho_act",0.05,2.18158043831028
"AR 1.00 - 0.5x",150,"Rho_act",0.07,2.18154094466255
"AR 1.00 - 0.5x",150,"Rho_act",0.09,2.18148909342596
"AR 1.00 - 0.5x",150,"Rho_act",0.11,2.18141847702581
"AR 1.00 - 0.5x",150,"Rho_act",0.13,2.18134671964459
"AR 1.00 - 0.5x",150,"Rho_act",0.15,2.18128214599241
"AR 1.00 - 0.5x",150,"Rho_act",0.17,2.18121326228509
"AR 1.00 - 0.5x",150,"Rho_act",0.19,2.1811524264808
"AR 1.00 - 0.5x",150,"Rho_act",0.21,2.18109219687532
"AR 1.00 - 0.5x",150,"Rho_act",0.23,2.18106790153097
"AR 1.00 - 0.5x",150,"Rho_act",0.25,2.18107733989662
"AR 1.00 - 0.5x",150,"Rho_act",0.27,2.18113109620112
"AR 1.00 - 0.5x",150,"Rho_act",0.29,2.18127427468885
"AR 1.00 - 0.5x",150,"Rho_act",0.31,2.18164474536709
"AR 1.00 - 0.5x",150,"Rho_act",0.33,2.18210306009319
"AR 1.00 - 0.5x",150,"Rho_act",0.35,2.18283178456202
"AR 1.00 - 0.5x",150,"Rho_act",0.37,2.18391838539142
"AR 1.00 - 0.5x",150,"Rho_act",0.39,2.18557218302866
"AR 1.00 - 0.5x",150,"Rho_act",0.41,2.18914602472794
"AR 1.00 - 0.5x",150,"Rho_act",0.43,2.19288729349476
"AR 1.00 - 0.5x",150,"Rho_act",0.45,2.18403662299528
"AR 1.00 - 0.5x",150,"Rho_act",0.47,2.04264847758624
"AR 1.00 - 0.5x",150,"Rho_act",0.49,1.75040460879138
"AR 1.00 - 0.5x",150,"Rho_act",0.51,1.49955433929223
"AR 1.00 - 0.5x",150,"Rho_act",0.53,1.37050431451944
"AR 1.00 - 0.5x",150,"Rho_act",0.55,1.26991499036354
"AR 1.00 - 0.5x",150,"Rho_act",0.57,1.18404109082423
"AR 1.00 - 0.5x",150,"Rho_act",0.59,1.10103722185341
"AR 1.00 - 0.5x",150,"Rho_act",0.61,0.972600966337495
"AR 1.00 - 0.5x",150,"Rho_act",0.63,0.883094743018364
"AR 1.00 - 0.5x",150,"Rho_act",0.65,0.765824061633902
"AR 1.00 - 0.5x",150,"Rho_act",0.67,0.633809785965901
"AR 1.00 - 0.5x",150,"Rho_act",0.69,0.469230579544925
"AR 1.00 - 0.5x",150,"Rho_act",0.71,0.207822109432387
"AR 1.00 - 0.5x",150,"Rho_act",0.73,0.104574317934066
"AR 1.00 - 0.5x",150,"Rho_act",0.75,0.0815201891382192
"AR 1.00 - 0.5x",150,"Rho_act",0.77,0.0682765758290292
"AR 1.00 - 0.5x",150,"Rho_act",0.79,0.0626007300718674
"AR 1.00 - 0.5x",150,"Rho_act",0.81,0.0576888114856577
"AR 1.00 - 0.5x",150,"Rho_act",0.83,0.0562519620009914
"AR 1.00 - 0.5x",150,"Rho_act",0.85,0.056315606319918
"AR 1.00 - 0.5x",150,"Rho_act",0.87,0.0574874280360679
"AR 1.00 - 0.5x",150,"Rho_act",0.89,0.0597068519876631
"AR 1.00 - 0.5x",150,"Rho_act",0.91,0.0639450697049062
"AR 1.00 - 0.5x",150,"Rho_act",0.93,0.0678083537473024
"AR 1.00 - 0.5x",150,"Rho_act",0.95,0.0730393283955796
"AR 1.00 - 0.5x",150,"Rho_act",0.97,0.0791337809853929
"AR 1.00 - 0.5x",150,"Rho_act",0.99,0.0850863481033148
"AR 1.00 - 0.5x",200,"cdc42_act",0.01,0.0582983546595593
"AR 1.00 - 0.5x",200,"cdc42_act",0.03,0.0583686824868659
"AR 1.00 - 0.5x",200,"cdc42_act",0.05,0.0584809696835147
"AR 1.00 - 0.5x",200,"cdc42_act",0.07,0.0586303872022134
"AR 1.00 - 0.5x",200,"cdc42_act",0.09,0.0588369313739069
"AR 1.00 - 0.5x",200,"cdc42_act",0.11,0.0591437661456253
"AR 1.00 - 0.5x",200,"cdc42_act",0.13,0.0594804809353443
"AR 1.00 - 0.5x",200,"cdc42_act",0.15,0.0598407271570784
"AR 1.00 - 0.5x",200,"cdc42_act",0.17,0.0602747175485232
"AR 1.00 - 0.5x",200,"cdc42_act",0.19,0.0607838079408711
"AR 1.00 - 0.5x",200,"cdc42_act",0.21,0.0615983348537337
"AR 1.00 - 0.5x",200,"cdc42_act",0.23,0.0623528876631705
"AR 1.00 - 0.5x",200,"cdc42_act",0.25,0.0633032450399333
"AR 1.00 - 0.5x",200,"cdc42_act",0.27,0.064398511988634
"AR 1.00 - 0.5x",200,"cdc42_act",0.29,0.0657761522573142
"AR 1.00 - 0.5x",200,"cdc42_act",0.31,0.0681475003782851
"AR 1.00 - 0.5x",200,"cdc42_act",0.33,0.0704591307385278
"AR 1.00 - 0.5x",200,"cdc42_act",0.35,0.0735159644137502
"AR 1.00 - 0.5x",200,"cdc42_act",0.37,0.0774008618444962
"AR 1.00 - 0.5x",200,"cdc42_act",0.39,0.082599199826591
"AR 1.00 - 0.5x",200,"cdc42_act",0.41,0.0922543346283422
"AR 1.00 - 0.5x",200,"cdc42_act",0.43,0.101848284668501
"AR 1.00 - 0.5x",200,"cdc42_act",0.45,0.11606849682577
"AR 1.00 - 0.5x",200,"cdc42_act",0.47,0.140530535110064
"AR 1.00 - 0.5x",200,"cdc42_act",0.49,0.285276856127127
"AR 1.00 - 0.5x",200,"cdc42_act",0.51,0.706520752534221
"AR 1.00 - 0.5x",200,"cdc42_act",0.53,1.00755913117858
"AR 1.00 - 0.5x",200,"cdc42_act",0.55,1.30076094057573
"AR 1.00 - 0.5x",200,"cdc42_act",0.57,1.58817789118828
"AR 1.00 - 0.5x",200,"cdc42_act",0.59,1.87954864601674
"AR 1.00 - 0.5x",200,"cdc42_act",0.61,2.2907056185957
"AR 1.00 - 0.5x",200,"cdc42_act",0.63,2.56938854701626
"AR 1.00 - 0.5x",200,"cdc42_act",0.65,2.86314348492219
"AR 1.00 - 0.5x",200,"cdc42_act",0.67,3.14611308224368
"AR 1.00 - 0.5x",200,"cdc42_act",0.69,3.41704208693373
"AR 1.00 - 0.5x",200,"cdc42_act",0.71,3.791649784092
"AR 1.00 - 0.5x",200,"cdc42_act",0.73,4.07514032612251
"AR 1.00 - 0.5x",200,"cdc42_act",0.75,4.32453142199778
"AR 1.00 - 0.5x",200,"cdc42_act",0.77,4.50854605809953
"AR 1.00 - 0.5x",200,"cdc42_act",0.79,4.60558871467806
"AR 1.00 - 0.5x",200,"cdc42_act",0.81,4.71528856758083
"AR 1.00 - 0.5x",200,"cdc42_act",0.83,4.76470651656356
"AR 1.00 - 0.5x",200,"cdc42_act",0.85,4.78166243748143
"AR 1.00 - 0.5x",200,"cdc42_act",0.87,4.76600614164913
"AR 1.00 - 0.5x",200,"cdc42_act",0.89,4.71779681997514
"AR 1.00 - 0.5x",200,"cdc42_act",0.91,4.61335887628785
"AR 1.00 - 0.5x",200,"cdc42_act",0.93,4.51089937985162
"AR 1.00 - 0.5x",200,"cdc42_act",0.95,4.37066562640964
"AR 1.00 - 0.5x",200,"cdc42_act",0.97,4.21471756204545
"AR 1.00 - 0.5x",200,"cdc42_act",0.99,4.08019448306109
"AR 1.00 - 0.5x",200,"Rac_act",0.01,0.0540389570803152
"AR 1.00 - 0.5x",200,"Rac_act",0.03,0.0541248254358427
"AR 1.00 - 0.5x",200,"Rac_act",0.05,0.0542621354068784
"AR 1.00 - 0.5x",200,"Rac_act",0.07,0.0544450498776142
"AR 1.00 - 0.5x",200,"Rac_act",0.09,0.0546983226111003
"AR 1.00 - 0.5x",200,"Rac_act",0.11,0.055075740470172
"AR 1.00 - 0.5x",200,"Rac_act",0.13,0.0554905224384605
"AR 1.00 - 0.5x",200,"Rac_act",0.15,0.0559370013707417
"AR 1.00 - 0.5x",200,"Rac_act",0.17,0.0564758663062817
"AR 1.00 - 0.5x",200,"Rac_act",0.19,0.0571118207483912
"AR 1.00 - 0.5x",200,"Rac_act",0.21,0.0581372435645157
"AR 1.00 - 0.5x",200,"Rac_act",0.23,0.0590939312173527
"AR 1.00 - 0.5x",200,"Rac_act",0.25,0.0603086180074662
"AR 1.00 - 0.5x",200,"Rac_act",0.27,0.0617218376197306
"AR 1.00 - 0.5x",200,"Rac_act",0.29,0.0635297605943716
"AR 1.00 - 0.5x",200,"Rac_act",0.31,0.066708912683337
"AR 1.00 - 0.5x",200,"Rac_act",0.33,0.0698810819706439
"AR 1.00 - 0.5x",200,"Rac_act",0.35,0.0742155216298021
"AR 1.00 - 0.5x",200,"Rac_act",0.37,0.079942891298147
"AR 1.00 - 0.5x",200,"Rac_act",0.39,0.0880686440012892
"AR 1.00 - 0.5x",200,"Rac_act",0.41,0.104567775858488
"AR 1.00 - 0.5x",200,"Rac_act",0.43,0.122888125642787
"AR 1.00 - 0.5x",200,"Rac_act",0.45,0.15518086453881
"AR 1.00 - 0.5x",200,"Rac_act",0.47,0.219804437193917
"AR 1.00 - 0.5x",200,"Rac_act",0.49,0.520897213185921
"AR 1.00 - 0.5x",200,"Rac_act",0.51,1.48906538551291
"AR 1.00 - 0.5x",200,"Rac_act",0.53,2.43436579229901
"AR 1.00 - 0.5x",200,"Rac_act",0.55,3.56561460419
"AR 1.00 - 0.5x",200,"Rac_act",0.57,4.79912102809206
"AR 1.00 - 0.5x",200,"Rac_act",0.59,6.13278541385608
"AR 1.00 - 0.5x",200,"Rac_act",0.61,8.00011716264669
"AR 1.00 - 0.5x",200,"Rac_act",0.63,9.23641480055695
"AR 1.00 - 0.5x",200,"Rac_act",0.65,10.4187861413693
"AR 1.00 - 0.5x",200,"Rac_act",0.67,11.4536056298529
"AR 1.00 - 0.5x",200,"Rac_act",0.69,12.3069866069631
"AR 1.00 - 0.5x",200,"Rac_act",0.71,13.3289487991139
"AR 1.00 - 0.5x",200,"Rac_act",0.73,14.0058508197677
"AR 1.00 - 0.5x",200,"Rac_act",0.75,14.608703321721
"AR 1.00 - 0.5x",200,"Rac_act",0.77,15.1540177593913
"AR 1.00 - 0.5x",200,"Rac_act",0.79,15.3584659820164
"AR 1.00 - 0.5x",200,"Rac_act",0.81,15.5648053246472
"AR 1.00 - 0.5x",200,"Rac_act",0.83,15.5664112102822
"AR 1.00 - 0.5x",200,"Rac_act",0.85,15.3994648220672
"AR 1.00 - 0.5x",200,"Rac_act",0.87,15.0611963444039
"AR 1.00 - 0.5x",200,"Rac_act",0.89,14.5439847140254
"AR 1.00 - 0.5x",200,"Rac_act",0.91,13.6169913240314
"AR 1.00 - 0.5x",200,"Rac_act",0.93,12.8337303934404
"AR 1.00 - 0.5x",200,"Rac_act",0.95,11.8280272799652
"AR 1.00 - 0.5x",200,"Rac_act",0.97,10.8068565532526
"AR 1.00 - 0.5x",200,"Rac_act",0.99,10.0105247001356
"AR 1.00 - 0.5x",200,"Rho_act",0.01,2.1497254193604
"AR 1.00 - 0.5x",200,"Rho_act",0.03,2.14971161955132
"AR 1.00 - 0.5x",200,"Rho_act",0.05,2.14969049879446
"AR 1.00 - 0.5x",200,"Rho_act",0.07,2.1496631608058
"AR 1.00 - 0.5x",200,"Rho_act",0.09,2.1496270485425
"AR 1.00 - 0.5x",200,"Rho_act",0.11,2.14957771029494
"AR 1.00 - 0.5x",200,"Rho_act",0.13,2.149527120175
"AR 1.00 - 0.5x",200,"Rho_act",0.15,2.14948337102567
"AR 1.00 - 0.5x",200,"Rho_act",0.17,2.14943530364582
"AR 1.00 - 0.5x",200,"Rho_act",0.19,2.14939203160059
"AR 1.00 - 0.5x",200,"Rho_act",0.21,2.14934989182666
"AR 1.00 - 0.5x",200,"Rho_act",0.23,2.14933294270321
"AR 1.00 - 0.5x",200,"Rho_act",0.25,2.14933743989488
"AR 1.00 - 0.5x",200,"Rho_act",0.27,2.14937179874181
"AR 1.00 - 0.5x",200,"Rho_act",0.29,2.1494656465042
"AR 1.00 - 0.5x",200,"Rho_act",0.31,2.14971304718776
"AR 1.00 - 0.5x",200,"Rho_act",0.33,2.150019232278
"AR 1.00 - 0.5x",200,"Rho_act",0.35,2.15050104241925
"AR 1.00 - 0.5x",200,"Rho_act",0.37,2.15121403829174
"AR 1.00 - 0.5x",200,"Rho_act",0.39,2.15229090181819
"AR 1.00 - 0.5x",200,"Rho_act",0.41,2.15458995824656
"AR 1.00 - 0.5x",200,"Rho_act",0.43,2.15712068669714
"AR 1.00 - 0.5x",200,"Rho_act",0.45,2.1607763077123
"AR 1.00 - 0.5x",200,"Rho_act",0.47,2.15998727775665
"AR 1.00 - 0.5x",200,"Rho_act",0.49,2.01649126273521
"AR 1.00 - 0.5x",200,"Rho_act",0.51,1.64815909416353
"AR 1.00 - 0.5x",200,"Rho_act",0.53,1.46584919351042
"AR 1.00 - 0.5x",200,"Rho_act",0.55,1.33557592805817
"AR 1.00 - 0.5x",200,"Rho_act",0.57,1.22975956116768
"AR 1.00 - 0.5x",200,"Rho_act",0.59,1.13507127695672
"AR 1.00 - 0.5x",200,"Rho_act",0.61,1.00118526390369
"AR 1.00 - 0.5x",200,"Rho_act",0.63,0.912875772537793
"AR 1.00 - 0.5x",200,"Rho_act",0.65,0.807916791882895
"AR 1.00 - 0.5x",200,"Rho_act",0.67,0.697437647536709
"AR 1.00 - 0.5x",200,"Rho_act",0.69,0.576951833543336
"AR 1.00 - 0.5x",200,"Rho_act",0.71,0.383867574265344
"AR 1.00 - 0.5x",200,"Rho_act",0.73,0.220150601714912
"AR 1.00 - 0.5x",200,"Rho_act",0.75,0.103414296707504
"AR 1.00 - 0.5x",200,"Rho_act",0.77,0.0715481032719701
"AR 1.00 - 0.5x",200,"Rho_act",0.79,0.0617749135421656
"AR 1.00 - 0.5x",200,"Rho_act",0.81,0.0528499177400422
"AR 1.00 - 0.5x",200,"Rho_act",0.83,0.0492284090676294
"AR 1.00 - 0.5x",200,"Rho_act",0.85,0.0473442551322523
"AR 1.00 - 0.5x",200,"Rho_act",0.87,0.0466970920187336
"AR 1.00 - 0.5x",200,"Rho_act",0.89,0.0470900934810609
"AR 1.00 - 0.5x",200,"Rho_act",0.91,0.0486475725595973
"AR 1.00 - 0.5x",200,"Rho_act",0.93,0.0504945674430393
"AR 1.00 - 0.5x",200,"Rho_act",0.95,0.0531646425009255
"AR 1.00 - 0.5x",200,"Rho_act",0.97,0.0564435009317063
"AR 1.00 - 0.5x",200,"Rho_act",0.99,0.0597376955635239
"AR 1.00 - 1x",10,"cdc42_act",0.01,0.340168764295611
"AR 1.00 - 1x",10,"cdc42_act",0.03,0.347192011025308
"AR 1.00 - 1x",10,"cdc42_act",0.05,0.355014564256305
"AR 1.00 - 1x",10,"cdc42_act",0.07,0.362507618047159
"AR 1.00 - 1x",10,"cdc42_act",0.09,0.370091035099692
"AR 1.00 - 1x",10,"cdc42_act",0.11,0.380659916031499
"AR 1.00 - 1x",10,"cdc42_act",0.13,0.386685283805156
"AR 1.00 - 1x",10,"cdc42_act",0.15,0.395107073742026
"AR 1.00 - 1x",10,"cdc42_act",0.17,0.402837432359049
"AR 1.00 - 1x",10,"cdc42_act",0.19,0.41419047377787
"AR 1.00 - 1x",10,"cdc42_act",0.21,0.436428562213252
"AR 1.00 - 1x",10,"cdc42_act",0.23,0.460177401078825
"AR 1.00 - 1x",10,"cdc42_act",0.25,0.497651238171998
"AR 1.00 - 1x",10,"cdc42_act",0.27,0.554353265966036
"AR 1.00 - 1x",10,"cdc42_act",0.29,0.652141290808522
"AR 1.00 - 1x",10,"cdc42_act",0.31,0.828743671038323
"AR 1.00 - 1x",10,"cdc42_act",0.33,0.967677279303374
"AR 1.00 - 1x",10,"cdc42_act",0.35,1.08775740954719
"AR 1.00 - 1x",10,"cdc42_act",0.37,1.20770560442165
"AR 1.00 - 1x",10,"cdc42_act",0.39,1.29227047480977
"AR 1.00 - 1x",10,"cdc42_act",0.41,1.40084955000976
"AR 1.00 - 1x",10,"cdc42_act",0.43,1.45379168091899
"AR 1.00 - 1x",10,"cdc42_act",0.45,1.50591547113425
"AR 1.00 - 1x",10,"cdc42_act",0.47,1.55138020870592
"AR 1.00 - 1x",10,"cdc42_act",0.49,1.59341035403821
"AR 1.00 - 1x",10,"cdc42_act",0.51,1.65940788766893
"AR 1.00 - 1x",10,"cdc42_act",0.53,1.70154055108857
"AR 1.00 - 1x",10,"cdc42_act",0.55,1.74174922399308
"AR 1.00 - 1x",10,"cdc42_act",0.57,1.78156485431109
"AR 1.00 - 1x",10,"cdc42_act",0.59,1.82318555901583
"AR 1.00 - 1x",10,"cdc42_act",0.61,1.86370943589542
"AR 1.00 - 1x",10,"cdc42_act",0.63,1.88214435564997
"AR 1.00 - 1x",10,"cdc42_act",0.65,1.8975404936047
"AR 1.00 - 1x",10,"cdc42_act",0.67,1.91154567670393
"AR 1.00 - 1x",10,"cdc42_act",0.69,1.92509711754095
"AR 1.00 - 1x",10,"cdc42_act",0.71,1.94330313426543
"AR 1.00 - 1x",10,"cdc42_act",0.73,1.95792617920144
"AR 1.00 - 1x",10,"cdc42_act",0.75,1.97317783232284
"AR 1.00 - 1x",10,"cdc42_act",0.77,1.98797541075885
"AR 1.00 - 1x",10,"cdc42_act",0.79,2.00651540898017
"AR 1.00 - 1x",10,"cdc42_act",0.81,2.03237975515012
"AR 1.00 - 1x",10,"cdc42_act",0.83,2.05304647229247
"AR 1.00 - 1x",10,"cdc42_act",0.85,2.07530837379032
"AR 1.00 - 1x",10,"cdc42_act",0.87,2.1002298904722
"AR 1.00 - 1x",10,"cdc42_act",0.89,2.12662492505479
"AR 1.00 - 1x",10,"cdc42_act",0.91,2.16296492021191
"AR 1.00 - 1x",10,"cdc42_act",0.93,2.1925078722694
"AR 1.00 - 1x",10,"cdc42_act",0.95,2.21801367454306
"AR 1.00 - 1x",10,"cdc42_act",0.97,2.2444105541704
"AR 1.00 - 1x",10,"cdc42_act",0.99,2.26539396312037
"AR 1.00 - 1x",10,"Rac_act",0.01,1.34474419557965
"AR 1.00 - 1x",10,"Rac_act",0.03,1.37364367178266
"AR 1.00 - 1x",10,"Rac_act",0.05,1.40762325271654
"AR 1.00 - 1x",10,"Rac_act",0.07,1.44204833546023
"AR 1.00 - 1x",10,"Rac_act",0.09,1.47843339974736
"AR 1.00 - 1x",10,"Rac_act",0.11,1.53005995825157
"AR 1.00 - 1x",10,"Rac_act",0.13,1.56261181637516
"AR 1.00 - 1x",10,"Rac_act",0.15,1.60572366054897
"AR 1.00 - 1x",10,"Rac_act",0.17,1.64626530063319
"AR 1.00 - 1x",10,"Rac_act",0.19,1.70150495542569
"AR 1.00 - 1x",10,"Rac_act",0.21,1.80000069616281
"AR 1.00 - 1x",10,"Rac_act",0.23,1.8935967652522
"AR 1.00 - 1x",10,"Rac_act",0.25,2.01898498385806
"AR 1.00 - 1x",10,"Rac_act",0.27,2.18562140180433
"AR 1.00 - 1x",10,"Rac_act",0.29,2.43760880160173
"AR 1.00 - 1x",10,"Rac_act",0.31,2.86106706891508
"AR 1.00 - 1x",10,"Rac_act",0.33,3.1882402422357
"AR 1.00 - 1x",10,"Rac_act",0.35,3.47357948932696
"AR 1.00 - 1x",10,"Rac_act",0.37,3.76881698782999
"AR 1.00 - 1x",10,"Rac_act",0.39,3.97478450646539
"AR 1.00 - 1x",10,"Rac_act",0.41,4.24085079869102
"AR 1.00 - 1x",10,"Rac_act",0.43,4.36459899600772
"AR 1.00 - 1x",10,"Rac_act",0.45,4.48455535927513
"AR 1.00 - 1x",10,"Rac_act",0.47,4.58629074858574
"AR 1.00 - 1x",10,"Rac_act",0.49,4.67774216654558
"AR 1.00 - 1x",10,"Rac_act",0.51,4.81858803426301
"AR 1.00 - 1x",10,"Rac_act",0.53,4.90415143303894
"AR 1.00 - 1x",10,"Rac_act",0.55,4.98000863447073
"AR 1.00 - 1x",10,"Rac_act",0.57,5.05143156645987
"AR 1.00 - 1x",10,"Rac_act",0.59,5.12960918994012
"AR 1.00 - 1x",10,"Rac_act",0.61,5.21605475621863
"AR 1.00 - 1x",10,"Rac_act",0.63,5.25509539565892
"AR 1.00 - 1x",10,"Rac_act",0.65,5.28745414613187
"AR 1.00 - 1x",10,"Rac_act",0.67,5.31590797487464
"AR 1.00 - 1x",10,"Rac_act",0.69,5.34301726656542
"AR 1.00 - 1x",10,"Rac_act",0.71,5.3794072304694
"AR 1.00 - 1x",10,"Rac_act",0.73,5.40984975358093
"AR 1.00 - 1x",10,"Rac_act",0.75,5.44229074102622
"AR 1.00 - 1x",10,"Rac_act",0.77,5.47266800777158
"AR 1.00 - 1x",10,"Rac_act",0.79,5.51709701028034
"AR 1.00 - 1x",10,"Rac_act",0.81,5.58055569326247
"AR 1.00 - 1x",10,"Rac_act",0.83,5.6331611584007
"AR 1.00 - 1x",10,"Rac_act",0.85,5.69275096815825
"AR 1.00 - 1x",10,"Rac_act",0.87,5.76322647737501
"AR 1.00 - 1x",10,"Rac_act",0.89,5.84109028942185
"AR 1.00 - 1x",10,"Rac_act",0.91,5.95145888471665
"AR 1.00 - 1x",10,"Rac_act",0.93,6.04458256806352
"AR 1.00 - 1x",10,"Rac_act",0.95,6.12387398072283
"AR 1.00 - 1x",10,"Rac_act",0.97,6.20615777241275
"AR 1.00 - 1x",10,"Rac_act",0.99,6.26780686455488
"AR 1.00 - 1x",10,"Rho_act",0.01,1.96522370409369
"AR 1.00 - 1x",10,"Rho_act",0.03,1.96589563761958
"AR 1.00 - 1x",10,"Rho_act",0.05,1.96739729268907
"AR 1.00 - 1x",10,"Rho_act",0.07,1.96988493287935
"AR 1.00 - 1x",10,"Rho_act",0.09,1.97368402866964
"AR 1.00 - 1x",10,"Rho_act",0.11,1.9783985835114
"AR 1.00 - 1x",10,"Rho_act",0.13,1.9856910952895
"AR 1.00 - 1x",10,"Rho_act",0.15,1.99080947405227
"AR 1.00 - 1x",10,"Rho_act",0.17,1.9972167877368
"AR 1.00 - 1x",10,"Rho_act",0.19,2.00024001334491
"AR 1.00 - 1x",10,"Rho_act",0.21,1.9958512581857
"AR 1.00 - 1x",10,"Rho_act",0.23,1.98269904247884
"AR 1.00 - 1x",10,"Rho_act",0.25,1.94886728614965
"AR 1.00 - 1x",10,"Rho_act",0.27,1.88664246266371
"AR 1.00 - 1x",10,"Rho_act",0.29,1.77331447699942
"AR 1.00 - 1x",10,"Rho_act",0.31,1.58234956343034
"AR 1.00 - 1x",10,"Rho_act",0.33,1.44436436989703
"AR 1.00 - 1x",10,"Rho_act",0.35,1.33279079125271
"AR 1.00 - 1x",10,"Rho_act",0.37,1.21854483692567
"AR 1.00 - 1x",10,"Rho_act",0.39,1.14235283319804
"AR 1.00 - 1x",10,"Rho_act",0.41,1.03815283096939
"AR 1.00 - 1x",10,"Rho_act",0.43,0.98930976359197
"AR 1.00 - 1x",10,"Rho_act",0.45,0.937637586241376
"AR 1.00 - 1x",10,"Rho_act",0.47,0.890815201706524
"AR 1.00 - 1x",10,"Rho_act",0.49,0.844421842735851
"AR 1.00 - 1x",10,"Rho_act",0.51,0.767081118670899
"AR 1.00 - 1x",10,"Rho_act",0.53,0.716747245907099
"AR 1.00 - 1x",10,"Rho_act",0.55,0.66777316326909
"AR 1.00 - 1x",10,"Rho_act",0.57,0.621620800922955
"AR 1.00 - 1x",10,"Rho_act",0.59,0.581040200231989
"AR 1.00 - 1x",10,"Rho_act",0.61,0.547926656157449
"AR 1.00 - 1x",10,"Rho_act",0.63,0.534482876003419
"AR 1.00 - 1x",10,"Rho_act",0.65,0.524129444894234
"AR 1.00 - 1x",10,"Rho_act",0.67,0.515188335551294
"AR 1.00 - 1x",10,"Rho_act",0.69,0.507043839594161
"AR 1.00 - 1x",10,"Rho_act",0.71,0.496620180395247
"AR 1.00 - 1x",10,"Rho_act",0.73,0.488590661327231
"AR 1.00 - 1x",10,"Rho_act",0.75,0.480464926302673
"AR 1.00 - 1x",10,"Rho_act",0.77,0.472692826178778
"AR 1.00 - 1x",10,"Rho_act",0.79,0.463292625426403
"AR 1.00 - 1x",10,"Rho_act",0.81,0.450474049177729
"AR 1.00 - 1x",10,"Rho_act",0.83,0.440461735296199
"AR 1.00 - 1x",10,"Rho_act",0.85,0.429959141010728
"AR 1.00 - 1x",10,"Rho_act",0.87,0.418504301397113
"AR 1.00 - 1x",10,"Rho_act",0.89,0.406759907813493
"AR 1.00 - 1x",10,"Rho_act",0.91,0.391107925064641
"AR 1.00 - 1x",10,"Rho_act",0.93,0.378866316962854
"AR 1.00 - 1x",10,"Rho_act",0.95,0.368622997480632
"AR 1.00 - 1x",10,"Rho_act",0.97,0.35834818296028
"AR 1.00 - 1x",10,"Rho_act",0.99,0.350633059729818
"AR 1.00 - 1x",20,"cdc42_act",0.01,0.188760385864563
"AR 1.00 - 1x",20,"cdc42_act",0.03,0.187897233146703
"AR 1.00 - 1x",20,"cdc42_act",0.05,0.186569469619338
"AR 1.00 - 1x",20,"cdc42_act",0.07,0.184878596930504
"AR 1.00 - 1x",20,"cdc42_act",0.09,0.182702635553675
"AR 1.00 - 1x",20,"cdc42_act",0.11,0.1798171742322
"AR 1.00 - 1x",20,"cdc42_act",0.13,0.176958445452195
"AR 1.00 - 1x",20,"cdc42_act",0.15,0.174472913012757
"AR 1.00 - 1x",20,"cdc42_act",0.17,0.171927948437679
"AR 1.00 - 1x",20,"cdc42_act",0.19,0.169910429159039
"AR 1.00 - 1x",20,"cdc42_act",0.21,0.168381666391732
"AR 1.00 - 1x",20,"cdc42_act",0.23,0.168359422998857
"AR 1.00 - 1x",20,"cdc42_act",0.25,0.170092962900483
"AR 1.00 - 1x",20,"cdc42_act",0.27,0.17433435608516
"AR 1.00 - 1x",20,"cdc42_act",0.29,0.202697964116885
"AR 1.00 - 1x",20,"cdc42_act",0.31,0.601962274202745
"AR 1.00 - 1x",20,"cdc42_act",0.33,0.961925398820037
"AR 1.00 - 1x",20,"cdc42_act",0.35,1.21559868605162
"AR 1.00 - 1x",20,"cdc42_act",0.37,1.43697966373544
"AR 1.00 - 1x",20,"cdc42_act",0.39,1.5807043498172
"AR 1.00 - 1x",20,"cdc42_act",0.41,1.7352401719738
"AR 1.00 - 1x",20,"cdc42_act",0.43,1.79309413174957
"AR 1.00 - 1x",20,"cdc42_act",0.45,1.83722831075563
"AR 1.00 - 1x",20,"cdc42_act",0.47,1.86433065707282
"AR 1.00 - 1x",20,"cdc42_act",0.49,1.87705303335921
"AR 1.00 - 1x",20,"cdc42_act",0.51,1.90375033363978
"AR 1.00 - 1x",20,"cdc42_act",0.53,1.91593548818077
"AR 1.00 - 1x",20,"cdc42_act",0.55,1.92811520862867
"AR 1.00 - 1x",20,"cdc42_act",0.57,1.94504521553842
"AR 1.00 - 1x",20,"cdc42_act",0.59,2.00236123291066
"AR 1.00 - 1x",20,"cdc42_act",0.61,2.17238559679752
"AR 1.00 - 1x",20,"cdc42_act",0.63,2.21368009006649
"AR 1.00 - 1x",20,"cdc42_act",0.65,2.2155298348338
"AR 1.00 - 1x",20,"cdc42_act",0.67,2.20881676181346
"AR 1.00 - 1x",20,"cdc42_act",0.69,2.19756976804114
"AR 1.00 - 1x",20,"cdc42_act",0.71,2.1814752471967
"AR 1.00 - 1x",20,"cdc42_act",0.73,2.171739626134
"AR 1.00 - 1x",20,"cdc42_act",0.75,2.16517346329506
"AR 1.00 - 1x",20,"cdc42_act",0.77,2.1597687744234
"AR 1.00 - 1x",20,"cdc42_act",0.79,2.16347105287683
"AR 1.00 - 1x",20,"cdc42_act",0.81,2.17232518299281
"AR 1.00 - 1x",20,"cdc42_act",0.83,2.18239888239254
"AR 1.00 - 1x",20,"cdc42_act",0.85,2.19517898667766
"AR 1.00 - 1x",20,"cdc42_act",0.87,2.21070883864434
"AR 1.00 - 1x",20,"cdc42_act",0.89,2.22677330204446
"AR 1.00 - 1x",20,"cdc42_act",0.91,2.24645911200192
"AR 1.00 - 1x",20,"cdc42_act",0.93,2.26070222616853
"AR 1.00 - 1x",20,"cdc42_act",0.95,2.26936444257137
"AR 1.00 - 1x",20,"cdc42_act",0.97,2.27651504585681
"AR 1.00 - 1x",20,"cdc42_act",0.99,2.27989758763882
"AR 1.00 - 1x",20,"Rac_act",0.01,0.598442040279509
"AR 1.00 - 1x",20,"Rac_act",0.03,0.594483133653647
"AR 1.00 - 1x",20,"Rac_act",0.05,0.58841075232522
"AR 1.00 - 1x",20,"Rac_act",0.07,0.580703604997596
"AR 1.00 - 1x",20,"Rac_act",0.09,0.570843167111052
"AR 1.00 - 1x",20,"Rac_act",0.11,0.557904749525148
"AR 1.00 - 1x",20,"Rac_act",0.13,0.54520370602381
"AR 1.00 - 1x",20,"Rac_act",0.15,0.534428911264424
"AR 1.00 - 1x",20,"Rac_act",0.17,0.523621702891173
"AR 1.00 - 1x",20,"Rac_act",0.19,0.515650119953448
"AR 1.00 - 1x",20,"Rac_act",0.21,0.511220101549071
"AR 1.00 - 1x",20,"Rac_act",0.23,0.514151864111576
"AR 1.00 - 1x",20,"Rac_act",0.25,0.52781435588737
"AR 1.00 - 1x",20,"Rac_act",0.27,0.558695289440777
"AR 1.00 - 1x",20,"Rac_act",0.29,0.713941193251218
"AR 1.00 - 1x",20,"Rac_act",0.31,2.00360932354783
"AR 1.00 - 1x",20,"Rac_act",0.33,3.32437687763734
"AR 1.00 - 1x",20,"Rac_act",0.35,4.39283784018083
"AR 1.00 - 1x",20,"Rac_act",0.37,5.32685144665689
"AR 1.00 - 1x",20,"Rac_act",0.39,5.90587039464246
"AR 1.00 - 1x",20,"Rac_act",0.41,6.45145124623651
"AR 1.00 - 1x",20,"Rac_act",0.43,6.58855879725681
"AR 1.00 - 1x",20,"Rac_act",0.45,6.64501385125968
"AR 1.00 - 1x",20,"Rac_act",0.47,6.62898360797704
"AR 1.00 - 1x",20,"Rac_act",0.49,6.55692995283403
"AR 1.00 - 1x",20,"Rac_act",0.51,6.49934617223088
"AR 1.00 - 1x",20,"Rac_act",0.53,6.43451019233128
"AR 1.00 - 1x",20,"Rac_act",0.55,6.37727176471178
"AR 1.00 - 1x",20,"Rac_act",0.57,6.3448023463506
"AR 1.00 - 1x",20,"Rac_act",0.59,6.4481665701999
"AR 1.00 - 1x",20,"Rac_act",0.61,6.83044048749106
"AR 1.00 - 1x",20,"Rac_act",0.63,6.94573297954201
"AR 1.00 - 1x",20,"Rac_act",0.65,6.94965463924979
"AR 1.00 - 1x",20,"Rac_act",0.67,6.91583534179292
"AR 1.00 - 1x",20,"Rac_act",0.69,6.86072434635032
"AR 1.00 - 1x",20,"Rac_act",0.71,6.78180145647744
"AR 1.00 - 1x",20,"Rac_act",0.73,6.73441195223961
"AR 1.00 - 1x",20,"Rac_act",0.75,6.70249588341402
"AR 1.00 - 1x",20,"Rac_act",0.77,6.67569918413571
"AR 1.00 - 1x",20,"Rac_act",0.79,6.69509267164487
"AR 1.00 - 1x",20,"Rac_act",0.81,6.74037800533514
"AR 1.00 - 1x",20,"Rac_act",0.83,6.79239333039949
"AR 1.00 - 1x",20,"Rac_act",0.85,6.85966007013478
"AR 1.00 - 1x",20,"Rac_act",0.87,6.94261063298206
"AR 1.00 - 1x",20,"Rac_act",0.89,7.03050209481158
"AR 1.00 - 1x",20,"Rac_act",0.91,7.14169977655764
"AR 1.00 - 1x",20,"Rac_act",0.93,7.22363427975112
"AR 1.00 - 1x",20,"Rac_act",0.95,7.27749317846874
"AR 1.00 - 1x",20,"Rac_act",0.97,7.32327706550707
"AR 1.00 - 1x",20,"Rac_act",0.99,7.34681460308322
"AR 1.00 - 1x",20,"Rho_act",0.01,2.22333687587966
"AR 1.00 - 1x",20,"Rho_act",0.03,2.22483293641215
"AR 1.00 - 1x",20,"Rho_act",0.05,2.22718576325899
"AR 1.00 - 1x",20,"Rho_act",0.07,2.23025893117959
"AR 1.00 - 1x",20,"Rho_act",0.09,2.2343883605919
"AR 1.00 - 1x",20,"Rho_act",0.11,2.24030351637239
"AR 1.00 - 1x",20,"Rho_act",0.13,2.24655934424227
"AR 1.00 - 1x",20,"Rho_act",0.15,2.25298321240989
"AR 1.00 - 1x",20,"Rho_act",0.17,2.26044116035503
"AR 1.00 - 1x",20,"Rho_act",0.19,2.26878844500075
"AR 1.00 - 1x",20,"Rho_act",0.21,2.28159113096566
"AR 1.00 - 1x",20,"Rho_act",0.23,2.29305620872948
"AR 1.00 - 1x",20,"Rho_act",0.25,2.3073122901853
"AR 1.00 - 1x",20,"Rho_act",0.27,2.32426861787198
"AR 1.00 - 1x",20,"Rho_act",0.29,2.33060552753747
"AR 1.00 - 1x",20,"Rho_act",0.31,1.915850028614
"AR 1.00 - 1x",20,"Rho_act",0.33,1.61034475973698
"AR 1.00 - 1x",20,"Rho_act",0.35,1.4326527935268
"AR 1.00 - 1x",20,"Rho_act",0.37,1.2812283059331
"AR 1.00 - 1x",20,"Rho_act",0.39,1.1857866160395
"AR 1.00 - 1x",20,"Rho_act",0.41,1.06980675140884
"AR 1.00 - 1x",20,"Rho_act",0.43,1.01741501446572
"AR 1.00 - 1x",20,"Rho_act",0.45,0.966547700270087
"AR 1.00 - 1x",20,"Rho_act",0.47,0.924145955548702
"AR 1.00 - 1x",20,"Rho_act",0.49,0.888907651813248
"AR 1.00 - 1x",20,"Rho_act",0.51,0.82908440881383
"AR 1.00 - 1x",20,"Rho_act",0.53,0.789588556606114
"AR 1.00 - 1x",20,"Rho_act",0.55,0.749980544822576
"AR 1.00 - 1x",20,"Rho_act",0.57,0.706744106886364
"AR 1.00 - 1x",20,"Rho_act",0.59,0.616461557789272
"AR 1.00 - 1x",20,"Rho_act",0.61,0.391801822597209
"AR 1.00 - 1x",20,"Rho_act",0.63,0.355751966186044
"AR 1.00 - 1x",20,"Rho_act",0.65,0.355537590546507
"AR 1.00 - 1x",20,"Rho_act",0.67,0.359698032938009
"AR 1.00 - 1x",20,"Rho_act",0.69,0.365581419636851
"AR 1.00 - 1x",20,"Rho_act",0.71,0.37338226260563
"AR 1.00 - 1x",20,"Rho_act",0.73,0.377974231570646
"AR 1.00 - 1x",20,"Rho_act",0.75,0.380905087322183
"AR 1.00 - 1x",20,"Rho_act",0.77,0.382944516197173
"AR 1.00 - 1x",20,"Rho_act",0.79,0.381390519356194
"AR 1.00 - 1x",20,"Rho_act",0.81,0.37747472935891
"AR 1.00 - 1x",20,"Rho_act",0.83,0.373180466194787
"AR 1.00 - 1x",20,"Rho_act",0.85,0.367995255561892
"AR 1.00 - 1x",20,"Rho_act",0.87,0.362028607796409
"AR 1.00 - 1x",20,"Rho_act",0.89,0.356160673081906
"AR 1.00 - 1x",20,"Rho_act",0.91,0.34929675220694
"AR 1.00 - 1x",20,"Rho_act",0.93,0.344589090542373
"AR 1.00 - 1x",20,"Rho_act",0.95,0.341892186871334
"AR 1.00 - 1x",20,"Rho_act",0.97,0.339782120386267
"AR 1.00 - 1x",20,"Rho_act",0.99,0.338888359134514
"AR 1.00 - 1x",50,"cdc42_act",0.01,0.0681785013433733
"AR 1.00 - 1x",50,"cdc42_act",0.03,0.0682633358879131
"AR 1.00 - 1x",50,"cdc42_act",0.05,0.0684083883924549
"AR 1.00 - 1x",50,"cdc42_act",0.07,0.0686153411382205
"AR 1.00 - 1x",50,"cdc42_act",0.09,0.0689333312202982
"AR 1.00 - 1x",50,"cdc42_act",0.11,0.0694949416274094
"AR 1.00 - 1x",50,"cdc42_act",0.13,0.070165854440099
"AR 1.00 - 1x",50,"cdc42_act",0.15,0.0710760214125827
"AR 1.00 - 1x",50,"cdc42_act",0.17,0.0722922507018654
"AR 1.00 - 1x",50,"cdc42_act",0.19,0.0740890760026601
"AR 1.00 - 1x",50,"cdc42_act",0.21,0.0776980379959968
"AR 1.00 - 1x",50,"cdc42_act",0.23,0.0816739769467193
"AR 1.00 - 1x",50,"cdc42_act",0.25,0.0875742382191605
"AR 1.00 - 1x",50,"cdc42_act",0.27,0.0954999300634003
"AR 1.00 - 1x",50,"cdc42_act",0.29,0.109041863537011
"AR 1.00 - 1x",50,"cdc42_act",0.31,0.224688578610554
"AR 1.00 - 1x",50,"cdc42_act",0.33,0.598663108172438
"AR 1.00 - 1x",50,"cdc42_act",0.35,0.986226053347096
"AR 1.00 - 1x",50,"cdc42_act",0.37,1.35090516161639
"AR 1.00 - 1x",50,"cdc42_act",0.39,1.64396715693392
"AR 1.00 - 1x",50,"cdc42_act",0.41,1.98770877590747
"AR 1.00 - 1x",50,"cdc42_act",0.43,2.15623130673996
"AR 1.00 - 1x",50,"cdc42_act",0.45,2.27383495359965
"AR 1.00 - 1x",50,"cdc42_act",0.47,2.34063989009081
"AR 1.00 - 1x",50,"cdc42_act",0.49,2.36004579669314
"AR 1.00 - 1x",50,"cdc42_act",0.51,2.36405156119941
"AR 1.00 - 1x",50,"cdc42_act",0.53,2.33905378092516
"AR 1.00 - 1x",50,"cdc42_act",0.55,2.30300173519567
"AR 1.00 - 1x",50,"cdc42_act",0.57,2.26702631772627
"AR 1.00 - 1x",50,"cdc42_act",0.59,2.25543269000829
"AR 1.00 - 1x",50,"cdc42_act",0.61,2.31765033277431
"AR 1.00 - 1x",50,"cdc42_act",0.63,2.42172072850025
"AR 1.00 - 1x",50,"cdc42_act",0.65,2.6839613171119
"AR 1.00 - 1x",50,"cdc42_act",0.67,2.8024698714393
"AR 1.00 - 1x",50,"cdc42_act",0.69,2.84832463000281
"AR 1.00 - 1x",50,"cdc42_act",0.71,2.87942983807634
"AR 1.00 - 1x",50,"cdc42_act",0.73,2.88455790457813
"AR 1.00 - 1x",50,"cdc42_act",0.75,2.87214302405246
"AR 1.00 - 1x",50,"cdc42_act",0.77,2.8429916117907
"AR 1.00 - 1x",50,"cdc42_act",0.79,2.81386670146108
"AR 1.00 - 1x",50,"cdc42_act",0.81,2.76415932759472
"AR 1.00 - 1x",50,"cdc42_act",0.83,2.72292083739487
"AR 1.00 - 1x",50,"cdc42_act",0.85,2.682495969836
"AR 1.00 - 1x",50,"cdc42_act",0.87,2.64835990471099
"AR 1.00 - 1x",50,"cdc42_act",0.89,2.6190583595911
"AR 1.00 - 1x",50,"cdc42_act",0.91,2.58090741250123
"AR 1.00 - 1x",50,"cdc42_act",0.93,2.56224528589136
"AR 1.00 - 1x",50,"cdc42_act",0.95,2.53609115058935
"AR 1.00 - 1x",50,"cdc42_act",0.97,2.51588545874387
"AR 1.00 - 1x",50,"cdc42_act",0.99,2.50351655804232
"AR 1.00 - 1x",50,"Rac_act",0.01,0.104484481467658
"AR 1.00 - 1x",50,"Rac_act",0.03,0.104638191188415
"AR 1.00 - 1x",50,"Rac_act",0.05,0.104905361414655
"AR 1.00 - 1x",50,"Rac_act",0.07,0.105292288346203
"AR 1.00 - 1x",50,"Rac_act",0.09,0.105899438632999
"AR 1.00 - 1x",50,"Rac_act",0.11,0.107002785131243
"AR 1.00 - 1x",50,"Rac_act",0.13,0.108343751171514
"AR 1.00 - 1x",50,"Rac_act",0.15,0.110221454753008
"AR 1.00 - 1x",50,"Rac_act",0.17,0.112774688226716
"AR 1.00 - 1x",50,"Rac_act",0.19,0.116663943918058
"AR 1.00 - 1x",50,"Rac_act",0.21,0.124779543320893
"AR 1.00 - 1x",50,"Rac_act",0.23,0.134124623447734
"AR 1.00 - 1x",50,"Rac_act",0.25,0.149012605934241
"AR 1.00 - 1x",50,"Rac_act",0.27,0.170785480577042
"AR 1.00 - 1x",50,"Rac_act",0.29,0.215469257955882
"AR 1.00 - 1x",50,"Rac_act",0.31,0.541935460900267
"AR 1.00 - 1x",50,"Rac_act",0.33,1.50671423765192
"AR 1.00 - 1x",50,"Rac_act",0.35,2.91773618277113
"AR 1.00 - 1x",50,"Rac_act",0.37,4.53379383706704
"AR 1.00 - 1x",50,"Rac_act",0.39,6.09486081931888
"AR 1.00 - 1x",50,"Rac_act",0.41,7.95417173732231
"AR 1.00 - 1x",50,"Rac_act",0.43,8.83826997371045
"AR 1.00 - 1x",50,"Rac_act",0.45,9.32903666180908
"AR 1.00 - 1x",50,"Rac_act",0.47,9.48222663099
"AR 1.00 - 1x",50,"Rac_act",0.49,9.32582915458311
"AR 1.00 - 1x",50,"Rac_act",0.51,8.97081106159952
"AR 1.00 - 1x",50,"Rac_act",0.53,8.58128725182739
"AR 1.00 - 1x",50,"Rac_act",0.55,8.16221745904674
"AR 1.00 - 1x",50,"Rac_act",0.57,7.76514151360028
"AR 1.00 - 1x",50,"Rac_act",0.59,7.47993050685562
"AR 1.00 - 1x",50,"Rac_act",0.61,7.39219967123087
"AR 1.00 - 1x",50,"Rac_act",0.63,7.51098337085321
"AR 1.00 - 1x",50,"Rac_act",0.65,8.0608078536833
"AR 1.00 - 1x",50,"Rac_act",0.67,8.46654785417852
"AR 1.00 - 1x",50,"Rac_act",0.69,8.73650347492094
"AR 1.00 - 1x",50,"Rac_act",0.71,8.97005240604763
"AR 1.00 - 1x",50,"Rac_act",0.73,9.04427060431772
"AR 1.00 - 1x",50,"Rac_act",0.75,9.00516634977219
"AR 1.00 - 1x",50,"Rac_act",0.77,8.85748415525741
"AR 1.00 - 1x",50,"Rac_act",0.79,8.7089416974442
"AR 1.00 - 1x",50,"Rac_act",0.81,8.44792218943029
"AR 1.00 - 1x",50,"Rac_act",0.83,8.23974691175458
"AR 1.00 - 1x",50,"Rac_act",0.85,8.04943347505162
"AR 1.00 - 1x",50,"Rac_act",0.87,7.90519482063783
"AR 1.00 - 1x",50,"Rac_act",0.89,7.80055390438948
"AR 1.00 - 1x",50,"Rac_act",0.91,7.68455123737243
"AR 1.00 - 1x",50,"Rac_act",0.93,7.65360831433377
"AR 1.00 - 1x",50,"Rac_act",0.95,7.59846968189806
"AR 1.00 - 1x",50,"Rac_act",0.97,7.57368287823323
"AR 1.00 - 1x",50,"Rac_act",0.99,7.57116874417937
"AR 1.00 - 1x",50,"Rho_act",0.01,2.3675596085314
"AR 1.00 - 1x",50,"Rho_act",0.03,2.36757522518401
"AR 1.00 - 1x",50,"Rho_act",0.05,2.36760513372516
"AR 1.00 - 1x",50,"Rho_act",0.07,2.36764979850663
"AR 1.00 - 1x",50,"Rho_act",0.09,2.36772327299338
"AR 1.00 - 1x",50,"Rho_act",0.11,2.36786756888732
"AR 1.00 - 1x",50,"Rho_act",0.13,2.36805151043417
"AR 1.00 - 1x",50,"Rho_act",0.15,2.36834218362894
"AR 1.00 - 1x",50,"Rho_act",0.17,2.36874542790248
"AR 1.00 - 1x",50,"Rho_act",0.19,2.36938962443743
"AR 1.00 - 1x",50,"Rho_act",0.21,2.37080520637346
"AR 1.00 - 1x",50,"Rho_act",0.23,2.37248445000915
"AR 1.00 - 1x",50,"Rho_act",0.25,2.37519614511699
"AR 1.00 - 1x",50,"Rho_act",0.27,2.37918168359477
"AR 1.00 - 1x",50,"Rho_act",0.29,2.38594282248209
"AR 1.00 - 1x",50,"Rho_act",0.31,2.28749015113396
"AR 1.00 - 1x",50,"Rho_act",0.33,1.91437277241205
"AR 1.00 - 1x",50,"Rho_act",0.35,1.65297853237261
"AR 1.00 - 1x",50,"Rho_act",0.37,1.46587060288766
"AR 1.00 - 1x",50,"Rho_act",0.39,1.36323232497807
"AR 1.00 - 1x",50,"Rho_act",0.41,1.24767664157469
"AR 1.00 - 1x",50,"Rho_act",0.43,1.1954842209778
"AR 1.00 - 1x",50,"Rho_act",0.45,1.15102610178347
"AR 1.00 - 1x",50,"Rho_act",0.47,1.11883978652151
"AR 1.00 - 1x",50,"Rho_act",0.49,1.08964553099608
"AR 1.00 - 1x",50,"Rho_act",0.51,1.04320457188115
"AR 1.00 - 1x",50,"Rho_act",0.53,1.01276533080521
"AR 1.00 - 1x",50,"Rho_act",0.55,0.98083571348154
"AR 1.00 - 1x",50,"Rho_act",0.57,0.946155243642845
"AR 1.00 - 1x",50,"Rho_act",0.59,0.892450448126491
"AR 1.00 - 1x",50,"Rho_act",0.61,0.76040386397887
"AR 1.00 - 1x",50,"Rho_act",0.63,0.596210598138832
"AR 1.00 - 1x",50,"Rho_act",0.65,0.274665103471493
"AR 1.00 - 1x",50,"Rho_act",0.67,0.192035625373857
"AR 1.00 - 1x",50,"Rho_act",0.69,0.180819458452295
"AR 1.00 - 1x",50,"Rho_act",0.71,0.179322554213858
"AR 1.00 - 1x",50,"Rho_act",0.73,0.182759949283635
"AR 1.00 - 1x",50,"Rho_act",0.75,0.188464341321337
"AR 1.00 - 1x",50,"Rho_act",0.77,0.195557061314595
"AR 1.00 - 1x",50,"Rho_act",0.79,0.201352135250064
"AR 1.00 - 1x",50,"Rho_act",0.81,0.208712633446272
"AR 1.00 - 1x",50,"Rho_act",0.83,0.213652644763874
"AR 1.00 - 1x",50,"Rho_act",0.85,0.217869624959442
"AR 1.00 - 1x",50,"Rho_act",0.87,0.221116229697112
"AR 1.00 - 1x",50,"Rho_act",0.89,0.22393455990847
"AR 1.00 - 1x",50,"Rho_act",0.91,0.228307148631035
"AR 1.00 - 1x",50,"Rho_act",0.93,0.230751311101017
"AR 1.00 - 1x",50,"Rho_act",0.95,0.23530139255243
"AR 1.00 - 1x",50,"Rho_act",0.97,0.239417762951231
"AR 1.00 - 1x",50,"Rho_act",0.99,0.242379681934439
"AR 1.00 - 1x",100,"cdc42_act",0.01,0.0545844406971334
"AR 1.00 - 1x",100,"cdc42_act",0.03,0.0547015981736589
"AR 1.00 - 1x",100,"cdc42_act",0.05,0.0548943770872349
"AR 1.00 - 1x",100,"cdc42_act",0.07,0.0551587697362383
"AR 1.00 - 1x",100,"cdc42_act",0.09,0.0555426439139049
"AR 1.00 - 1x",100,"cdc42_act",0.11,0.0561668243381637
"AR 1.00 - 1x",100,"cdc42_act",0.13,0.0568839781789735
"AR 1.00 - 1x",100,"cdc42_act",0.15,0.0577750721536945
"AR 1.00 - 1x",100,"cdc42_act",0.17,0.0589236714827068
"AR 1.00 - 1x",100,"cdc42_act",0.19,0.060512796285934
"AR 1.00 - 1x",100,"cdc42_act",0.21,0.0635487618970196
"AR 1.00 - 1x",100,"cdc42_act",0.23,0.0667944803269847
"AR 1.00 - 1x",100,"cdc42_act",0.25,0.0715103154094552
"AR 1.00 - 1x",100,"cdc42_act",0.27,0.0777489416571934
"AR 1.00 - 1x",100,"cdc42_act",0.29,0.0873535398314821
"AR 1.00 - 1x",100,"cdc42_act",0.31,0.109127135956641
"AR 1.00 - 1x",100,"cdc42_act",0.33,0.164713579675712
"AR 1.00 - 1x",100,"cdc42_act",0.35,0.56570073133632
"AR 1.00 - 1x",100,"cdc42_act",0.37,0.977390128325301
"AR 1.00 - 1x",100,"cdc42_act",0.39,1.32908022022817
"AR 1.00 - 1x",100,"cdc42_act",0.41,1.77415598595911
"AR 1.00 - 1x",100,"cdc42_act",0.43,2.03746457866707
"AR 1.00 - 1x",100,"cdc42_act",0.45,2.25195213876319
"AR 1.00 - 1x",100,"cdc42_act",0.47,2.40524931928988
"AR 1.00 - 1x",100,"cdc42_act",0.49,2.48949031600698
"AR 1.00 - 1x",100,"cdc42_act",0.51,2.55033618029379
"AR 1.00 - 1x",100,"cdc42_act",0.53,2.54211618100756
"AR 1.00 - 1x",100,"cdc42_act",0.55,2.49854249676501
"AR 1.00 - 1x",100,"cdc42_act",0.57,2.43980262550014
"AR 1.00 - 1x",100,"cdc42_act",0.59,2.3895685957914
"AR 1.00 - 1x",100,"cdc42_act",0.61,2.37587076247207
"AR 1.00 - 1x",100,"cdc42_act",0.63,2.37002557317187
"AR 1.00 - 1x",100,"cdc42_act",0.65,2.44644029562307
"AR 1.00 - 1x",100,"cdc42_act",0.67,2.61511847672361
"AR 1.00 - 1x",100,"cdc42_act",0.69,2.93026314029255
"AR 1.00 - 1x",100,"cdc42_act",0.71,3.17764742415959
"AR 1.00 - 1x",100,"cdc42_act",0.73,3.2847253037849
"AR 1.00 - 1x",100,"cdc42_act",0.75,3.36026784122058
"AR 1.00 - 1x",100,"cdc42_act",0.77,3.4045509689716
"AR 1.00 - 1x",100,"cdc42_act",0.79,3.41076562991687
"AR 1.00 - 1x",100,"cdc42_act",0.81,3.3695714968765
"AR 1.00 - 1x",100,"cdc42_act",0.83,3.29811975511101
"AR 1.00 - 1x",100,"cdc42_act",0.85,3.19637189190743
"AR 1.00 - 1x",100,"cdc42_act",0.87,3.08260154395839
"AR 1.00 - 1x",100,"cdc42_act",0.89,2.95499842387076
"AR 1.00 - 1x",100,"cdc42_act",0.91,2.75996376933805
"AR 1.00 - 1x",100,"cdc42_act",0.93,2.62428427792704
"AR 1.00 - 1x",100,"cdc42_act",0.95,2.45052937782548
"AR 1.00 - 1x",100,"cdc42_act",0.97,2.27994631399283
"AR 1.00 - 1x",100,"cdc42_act",0.99,2.1405799928343
"AR 1.00 - 1x",100,"Rac_act",0.01,0.0628602537566597
"AR 1.00 - 1x",100,"Rac_act",0.03,0.0630318190000828
"AR 1.00 - 1x",100,"Rac_act",0.05,0.0633152743665604
"AR 1.00 - 1x",100,"Rac_act",0.07,0.0637056443644333
"AR 1.00 - 1x",100,"Rac_act",0.09,0.0642761999584995
"AR 1.00 - 1x",100,"Rac_act",0.11,0.0652137210323095
"AR 1.00 - 1x",100,"Rac_act",0.13,0.0662994667203234
"AR 1.00 - 1x",100,"Rac_act",0.15,0.0676707398546143
"AR 1.00 - 1x",100,"Rac_act",0.17,0.0694575926492585
"AR 1.00 - 1x",100,"Rac_act",0.19,0.0719827855380744
"AR 1.00 - 1x",100,"Rac_act",0.21,0.0769486578841799
"AR 1.00 - 1x",100,"Rac_act",0.23,0.0824454903673762
"AR 1.00 - 1x",100,"Rac_act",0.25,0.0908909779543737
"AR 1.00 - 1x",100,"Rac_act",0.27,0.102817729803102
"AR 1.00 - 1x",100,"Rac_act",0.29,0.123599132417149
"AR 1.00 - 1x",100,"Rac_act",0.31,0.183007643165553
"AR 1.00 - 1x",100,"Rac_act",0.33,0.3502517514611
"AR 1.00 - 1x",100,"Rac_act",0.35,1.28117583972711
"AR 1.00 - 1x",100,"Rac_act",0.37,2.61479966741913
"AR 1.00 - 1x",100,"Rac_act",0.39,4.20967016414737
"AR 1.00 - 1x",100,"Rac_act",0.41,6.56453769353555
"AR 1.00 - 1x",100,"Rac_act",0.43,8.11359621126966
"AR 1.00 - 1x",100,"Rac_act",0.45,9.34310080234723
"AR 1.00 - 1x",100,"Rac_act",0.47,10.1504692937013
"AR 1.00 - 1x",100,"Rac_act",0.49,10.4519071152104
"AR 1.00 - 1x",100,"Rac_act",0.51,10.4194386646032
"AR 1.00 - 1x",100,"Rac_act",0.53,10.0685726433848
"AR 1.00 - 1x",100,"Rac_act",0.55,9.53587630211305
"AR 1.00 - 1x",100,"Rac_act",0.57,8.94283005969988
"AR 1.00 - 1x",100,"Rac_act",0.59,8.39564798849475
"AR 1.00 - 1x",100,"Rac_act",0.61,7.88908745407702
"AR 1.00 - 1x",100,"Rac_act",0.63,7.549500222237
"AR 1.00 - 1x",100,"Rac_act",0.65,7.49634256870591
"AR 1.00 - 1x",100,"Rac_act",0.67,7.71594763989447
"AR 1.00 - 1x",100,"Rac_act",0.69,8.37888515931181
"AR 1.00 - 1x",100,"Rac_act",0.71,9.27593887175454
"AR 1.00 - 1x",100,"Rac_act",0.73,9.88048117983985
"AR 1.00 - 1x",100,"Rac_act",0.75,10.3756404297629
"AR 1.00 - 1x",100,"Rac_act",0.77,10.6937946225544
"AR 1.00 - 1x",100,"Rac_act",0.79,10.7832288775143
"AR 1.00 - 1x",100,"Rac_act",0.81,10.5760930964008
"AR 1.00 - 1x",100,"Rac_act",0.83,10.1725070691007
"AR 1.00 - 1x",100,"Rac_act",0.85,9.60824015457655
"AR 1.00 - 1x",100,"Rac_act",0.87,9.00400070969869
"AR 1.00 - 1x",100,"Rac_act",0.89,8.36403067073789
"AR 1.00 - 1x",100,"Rac_act",0.91,7.43688243764942
"AR 1.00 - 1x",100,"Rac_act",0.93,6.83246134918791
"AR 1.00 - 1x",100,"Rac_act",0.95,6.09082072156388
"AR 1.00 - 1x",100,"Rac_act",0.97,5.39734784180447
"AR 1.00 - 1x",100,"Rac_act",0.99,4.86421542049258
"AR 1.00 - 1x",100,"Rho_act",0.01,2.30254945353983
"AR 1.00 - 1x",100,"Rho_act",0.03,2.30248824284731
"AR 1.00 - 1x",100,"Rho_act",0.05,2.30239402309364
"AR 1.00 - 1x",100,"Rho_act",0.07,2.30227432392685
"AR 1.00 - 1x",100,"Rho_act",0.09,2.30212172450057
"AR 1.00 - 1x",100,"Rho_act",0.11,2.30192767257231
"AR 1.00 - 1x",100,"Rho_act",0.13,2.30173939866755
"AR 1.00 - 1x",100,"Rho_act",0.15,2.30160274239197
"AR 1.00 - 1x",100,"Rho_act",0.17,2.30148666842881
"AR 1.00 - 1x",100,"Rho_act",0.19,2.30147866437576
"AR 1.00 - 1x",100,"Rho_act",0.21,2.30172081543247
"AR 1.00 - 1x",100,"Rho_act",0.23,2.30218045053616
"AR 1.00 - 1x",100,"Rho_act",0.25,2.30312405346158
"AR 1.00 - 1x",100,"Rho_act",0.27,2.3046893433086
"AR 1.00 - 1x",100,"Rho_act",0.29,2.30778479319936
"AR 1.00 - 1x",100,"Rho_act",0.31,2.31451618915386
"AR 1.00 - 1x",100,"Rho_act",0.33,2.28956929642227
"AR 1.00 - 1x",100,"Rho_act",0.35,1.88793250459975
"AR 1.00 - 1x",100,"Rho_act",0.37,1.61022812736611
"AR 1.00 - 1x",100,"Rho_act",0.39,1.47100643089324
"AR 1.00 - 1x",100,"Rho_act",0.41,1.33904197914246
"AR 1.00 - 1x",100,"Rho_act",0.43,1.28490442715364
"AR 1.00 - 1x",100,"Rho_act",0.45,1.24300219243085
"AR 1.00 - 1x",100,"Rho_act",0.47,1.21831260251956
"AR 1.00 - 1x",100,"Rho_act",0.49,1.20108989521282
"AR 1.00 - 1x",100,"Rho_act",0.51,1.17315003497267
"AR 1.00 - 1x",100,"Rho_act",0.53,1.1571576834633
"AR 1.00 - 1x",100,"Rho_act",0.55,1.14492880900105
"AR 1.00 - 1x",100,"Rho_act",0.57,1.13018849080131
"AR 1.00 - 1x",100,"Rho_act",0.59,1.10230098643593
"AR 1.00 - 1x",100,"Rho_act",0.61,1.02759796353151
"AR 1.00 - 1x",100,"Rho_act",0.63,0.962352729522004
"AR 1.00 - 1x",100,"Rho_act",0.65,0.834479082498111
"AR 1.00 - 1x",100,"Rho_act",0.67,0.61893608482344
"AR 1.00 - 1x",100,"Rho_act",0.69,0.279149910494135
"AR 1.00 - 1x",100,"Rho_act",0.71,0.137065276435147
"AR 1.00 - 1x",100,"Rho_act",0.73,0.120756138145807
"AR 1.00 - 1x",100,"Rho_act",0.75,0.116706753231273
"AR 1.00 - 1x",100,"Rho_act",0.77,0.117530298944618
"AR 1.00 - 1x",100,"Rho_act",0.79,0.121938135169347
"AR 1.00 - 1x",100,"Rho_act",0.81,0.131227215293362
"AR 1.00 - 1x",100,"Rho_act",0.83,0.140550762514233
"AR 1.00 - 1x",100,"Rho_act",0.85,0.151652451087134
"AR 1.00 - 1x",100,"Rho_act",0.87,0.163679627185185
"AR 1.00 - 1x",100,"Rho_act",0.89,0.177114674582887
"AR 1.00 - 1x",100,"Rho_act",0.91,0.19872390155683
"AR 1.00 - 1x",100,"Rho_act",0.93,0.215883738577037
"AR 1.00 - 1x",100,"Rho_act",0.95,0.241309173431143
"AR 1.00 - 1x",100,"Rho_act",0.97,0.27218927055155
"AR 1.00 - 1x",100,"Rho_act",0.99,0.306479706346853
"AR 1.00 - 1x",150,"cdc42_act",0.01,0.0529506598504548
"AR 1.00 - 1x",150,"cdc42_act",0.03,0.0530633146785408
"AR 1.00 - 1x",150,"cdc42_act",0.05,0.0532476413598235
"AR 1.00 - 1x",150,"cdc42_act",0.07,0.0534989761403738
"AR 1.00 - 1x",150,"cdc42_act",0.09,0.0538606097228557
"AR 1.00 - 1x",150,"cdc42_act",0.11,0.0544399476134318
"AR 1.00 - 1x",150,"cdc42_act",0.13,0.0551004814265428
"AR 1.00 - 1x",150,"cdc42_act",0.15,0.0559048414763323
"AR 1.00 - 1x",150,"cdc42_act",0.17,0.0569326832916417
"AR 1.00 - 1x",150,"cdc42_act",0.19,0.0583296748173238
"AR 1.00 - 1x",150,"cdc42_act",0.21,0.0609565802708208
"AR 1.00 - 1x",150,"cdc42_act",0.23,0.0637351777636432
"AR 1.00 - 1x",150,"cdc42_act",0.25,0.0677379963055967
"AR 1.00 - 1x",150,"cdc42_act",0.27,0.0730000404635043
"AR 1.00 - 1x",150,"cdc42_act",0.29,0.0810431894391788
"AR 1.00 - 1x",150,"cdc42_act",0.31,0.0976510035400703
"AR 1.00 - 1x",150,"cdc42_act",0.33,0.11991189838121
"AR 1.00 - 1x",150,"cdc42_act",0.35,0.308868211198521
"AR 1.00 - 1x",150,"cdc42_act",0.37,0.724972759622325
"AR 1.00 - 1x",150,"cdc42_act",0.39,1.09485333240804
"AR 1.00 - 1x",150,"cdc42_act",0.41,1.56434484021804
"AR 1.00 - 1x",150,"cdc42_act",0.43,1.85730471584069
"AR 1.00 - 1x",150,"cdc42_act",0.45,2.12282142368662
"AR 1.00 - 1x",150,"cdc42_act",0.47,2.32746875748737
"AR 1.00 - 1x",150,"cdc42_act",0.49,2.47040689142993
"AR 1.00 - 1x",150,"cdc42_act",0.51,2.59574530925957
"AR 1.00 - 1x",150,"cdc42_act",0.53,2.62709299467502
"AR 1.00 - 1x",150,"cdc42_act",0.55,2.60747763355829
"AR 1.00 - 1x",150,"cdc42_act",0.57,2.56536688378626
"AR 1.00 - 1x",150,"cdc42_act",0.59,2.51654527337534
"AR 1.00 - 1x",150,"cdc42_act",0.61,2.48819025805862
"AR 1.00 - 1x",150,"cdc42_act",0.63,2.45436905385116
"AR 1.00 - 1x",150,"cdc42_act",0.65,2.47587854995307
"AR 1.00 - 1x",150,"cdc42_act",0.67,2.53977463557639
"AR 1.00 - 1x",150,"cdc42_act",0.69,2.71094655073752
"AR 1.00 - 1x",150,"cdc42_act",0.71,3.10615880607302
"AR 1.00 - 1x",150,"cdc42_act",0.73,3.34481313562718
"AR 1.00 - 1x",150,"cdc42_act",0.75,3.48842756944577
"AR 1.00 - 1x",150,"cdc42_act",0.77,3.60805036019187
"AR 1.00 - 1x",150,"cdc42_act",0.79,3.67206073840877
"AR 1.00 - 1x",150,"cdc42_act",0.81,3.69770581402053
"AR 1.00 - 1x",150,"cdc42_act",0.83,3.65315483448066
"AR 1.00 - 1x",150,"cdc42_act",0.85,3.54978077067447
"AR 1.00 - 1x",150,"cdc42_act",0.87,3.40993719999316
"AR 1.00 - 1x",150,"cdc42_act",0.89,3.22741182786642
"AR 1.00 - 1x",150,"cdc42_act",0.91,2.92074737577339
"AR 1.00 - 1x",150,"cdc42_act",0.93,2.68632645925504
"AR 1.00 - 1x",150,"cdc42_act",0.95,2.37446742971686
"AR 1.00 - 1x",150,"cdc42_act",0.97,2.05056920945894
"AR 1.00 - 1x",150,"cdc42_act",0.99,1.75769722449303
"AR 1.00 - 1x",150,"Rac_act",0.01,0.054747761711764
"AR 1.00 - 1x",150,"Rac_act",0.03,0.0548986077790113
"AR 1.00 - 1x",150,"Rac_act",0.05,0.0551461407597824
"AR 1.00 - 1x",150,"Rac_act",0.07,0.0554845736793897
"AR 1.00 - 1x",150,"Rac_act",0.09,0.0559736582614718
"AR 1.00 - 1x",150,"Rac_act",0.11,0.0567630223520782
"AR 1.00 - 1x",150,"Rac_act",0.13,0.0576675942160256
"AR 1.00 - 1x",150,"Rac_act",0.15,0.0587834929730162
"AR 1.00 - 1x",150,"Rac_act",0.17,0.0602205489356582
"AR 1.00 - 1x",150,"Rac_act",0.19,0.0622074228154996
"AR 1.00 - 1x",150,"Rac_act",0.21,0.0660343137137165
"AR 1.00 - 1x",150,"Rac_act",0.23,0.0702004920569047
"AR 1.00 - 1x",150,"Rac_act",0.25,0.0764870128314076
"AR 1.00 - 1x",150,"Rac_act",0.27,0.0852177741534259
"AR 1.00 - 1x",150,"Rac_act",0.29,0.100008768365116
"AR 1.00 - 1x",150,"Rac_act",0.31,0.136491484856627
"AR 1.00 - 1x",150,"Rac_act",0.33,0.198857738283354
"AR 1.00 - 1x",150,"Rac_act",0.35,0.620809695043022
"AR 1.00 - 1x",150,"Rac_act",0.37,1.65727464172868
"AR 1.00 - 1x",150,"Rac_act",0.39,3.05026153432112
"AR 1.00 - 1x",150,"Rac_act",0.41,5.29170386930278
"AR 1.00 - 1x",150,"Rac_act",0.43,6.96175986816002
"AR 1.00 - 1x",150,"Rac_act",0.45,8.49812264297283
"AR 1.00 - 1x",150,"Rac_act",0.47,9.69134466376775
"AR 1.00 - 1x",150,"Rac_act",0.49,10.4055822769214
"AR 1.00 - 1x",150,"Rac_act",0.51,10.8343095632701
"AR 1.00 - 1x",150,"Rac_act",0.53,10.7327759113647
"AR 1.00 - 1x",150,"Rac_act",0.55,10.3386450365434
"AR 1.00 - 1x",150,"Rac_act",0.57,9.8087076782412
"AR 1.00 - 1x",150,"Rac_act",0.59,9.24425985903898
"AR 1.00 - 1x",150,"Rac_act",0.61,8.63752374652113
"AR 1.00 - 1x",150,"Rac_act",0.63,8.15039113999654
"AR 1.00 - 1x",150,"Rac_act",0.65,7.86894231062655
"AR 1.00 - 1x",150,"Rac_act",0.67,7.73099434366051
"AR 1.00 - 1x",150,"Rac_act",0.69,7.90945847380394
"AR 1.00 - 1x",150,"Rac_act",0.71,8.73195134550322
"AR 1.00 - 1x",150,"Rac_act",0.73,9.51591403700895
"AR 1.00 - 1x",150,"Rac_act",0.75,10.2730053339815
"AR 1.00 - 1x",150,"Rac_act",0.77,10.9887518110324
"AR 1.00 - 1x",150,"Rac_act",0.79,11.4492191211699
"AR 1.00 - 1x",150,"Rac_act",0.81,11.6927382248019
"AR 1.00 - 1x",150,"Rac_act",0.83,11.4692958532353
"AR 1.00 - 1x",150,"Rac_act",0.85,10.8891397771955
"AR 1.00 - 1x",150,"Rac_act",0.87,10.1207759957999
"AR 1.00 - 1x",150,"Rac_act",0.89,9.16303836986026
"AR 1.00 - 1x",150,"Rac_act",0.91,7.6433993424576
"AR 1.00 - 1x",150,"Rac_act",0.93,6.57248701484261
"AR 1.00 - 1x",150,"Rac_act",0.95,5.24262701091773
"AR 1.00 - 1x",150,"Rac_act",0.97,3.99154217815864
"AR 1.00 - 1x",150,"Rac_act",0.99,3.04576755327113
"AR 1.00 - 1x",150,"Rho_act",0.01,2.2526135022574
"AR 1.00 - 1x",150,"Rho_act",0.03,2.25258286831837
"AR 1.00 - 1x",150,"Rho_act",0.05,2.25253654115683
"AR 1.00 - 1x",150,"Rho_act",0.07,2.25247844484364
"AR 1.00 - 1x",150,"Rho_act",0.09,2.25240619310148
"AR 1.00 - 1x",150,"Rho_act",0.11,2.25231993111614
"AR 1.00 - 1x",150,"Rho_act",0.13,2.25224070187559
"AR 1.00 - 1x",150,"Rho_act",0.15,2.25220136820381
"AR 1.00 - 1x",150,"Rho_act",0.17,2.25218378650588
"AR 1.00 - 1x",150,"Rho_act",0.19,2.25224683493648
"AR 1.00 - 1x",150,"Rho_act",0.21,2.25251982487951
"AR 1.00 - 1x",150,"Rho_act",0.23,2.25292974526821
"AR 1.00 - 1x",150,"Rho_act",0.25,2.25368404805282
"AR 1.00 - 1x",150,"Rho_act",0.27,2.25486678021116
"AR 1.00 - 1x",150,"Rho_act",0.29,2.25707826467357
"AR 1.00 - 1x",150,"Rho_act",0.31,2.26247832664134
"AR 1.00 - 1x",150,"Rho_act",0.33,2.26673470821245
"AR 1.00 - 1x",150,"Rho_act",0.35,2.08594584884191
"AR 1.00 - 1x",150,"Rho_act",0.37,1.72602727894527
"AR 1.00 - 1x",150,"Rho_act",0.39,1.53596287147971
"AR 1.00 - 1x",150,"Rho_act",0.41,1.37699430089545
"AR 1.00 - 1x",150,"Rho_act",0.43,1.31860657183532
"AR 1.00 - 1x",150,"Rho_act",0.45,1.26767133336916
"AR 1.00 - 1x",150,"Rho_act",0.47,1.24153136181099
"AR 1.00 - 1x",150,"Rho_act",0.49,1.22036437997544
"AR 1.00 - 1x",150,"Rho_act",0.51,1.19714222246132
"AR 1.00 - 1x",150,"Rho_act",0.53,1.18454201674847
"AR 1.00 - 1x",150,"Rho_act",0.55,1.18148547314729
"AR 1.00 - 1x",150,"Rho_act",0.57,1.17234252747205
"AR 1.00 - 1x",150,"Rho_act",0.59,1.15590652058536
"AR 1.00 - 1x",150,"Rho_act",0.61,1.10552109241558
"AR 1.00 - 1x",150,"Rho_act",0.63,1.06408829054978
"AR 1.00 - 1x",150,"Rho_act",0.65,0.984817367963297
"AR 1.00 - 1x",150,"Rho_act",0.67,0.870212170835015
"AR 1.00 - 1x",150,"Rho_act",0.69,0.659941219760892
"AR 1.00 - 1x",150,"Rho_act",0.71,0.270951271693862
"AR 1.00 - 1x",150,"Rho_act",0.73,0.124948623263565
"AR 1.00 - 1x",150,"Rho_act",0.75,0.103055106610831
"AR 1.00 - 1x",150,"Rho_act",0.77,0.094661273956095
"AR 1.00 - 1x",150,"Rho_act",0.79,0.0946122668572395
"AR 1.00 - 1x",150,"Rho_act",0.81,0.100204569737146
"AR 1.00 - 1x",150,"Rho_act",0.83,0.108713116656046
"AR 1.00 - 1x",150,"Rho_act",0.85,0.121218404779354
"AR 1.00 - 1x",150,"Rho_act",0.87,0.136986422428595
"AR 1.00 - 1x",150,"Rho_act",0.89,0.157528467872417
"AR 1.00 - 1x",150,"Rho_act",0.91,0.194883010384041
"AR 1.00 - 1x",150,"Rho_act",0.93,0.229850745007751
"AR 1.00 - 1x",150,"Rho_act",0.95,0.284457818979262
"AR 1.00 - 1x",150,"Rho_act",0.97,0.360846708609396
"AR 1.00 - 1x",150,"Rho_act",0.99,0.473189816700602
"AR 1.00 - 1x",200,"cdc42_act",0.01,0.053035176921206
"AR 1.00 - 1x",200,"cdc42_act",0.03,0.0531477288528549
"AR 1.00 - 1x",200,"cdc42_act",0.05,0.053331204835509
"AR 1.00 - 1x",200,"cdc42_act",0.07,0.0535802613610627
"AR 1.00 - 1x",200,"cdc42_act",0.09,0.0539360531348011
"AR 1.00 - 1x",200,"cdc42_act",0.11,0.0544994536587176
"AR 1.00 - 1x",200,"cdc42_act",0.13,0.0551371126813546
"AR 1.00 - 1x",200,"cdc42_act",0.15,0.0559018423093032
"AR 1.00 - 1x",200,"cdc42_act",0.17,0.0568704541730625
"AR 1.00 - 1x",200,"cdc42_act",0.19,0.058166211233451
"AR 1.00 - 1x",200,"cdc42_act",0.21,0.0605687092448918
"AR 1.00 - 1x",200,"cdc42_act",0.23,0.0630841515714005
"AR 1.00 - 1x",200,"cdc42_act",0.25,0.0666758451858082
"AR 1.00 - 1x",200,"cdc42_act",0.27,0.0713664428341522
"AR 1.00 - 1x",200,"cdc42_act",0.29,0.0784861436599805
"AR 1.00 - 1x",200,"cdc42_act",0.31,0.093023166547642
"AR 1.00 - 1x",200,"cdc42_act",0.33,0.110410475172319
"AR 1.00 - 1x",200,"cdc42_act",0.35,0.192685513410426
"AR 1.00 - 1x",200,"cdc42_act",0.37,0.538256815159132
"AR 1.00 - 1x",200,"cdc42_act",0.39,0.91549609104205
"AR 1.00 - 1x",200,"cdc42_act",0.41,1.39229501593074
"AR 1.00 - 1x",200,"cdc42_act",0.43,1.70245234653305
"AR 1.00 - 1x",200,"cdc42_act",0.45,1.98238506328642
"AR 1.00 - 1x",200,"cdc42_act",0.47,2.22582638246327
"AR 1.00 - 1x",200,"cdc42_act",0.49,2.40591110109733
"AR 1.00 - 1x",200,"cdc42_act",0.51,2.59009112719703
"AR 1.00 - 1x",200,"cdc42_act",0.53,2.66207178432732
"AR 1.00 - 1x",200,"cdc42_act",0.55,2.67847507628016
"AR 1.00 - 1x",200,"cdc42_act",0.57,2.66011500927612
"AR 1.00 - 1x",200,"cdc42_act",0.59,2.6316032099123
"AR 1.00 - 1x",200,"cdc42_act",0.61,2.6163657581961
"AR 1.00 - 1x",200,"cdc42_act",0.63,2.57692071587239
"AR 1.00 - 1x",200,"cdc42_act",0.65,2.58057402721173
"AR 1.00 - 1x",200,"cdc42_act",0.67,2.60877237656748
"AR 1.00 - 1x",200,"cdc42_act",0.69,2.6975525187511
"AR 1.00 - 1x",200,"cdc42_act",0.71,2.96634841497862
"AR 1.00 - 1x",200,"cdc42_act",0.73,3.26027420618056
"AR 1.00 - 1x",200,"cdc42_act",0.75,3.50583823764288
"AR 1.00 - 1x",200,"cdc42_act",0.77,3.6805670721259
"AR 1.00 - 1x",200,"cdc42_act",0.79,3.79086036514452
"AR 1.00 - 1x",200,"cdc42_act",0.81,3.88973006052554
"AR 1.00 - 1x",200,"cdc42_act",0.83,3.8968583378826
"AR 1.00 - 1x",200,"cdc42_act",0.85,3.83036335984291
"AR 1.00 - 1x",200,"cdc42_act",0.87,3.70733240507778
"AR 1.00 - 1x",200,"cdc42_act",0.89,3.51211879921975
"AR 1.00 - 1x",200,"cdc42_act",0.91,3.12014577608196
"AR 1.00 - 1x",200,"cdc42_act",0.93,2.67841309538549
"AR 1.00 - 1x",200,"cdc42_act",0.95,2.14299372663225
"AR 1.00 - 1x",200,"cdc42_act",0.97,1.57665568852934
"AR 1.00 - 1x",200,"cdc42_act",0.99,0.870530806144528
"AR 1.00 - 1x",200,"Rac_act",0.01,0.0514232946219728
"AR 1.00 - 1x",200,"Rac_act",0.03,0.0515633812059758
"AR 1.00 - 1x",200,"Rac_act",0.05,0.0517923707389885
"AR 1.00 - 1x",200,"Rac_act",0.07,0.0521040438833314
"AR 1.00 - 1x",200,"Rac_act",0.09,0.0525512111979627
"AR 1.00 - 1x",200,"Rac_act",0.11,0.0532646702310226
"AR 1.00 - 1x",200,"Rac_act",0.13,0.0540758893671486
"AR 1.00 - 1x",200,"Rac_act",0.15,0.055061394656104
"AR 1.00 - 1x",200,"Rac_act",0.17,0.0563188497987835
"AR 1.00 - 1x",200,"Rac_act",0.19,0.0580295443626948
"AR 1.00 - 1x",200,"Rac_act",0.21,0.0612740355621773
"AR 1.00 - 1x",200,"Rac_act",0.23,0.0647613686450058
"AR 1.00 - 1x",200,"Rac_act",0.25,0.0699508153720016
"AR 1.00 - 1x",200,"Rac_act",0.27,0.0770677183348462
"AR 1.00 - 1x",200,"Rac_act",0.29,0.0889039910216373
"AR 1.00 - 1x",200,"Rac_act",0.31,0.117029945656624
"AR 1.00 - 1x",200,"Rac_act",0.33,0.158725154209263
"AR 1.00 - 1x",200,"Rac_act",0.35,0.354071795398645
"AR 1.00 - 1x",200,"Rac_act",0.37,1.08892187019603
"AR 1.00 - 1x",200,"Rac_act",0.39,2.28255948617886
"AR 1.00 - 1x",200,"Rac_act",0.41,4.30841401580291
"AR 1.00 - 1x",200,"Rac_act",0.43,5.94370622080289
"AR 1.00 - 1x",200,"Rac_act",0.45,7.57187278709891
"AR 1.00 - 1x",200,"Rac_act",0.47,8.98185596193936
"AR 1.00 - 1x",200,"Rac_act",0.49,9.98338132220967
"AR 1.00 - 1x",200,"Rac_act",0.51,10.8130896593525
"AR 1.00 - 1x",200,"Rac_act",0.53,10.979386778868
"AR 1.00 - 1x",200,"Rac_act",0.55,10.7941533314923
"AR 1.00 - 1x",200,"Rac_act",0.57,10.4086522010527
"AR 1.00 - 1x",200,"Rac_act",0.59,9.93074910056734
"AR 1.00 - 1x",200,"Rac_act",0.61,9.36434331067287
"AR 1.00 - 1x",200,"Rac_act",0.63,8.83795227985768
"AR 1.00 - 1x",200,"Rac_act",0.65,8.46606134818221
"AR 1.00 - 1x",200,"Rac_act",0.67,8.17586915529471
"AR 1.00 - 1x",200,"Rac_act",0.69,8.07538628463016
"AR 1.00 - 1x",200,"Rac_act",0.71,8.41517591169975
"AR 1.00 - 1x",200,"Rac_act",0.73,9.04112081204892
"AR 1.00 - 1x",200,"Rac_act",0.75,9.85935280398982
"AR 1.00 - 1x",200,"Rac_act",0.77,10.7113161817793
"AR 1.00 - 1x",200,"Rac_act",0.79,11.3855657538103
"AR 1.00 - 1x",200,"Rac_act",0.81,12.0501474849108
"AR 1.00 - 1x",200,"Rac_act",0.83,12.1471637678678
"AR 1.00 - 1x",200,"Rac_act",0.85,11.7863822382084
"AR 1.00 - 1x",200,"Rac_act",0.87,11.1044350048699
"AR 1.00 - 1x",200,"Rac_act",0.89,10.0582041692664
"AR 1.00 - 1x",200,"Rac_act",0.91,8.18086303017559
"AR 1.00 - 1x",200,"Rac_act",0.93,6.65657094572094
"AR 1.00 - 1x",200,"Rac_act",0.95,4.80346383400834
"AR 1.00 - 1x",200,"Rac_act",0.97,3.0534133363556
"AR 1.00 - 1x",200,"Rac_act",0.99,1.48985557403047
"AR 1.00 - 1x",200,"Rho_act",0.01,2.21461223252592
"AR 1.00 - 1x",200,"Rho_act",0.03,2.21456093348212
"AR 1.00 - 1x",200,"Rho_act",0.05,2.21448141248662
"AR 1.00 - 1x",200,"Rho_act",0.07,2.21437923580722
"AR 1.00 - 1x",200,"Rho_act",0.09,2.21424628205915
"AR 1.00 - 1x",200,"Rho_act",0.11,2.21406923765507
"AR 1.00 - 1x",200,"Rho_act",0.13,2.21389223178889
"AR 1.00 - 1x",200,"Rho_act",0.15,2.21374359426673
"AR 1.00 - 1x",200,"Rho_act",0.17,2.21359621429629
"AR 1.00 - 1x",200,"Rho_act",0.19,2.21350189293845
"AR 1.00 - 1x",200,"Rho_act",0.21,2.21350642166497
"AR 1.00 - 1x",200,"Rho_act",0.23,2.21365251014291
"AR 1.00 - 1x",200,"Rho_act",0.25,2.21404721625799
"AR 1.00 - 1x",200,"Rho_act",0.27,2.21476642156419
"AR 1.00 - 1x",200,"Rho_act",0.29,2.21625776918131
"AR 1.00 - 1x",200,"Rho_act",0.31,2.22007282650565
"AR 1.00 - 1x",200,"Rho_act",0.33,2.22421616560342
"AR 1.00 - 1x",200,"Rho_act",0.35,2.15888780847164
"AR 1.00 - 1x",200,"Rho_act",0.37,1.82646700270429
"AR 1.00 - 1x",200,"Rho_act",0.39,1.58983910642193
"AR 1.00 - 1x",200,"Rho_act",0.41,1.39771263665224
"AR 1.00 - 1x",200,"Rho_act",0.43,1.32244099163897
"AR 1.00 - 1x",200,"Rho_act",0.45,1.27731806460565
"AR 1.00 - 1x",200,"Rho_act",0.47,1.24043623642147
"AR 1.00 - 1x",200,"Rho_act",0.49,1.22090570587805
"AR 1.00 - 1x",200,"Rho_act",0.51,1.19276648719756
"AR 1.00 - 1x",200,"Rho_act",0.53,1.17955246885443
"AR 1.00 - 1x",200,"Rho_act",0.55,1.17406766245148
"AR 1.00 - 1x",200,"Rho_act",0.57,1.1700597419801
"AR 1.00 - 1x",200,"Rho_act",0.59,1.15447661528005
"AR 1.00 - 1x",200,"Rho_act",0.61,1.11112185596211
"AR 1.00 - 1x",200,"Rho_act",0.63,1.08231303141175
"AR 1.00 - 1x",200,"Rho_act",0.65,1.02255174033111
"AR 1.00 - 1x",200,"Rho_act",0.67,0.940146733589739
"AR 1.00 - 1x",200,"Rho_act",0.69,0.806906499052261
"AR 1.00 - 1x",200,"Rho_act",0.71,0.515725514316258
"AR 1.00 - 1x",200,"Rho_act",0.73,0.248790353117576
"AR 1.00 - 1x",200,"Rho_act",0.75,0.116384671916372
"AR 1.00 - 1x",200,"Rho_act",0.77,0.0881201211298487
"AR 1.00 - 1x",200,"Rho_act",0.79,0.0819085653778933
"AR 1.00 - 1x",200,"Rho_act",0.81,0.0809746939567126
"AR 1.00 - 1x",200,"Rho_act",0.83,0.0853397539441734
"AR 1.00 - 1x",200,"Rho_act",0.85,0.0941953436521742
"AR 1.00 - 1x",200,"Rho_act",0.87,0.107250328670448
"AR 1.00 - 1x",200,"Rho_act",0.89,0.128274231707821
"AR 1.00 - 1x",200,"Rho_act",0.91,0.201080034063372
"AR 1.00 - 1x",200,"Rho_act",0.93,0.433361142546221
"AR 1.00 - 1x",200,"Rho_act",0.95,0.689170368448252
"AR 1.00 - 1x",200,"Rho_act",0.97,0.975759437877442
"AR 1.00 - 1x",200,"Rho_act",0.99,1.52308864801741
"AR 1.00 - 2x",10,"cdc42_act",0.01,0.39234062499956
"AR 1.00 - 2x",10,"cdc42_act",0.03,0.402838303944595
"AR 1.00 - 2x",10,"cdc42_act",0.05,0.414954875748518
"AR 1.00 - 2x",10,"cdc42_act",0.07,0.426733217358418
"AR 1.00 - 2x",10,"cdc42_act",0.09,0.438973162004546
"AR 1.00 - 2x",10,"cdc42_act",0.11,0.457731430850473
"AR 1.00 - 2x",10,"cdc42_act",0.13,0.468117015146783
"AR 1.00 - 2x",10,"cdc42_act",0.15,0.485261876780219
"AR 1.00 - 2x",10,"cdc42_act",0.17,0.502131059013796
"AR 1.00 - 2x",10,"cdc42_act",0.19,0.52907911017668
"AR 1.00 - 2x",10,"cdc42_act",0.21,0.583576049091045
"AR 1.00 - 2x",10,"cdc42_act",0.23,0.64073640004405
"AR 1.00 - 2x",10,"cdc42_act",0.25,0.718905626868331
"AR 1.00 - 2x",10,"cdc42_act",0.27,0.813514115462985
"AR 1.00 - 2x",10,"cdc42_act",0.29,0.929632595610043
"AR 1.00 - 2x",10,"cdc42_act",0.31,1.08839004090264
"AR 1.00 - 2x",10,"cdc42_act",0.33,1.19264278732131
"AR 1.00 - 2x",10,"cdc42_act",0.35,1.27269766267888
"AR 1.00 - 2x",10,"cdc42_act",0.37,1.35954382517285
"AR 1.00 - 2x",10,"cdc42_act",0.39,1.41417041172401
"AR 1.00 - 2x",10,"cdc42_act",0.41,1.49206129835319
"AR 1.00 - 2x",10,"cdc42_act",0.43,1.52555537594424
"AR 1.00 - 2x",10,"cdc42_act",0.45,1.56191719441691
"AR 1.00 - 2x",10,"cdc42_act",0.47,1.59439898083232
"AR 1.00 - 2x",10,"cdc42_act",0.49,1.62737547816002
"AR 1.00 - 2x",10,"cdc42_act",0.51,1.67782439686203
"AR 1.00 - 2x",10,"cdc42_act",0.53,1.70598202642049
"AR 1.00 - 2x",10,"cdc42_act",0.55,1.7309388083803
"AR 1.00 - 2x",10,"cdc42_act",0.57,1.75410780140485
"AR 1.00 - 2x",10,"cdc42_act",0.59,1.78135955028092
"AR 1.00 - 2x",10,"cdc42_act",0.61,1.81090352961164
"AR 1.00 - 2x",10,"cdc42_act",0.63,1.82453525137649
"AR 1.00 - 2x",10,"cdc42_act",0.65,1.83736367775168
"AR 1.00 - 2x",10,"cdc42_act",0.67,1.84923373339841
"AR 1.00 - 2x",10,"cdc42_act",0.69,1.86079844011423
"AR 1.00 - 2x",10,"cdc42_act",0.71,1.87613907315641
"AR 1.00 - 2x",10,"cdc42_act",0.73,1.88827948452776
"AR 1.00 - 2x",10,"cdc42_act",0.75,1.9006976760081
"AR 1.00 - 2x",10,"cdc42_act",0.77,1.912319899995
"AR 1.00 - 2x",10,"cdc42_act",0.79,1.92743910862618
"AR 1.00 - 2x",10,"cdc42_act",0.81,1.94840669547762
"AR 1.00 - 2x",10,"cdc42_act",0.83,1.96536293991832
"AR 1.00 - 2x",10,"cdc42_act",0.85,1.98418080831234
"AR 1.00 - 2x",10,"cdc42_act",0.87,2.00618023532672
"AR 1.00 - 2x",10,"cdc42_act",0.89,2.03067093451025
"AR 1.00 - 2x",10,"cdc42_act",0.91,2.06612345070197
"AR 1.00 - 2x",10,"cdc42_act",0.93,2.09665346014214
"AR 1.00 - 2x",10,"cdc42_act",0.95,2.12402676047353
"AR 1.00 - 2x",10,"cdc42_act",0.97,2.15317247529792
"AR 1.00 - 2x",10,"cdc42_act",0.99,2.17680210764515
"AR 1.00 - 2x",10,"Rac_act",0.01,1.54332557200049
"AR 1.00 - 2x",10,"Rac_act",0.03,1.58750486096402
"AR 1.00 - 2x",10,"Rac_act",0.05,1.63998612473925
"AR 1.00 - 2x",10,"Rac_act",0.07,1.69253233796142
"AR 1.00 - 2x",10,"Rac_act",0.09,1.74781846180752
"AR 1.00 - 2x",10,"Rac_act",0.11,1.83101640294823
"AR 1.00 - 2x",10,"Rac_act",0.13,1.87881138920277
"AR 1.00 - 2x",10,"Rac_act",0.15,1.95096409823208
"AR 1.00 - 2x",10,"Rac_act",0.17,2.01874133424566
"AR 1.00 - 2x",10,"Rac_act",0.19,2.1165578866299
"AR 1.00 - 2x",10,"Rac_act",0.21,2.29215790883336
"AR 1.00 - 2x",10,"Rac_act",0.23,2.45316118428837
"AR 1.00 - 2x",10,"Rac_act",0.25,2.64557635099028
"AR 1.00 - 2x",10,"Rac_act",0.27,2.86591191764159
"AR 1.00 - 2x",10,"Rac_act",0.29,3.13483453810862
"AR 1.00 - 2x",10,"Rac_act",0.31,3.50542526467604
"AR 1.00 - 2x",10,"Rac_act",0.33,3.74777920891549
"AR 1.00 - 2x",10,"Rac_act",0.35,3.93186944140145
"AR 1.00 - 2x",10,"Rac_act",0.37,4.13885553265117
"AR 1.00 - 2x",10,"Rac_act",0.39,4.26424907914883
"AR 1.00 - 2x",10,"Rac_act",0.41,4.44500259588558
"AR 1.00 - 2x",10,"Rac_act",0.43,4.51704674505682
"AR 1.00 - 2x",10,"Rac_act",0.45,4.59541148892103
"AR 1.00 - 2x",10,"Rac_act",0.47,4.66417833165941
"AR 1.00 - 2x",10,"Rac_act",0.49,4.73268840400508
"AR 1.00 - 2x",10,"Rac_act",0.51,4.83505035998533
"AR 1.00 - 2x",10,"Rac_act",0.53,4.8895372729746
"AR 1.00 - 2x",10,"Rac_act",0.55,4.93304629561313
"AR 1.00 - 2x",10,"Rac_act",0.57,4.97186890052547
"AR 1.00 - 2x",10,"Rac_act",0.59,5.02232207498131
"AR 1.00 - 2x",10,"Rac_act",0.61,5.08376007232875
"AR 1.00 - 2x",10,"Rac_act",0.63,5.11016088796126
"AR 1.00 - 2x",10,"Rac_act",0.65,5.13502093456935
"AR 1.00 - 2x",10,"Rac_act",0.67,5.15707954918565
"AR 1.00 - 2x",10,"Rac_act",0.69,5.17807314131396
"AR 1.00 - 2x",10,"Rac_act",0.71,5.20539204766993
"AR 1.00 - 2x",10,"Rac_act",0.73,5.22767550615211
"AR 1.00 - 2x",10,"Rac_act",0.75,5.25063966675149
"AR 1.00 - 2x",10,"Rac_act",0.77,5.27046406537501
"AR 1.00 - 2x",10,"Rac_act",0.79,5.30265138426159
"AR 1.00 - 2x",10,"Rac_act",0.81,5.34828692702343
"AR 1.00 - 2x",10,"Rac_act",0.83,5.38699466650525
"AR 1.00 - 2x",10,"Rac_act",0.85,5.43307215812363
"AR 1.00 - 2x",10,"Rac_act",0.87,5.49125288063315
"AR 1.00 - 2x",10,"Rac_act",0.89,5.56009663988522
"AR 1.00 - 2x",10,"Rac_act",0.91,5.66458747963087
"AR 1.00 - 2x",10,"Rac_act",0.93,5.75959321934013
"AR 1.00 - 2x",10,"Rac_act",0.95,5.84554765068816
"AR 1.00 - 2x",10,"Rac_act",0.97,5.93868266587923
"AR 1.00 - 2x",10,"Rac_act",0.99,6.01166633765829
"AR 1.00 - 2x",10,"Rho_act",0.01,1.90220707155117
"AR 1.00 - 2x",10,"Rho_act",0.03,1.90016650915127
"AR 1.00 - 2x",10,"Rho_act",0.05,1.89816785549013
"AR 1.00 - 2x",10,"Rho_act",0.07,1.89708546065419
"AR 1.00 - 2x",10,"Rho_act",0.09,1.89682934826677
"AR 1.00 - 2x",10,"Rho_act",0.11,1.89354357680625
"AR 1.00 - 2x",10,"Rho_act",0.13,1.89655355081903
"AR 1.00 - 2x",10,"Rho_act",0.15,1.89167977854927
"AR 1.00 - 2x",10,"Rho_act",0.17,1.88674190812278
"AR 1.00 - 2x",10,"Rho_act",0.19,1.86885480522882
"AR 1.00 - 2x",10,"Rho_act",0.21,1.81930468599419
"AR 1.00 - 2x",10,"Rho_act",0.23,1.75970892779876
"AR 1.00 - 2x",10,"Rho_act",0.25,1.67568569066397
"AR 1.00 - 2x",10,"Rho_act",0.27,1.57666876716579
"AR 1.00 - 2x",10,"Rho_act",0.29,1.45962602259195
"AR 1.00 - 2x",10,"Rho_act",0.31,1.30403742020734
"AR 1.00 - 2x",10,"Rho_act",0.33,1.20533851676084
"AR 1.00 - 2x",10,"Rho_act",0.35,1.13323013798944
"AR 1.00 - 2x",10,"Rho_act",0.37,1.04874156898561
"AR 1.00 - 2x",10,"Rho_act",0.39,0.999022878809545
"AR 1.00 - 2x",10,"Rho_act",0.41,0.921083137411576
"AR 1.00 - 2x",10,"Rho_act",0.43,0.88995197916864
"AR 1.00 - 2x",10,"Rho_act",0.45,0.85274480101757
"AR 1.00 - 2x",10,"Rho_act",0.47,0.818036021394493
"AR 1.00 - 2x",10,"Rho_act",0.49,0.779404222677253
"AR 1.00 - 2x",10,"Rho_act",0.51,0.720540100226863
"AR 1.00 - 2x",10,"Rho_act",0.53,0.687118103989356
"AR 1.00 - 2x",10,"Rho_act",0.55,0.658314661598866
"AR 1.00 - 2x",10,"Rho_act",0.57,0.633067072515833
"AR 1.00 - 2x",10,"Rho_act",0.59,0.60694920515158
"AR 1.00 - 2x",10,"Rho_act",0.61,0.582436529804572
"AR 1.00 - 2x",10,"Rho_act",0.63,0.572159683235621
"AR 1.00 - 2x",10,"Rho_act",0.65,0.563044213901271
"AR 1.00 - 2x",10,"Rho_act",0.67,0.554962865926286
"AR 1.00 - 2x",10,"Rho_act",0.69,0.547462062199145
"AR 1.00 - 2x",10,"Rho_act",0.71,0.537879828944878
"AR 1.00 - 2x",10,"Rho_act",0.73,0.530551454382819
"AR 1.00 - 2x",10,"Rho_act",0.75,0.523228676849581
"AR 1.00 - 2x",10,"Rho_act",0.77,0.516433426746077
"AR 1.00 - 2x",10,"Rho_act",0.79,0.507903641740551
"AR 1.00 - 2x",10,"Rho_act",0.81,0.496303472731651
"AR 1.00 - 2x",10,"Rho_act",0.83,0.487104954406815
"AR 1.00 - 2x",10,"Rho_act",0.85,0.477145035702607
"AR 1.00 - 2x",10,"Rho_act",0.87,0.465784185230449
"AR 1.00 - 2x",10,"Rho_act",0.89,0.453505313367226
"AR 1.00 - 2x",10,"Rho_act",0.91,0.436268859890356
"AR 1.00 - 2x",10,"Rho_act",0.93,0.421950332113521
"AR 1.00 - 2x",10,"Rho_act",0.95,0.409506828921606
"AR 1.00 - 2x",10,"Rho_act",0.97,0.396642883977502
"AR 1.00 - 2x",10,"Rho_act",0.99,0.386669863767832
"AR 1.00 - 2x",20,"cdc42_act",0.01,0.237707626987304
"AR 1.00 - 2x",20,"cdc42_act",0.03,0.235548611412813
"AR 1.00 - 2x",20,"cdc42_act",0.05,0.232245074151997
"AR 1.00 - 2x",20,"cdc42_act",0.07,0.228066066394437
"AR 1.00 - 2x",20,"cdc42_act",0.09,0.222743996791978
"AR 1.00 - 2x",20,"cdc42_act",0.11,0.215747187938352
"AR 1.00 - 2x",20,"cdc42_act",0.13,0.20896807499909
"AR 1.00 - 2x",20,"cdc42_act",0.15,0.203163058150191
"AR 1.00 - 2x",20,"cdc42_act",0.17,0.197410967634512
"AR 1.00 - 2x",20,"cdc42_act",0.19,0.193196345244232
"AR 1.00 - 2x",20,"cdc42_act",0.21,0.191102390695109
"AR 1.00 - 2x",20,"cdc42_act",0.23,0.193848962224862
"AR 1.00 - 2x",20,"cdc42_act",0.25,0.248828020790891
"AR 1.00 - 2x",20,"cdc42_act",0.27,0.675899467860767
"AR 1.00 - 2x",20,"cdc42_act",0.29,1.06079349647329
"AR 1.00 - 2x",20,"cdc42_act",0.31,1.42716518435098
"AR 1.00 - 2x",20,"cdc42_act",0.33,1.6148472911438
"AR 1.00 - 2x",20,"cdc42_act",0.35,1.72772944711361
"AR 1.00 - 2x",20,"cdc42_act",0.37,1.83176677946665
"AR 1.00 - 2x",20,"cdc42_act",0.39,1.86380497598285
"AR 1.00 - 2x",20,"cdc42_act",0.41,1.90824911170834
"AR 1.00 - 2x",20,"cdc42_act",0.43,1.90309492119841
"AR 1.00 - 2x",20,"cdc42_act",0.45,1.90290007326152
"AR 1.00 - 2x",20,"cdc42_act",0.47,1.89712696872928
"AR 1.00 - 2x",20,"cdc42_act",0.49,1.88758917254957
"AR 1.00 - 2x",20,"cdc42_act",0.51,1.89390031559804
"AR 1.00 - 2x",20,"cdc42_act",0.53,1.89268550276246
"AR 1.00 - 2x",20,"cdc42_act",0.55,1.88902439647865
"AR 1.00 - 2x",20,"cdc42_act",0.57,1.88787892629272
"AR 1.00 - 2x",20,"cdc42_act",0.59,1.91646265560187
"AR 1.00 - 2x",20,"cdc42_act",0.61,2.04129727635767
"AR 1.00 - 2x",20,"cdc42_act",0.63,2.063767091345
"AR 1.00 - 2x",20,"cdc42_act",0.65,2.05307662966225
"AR 1.00 - 2x",20,"cdc42_act",0.67,2.03624528562762
"AR 1.00 - 2x",20,"cdc42_act",0.69,2.01804255166831
"AR 1.00 - 2x",20,"cdc42_act",0.71,1.99639336235886
"AR 1.00 - 2x",20,"cdc42_act",0.73,1.98502275651414
"AR 1.00 - 2x",20,"cdc42_act",0.75,1.97871220829291
"AR 1.00 - 2x",20,"cdc42_act",0.77,1.97493825454261
"AR 1.00 - 2x",20,"cdc42_act",0.79,1.9825336013974
"AR 1.00 - 2x",20,"cdc42_act",0.81,1.99893530627336
"AR 1.00 - 2x",20,"cdc42_act",0.83,2.01654120358862
"AR 1.00 - 2x",20,"cdc42_act",0.85,2.03875573025209
"AR 1.00 - 2x",20,"cdc42_act",0.87,2.06518402508839
"AR 1.00 - 2x",20,"cdc42_act",0.89,2.09306903657225
"AR 1.00 - 2x",20,"cdc42_act",0.91,2.12905182454392
"AR 1.00 - 2x",20,"cdc42_act",0.93,2.15502865071527
"AR 1.00 - 2x",20,"cdc42_act",0.95,2.17388840857942
"AR 1.00 - 2x",20,"cdc42_act",0.97,2.18999115460093
"AR 1.00 - 2x",20,"cdc42_act",0.99,2.19870382991915
"AR 1.00 - 2x",20,"Rac_act",0.01,0.815897942449621
"AR 1.00 - 2x",20,"Rac_act",0.03,0.805721698941568
"AR 1.00 - 2x",20,"Rac_act",0.05,0.790158542436906
"AR 1.00 - 2x",20,"Rac_act",0.07,0.770492185598567
"AR 1.00 - 2x",20,"Rac_act",0.09,0.745540321941837
"AR 1.00 - 2x",20,"Rac_act",0.11,0.713080411366239
"AR 1.00 - 2x",20,"Rac_act",0.13,0.681916267815605
"AR 1.00 - 2x",20,"Rac_act",0.15,0.656050802895398
"AR 1.00 - 2x",20,"Rac_act",0.17,0.631145721966355
"AR 1.00 - 2x",20,"Rac_act",0.19,0.614939220009792
"AR 1.00 - 2x",20,"Rac_act",0.21,0.614038873229944
"AR 1.00 - 2x",20,"Rac_act",0.23,0.642140923080297
"AR 1.00 - 2x",20,"Rac_act",0.25,0.902420873141262
"AR 1.00 - 2x",20,"Rac_act",0.27,2.25958419862603
"AR 1.00 - 2x",20,"Rac_act",0.29,3.78372984707193
"AR 1.00 - 2x",20,"Rac_act",0.31,5.31047433161364
"AR 1.00 - 2x",20,"Rac_act",0.33,6.0415385719941
"AR 1.00 - 2x",20,"Rac_act",0.35,6.40150871866285
"AR 1.00 - 2x",20,"Rac_act",0.37,6.6855891607592
"AR 1.00 - 2x",20,"Rac_act",0.39,6.68726264766944
"AR 1.00 - 2x",20,"Rac_act",0.41,6.69505184387617
"AR 1.00 - 2x",20,"Rac_act",0.43,6.57186542254158
"AR 1.00 - 2x",20,"Rac_act",0.45,6.47846422709859
"AR 1.00 - 2x",20,"Rac_act",0.47,6.37698712035296
"AR 1.00 - 2x",20,"Rac_act",0.49,6.27294734543913
"AR 1.00 - 2x",20,"Rac_act",0.51,6.20832233436361
"AR 1.00 - 2x",20,"Rac_act",0.53,6.14687407059581
"AR 1.00 - 2x",20,"Rac_act",0.55,6.08346912209534
"AR 1.00 - 2x",20,"Rac_act",0.57,6.03265886902115
"AR 1.00 - 2x",20,"Rac_act",0.59,6.08221596365211
"AR 1.00 - 2x",20,"Rac_act",0.61,6.37210028879894
"AR 1.00 - 2x",20,"Rac_act",0.63,6.43407008286262
"AR 1.00 - 2x",20,"Rac_act",0.65,6.39244993606706
"AR 1.00 - 2x",20,"Rac_act",0.67,6.32237913664477
"AR 1.00 - 2x",20,"Rac_act",0.69,6.24528999623554
"AR 1.00 - 2x",20,"Rac_act",0.71,6.15392859743986
"AR 1.00 - 2x",20,"Rac_act",0.73,6.10686288059733
"AR 1.00 - 2x",20,"Rac_act",0.75,6.08109393792368
"AR 1.00 - 2x",20,"Rac_act",0.77,6.06495428331726
"AR 1.00 - 2x",20,"Rac_act",0.79,6.09813425258619
"AR 1.00 - 2x",20,"Rac_act",0.81,6.16814383406595
"AR 1.00 - 2x",20,"Rac_act",0.83,6.24372219605813
"AR 1.00 - 2x",20,"Rac_act",0.85,6.34130119969087
"AR 1.00 - 2x",20,"Rac_act",0.87,6.46051747684372
"AR 1.00 - 2x",20,"Rac_act",0.89,6.59043417772984
"AR 1.00 - 2x",20,"Rac_act",0.91,6.7638814650996
"AR 1.00 - 2x",20,"Rac_act",0.93,6.89343928255524
"AR 1.00 - 2x",20,"Rac_act",0.95,6.99041289904465
"AR 1.00 - 2x",20,"Rac_act",0.97,7.07494130829862
"AR 1.00 - 2x",20,"Rac_act",0.99,7.12142775315261
"AR 1.00 - 2x",20,"Rho_act",0.01,2.15452565484361
"AR 1.00 - 2x",20,"Rho_act",0.03,2.15756642727105
"AR 1.00 - 2x",20,"Rho_act",0.05,2.16228848998722
"AR 1.00 - 2x",20,"Rho_act",0.07,2.16836980800099
"AR 1.00 - 2x",20,"Rho_act",0.09,2.17638217551677
"AR 1.00 - 2x",20,"Rho_act",0.11,2.1876536624143
"AR 1.00 - 2x",20,"Rho_act",0.13,2.19928908284738
"AR 1.00 - 2x",20,"Rho_act",0.15,2.21113628225497
"AR 1.00 - 2x",20,"Rho_act",0.17,2.22474158353643
"AR 1.00 - 2x",20,"Rho_act",0.19,2.24008992045116
"AR 1.00 - 2x",20,"Rho_act",0.21,2.26446039297198
"AR 1.00 - 2x",20,"Rho_act",0.23,2.28772258039532
"AR 1.00 - 2x",20,"Rho_act",0.25,2.26531995165232
"AR 1.00 - 2x",20,"Rho_act",0.27,1.84867894859028
"AR 1.00 - 2x",20,"Rho_act",0.29,1.55573244595115
"AR 1.00 - 2x",20,"Rho_act",0.31,1.30618213155015
"AR 1.00 - 2x",20,"Rho_act",0.33,1.17874372068591
"AR 1.00 - 2x",20,"Rho_act",0.35,1.08655457126555
"AR 1.00 - 2x",20,"Rho_act",0.37,0.991721964282934
"AR 1.00 - 2x",20,"Rho_act",0.39,0.947252760777079
"AR 1.00 - 2x",20,"Rho_act",0.41,0.875606920855997
"AR 1.00 - 2x",20,"Rho_act",0.43,0.851590902602888
"AR 1.00 - 2x",20,"Rho_act",0.45,0.822689276997397
"AR 1.00 - 2x",20,"Rho_act",0.47,0.79975428503964
"AR 1.00 - 2x",20,"Rho_act",0.49,0.78123423832667
"AR 1.00 - 2x",20,"Rho_act",0.51,0.739515646355086
"AR 1.00 - 2x",20,"Rho_act",0.53,0.715813226510634
"AR 1.00 - 2x",20,"Rho_act",0.55,0.697211663840409
"AR 1.00 - 2x",20,"Rho_act",0.57,0.677394813550493
"AR 1.00 - 2x",20,"Rho_act",0.59,0.624773078426056
"AR 1.00 - 2x",20,"Rho_act",0.61,0.447655713856009
"AR 1.00 - 2x",20,"Rho_act",0.63,0.426836542533291
"AR 1.00 - 2x",20,"Rho_act",0.65,0.433797541166113
"AR 1.00 - 2x",20,"Rho_act",0.67,0.443591893244555
"AR 1.00 - 2x",20,"Rho_act",0.69,0.453686627996164
"AR 1.00 - 2x",20,"Rho_act",0.71,0.46557036000014
"AR 1.00 - 2x",20,"Rho_act",0.73,0.472003457287327
"AR 1.00 - 2x",20,"Rho_act",0.75,0.475735569436279
"AR 1.00 - 2x",20,"Rho_act",0.77,0.477914513522986
"AR 1.00 - 2x",20,"Rho_act",0.79,0.474502703102778
"AR 1.00 - 2x",20,"Rho_act",0.81,0.466504578057544
"AR 1.00 - 2x",20,"Rho_act",0.83,0.457831397421749
"AR 1.00 - 2x",20,"Rho_act",0.85,0.447123222661981
"AR 1.00 - 2x",20,"Rho_act",0.87,0.4348007104942
"AR 1.00 - 2x",20,"Rho_act",0.89,0.422370058650141
"AR 1.00 - 2x",20,"Rho_act",0.91,0.40712864541547
"AR 1.00 - 2x",20,"Rho_act",0.93,0.396699164106078
"AR 1.00 - 2x",20,"Rho_act",0.95,0.389553103189707
"AR 1.00 - 2x",20,"Rho_act",0.97,0.383683244528976
"AR 1.00 - 2x",20,"Rho_act",0.99,0.380653975809172
"AR 1.00 - 2x",50,"cdc42_act",0.01,0.0655699799855767
"AR 1.00 - 2x",50,"cdc42_act",0.03,0.0656300647670713
"AR 1.00 - 2x",50,"cdc42_act",0.05,0.0657451878593013
"AR 1.00 - 2x",50,"cdc42_act",0.07,0.0659270609204358
"AR 1.00 - 2x",50,"cdc42_act",0.09,0.0662479309089689
"AR 1.00 - 2x",50,"cdc42_act",0.11,0.066934328267578
"AR 1.00 - 2x",50,"cdc42_act",0.13,0.0678278852536227
"AR 1.00 - 2x",50,"cdc42_act",0.15,0.0693121303233466
"AR 1.00 - 2x",50,"cdc42_act",0.17,0.0714826158795239
"AR 1.00 - 2x",50,"cdc42_act",0.19,0.0752588663835315
"AR 1.00 - 2x",50,"cdc42_act",0.21,0.0840667016092658
"AR 1.00 - 2x",50,"cdc42_act",0.23,0.0950510120190976
"AR 1.00 - 2x",50,"cdc42_act",0.25,0.126257088166554
"AR 1.00 - 2x",50,"cdc42_act",0.27,0.423412879476422
"AR 1.00 - 2x",50,"cdc42_act",0.29,0.939116441742075
"AR 1.00 - 2x",50,"cdc42_act",0.31,1.53305640120986
"AR 1.00 - 2x",50,"cdc42_act",0.33,1.91757523403687
"AR 1.00 - 2x",50,"cdc42_act",0.35,2.18099122848205
"AR 1.00 - 2x",50,"cdc42_act",0.37,2.39909741707322
"AR 1.00 - 2x",50,"cdc42_act",0.39,2.48421245142567
"AR 1.00 - 2x",50,"cdc42_act",0.41,2.55557205912061
"AR 1.00 - 2x",50,"cdc42_act",0.43,2.52802202141214
"AR 1.00 - 2x",50,"cdc42_act",0.45,2.48807005540958
"AR 1.00 - 2x",50,"cdc42_act",0.47,2.43667576531058
"AR 1.00 - 2x",50,"cdc42_act",0.49,2.37586671055226
"AR 1.00 - 2x",50,"cdc42_act",0.51,2.31415865310535
"AR 1.00 - 2x",50,"cdc42_act",0.53,2.2615954372284
"AR 1.00 - 2x",50,"cdc42_act",0.55,2.2082953992461
"AR 1.00 - 2x",50,"cdc42_act",0.57,2.15850583363291
"AR 1.00 - 2x",50,"cdc42_act",0.59,2.13131130548398
"AR 1.00 - 2x",50,"cdc42_act",0.61,2.16295737906733
"AR 1.00 - 2x",50,"cdc42_act",0.63,2.24684792482366
"AR 1.00 - 2x",50,"cdc42_act",0.65,2.45128568563694
"AR 1.00 - 2x",50,"cdc42_act",0.67,2.50798959569564
"AR 1.00 - 2x",50,"cdc42_act",0.69,2.50582548941907
"AR 1.00 - 2x",50,"cdc42_act",0.71,2.46660579123897
"AR 1.00 - 2x",50,"cdc42_act",0.73,2.42476918031803
"AR 1.00 - 2x",50,"cdc42_act",0.75,2.38494107216733
"AR 1.00 - 2x",50,"cdc42_act",0.77,2.34743069481598
"AR 1.00 - 2x",50,"cdc42_act",0.79,2.34264653135052
"AR 1.00 - 2x",50,"cdc42_act",0.81,2.34544323749932
"AR 1.00 - 2x",50,"cdc42_act",0.83,2.3583593107551
"AR 1.00 - 2x",50,"cdc42_act",0.85,2.38223970855807
"AR 1.00 - 2x",50,"cdc42_act",0.87,2.4178407095862
"AR 1.00 - 2x",50,"cdc42_act",0.89,2.46051260334525
"AR 1.00 - 2x",50,"cdc42_act",0.91,2.52049453380406
"AR 1.00 - 2x",50,"cdc42_act",0.93,2.56821699899595
"AR 1.00 - 2x",50,"cdc42_act",0.95,2.61059768732092
"AR 1.00 - 2x",50,"cdc42_act",0.97,2.65196609445436
"AR 1.00 - 2x",50,"cdc42_act",0.99,2.68117930832251
"AR 1.00 - 2x",50,"Rac_act",0.01,0.100641343999345
"AR 1.00 - 2x",50,"Rac_act",0.03,0.100756358187964
"AR 1.00 - 2x",50,"Rac_act",0.05,0.100981253479162
"AR 1.00 - 2x",50,"Rac_act",0.07,0.101343104638524
"AR 1.00 - 2x",50,"Rac_act",0.09,0.10199584691375
"AR 1.00 - 2x",50,"Rac_act",0.11,0.103426630080409
"AR 1.00 - 2x",50,"Rac_act",0.13,0.105320312931547
"AR 1.00 - 2x",50,"Rac_act",0.15,0.10854166137975
"AR 1.00 - 2x",50,"Rac_act",0.17,0.113360539552499
"AR 1.00 - 2x",50,"Rac_act",0.19,0.122118695232535
"AR 1.00 - 2x",50,"Rac_act",0.21,0.144264352230888
"AR 1.00 - 2x",50,"Rac_act",0.23,0.175638057669449
"AR 1.00 - 2x",50,"Rac_act",0.25,0.284590281187262
"AR 1.00 - 2x",50,"Rac_act",0.27,1.00096576404936
"AR 1.00 - 2x",50,"Rac_act",0.29,2.69335796364434
"AR 1.00 - 2x",50,"Rac_act",0.31,5.4163549844843
"AR 1.00 - 2x",50,"Rac_act",0.33,7.4223150566834
"AR 1.00 - 2x",50,"Rac_act",0.35,8.82853356805859
"AR 1.00 - 2x",50,"Rac_act",0.37,9.82807374297209
"AR 1.00 - 2x",50,"Rac_act",0.39,10.0253316742491
"AR 1.00 - 2x",50,"Rac_act",0.41,9.94324847104875
"AR 1.00 - 2x",50,"Rac_act",0.43,9.54065768931855
"AR 1.00 - 2x",50,"Rac_act",0.45,9.13376228582111
"AR 1.00 - 2x",50,"Rac_act",0.47,8.719958003882
"AR 1.00 - 2x",50,"Rac_act",0.49,8.3164698005075
"AR 1.00 - 2x",50,"Rac_act",0.51,7.89648377739643
"AR 1.00 - 2x",50,"Rac_act",0.53,7.57951737567865
"AR 1.00 - 2x",50,"Rac_act",0.55,7.2728326970073
"AR 1.00 - 2x",50,"Rac_act",0.57,6.9829451213453
"AR 1.00 - 2x",50,"Rac_act",0.59,6.76890759876107
"AR 1.00 - 2x",50,"Rac_act",0.61,6.70329393671724
"AR 1.00 - 2x",50,"Rac_act",0.63,6.81990762679014
"AR 1.00 - 2x",50,"Rac_act",0.65,7.29172172580568
"AR 1.00 - 2x",50,"Rac_act",0.67,7.54529146776456
"AR 1.00 - 2x",50,"Rac_act",0.69,7.62338135879786
"AR 1.00 - 2x",50,"Rac_act",0.71,7.53560298963831
"AR 1.00 - 2x",50,"Rac_act",0.73,7.37975639518564
"AR 1.00 - 2x",50,"Rac_act",0.75,7.18467966729915
"AR 1.00 - 2x",50,"Rac_act",0.77,6.96374638087054
"AR 1.00 - 2x",50,"Rac_act",0.79,6.89544730057449
"AR 1.00 - 2x",50,"Rac_act",0.81,6.87004917891548
"AR 1.00 - 2x",50,"Rac_act",0.83,6.93283996672882
"AR 1.00 - 2x",50,"Rac_act",0.85,7.07728048192959
"AR 1.00 - 2x",50,"Rac_act",0.87,7.29732657655308
"AR 1.00 - 2x",50,"Rac_act",0.89,7.56865664582177
"AR 1.00 - 2x",50,"Rac_act",0.91,7.96101080457394
"AR 1.00 - 2x",50,"Rac_act",0.93,8.26728716957589
"AR 1.00 - 2x",50,"Rac_act",0.95,8.54742809157499
"AR 1.00 - 2x",50,"Rac_act",0.97,8.81370073981989
"AR 1.00 - 2x",50,"Rac_act",0.99,8.99600742364154
"AR 1.00 - 2x",50,"Rho_act",0.01,2.39259624708068
"AR 1.00 - 2x",50,"Rho_act",0.03,2.3928907648085
"AR 1.00 - 2x",50,"Rho_act",0.05,2.39335928283443
"AR 1.00 - 2x",50,"Rho_act",0.07,2.39398017334683
"AR 1.00 - 2x",50,"Rho_act",0.09,2.39483707635115
"AR 1.00 - 2x",50,"Rho_act",0.11,2.39613578532025
"AR 1.00 - 2x",50,"Rho_act",0.13,2.39756530783857
"AR 1.00 - 2x",50,"Rho_act",0.15,2.39922854224609
"AR 1.00 - 2x",50,"Rho_act",0.17,2.4013393725184
"AR 1.00 - 2x",50,"Rho_act",0.19,2.4042785718956
"AR 1.00 - 2x",50,"Rho_act",0.21,2.41030182896377
"AR 1.00 - 2x",50,"Rho_act",0.23,2.41767698806479
"AR 1.00 - 2x",50,"Rho_act",0.25,2.42080635926273
"AR 1.00 - 2x",50,"Rho_act",0.27,2.10061456962013
"AR 1.00 - 2x",50,"Rho_act",0.29,1.70660211789212
"AR 1.00 - 2x",50,"Rho_act",0.31,1.42406533091399
"AR 1.00 - 2x",50,"Rho_act",0.33,1.27640881053228
"AR 1.00 - 2x",50,"Rho_act",0.35,1.19918105293052
"AR 1.00 - 2x",50,"Rho_act",0.37,1.12523354352941
"AR 1.00 - 2x",50,"Rho_act",0.39,1.08983852111076
"AR 1.00 - 2x",50,"Rho_act",0.41,1.02139653528444
"AR 1.00 - 2x",50,"Rho_act",0.43,0.994525256531751
"AR 1.00 - 2x",50,"Rho_act",0.45,0.971084681623665
"AR 1.00 - 2x",50,"Rho_act",0.47,0.949141320560964
"AR 1.00 - 2x",50,"Rho_act",0.49,0.928781799995837
"AR 1.00 - 2x",50,"Rho_act",0.51,0.893486706124669
"AR 1.00 - 2x",50,"Rho_act",0.53,0.871660397920398
"AR 1.00 - 2x",50,"Rho_act",0.55,0.853203325406718
"AR 1.00 - 2x",50,"Rho_act",0.57,0.834722810132631
"AR 1.00 - 2x",50,"Rho_act",0.59,0.801109487271312
"AR 1.00 - 2x",50,"Rho_act",0.61,0.700293161270223
"AR 1.00 - 2x",50,"Rho_act",0.63,0.55702811114115
"AR 1.00 - 2x",50,"Rho_act",0.65,0.301661387729136
"AR 1.00 - 2x",50,"Rho_act",0.67,0.269390361807078
"AR 1.00 - 2x",50,"Rho_act",0.69,0.283966766857181
"AR 1.00 - 2x",50,"Rho_act",0.71,0.315918275041639
"AR 1.00 - 2x",50,"Rho_act",0.73,0.340263454117834
"AR 1.00 - 2x",50,"Rho_act",0.75,0.353418238293488
"AR 1.00 - 2x",50,"Rho_act",0.77,0.355309443252674
"AR 1.00 - 2x",50,"Rho_act",0.79,0.342458517331542
"AR 1.00 - 2x",50,"Rho_act",0.81,0.322711338871183
"AR 1.00 - 2x",50,"Rho_act",0.83,0.307875368090085
"AR 1.00 - 2x",50,"Rho_act",0.85,0.294094554291557
"AR 1.00 - 2x",50,"Rho_act",0.87,0.280485210322931
"AR 1.00 - 2x",50,"Rho_act",0.89,0.268426938546091
"AR 1.00 - 2x",50,"Rho_act",0.91,0.254654261403306
"AR 1.00 - 2x",50,"Rho_act",0.93,0.245255314263038
"AR 1.00 - 2x",50,"Rho_act",0.95,0.237852370598867
"AR 1.00 - 2x",50,"Rho_act",0.97,0.230928176207668
"AR 1.00 - 2x",50,"Rho_act",0.99,0.226209355684178
"AR 1.00 - 2x",100,"cdc42_act",0.01,0.0502434534996156
"AR 1.00 - 2x",100,"cdc42_act",0.03,0.0504117764329564
"AR 1.00 - 2x",100,"cdc42_act",0.05,0.0506917034495747
"AR 1.00 - 2x",100,"cdc42_act",0.07,0.0510807726999323
"AR 1.00 - 2x",100,"cdc42_act",0.09,0.051660680738692
"AR 1.00 - 2x",100,"cdc42_act",0.11,0.0526593117794232
"AR 1.00 - 2x",100,"cdc42_act",0.13,0.0538458193221115
"AR 1.00 - 2x",100,"cdc42_act",0.15,0.0554897274469424
"AR 1.00 - 2x",100,"cdc42_act",0.17,0.0577469779752649
"AR 1.00 - 2x",100,"cdc42_act",0.19,0.0613128973746542
"AR 1.00 - 2x",100,"cdc42_act",0.21,0.0691594367652491
"AR 1.00 - 2x",100,"cdc42_act",0.23,0.0786313700287468
"AR 1.00 - 2x",100,"cdc42_act",0.25,0.0950584510132609
"AR 1.00 - 2x",100,"cdc42_act",0.27,0.137736452826693
"AR 1.00 - 2x",100,"cdc42_act",0.29,0.565910695336855
"AR 1.00 - 2x",100,"cdc42_act",0.31,1.24942691341216
"AR 1.00 - 2x",100,"cdc42_act",0.33,1.72261235957188
"AR 1.00 - 2x",100,"cdc42_act",0.35,2.11301045236032
"AR 1.00 - 2x",100,"cdc42_act",0.37,2.45782646048685
"AR 1.00 - 2x",100,"cdc42_act",0.39,2.66392397738392
"AR 1.00 - 2x",100,"cdc42_act",0.41,2.84983026785575
"AR 1.00 - 2x",100,"cdc42_act",0.43,2.87590486083595
"AR 1.00 - 2x",100,"cdc42_act",0.45,2.85296305503163
"AR 1.00 - 2x",100,"cdc42_act",0.47,2.79786118817997
"AR 1.00 - 2x",100,"cdc42_act",0.49,2.71823471234177
"AR 1.00 - 2x",100,"cdc42_act",0.51,2.62349449024363
"AR 1.00 - 2x",100,"cdc42_act",0.53,2.53669925010811
"AR 1.00 - 2x",100,"cdc42_act",0.55,2.44727466113393
"AR 1.00 - 2x",100,"cdc42_act",0.57,2.35396169595688
"AR 1.00 - 2x",100,"cdc42_act",0.59,2.27549872813113
"AR 1.00 - 2x",100,"cdc42_act",0.61,2.21653323216606
"AR 1.00 - 2x",100,"cdc42_act",0.63,2.17151359183584
"AR 1.00 - 2x",100,"cdc42_act",0.65,2.18132105731539
"AR 1.00 - 2x",100,"cdc42_act",0.67,2.24859383989635
"AR 1.00 - 2x",100,"cdc42_act",0.69,2.36455490854515
"AR 1.00 - 2x",100,"cdc42_act",0.71,2.43497182202546
"AR 1.00 - 2x",100,"cdc42_act",0.73,2.47783052175008
"AR 1.00 - 2x",100,"cdc42_act",0.75,2.49073083611548
"AR 1.00 - 2x",100,"cdc42_act",0.77,2.45804864304929
"AR 1.00 - 2x",100,"cdc42_act",0.79,2.43591029017952
"AR 1.00 - 2x",100,"cdc42_act",0.81,2.38942396301401
"AR 1.00 - 2x",100,"cdc42_act",0.83,2.38691338277409
"AR 1.00 - 2x",100,"cdc42_act",0.85,2.52685439161541
"AR 1.00 - 2x",100,"cdc42_act",0.87,2.72742388678927
"AR 1.00 - 2x",100,"cdc42_act",0.89,2.81941436817115
"AR 1.00 - 2x",100,"cdc42_act",0.91,2.93367352279891
"AR 1.00 - 2x",100,"cdc42_act",0.93,3.03146786672893
"AR 1.00 - 2x",100,"cdc42_act",0.95,3.14175968064877
"AR 1.00 - 2x",100,"cdc42_act",0.97,3.27727733624056
"AR 1.00 - 2x",100,"cdc42_act",0.99,3.41360234093673
"AR 1.00 - 2x",100,"Rac_act",0.01,0.0573040271360758
"AR 1.00 - 2x",100,"Rac_act",0.03,0.0575328434093089
"AR 1.00 - 2x",100,"Rac_act",0.05,0.057916241015515
"AR 1.00 - 2x",100,"Rac_act",0.07,0.058453468643763
"AR 1.00 - 2x",100,"Rac_act",0.09,0.0592649110244627
"AR 1.00 - 2x",100,"Rac_act",0.11,0.0606924661567663
"AR 1.00 - 2x",100,"Rac_act",0.13,0.0624155711000542
"AR 1.00 - 2x",100,"Rac_act",0.15,0.0648801656788024
"AR 1.00 - 2x",100,"Rac_act",0.17,0.0683453372491956
"AR 1.00 - 2x",100,"Rac_act",0.19,0.0740842019604939
"AR 1.00 - 2x",100,"Rac_act",0.21,0.0877054441344689
"AR 1.00 - 2x",100,"Rac_act",0.23,0.105973246206305
"AR 1.00 - 2x",100,"Rac_act",0.25,0.14546887434728
"AR 1.00 - 2x",100,"Rac_act",0.27,0.267839985845947
"AR 1.00 - 2x",100,"Rac_act",0.29,1.25434969944452
"AR 1.00 - 2x",100,"Rac_act",0.31,3.63623476190992
"AR 1.00 - 2x",100,"Rac_act",0.33,5.86764725576747
"AR 1.00 - 2x",100,"Rac_act",0.35,8.03596249431535
"AR 1.00 - 2x",100,"Rac_act",0.37,9.94759559838241
"AR 1.00 - 2x",100,"Rac_act",0.39,10.9739047297667
"AR 1.00 - 2x",100,"Rac_act",0.41,11.5853344084583
"AR 1.00 - 2x",100,"Rac_act",0.43,11.3718648802648
"AR 1.00 - 2x",100,"Rac_act",0.45,10.936452827528
"AR 1.00 - 2x",100,"Rac_act",0.47,10.3888378354953
"AR 1.00 - 2x",100,"Rac_act",0.49,9.79111533360585
"AR 1.00 - 2x",100,"Rac_act",0.51,9.11582075517222
"AR 1.00 - 2x",100,"Rac_act",0.53,8.6049562099081
"AR 1.00 - 2x",100,"Rac_act",0.55,8.10686953191828
"AR 1.00 - 2x",100,"Rac_act",0.57,7.61128867603737
"AR 1.00 - 2x",100,"Rac_act",0.59,7.15750927581658
"AR 1.00 - 2x",100,"Rac_act",0.61,6.67692784961081
"AR 1.00 - 2x",100,"Rac_act",0.63,6.30370149863451
"AR 1.00 - 2x",100,"Rac_act",0.65,6.15102301156919
"AR 1.00 - 2x",100,"Rac_act",0.67,6.32284285397337
"AR 1.00 - 2x",100,"Rac_act",0.69,6.86686547528023
"AR 1.00 - 2x",100,"Rac_act",0.71,7.53843832878383
"AR 1.00 - 2x",100,"Rac_act",0.73,7.93426439661886
"AR 1.00 - 2x",100,"Rac_act",0.75,8.08074339481229
"AR 1.00 - 2x",100,"Rac_act",0.77,7.92184579309273
"AR 1.00 - 2x",100,"Rac_act",0.79,7.70016616343195
"AR 1.00 - 2x",100,"Rac_act",0.81,7.24976886487295
"AR 1.00 - 2x",100,"Rac_act",0.83,6.96910873556964
"AR 1.00 - 2x",100,"Rac_act",0.85,7.03056435963223
"AR 1.00 - 2x",100,"Rac_act",0.87,7.39890826324792
"AR 1.00 - 2x",100,"Rac_act",0.89,7.80167366351526
"AR 1.00 - 2x",100,"Rac_act",0.91,8.43988412909814
"AR 1.00 - 2x",100,"Rac_act",0.93,9.01053330890666
"AR 1.00 - 2x",100,"Rac_act",0.95,9.66251617397051
"AR 1.00 - 2x",100,"Rac_act",0.97,10.4417431245118
"AR 1.00 - 2x",100,"Rac_act",0.99,11.217852431499
"AR 1.00 - 2x",100,"Rho_act",0.01,2.33264841940755
"AR 1.00 - 2x",100,"Rho_act",0.03,2.3324021977142
"AR 1.00 - 2x",100,"Rho_act",0.05,2.33201863645587
"AR 1.00 - 2x",100,"Rho_act",0.07,2.33152297794291
"AR 1.00 - 2x",100,"Rho_act",0.09,2.33087230584527
"AR 1.00 - 2x",100,"Rho_act",0.11,2.32999498031121
"AR 1.00 - 2x",100,"Rho_act",0.13,2.32911039102665
"AR 1.00 - 2x",100,"Rho_act",0.15,2.32836192634633
"AR 1.00 - 2x",100,"Rho_act",0.17,2.32762898706361
"AR 1.00 - 2x",100,"Rho_act",0.19,2.32723293800035
"AR 1.00 - 2x",100,"Rho_act",0.21,2.32767719379582
"AR 1.00 - 2x",100,"Rho_act",0.23,2.3293189831467
"AR 1.00 - 2x",100,"Rho_act",0.25,2.33359464461578
"AR 1.00 - 2x",100,"Rho_act",0.27,2.32458639233911
"AR 1.00 - 2x",100,"Rho_act",0.29,1.90569383226991
"AR 1.00 - 2x",100,"Rho_act",0.31,1.48707826210539
"AR 1.00 - 2x",100,"Rho_act",0.33,1.31031922840476
"AR 1.00 - 2x",100,"Rho_act",0.35,1.22067604540074
"AR 1.00 - 2x",100,"Rho_act",0.37,1.15507110385875
"AR 1.00 - 2x",100,"Rho_act",0.39,1.12485326030189
"AR 1.00 - 2x",100,"Rho_act",0.41,1.07966943352249
"AR 1.00 - 2x",100,"Rho_act",0.43,1.05999597785083
"AR 1.00 - 2x",100,"Rho_act",0.45,1.05172672931769
"AR 1.00 - 2x",100,"Rho_act",0.47,1.04452863484354
"AR 1.00 - 2x",100,"Rho_act",0.49,1.03766668034623
"AR 1.00 - 2x",100,"Rho_act",0.51,1.01612503482418
"AR 1.00 - 2x",100,"Rho_act",0.53,1.00558931633147
"AR 1.00 - 2x",100,"Rho_act",0.55,0.989860164628604
"AR 1.00 - 2x",100,"Rho_act",0.57,0.977814688310821
"AR 1.00 - 2x",100,"Rho_act",0.59,0.950424680478058
"AR 1.00 - 2x",100,"Rho_act",0.61,0.879296624336933
"AR 1.00 - 2x",100,"Rho_act",0.63,0.818602468443592
"AR 1.00 - 2x",100,"Rho_act",0.65,0.721462423984094
"AR 1.00 - 2x",100,"Rho_act",0.67,0.616669006297051
"AR 1.00 - 2x",100,"Rho_act",0.69,0.591198470322602
"AR 1.00 - 2x",100,"Rho_act",0.71,0.65780672568983
"AR 1.00 - 2x",100,"Rho_act",0.73,0.692963170404713
"AR 1.00 - 2x",100,"Rho_act",0.75,0.715513354125629
"AR 1.00 - 2x",100,"Rho_act",0.77,0.742844345034578
"AR 1.00 - 2x",100,"Rho_act",0.79,0.740633946712081
"AR 1.00 - 2x",100,"Rho_act",0.81,0.722288298724645
"AR 1.00 - 2x",100,"Rho_act",0.83,0.659170197873052
"AR 1.00 - 2x",100,"Rho_act",0.85,0.430303073775511
"AR 1.00 - 2x",100,"Rho_act",0.87,0.207864278389829
"AR 1.00 - 2x",100,"Rho_act",0.89,0.173251626113347
"AR 1.00 - 2x",100,"Rho_act",0.91,0.153617856992051
"AR 1.00 - 2x",100,"Rho_act",0.93,0.1436952351327
"AR 1.00 - 2x",100,"Rho_act",0.95,0.134493114306564
"AR 1.00 - 2x",100,"Rho_act",0.97,0.123539741631791
"AR 1.00 - 2x",100,"Rho_act",0.99,0.113422319222198
"AR 1.00 - 2x",150,"cdc42_act",0.01,0.0516766324518978
"AR 1.00 - 2x",150,"cdc42_act",0.03,0.051848171504792
"AR 1.00 - 2x",150,"cdc42_act",0.05,0.0521314899191837
"AR 1.00 - 2x",150,"cdc42_act",0.07,0.0525237888432229
"AR 1.00 - 2x",150,"cdc42_act",0.09,0.0531050321694776
"AR 1.00 - 2x",150,"cdc42_act",0.11,0.0540933751602922
"AR 1.00 - 2x",150,"cdc42_act",0.13,0.0552637263827107
"AR 1.00 - 2x",150,"cdc42_act",0.15,0.0568501317942443
"AR 1.00 - 2x",150,"cdc42_act",0.17,0.0590195176271805
"AR 1.00 - 2x",150,"cdc42_act",0.19,0.062397859517281
"AR 1.00 - 2x",150,"cdc42_act",0.21,0.0697353261972254
"AR 1.00 - 2x",150,"cdc42_act",0.23,0.07852329562935
"AR 1.00 - 2x",150,"cdc42_act",0.25,0.0930395349725223
"AR 1.00 - 2x",150,"cdc42_act",0.27,0.116620924382241
"AR 1.00 - 2x",150,"cdc42_act",0.29,0.367898088399472
"AR 1.00 - 2x",150,"cdc42_act",0.31,1.07696484540886
"AR 1.00 - 2x",150,"cdc42_act",0.33,1.55247794960449
"AR 1.00 - 2x",150,"cdc42_act",0.35,1.99054911054836
"AR 1.00 - 2x",150,"cdc42_act",0.37,2.40045004358439
"AR 1.00 - 2x",150,"cdc42_act",0.39,2.69483795350626
"AR 1.00 - 2x",150,"cdc42_act",0.41,2.9732212366868
"AR 1.00 - 2x",150,"cdc42_act",0.43,3.05502408614819
"AR 1.00 - 2x",150,"cdc42_act",0.45,3.07827607907523
"AR 1.00 - 2x",150,"cdc42_act",0.47,3.05141720658251
"AR 1.00 - 2x",150,"cdc42_act",0.49,2.97082408083586
"AR 1.00 - 2x",150,"cdc42_act",0.51,2.85746895589425
"AR 1.00 - 2x",150,"cdc42_act",0.53,2.74446066945109
"AR 1.00 - 2x",150,"cdc42_act",0.55,2.6051033701023
"AR 1.00 - 2x",150,"cdc42_act",0.57,2.45284888158641
"AR 1.00 - 2x",150,"cdc42_act",0.59,2.31049945599169
"AR 1.00 - 2x",150,"cdc42_act",0.61,2.15293421521538
"AR 1.00 - 2x",150,"cdc42_act",0.63,2.02989116546547
"AR 1.00 - 2x",150,"cdc42_act",0.65,1.89813384714993
"AR 1.00 - 2x",150,"cdc42_act",0.67,1.82738280532621
"AR 1.00 - 2x",150,"cdc42_act",0.69,2.09041406822413
"AR 1.00 - 2x",150,"cdc42_act",0.71,2.31755563617743
"AR 1.00 - 2x",150,"cdc42_act",0.73,2.44693216325499
"AR 1.00 - 2x",150,"cdc42_act",0.75,2.56004473128393
"AR 1.00 - 2x",150,"cdc42_act",0.77,2.60951101109189
"AR 1.00 - 2x",150,"cdc42_act",0.79,2.63040624347087
"AR 1.00 - 2x",150,"cdc42_act",0.81,2.59413234031816
"AR 1.00 - 2x",150,"cdc42_act",0.83,2.5247373572249
"AR 1.00 - 2x",150,"cdc42_act",0.85,2.48778038325894
"AR 1.00 - 2x",150,"cdc42_act",0.87,2.53038839147248
"AR 1.00 - 2x",150,"cdc42_act",0.89,2.8277230504572
"AR 1.00 - 2x",150,"cdc42_act",0.91,3.12669051910062
"AR 1.00 - 2x",150,"cdc42_act",0.93,3.30634137251602
"AR 1.00 - 2x",150,"cdc42_act",0.95,3.48331873801808
"AR 1.00 - 2x",150,"cdc42_act",0.97,3.6924675692746
"AR 1.00 - 2x",150,"cdc42_act",0.99,3.89732433286364
"AR 1.00 - 2x",150,"Rac_act",0.01,0.0503731025037871
"AR 1.00 - 2x",150,"Rac_act",0.03,0.0505830689896923
"AR 1.00 - 2x",150,"Rac_act",0.05,0.0509317028710301
"AR 1.00 - 2x",150,"Rac_act",0.07,0.0514169532144024
"AR 1.00 - 2x",150,"Rac_act",0.09,0.052142154978091
"AR 1.00 - 2x",150,"Rac_act",0.11,0.0533934241817117
"AR 1.00 - 2x",150,"Rac_act",0.13,0.054891967616356
"AR 1.00 - 2x",150,"Rac_act",0.15,0.0569746327285807
"AR 1.00 - 2x",150,"Rac_act",0.17,0.0598763997742032
"AR 1.00 - 2x",150,"Rac_act",0.19,0.0645782990025861
"AR 1.00 - 2x",150,"Rac_act",0.21,0.0754867153535328
"AR 1.00 - 2x",150,"Rac_act",0.23,0.0898037419775592
"AR 1.00 - 2x",150,"Rac_act",0.25,0.118019982209947
"AR 1.00 - 2x",150,"Rac_act",0.27,0.176048390747899
"AR 1.00 - 2x",150,"Rac_act",0.29,0.708803088402481
"AR 1.00 - 2x",150,"Rac_act",0.31,2.71659927010653
"AR 1.00 - 2x",150,"Rac_act",0.33,4.74161503269995
"AR 1.00 - 2x",150,"Rac_act",0.35,7.0007759634055
"AR 1.00 - 2x",150,"Rac_act",0.37,9.22466394968536
"AR 1.00 - 2x",150,"Rac_act",0.39,10.772630058464
"AR 1.00 - 2x",150,"Rac_act",0.41,12.0374415701158
"AR 1.00 - 2x",150,"Rac_act",0.43,12.2012953129315
"AR 1.00 - 2x",150,"Rac_act",0.45,12.0125469068543
"AR 1.00 - 2x",150,"Rac_act",0.47,11.5994625068783
"AR 1.00 - 2x",150,"Rac_act",0.49,11.0152077254694
"AR 1.00 - 2x",150,"Rac_act",0.51,10.2612948784025
"AR 1.00 - 2x",150,"Rac_act",0.53,9.61785931729884
"AR 1.00 - 2x",150,"Rac_act",0.55,8.89764542378594
"AR 1.00 - 2x",150,"Rac_act",0.57,8.12027448710551
"AR 1.00 - 2x",150,"Rac_act",0.59,7.32613338041868
"AR 1.00 - 2x",150,"Rac_act",0.61,6.34392050274951
"AR 1.00 - 2x",150,"Rac_act",0.63,5.60185791124201
"AR 1.00 - 2x",150,"Rac_act",0.65,5.04309932542373
"AR 1.00 - 2x",150,"Rac_act",0.67,4.86183241939263
"AR 1.00 - 2x",150,"Rac_act",0.69,5.5654812526572
"AR 1.00 - 2x",150,"Rac_act",0.71,6.72063869949758
"AR 1.00 - 2x",150,"Rac_act",0.73,7.57986673549428
"AR 1.00 - 2x",150,"Rac_act",0.75,8.25883566848399
"AR 1.00 - 2x",150,"Rac_act",0.77,8.57604560967603
"AR 1.00 - 2x",150,"Rac_act",0.79,8.61175750152522
"AR 1.00 - 2x",150,"Rac_act",0.81,8.22498968244381
"AR 1.00 - 2x",150,"Rac_act",0.83,7.71683513264227
"AR 1.00 - 2x",150,"Rac_act",0.85,7.24725469270007
"AR 1.00 - 2x",150,"Rac_act",0.87,7.02802428939782
"AR 1.00 - 2x",150,"Rac_act",0.89,7.44675691147855
"AR 1.00 - 2x",150,"Rac_act",0.91,8.37897770460793
"AR 1.00 - 2x",150,"Rac_act",0.93,9.34470825059626
"AR 1.00 - 2x",150,"Rac_act",0.95,10.4827160485467
"AR 1.00 - 2x",150,"Rac_act",0.97,11.8613705930152
"AR 1.00 - 2x",150,"Rac_act",0.99,13.2306948770226
"AR 1.00 - 2x",150,"Rho_act",0.01,2.24175794150055
"AR 1.00 - 2x",150,"Rho_act",0.03,2.24164740128236
"AR 1.00 - 2x",150,"Rho_act",0.05,2.24147862038159
"AR 1.00 - 2x",150,"Rho_act",0.07,2.24126221212774
"AR 1.00 - 2x",150,"Rho_act",0.09,2.24098234708008
"AR 1.00 - 2x",150,"Rho_act",0.11,2.2406223036424
"AR 1.00 - 2x",150,"Rho_act",0.13,2.24027019886203
"AR 1.00 - 2x",150,"Rho_act",0.15,2.24003787570143
"AR 1.00 - 2x",150,"Rho_act",0.17,2.23985461290126
"AR 1.00 - 2x",150,"Rho_act",0.19,2.2399451242736
"AR 1.00 - 2x",150,"Rho_act",0.21,2.24082860959039
"AR 1.00 - 2x",150,"Rho_act",0.23,2.24246952380485
"AR 1.00 - 2x",150,"Rho_act",0.25,2.24615233126034
"AR 1.00 - 2x",150,"Rho_act",0.27,2.25146895936599
"AR 1.00 - 2x",150,"Rho_act",0.29,2.02147571807058
"AR 1.00 - 2x",150,"Rho_act",0.31,1.50557175797096
"AR 1.00 - 2x",150,"Rho_act",0.33,1.32861818570555
"AR 1.00 - 2x",150,"Rho_act",0.35,1.21892769013274
"AR 1.00 - 2x",150,"Rho_act",0.37,1.14378457769031
"AR 1.00 - 2x",150,"Rho_act",0.39,1.09408259408614
"AR 1.00 - 2x",150,"Rho_act",0.41,1.06123783906764
"AR 1.00 - 2x",150,"Rho_act",0.43,1.05132489210719
"AR 1.00 - 2x",150,"Rho_act",0.45,1.04469944274221
"AR 1.00 - 2x",150,"Rho_act",0.47,1.0417077597905
"AR 1.00 - 2x",150,"Rho_act",0.49,1.04927820654979
"AR 1.00 - 2x",150,"Rho_act",0.51,1.04467302371482
"AR 1.00 - 2x",150,"Rho_act",0.53,1.03844537005151
"AR 1.00 - 2x",150,"Rho_act",0.55,1.03753423773076
"AR 1.00 - 2x",150,"Rho_act",0.57,1.03810759560647
"AR 1.00 - 2x",150,"Rho_act",0.59,1.01635860858129
"AR 1.00 - 2x",150,"Rho_act",0.61,0.962314158714533
"AR 1.00 - 2x",150,"Rho_act",0.63,0.917766893421829
"AR 1.00 - 2x",150,"Rho_act",0.65,0.930862206807576
"AR 1.00 - 2x",150,"Rho_act",0.67,0.968226013924309
"AR 1.00 - 2x",150,"Rho_act",0.69,0.737785457833642
"AR 1.00 - 2x",150,"Rho_act",0.71,0.721902209804915
"AR 1.00 - 2x",150,"Rho_act",0.73,0.762975242262919
"AR 1.00 - 2x",150,"Rho_act",0.75,0.775240240671663
"AR 1.00 - 2x",150,"Rho_act",0.77,0.800115024994032
"AR 1.00 - 2x",150,"Rho_act",0.79,0.811607126105596
"AR 1.00 - 2x",150,"Rho_act",0.81,0.824774592409656
"AR 1.00 - 2x",150,"Rho_act",0.83,0.839198521806019
"AR 1.00 - 2x",150,"Rho_act",0.85,0.798077488000507
"AR 1.00 - 2x",150,"Rho_act",0.87,0.687731310319683
"AR 1.00 - 2x",150,"Rho_act",0.89,0.329923715555962
"AR 1.00 - 2x",150,"Rho_act",0.91,0.134598991683482
"AR 1.00 - 2x",150,"Rho_act",0.93,0.111302699704751
"AR 1.00 - 2x",150,"Rho_act",0.95,0.0997128653561232
"AR 1.00 - 2x",150,"Rho_act",0.97,0.0894338917695952
"AR 1.00 - 2x",150,"Rho_act",0.99,0.0809109482268934
"AR 1.00 - 2x",200,"cdc42_act",0.01,0.0526059447295189
"AR 1.00 - 2x",200,"cdc42_act",0.03,0.0527775610502718
"AR 1.00 - 2x",200,"cdc42_act",0.05,0.0530618352828917
"AR 1.00 - 2x",200,"cdc42_act",0.07,0.053454501002441
"AR 1.00 - 2x",200,"cdc42_act",0.09,0.0540340217356865
"AR 1.00 - 2x",200,"cdc42_act",0.11,0.0550141364345589
"AR 1.00 - 2x",200,"cdc42_act",0.13,0.056172105380676
"AR 1.00 - 2x",200,"cdc42_act",0.15,0.0577406360322437
"AR 1.00 - 2x",200,"cdc42_act",0.17,0.0598730833394268
"AR 1.00 - 2x",200,"cdc42_act",0.19,0.0631692608354277
"AR 1.00 - 2x",200,"cdc42_act",0.21,0.070300663347091
"AR 1.00 - 2x",200,"cdc42_act",0.23,0.0788178088041825
"AR 1.00 - 2x",200,"cdc42_act",0.25,0.0928390024527019
"AR 1.00 - 2x",200,"cdc42_act",0.27,0.115120156832004
"AR 1.00 - 2x",200,"cdc42_act",0.29,0.310230579448398
"AR 1.00 - 2x",200,"cdc42_act",0.31,0.978345876487419
"AR 1.00 - 2x",200,"cdc42_act",0.33,1.45657063645598
"AR 1.00 - 2x",200,"cdc42_act",0.35,1.89356984946241
"AR 1.00 - 2x",200,"cdc42_act",0.37,2.34126609274409
"AR 1.00 - 2x",200,"cdc42_act",0.39,2.67532673711746
"AR 1.00 - 2x",200,"cdc42_act",0.41,3.03336147045366
"AR 1.00 - 2x",200,"cdc42_act",0.43,3.16518000600625
"AR 1.00 - 2x",200,"cdc42_act",0.45,3.22704236401529
"AR 1.00 - 2x",200,"cdc42_act",0.47,3.23311409809197
"AR 1.00 - 2x",200,"cdc42_act",0.49,3.16206929522593
"AR 1.00 - 2x",200,"cdc42_act",0.51,3.04432126287447
"AR 1.00 - 2x",200,"cdc42_act",0.53,2.89454084240307
"AR 1.00 - 2x",200,"cdc42_act",0.55,2.72339930113114
"AR 1.00 - 2x",200,"cdc42_act",0.57,2.52156621787522
"AR 1.00 - 2x",200,"cdc42_act",0.59,2.32044548208735
"AR 1.00 - 2x",200,"cdc42_act",0.61,2.08020491438668
"AR 1.00 - 2x",200,"cdc42_act",0.63,1.89488720906981
"AR 1.00 - 2x",200,"cdc42_act",0.65,1.71931589921165
"AR 1.00 - 2x",200,"cdc42_act",0.67,1.56852297270082
"AR 1.00 - 2x",200,"cdc42_act",0.69,1.77937031059728
"AR 1.00 - 2x",200,"cdc42_act",0.71,2.13532849911387
"AR 1.00 - 2x",200,"cdc42_act",0.73,2.33730473208854
"AR 1.00 - 2x",200,"cdc42_act",0.75,2.53484764895654
"AR 1.00 - 2x",200,"cdc42_act",0.77,2.6739152400246
"AR 1.00 - 2x",200,"cdc42_act",0.79,2.76833929984353
"AR 1.00 - 2x",200,"cdc42_act",0.81,2.79823216581062
"AR 1.00 - 2x",200,"cdc42_act",0.83,2.75562949007539
"AR 1.00 - 2x",200,"cdc42_act",0.85,2.71860805106836
"AR 1.00 - 2x",200,"cdc42_act",0.87,2.70385888692098
"AR 1.00 - 2x",200,"cdc42_act",0.89,2.81804351971525
"AR 1.00 - 2x",200,"cdc42_act",0.91,3.22387847193895
"AR 1.00 - 2x",200,"cdc42_act",0.93,3.40290223141059
"AR 1.00 - 2x",200,"cdc42_act",0.95,3.5269688815754
"AR 1.00 - 2x",200,"cdc42_act",0.97,3.67310016677867
"AR 1.00 - 2x",200,"cdc42_act",0.99,3.82267822542352
"AR 1.00 - 2x",200,"Rac_act",0.01,0.0469464481351052
"AR 1.00 - 2x",200,"Rac_act",0.03,0.047143092720432
"AR 1.00 - 2x",200,"Rac_act",0.05,0.0474698964143725
"AR 1.00 - 2x",200,"Rac_act",0.07,0.0479234237527829
"AR 1.00 - 2x",200,"Rac_act",0.09,0.0485980091044845
"AR 1.00 - 2x",200,"Rac_act",0.11,0.0497530249259181
"AR 1.00 - 2x",200,"Rac_act",0.13,0.0511322403540717
"AR 1.00 - 2x",200,"Rac_act",0.15,0.0530379316598139
"AR 1.00 - 2x",200,"Rac_act",0.17,0.0556762548616787
"AR 1.00 - 2x",200,"Rac_act",0.19,0.0599061464668364
"AR 1.00 - 2x",200,"Rac_act",0.21,0.0696342083073813
"AR 1.00 - 2x",200,"Rac_act",0.23,0.0822939710704623
"AR 1.00 - 2x",200,"Rac_act",0.25,0.106873942700839
"AR 1.00 - 2x",200,"Rac_act",0.27,0.155441869258446
"AR 1.00 - 2x",200,"Rac_act",0.29,0.53948359838662
"AR 1.00 - 2x",200,"Rac_act",0.31,2.22425136485994
"AR 1.00 - 2x",200,"Rac_act",0.33,4.04781949472559
"AR 1.00 - 2x",200,"Rac_act",0.35,6.21455488440994
"AR 1.00 - 2x",200,"Rac_act",0.37,8.53652439847532
"AR 1.00 - 2x",200,"Rac_act",0.39,10.3703407450485
"AR 1.00 - 2x",200,"Rac_act",0.41,12.1429121650173
"AR 1.00 - 2x",200,"Rac_act",0.43,12.6572863075558
"AR 1.00 - 2x",200,"Rac_act",0.45,12.7341109853885
"AR 1.00 - 2x",200,"Rac_act",0.47,12.5139397340645
"AR 1.00 - 2x",200,"Rac_act",0.49,12.0086158150783
"AR 1.00 - 2x",200,"Rac_act",0.51,11.2333281678924
"AR 1.00 - 2x",200,"Rac_act",0.53,10.4563479949623
"AR 1.00 - 2x",200,"Rac_act",0.55,9.54972847850169
"AR 1.00 - 2x",200,"Rac_act",0.57,8.52766360447073
"AR 1.00 - 2x",200,"Rac_act",0.59,7.44213933943389
"AR 1.00 - 2x",200,"Rac_act",0.61,6.0410979954601
"AR 1.00 - 2x",200,"Rac_act",0.63,4.98834947693548
"AR 1.00 - 2x",200,"Rac_act",0.65,4.16221827704678
"AR 1.00 - 2x",200,"Rac_act",0.67,3.71296241427372
"AR 1.00 - 2x",200,"Rac_act",0.69,4.26790337178917
"AR 1.00 - 2x",200,"Rac_act",0.71,5.694016203848
"AR 1.00 - 2x",200,"Rac_act",0.73,6.86964736002321
"AR 1.00 - 2x",200,"Rac_act",0.75,7.96686979297641
"AR 1.00 - 2x",200,"Rac_act",0.77,8.74972703736639
"AR 1.00 - 2x",200,"Rac_act",0.79,9.16587553842304
"AR 1.00 - 2x",200,"Rac_act",0.81,9.14118200376964
"AR 1.00 - 2x",200,"Rac_act",0.83,8.75493756215734
"AR 1.00 - 2x",200,"Rac_act",0.85,8.26650148422971
"AR 1.00 - 2x",200,"Rac_act",0.87,7.87413518860695
"AR 1.00 - 2x",200,"Rac_act",0.89,7.83348775424813
"AR 1.00 - 2x",200,"Rac_act",0.91,8.58344638597385
"AR 1.00 - 2x",200,"Rac_act",0.93,9.45244318734338
"AR 1.00 - 2x",200,"Rac_act",0.95,10.4006968235958
"AR 1.00 - 2x",200,"Rac_act",0.97,11.5909776122072
"AR 1.00 - 2x",200,"Rac_act",0.99,12.8076866459256
"AR 1.00 - 2x",200,"Rho_act",0.01,2.19646230631749
"AR 1.00 - 2x",200,"Rho_act",0.03,2.19640969226189
"AR 1.00 - 2x",200,"Rho_act",0.05,2.19632794288666
"AR 1.00 - 2x",200,"Rho_act",0.07,2.19622601953763
"AR 1.00 - 2x",200,"Rho_act",0.09,2.19610145937656
"AR 1.00 - 2x",200,"Rho_act",0.11,2.19595985763984
"AR 1.00 - 2x",200,"Rho_act",0.13,2.19583810887443
"AR 1.00 - 2x",200,"Rho_act",0.15,2.19579675625468
"AR 1.00 - 2x",200,"Rho_act",0.17,2.19583686161966
"AR 1.00 - 2x",200,"Rho_act",0.19,2.19613252994578
"AR 1.00 - 2x",200,"Rho_act",0.21,2.19717761624816
"AR 1.00 - 2x",200,"Rho_act",0.23,2.19879545008027
"AR 1.00 - 2x",200,"Rho_act",0.25,2.20211360341096
"AR 1.00 - 2x",200,"Rho_act",0.27,2.20665874789792
"AR 1.00 - 2x",200,"Rho_act",0.29,2.03040386431667
"AR 1.00 - 2x",200,"Rho_act",0.31,1.51486257084407
"AR 1.00 - 2x",200,"Rho_act",0.33,1.31718712748327
"AR 1.00 - 2x",200,"Rho_act",0.35,1.2206602622387
"AR 1.00 - 2x",200,"Rho_act",0.37,1.1271228677249
"AR 1.00 - 2x",200,"Rho_act",0.39,1.08559087338399
"AR 1.00 - 2x",200,"Rho_act",0.41,1.04306688548403
"AR 1.00 - 2x",200,"Rho_act",0.43,1.03563926218001
"AR 1.00 - 2x",200,"Rho_act",0.45,1.03620995549209
"AR 1.00 - 2x",200,"Rho_act",0.47,1.02925904587866
"AR 1.00 - 2x",200,"Rho_act",0.49,1.04561714170269
"AR 1.00 - 2x",200,"Rho_act",0.51,1.04501173277025
"AR 1.00 - 2x",200,"Rho_act",0.53,1.06421220485484
"AR 1.00 - 2x",200,"Rho_act",0.55,1.06430996643832
"AR 1.00 - 2x",200,"Rho_act",0.57,1.07683402577797
"AR 1.00 - 2x",200,"Rho_act",0.59,1.06931470260569
"AR 1.00 - 2x",200,"Rho_act",0.61,1.03113453714117
"AR 1.00 - 2x",200,"Rho_act",0.63,0.996815426689977
"AR 1.00 - 2x",200,"Rho_act",0.65,0.992193872967599
"AR 1.00 - 2x",200,"Rho_act",0.67,1.068626285158
"AR 1.00 - 2x",200,"Rho_act",0.69,0.893413846625059
"AR 1.00 - 2x",200,"Rho_act",0.71,0.77083915917918
"AR 1.00 - 2x",200,"Rho_act",0.73,0.805907925915297
"AR 1.00 - 2x",200,"Rho_act",0.75,0.812004190168089
"AR 1.00 - 2x",200,"Rho_act",0.77,0.827665175940448
"AR 1.00 - 2x",200,"Rho_act",0.79,0.834038913255952
"AR 1.00 - 2x",200,"Rho_act",0.81,0.854440272509792
"AR 1.00 - 2x",200,"Rho_act",0.83,0.872986426515805
"AR 1.00 - 2x",200,"Rho_act",0.85,0.84088028723282
"AR 1.00 - 2x",200,"Rho_act",0.87,0.789299565265208
"AR 1.00 - 2x",200,"Rho_act",0.89,0.604569385767356
"AR 1.00 - 2x",200,"Rho_act",0.91,0.163231258571696
"AR 1.00 - 2x",200,"Rho_act",0.93,0.110173174956622
"AR 1.00 - 2x",200,"Rho_act",0.95,0.0965495463479351
"AR 1.00 - 2x",200,"Rho_act",0.97,0.0882260491162868
"AR 1.00 - 2x",200,"Rho_act",0.99,0.0825678746955199
"AR 1.29 - 0.5x",10,"cdc42_act",0.01,0.284550277985224
"AR 1.29 - 0.5x",10,"cdc42_act",0.03,0.289354787024354
"AR 1.29 - 0.5x",10,"cdc42_act",0.05,0.294592872526708
"AR 1.29 - 0.5x",10,"cdc42_act",0.07,0.299594792903197
"AR 1.29 - 0.5x",10,"cdc42_act",0.09,0.304670643181548
"AR 1.29 - 0.5x",10,"cdc42_act",0.11,0.311154984229447
"AR 1.29 - 0.5x",10,"cdc42_act",0.13,0.315485128370584
"AR 1.29 - 0.5x",10,"cdc42_act",0.15,0.320213023557562
"AR 1.29 - 0.5x",10,"cdc42_act",0.17,0.324578863209167
"AR 1.29 - 0.5x",10,"cdc42_act",0.19,0.329653053168849
"AR 1.29 - 0.5x",10,"cdc42_act",0.21,0.337692365802052
"AR 1.29 - 0.5x",10,"cdc42_act",0.23,0.344864158285924
"AR 1.29 - 0.5x",10,"cdc42_act",0.25,0.354454629057421
"AR 1.29 - 0.5x",10,"cdc42_act",0.27,0.367903975533701
"AR 1.29 - 0.5x",10,"cdc42_act",0.29,0.392184512849903
"AR 1.29 - 0.5x",10,"cdc42_act",0.31,0.452435552379309
"AR 1.29 - 0.5x",10,"cdc42_act",0.33,0.53328247771296
"AR 1.29 - 0.5x",10,"cdc42_act",0.35,0.666721863685538
"AR 1.29 - 0.5x",10,"cdc42_act",0.37,0.835410231544559
"AR 1.29 - 0.5x",10,"cdc42_act",0.39,0.991387451097563
"AR 1.29 - 0.5x",10,"cdc42_act",0.41,1.17873794466565
"AR 1.29 - 0.5x",10,"cdc42_act",0.43,1.28329371936967
"AR 1.29 - 0.5x",10,"cdc42_act",0.45,1.37743709694617
"AR 1.29 - 0.5x",10,"cdc42_act",0.47,1.45974610778472
"AR 1.29 - 0.5x",10,"cdc42_act",0.49,1.53483773473795
"AR 1.29 - 0.5x",10,"cdc42_act",0.51,1.64343023210566
"AR 1.29 - 0.5x",10,"cdc42_act",0.53,1.72027827312821
"AR 1.29 - 0.5x",10,"cdc42_act",0.55,1.79248214883416
"AR 1.29 - 0.5x",10,"cdc42_act",0.57,1.85459382741583
"AR 1.29 - 0.5x",10,"cdc42_act",0.59,1.90113371778009
"AR 1.29 - 0.5x",10,"cdc42_act",0.61,1.94571129319255
"AR 1.29 - 0.5x",10,"cdc42_act",0.63,1.96892916011633
"AR 1.29 - 0.5x",10,"cdc42_act",0.65,1.98865648459802
"AR 1.29 - 0.5x",10,"cdc42_act",0.67,2.00680573744374
"AR 1.29 - 0.5x",10,"cdc42_act",0.69,2.02427745200671
"AR 1.29 - 0.5x",10,"cdc42_act",0.71,2.04769474368688
"AR 1.29 - 0.5x",10,"cdc42_act",0.73,2.06613583921968
"AR 1.29 - 0.5x",10,"cdc42_act",0.75,2.08534717096653
"AR 1.29 - 0.5x",10,"cdc42_act",0.77,2.10469426303449
"AR 1.29 - 0.5x",10,"cdc42_act",0.79,2.12667541299699
"AR 1.29 - 0.5x",10,"cdc42_act",0.81,2.15742075336797
"AR 1.29 - 0.5x",10,"cdc42_act",0.83,2.18161445815859
"AR 1.29 - 0.5x",10,"cdc42_act",0.85,2.20693857323339
"AR 1.29 - 0.5x",10,"cdc42_act",0.87,2.2340586030829
"AR 1.29 - 0.5x",10,"cdc42_act",0.89,2.26181880242635
"AR 1.29 - 0.5x",10,"cdc42_act",0.91,2.29936175271968
"AR 1.29 - 0.5x",10,"cdc42_act",0.93,2.3285586163836
"AR 1.29 - 0.5x",10,"cdc42_act",0.95,2.35460268133041
"AR 1.29 - 0.5x",10,"cdc42_act",0.97,2.38113686293817
"AR 1.29 - 0.5x",10,"cdc42_act",0.99,2.40224282738179
"AR 1.29 - 0.5x",10,"Rac_act",0.01,1.12927054832263
"AR 1.29 - 0.5x",10,"Rac_act",0.03,1.14728193201309
"AR 1.29 - 0.5x",10,"Rac_act",0.05,1.16836900044288
"AR 1.29 - 0.5x",10,"Rac_act",0.07,1.19002448986068
"AR 1.29 - 0.5x",10,"Rac_act",0.09,1.2133466289772
"AR 1.29 - 0.5x",10,"Rac_act",0.11,1.24438385063834
"AR 1.29 - 0.5x",10,"Rac_act",0.13,1.26748570642303
"AR 1.29 - 0.5x",10,"Rac_act",0.15,1.29292499277743
"AR 1.29 - 0.5x",10,"Rac_act",0.17,1.3180548793016
"AR 1.29 - 0.5x",10,"Rac_act",0.19,1.34766375842799
"AR 1.29 - 0.5x",10,"Rac_act",0.21,1.39464179300594
"AR 1.29 - 0.5x",10,"Rac_act",0.23,1.43577830684617
"AR 1.29 - 0.5x",10,"Rac_act",0.25,1.48695755878344
"AR 1.29 - 0.5x",10,"Rac_act",0.27,1.55228123621955
"AR 1.29 - 0.5x",10,"Rac_act",0.29,1.65469608100998
"AR 1.29 - 0.5x",10,"Rac_act",0.31,1.86777407741541
"AR 1.29 - 0.5x",10,"Rac_act",0.33,2.10421262295447
"AR 1.29 - 0.5x",10,"Rac_act",0.35,2.43102812908496
"AR 1.29 - 0.5x",10,"Rac_act",0.37,2.82989758858274
"AR 1.29 - 0.5x",10,"Rac_act",0.39,3.20230730997848
"AR 1.29 - 0.5x",10,"Rac_act",0.41,3.66940591713827
"AR 1.29 - 0.5x",10,"Rac_act",0.43,3.93301636467499
"AR 1.29 - 0.5x",10,"Rac_act",0.45,4.16957431343245
"AR 1.29 - 0.5x",10,"Rac_act",0.47,4.3727587801771
"AR 1.29 - 0.5x",10,"Rac_act",0.49,4.55230153107789
"AR 1.29 - 0.5x",10,"Rac_act",0.51,4.80018338260474
"AR 1.29 - 0.5x",10,"Rac_act",0.53,4.96511973718037
"AR 1.29 - 0.5x",10,"Rac_act",0.55,5.11032031552869
"AR 1.29 - 0.5x",10,"Rac_act",0.57,5.23456883903099
"AR 1.29 - 0.5x",10,"Rac_act",0.59,5.33618419897076
"AR 1.29 - 0.5x",10,"Rac_act",0.61,5.44265539419211
"AR 1.29 - 0.5x",10,"Rac_act",0.63,5.49733122996854
"AR 1.29 - 0.5x",10,"Rac_act",0.65,5.5431008310192
"AR 1.29 - 0.5x",10,"Rac_act",0.67,5.58423253217526
"AR 1.29 - 0.5x",10,"Rac_act",0.69,5.62348539720309
"AR 1.29 - 0.5x",10,"Rac_act",0.71,5.67659284471881
"AR 1.29 - 0.5x",10,"Rac_act",0.73,5.71981727281994
"AR 1.29 - 0.5x",10,"Rac_act",0.75,5.76606667169499
"AR 1.29 - 0.5x",10,"Rac_act",0.77,5.81270182821248
"AR 1.29 - 0.5x",10,"Rac_act",0.79,5.87032212661066
"AR 1.29 - 0.5x",10,"Rac_act",0.81,5.95301453402519
"AR 1.29 - 0.5x",10,"Rac_act",0.83,6.01998641235623
"AR 1.29 - 0.5x",10,"Rac_act",0.85,6.09251449784712
"AR 1.29 - 0.5x",10,"Rac_act",0.87,6.17289428880887
"AR 1.29 - 0.5x",10,"Rac_act",0.89,6.2572907076103
"AR 1.29 - 0.5x",10,"Rac_act",0.91,6.37297133174758
"AR 1.29 - 0.5x",10,"Rac_act",0.93,6.46452726455126
"AR 1.29 - 0.5x",10,"Rac_act",0.95,6.54385071894353
"AR 1.29 - 0.5x",10,"Rac_act",0.97,6.62361284166336
"AR 1.29 - 0.5x",10,"Rac_act",0.99,6.68252811835725
"AR 1.29 - 0.5x",10,"Rho_act",0.01,2.03924848782325
"AR 1.29 - 0.5x",10,"Rho_act",0.03,2.04094490854339
"AR 1.29 - 0.5x",10,"Rho_act",0.05,2.04359407341824
"AR 1.29 - 0.5x",10,"Rho_act",0.07,2.04704323158549
"AR 1.29 - 0.5x",10,"Rho_act",0.09,2.05159188802258
"AR 1.29 - 0.5x",10,"Rho_act",0.11,2.05813398485767
"AR 1.29 - 0.5x",10,"Rho_act",0.13,2.06511479574591
"AR 1.29 - 0.5x",10,"Rho_act",0.15,2.07209928249755
"AR 1.29 - 0.5x",10,"Rho_act",0.17,2.08013384550505
"AR 1.29 - 0.5x",10,"Rho_act",0.19,2.08844753696335
"AR 1.29 - 0.5x",10,"Rho_act",0.21,2.09952269510087
"AR 1.29 - 0.5x",10,"Rho_act",0.23,2.10764407465579
"AR 1.29 - 0.5x",10,"Rho_act",0.25,2.11398213808106
"AR 1.29 - 0.5x",10,"Rho_act",0.27,2.11549604169614
"AR 1.29 - 0.5x",10,"Rho_act",0.29,2.10256245806048
"AR 1.29 - 0.5x",10,"Rho_act",0.31,2.0424873441055
"AR 1.29 - 0.5x",10,"Rho_act",0.33,1.9426197709244
"AR 1.29 - 0.5x",10,"Rho_act",0.35,1.78092069822783
"AR 1.29 - 0.5x",10,"Rho_act",0.37,1.5946094635242
"AR 1.29 - 0.5x",10,"Rho_act",0.39,1.44157301802423
"AR 1.29 - 0.5x",10,"Rho_act",0.41,1.26182502356081
"AR 1.29 - 0.5x",10,"Rho_act",0.43,1.16566471383384
"AR 1.29 - 0.5x",10,"Rho_act",0.45,1.07584703826717
"AR 1.29 - 0.5x",10,"Rho_act",0.47,0.994764191389486
"AR 1.29 - 0.5x",10,"Rho_act",0.49,0.915975143251961
"AR 1.29 - 0.5x",10,"Rho_act",0.51,0.793667367595748
"AR 1.29 - 0.5x",10,"Rho_act",0.53,0.704877546886535
"AR 1.29 - 0.5x",10,"Rho_act",0.55,0.62651136345391
"AR 1.29 - 0.5x",10,"Rho_act",0.57,0.567395927579892
"AR 1.29 - 0.5x",10,"Rho_act",0.59,0.529979341538978
"AR 1.29 - 0.5x",10,"Rho_act",0.61,0.498104834811869
"AR 1.29 - 0.5x",10,"Rho_act",0.63,0.482927822804087
"AR 1.29 - 0.5x",10,"Rho_act",0.65,0.471055585643409
"AR 1.29 - 0.5x",10,"Rho_act",0.67,0.460691468682673
"AR 1.29 - 0.5x",10,"Rho_act",0.69,0.451306519874612
"AR 1.29 - 0.5x",10,"Rho_act",0.71,0.43938424868832
"AR 1.29 - 0.5x",10,"Rho_act",0.73,0.430428404277121
"AR 1.29 - 0.5x",10,"Rho_act",0.75,0.421466654516381
"AR 1.29 - 0.5x",10,"Rho_act",0.77,0.412679607444916
"AR 1.29 - 0.5x",10,"Rho_act",0.79,0.40306626832923
"AR 1.29 - 0.5x",10,"Rho_act",0.81,0.390067263584246
"AR 1.29 - 0.5x",10,"Rho_act",0.83,0.38017822151676
"AR 1.29 - 0.5x",10,"Rho_act",0.85,0.370179111411693
"AR 1.29 - 0.5x",10,"Rho_act",0.87,0.359782923172011
"AR 1.29 - 0.5x",10,"Rho_act",0.89,0.349538858736278
"AR 1.29 - 0.5x",10,"Rho_act",0.91,0.336187618968394
"AR 1.29 - 0.5x",10,"Rho_act",0.93,0.3262170551021
"AR 1.29 - 0.5x",10,"Rho_act",0.95,0.317639187321195
"AR 1.29 - 0.5x",10,"Rho_act",0.97,0.309184661512198
"AR 1.29 - 0.5x",10,"Rho_act",0.99,0.302903913997846
"AR 1.29 - 0.5x",20,"cdc42_act",0.01,0.158264811492067
"AR 1.29 - 0.5x",20,"cdc42_act",0.03,0.157975276200936
"AR 1.29 - 0.5x",20,"cdc42_act",0.05,0.157528026110897
"AR 1.29 - 0.5x",20,"cdc42_act",0.07,0.156959715354146
"AR 1.29 - 0.5x",20,"cdc42_act",0.09,0.156233002355214
"AR 1.29 - 0.5x",20,"cdc42_act",0.11,0.155231659491211
"AR 1.29 - 0.5x",20,"cdc42_act",0.13,0.15427536637251
"AR 1.29 - 0.5x",20,"cdc42_act",0.15,0.153399512811928
"AR 1.29 - 0.5x",20,"cdc42_act",0.17,0.152514878943839
"AR 1.29 - 0.5x",20,"cdc42_act",0.19,0.151764448957594
"AR 1.29 - 0.5x",20,"cdc42_act",0.21,0.151076406078748
"AR 1.29 - 0.5x",20,"cdc42_act",0.23,0.150870205586618
"AR 1.29 - 0.5x",20,"cdc42_act",0.25,0.151138753978942
"AR 1.29 - 0.5x",20,"cdc42_act",0.27,0.151976046427063
"AR 1.29 - 0.5x",20,"cdc42_act",0.29,0.153922615902546
"AR 1.29 - 0.5x",20,"cdc42_act",0.31,0.158598498973283
"AR 1.29 - 0.5x",20,"cdc42_act",0.33,0.164739568597678
"AR 1.29 - 0.5x",20,"cdc42_act",0.35,0.190255491049821
"AR 1.29 - 0.5x",20,"cdc42_act",0.37,0.327302491235099
"AR 1.29 - 0.5x",20,"cdc42_act",0.39,0.675200105786945
"AR 1.29 - 0.5x",20,"cdc42_act",0.41,1.03097025569465
"AR 1.29 - 0.5x",20,"cdc42_act",0.43,1.2246797412694
"AR 1.29 - 0.5x",20,"cdc42_act",0.45,1.38837547439885
"AR 1.29 - 0.5x",20,"cdc42_act",0.47,1.52473163069555
"AR 1.29 - 0.5x",20,"cdc42_act",0.49,1.63551460769013
"AR 1.29 - 0.5x",20,"cdc42_act",0.51,1.77649857297287
"AR 1.29 - 0.5x",20,"cdc42_act",0.53,1.86903945732738
"AR 1.29 - 0.5x",20,"cdc42_act",0.55,1.96721702325441
"AR 1.29 - 0.5x",20,"cdc42_act",0.57,2.11059645663459
"AR 1.29 - 0.5x",20,"cdc42_act",0.59,2.31524580815418
"AR 1.29 - 0.5x",20,"cdc42_act",0.61,2.43282490491044
"AR 1.29 - 0.5x",20,"cdc42_act",0.63,2.45667073587471
"AR 1.29 - 0.5x",20,"cdc42_act",0.65,2.46585608064013
"AR 1.29 - 0.5x",20,"cdc42_act",0.67,2.46707598102595
"AR 1.29 - 0.5x",20,"cdc42_act",0.69,2.46228968077784
"AR 1.29 - 0.5x",20,"cdc42_act",0.71,2.45252996305598
"AR 1.29 - 0.5x",20,"cdc42_act",0.73,2.44475800103819
"AR 1.29 - 0.5x",20,"cdc42_act",0.75,2.43788654473663
"AR 1.29 - 0.5x",20,"cdc42_act",0.77,2.43166270941283
"AR 1.29 - 0.5x",20,"cdc42_act",0.79,2.42890610803832
"AR 1.29 - 0.5x",20,"cdc42_act",0.81,2.42778618706045
"AR 1.29 - 0.5x",20,"cdc42_act",0.83,2.42902900018219
"AR 1.29 - 0.5x",20,"cdc42_act",0.85,2.43198456223854
"AR 1.29 - 0.5x",20,"cdc42_act",0.87,2.43650187864727
"AR 1.29 - 0.5x",20,"cdc42_act",0.89,2.44172154574621
"AR 1.29 - 0.5x",20,"cdc42_act",0.91,2.44844893041459
"AR 1.29 - 0.5x",20,"cdc42_act",0.93,2.45360018827913
"AR 1.29 - 0.5x",20,"cdc42_act",0.95,2.45632456949064
"AR 1.29 - 0.5x",20,"cdc42_act",0.97,2.45846906118314
"AR 1.29 - 0.5x",20,"cdc42_act",0.99,2.45913902416977
"AR 1.29 - 0.5x",20,"Rac_act",0.01,0.467529303262336
"AR 1.29 - 0.5x",20,"Rac_act",0.03,0.466227009939783
"AR 1.29 - 0.5x",20,"Rac_act",0.05,0.46421912539438
"AR 1.29 - 0.5x",20,"Rac_act",0.07,0.461673356019623
"AR 1.29 - 0.5x",20,"Rac_act",0.09,0.458429984646056
"AR 1.29 - 0.5x",20,"Rac_act",0.11,0.453986681604342
"AR 1.29 - 0.5x",20,"Rac_act",0.13,0.449768323305549
"AR 1.29 - 0.5x",20,"Rac_act",0.15,0.445951066565825
"AR 1.29 - 0.5x",20,"Rac_act",0.17,0.442139458066353
"AR 1.29 - 0.5x",20,"Rac_act",0.19,0.439007643718339
"AR 1.29 - 0.5x",20,"Rac_act",0.21,0.436380574018454
"AR 1.29 - 0.5x",20,"Rac_act",0.23,0.435952832101447
"AR 1.29 - 0.5x",20,"Rac_act",0.25,0.43790912444029
"AR 1.29 - 0.5x",20,"Rac_act",0.27,0.442732483677423
"AR 1.29 - 0.5x",20,"Rac_act",0.29,0.453419945644202
"AR 1.29 - 0.5x",20,"Rac_act",0.31,0.480262658598231
"AR 1.29 - 0.5x",20,"Rac_act",0.33,0.51903478602401
"AR 1.29 - 0.5x",20,"Rac_act",0.35,0.655490429729457
"AR 1.29 - 0.5x",20,"Rac_act",0.37,1.14131647387075
"AR 1.29 - 0.5x",20,"Rac_act",0.39,2.1692539674611
"AR 1.29 - 0.5x",20,"Rac_act",0.41,3.45557198060164
"AR 1.29 - 0.5x",20,"Rac_act",0.43,4.23900146626435
"AR 1.29 - 0.5x",20,"Rac_act",0.45,4.9112312465755
"AR 1.29 - 0.5x",20,"Rac_act",0.47,5.45689435309895
"AR 1.29 - 0.5x",20,"Rac_act",0.49,5.8644628792927
"AR 1.29 - 0.5x",20,"Rac_act",0.51,6.32275563876095
"AR 1.29 - 0.5x",20,"Rac_act",0.53,6.57976097700542
"AR 1.29 - 0.5x",20,"Rac_act",0.55,6.82579051919965
"AR 1.29 - 0.5x",20,"Rac_act",0.57,7.1758693343258
"AR 1.29 - 0.5x",20,"Rac_act",0.59,7.65102427607389
"AR 1.29 - 0.5x",20,"Rac_act",0.61,7.98111870113474
"AR 1.29 - 0.5x",20,"Rac_act",0.63,8.04399474474753
"AR 1.29 - 0.5x",20,"Rac_act",0.65,8.04632359003653
"AR 1.29 - 0.5x",20,"Rac_act",0.67,8.01357466072547
"AR 1.29 - 0.5x",20,"Rac_act",0.69,7.95669313626222
"AR 1.29 - 0.5x",20,"Rac_act",0.71,7.87155062105131
"AR 1.29 - 0.5x",20,"Rac_act",0.73,7.81155238562651
"AR 1.29 - 0.5x",20,"Rac_act",0.75,7.76161340414423
"AR 1.29 - 0.5x",20,"Rac_act",0.77,7.71764622029717
"AR 1.29 - 0.5x",20,"Rac_act",0.79,7.6984592559831
"AR 1.29 - 0.5x",20,"Rac_act",0.81,7.68979090050801
"AR 1.29 - 0.5x",20,"Rac_act",0.83,7.69718674848714
"AR 1.29 - 0.5x",20,"Rac_act",0.85,7.7160024054116
"AR 1.29 - 0.5x",20,"Rac_act",0.87,7.74511465187906
"AR 1.29 - 0.5x",20,"Rac_act",0.89,7.77930964921562
"AR 1.29 - 0.5x",20,"Rac_act",0.91,7.82424818466971
"AR 1.29 - 0.5x",20,"Rac_act",0.93,7.85885008393969
"AR 1.29 - 0.5x",20,"Rac_act",0.95,7.87904573522266
"AR 1.29 - 0.5x",20,"Rac_act",0.97,7.89548824045132
"AR 1.29 - 0.5x",20,"Rac_act",0.99,7.90204346454386
"AR 1.29 - 0.5x",20,"Rho_act",0.01,2.27224600887071
"AR 1.29 - 0.5x",20,"Rho_act",0.03,2.27285614151988
"AR 1.29 - 0.5x",20,"Rho_act",0.05,2.27382187553356
"AR 1.29 - 0.5x",20,"Rho_act",0.07,2.27508352650785
"AR 1.29 - 0.5x",20,"Rho_act",0.09,2.27677452026953
"AR 1.29 - 0.5x",20,"Rho_act",0.11,2.27928263189335
"AR 1.29 - 0.5x",20,"Rho_act",0.13,2.28187116397794
"AR 1.29 - 0.5x",20,"Rho_act",0.15,2.28461120293705
"AR 1.29 - 0.5x",20,"Rho_act",0.17,2.28775842078234
"AR 1.29 - 0.5x",20,"Rho_act",0.19,2.29130104976659
"AR 1.29 - 0.5x",20,"Rho_act",0.21,2.29669145516345
"AR 1.29 - 0.5x",20,"Rho_act",0.23,2.30142174125322
"AR 1.29 - 0.5x",20,"Rho_act",0.25,2.30704580015596
"AR 1.29 - 0.5x",20,"Rho_act",0.27,2.31323725883943
"AR 1.29 - 0.5x",20,"Rho_act",0.29,2.320599099959
"AR 1.29 - 0.5x",20,"Rho_act",0.31,2.33299202508264
"AR 1.29 - 0.5x",20,"Rho_act",0.33,2.34548730104869
"AR 1.29 - 0.5x",20,"Rho_act",0.35,2.34771441206794
"AR 1.29 - 0.5x",20,"Rho_act",0.37,2.19027806864397
"AR 1.29 - 0.5x",20,"Rho_act",0.39,1.81784929788739
"AR 1.29 - 0.5x",20,"Rho_act",0.41,1.51063195458754
"AR 1.29 - 0.5x",20,"Rho_act",0.43,1.36810238972692
"AR 1.29 - 0.5x",20,"Rho_act",0.45,1.25402878362111
"AR 1.29 - 0.5x",20,"Rho_act",0.47,1.15948336999825
"AR 1.29 - 0.5x",20,"Rho_act",0.49,1.07904469699879
"AR 1.29 - 0.5x",20,"Rho_act",0.51,0.964285959744329
"AR 1.29 - 0.5x",20,"Rho_act",0.53,0.880286148899659
"AR 1.29 - 0.5x",20,"Rho_act",0.55,0.780274669811895
"AR 1.29 - 0.5x",20,"Rho_act",0.57,0.608598204350235
"AR 1.29 - 0.5x",20,"Rho_act",0.59,0.379632075925967
"AR 1.29 - 0.5x",20,"Rho_act",0.61,0.289105604597403
"AR 1.29 - 0.5x",20,"Rho_act",0.63,0.278156512081306
"AR 1.29 - 0.5x",20,"Rho_act",0.65,0.274571374133888
"AR 1.29 - 0.5x",20,"Rho_act",0.67,0.273653915568961
"AR 1.29 - 0.5x",20,"Rho_act",0.69,0.274559938897825
"AR 1.29 - 0.5x",20,"Rho_act",0.71,0.276757630905127
"AR 1.29 - 0.5x",20,"Rho_act",0.73,0.278544970604368
"AR 1.29 - 0.5x",20,"Rho_act",0.75,0.280075757981495
"AR 1.29 - 0.5x",20,"Rho_act",0.77,0.281389908113082
"AR 1.29 - 0.5x",20,"Rho_act",0.79,0.281810389364488
"AR 1.29 - 0.5x",20,"Rho_act",0.81,0.281671384154321
"AR 1.29 - 0.5x",20,"Rho_act",0.83,0.281033029188156
"AR 1.29 - 0.5x",20,"Rho_act",0.85,0.27998379462054
"AR 1.29 - 0.5x",20,"Rho_act",0.87,0.278587107174612
"AR 1.29 - 0.5x",20,"Rho_act",0.89,0.277075800837803
"AR 1.29 - 0.5x",20,"Rho_act",0.91,0.27518614125846
"AR 1.29 - 0.5x",20,"Rho_act",0.93,0.273812304043144
"AR 1.29 - 0.5x",20,"Rho_act",0.95,0.27304318864168
"AR 1.29 - 0.5x",20,"Rho_act",0.97,0.272443186430534
"AR 1.29 - 0.5x",20,"Rho_act",0.99,0.272229943594449
"AR 1.29 - 0.5x",50,"cdc42_act",0.01,0.0747609194970411
"AR 1.29 - 0.5x",50,"cdc42_act",0.03,0.0748187901362185
"AR 1.29 - 0.5x",50,"cdc42_act",0.05,0.0749136322113656
"AR 1.29 - 0.5x",50,"cdc42_act",0.07,0.0750422057920416
"AR 1.29 - 0.5x",50,"cdc42_act",0.09,0.075224903355067
"AR 1.29 - 0.5x",50,"cdc42_act",0.11,0.0755189743040777
"AR 1.29 - 0.5x",50,"cdc42_act",0.13,0.075845610056227
"AR 1.29 - 0.5x",50,"cdc42_act",0.15,0.0762336361202613
"AR 1.29 - 0.5x",50,"cdc42_act",0.17,0.0767164095713982
"AR 1.29 - 0.5x",50,"cdc42_act",0.19,0.0773358749835163
"AR 1.29 - 0.5x",50,"cdc42_act",0.21,0.078422041045366
"AR 1.29 - 0.5x",50,"cdc42_act",0.23,0.079503686464567
"AR 1.29 - 0.5x",50,"cdc42_act",0.25,0.080959292748909
"AR 1.29 - 0.5x",50,"cdc42_act",0.27,0.0827417492344468
"AR 1.29 - 0.5x",50,"cdc42_act",0.29,0.0851698283505379
"AR 1.29 - 0.5x",50,"cdc42_act",0.31,0.0896325199032854
"AR 1.29 - 0.5x",50,"cdc42_act",0.33,0.094175697042691
"AR 1.29 - 0.5x",50,"cdc42_act",0.35,0.100378934122422
"AR 1.29 - 0.5x",50,"cdc42_act",0.37,0.10856027230086
"AR 1.29 - 0.5x",50,"cdc42_act",0.39,0.121063386533685
"AR 1.29 - 0.5x",50,"cdc42_act",0.41,0.183683531898773
"AR 1.29 - 0.5x",50,"cdc42_act",0.43,0.428385471825929
"AR 1.29 - 0.5x",50,"cdc42_act",0.45,0.751579714604956
"AR 1.29 - 0.5x",50,"cdc42_act",0.47,1.03250056115953
"AR 1.29 - 0.5x",50,"cdc42_act",0.49,1.29061303763836
"AR 1.29 - 0.5x",50,"cdc42_act",0.51,1.62391397716552
"AR 1.29 - 0.5x",50,"cdc42_act",0.53,1.85240897584534
"AR 1.29 - 0.5x",50,"cdc42_act",0.55,2.06367842261644
"AR 1.29 - 0.5x",50,"cdc42_act",0.57,2.26500652523823
"AR 1.29 - 0.5x",50,"cdc42_act",0.59,2.50888681148203
"AR 1.29 - 0.5x",50,"cdc42_act",0.61,2.98137339672065
"AR 1.29 - 0.5x",50,"cdc42_act",0.63,3.24451889476508
"AR 1.29 - 0.5x",50,"cdc42_act",0.65,3.3695912546155
"AR 1.29 - 0.5x",50,"cdc42_act",0.67,3.44856620461006
"AR 1.29 - 0.5x",50,"cdc42_act",0.69,3.49016134936744
"AR 1.29 - 0.5x",50,"cdc42_act",0.71,3.51065677148322
"AR 1.29 - 0.5x",50,"cdc42_act",0.73,3.50341533724113
"AR 1.29 - 0.5x",50,"cdc42_act",0.75,3.47849767254818
"AR 1.29 - 0.5x",50,"cdc42_act",0.77,3.44376035016223
"AR 1.29 - 0.5x",50,"cdc42_act",0.79,3.39587495813327
"AR 1.29 - 0.5x",50,"cdc42_act",0.81,3.32419361889172
"AR 1.29 - 0.5x",50,"cdc42_act",0.83,3.26521533038222
"AR 1.29 - 0.5x",50,"cdc42_act",0.85,3.20420815975946
"AR 1.29 - 0.5x",50,"cdc42_act",0.87,3.14350584291704
"AR 1.29 - 0.5x",50,"cdc42_act",0.89,3.08511703218411
"AR 1.29 - 0.5x",50,"cdc42_act",0.91,3.00904492828097
"AR 1.29 - 0.5x",50,"cdc42_act",0.93,2.95915074533632
"AR 1.29 - 0.5x",50,"cdc42_act",0.95,2.90755809488192
"AR 1.29 - 0.5x",50,"cdc42_act",0.97,2.86097341278493
"AR 1.29 - 0.5x",50,"cdc42_act",0.99,2.82781391571195
"AR 1.29 - 0.5x",50,"Rac_act",0.01,0.115249216304593
"AR 1.29 - 0.5x",50,"Rac_act",0.03,0.115349532754819
"AR 1.29 - 0.5x",50,"Rac_act",0.05,0.115515575426
"AR 1.29 - 0.5x",50,"Rac_act",0.07,0.115742992293531
"AR 1.29 - 0.5x",50,"Rac_act",0.09,0.116071217722998
"AR 1.29 - 0.5x",50,"Rac_act",0.11,0.116610649287112
"AR 1.29 - 0.5x",50,"Rac_act",0.13,0.117220084660614
"AR 1.29 - 0.5x",50,"Rac_act",0.15,0.11796300102819
"AR 1.29 - 0.5x",50,"Rac_act",0.17,0.118902707292709
"AR 1.29 - 0.5x",50,"Rac_act",0.19,0.120140146258107
"AR 1.29 - 0.5x",50,"Rac_act",0.21,0.122367964232826
"AR 1.29 - 0.5x",50,"Rac_act",0.23,0.124638025870565
"AR 1.29 - 0.5x",50,"Rac_act",0.25,0.127767916792172
"AR 1.29 - 0.5x",50,"Rac_act",0.27,0.131687911609202
"AR 1.29 - 0.5x",50,"Rac_act",0.29,0.137213043343249
"AR 1.29 - 0.5x",50,"Rac_act",0.31,0.147796593569106
"AR 1.29 - 0.5x",50,"Rac_act",0.33,0.159084694262042
"AR 1.29 - 0.5x",50,"Rac_act",0.35,0.175601310348335
"AR 1.29 - 0.5x",50,"Rac_act",0.37,0.199259580668459
"AR 1.29 - 0.5x",50,"Rac_act",0.39,0.241968378382351
"AR 1.29 - 0.5x",50,"Rac_act",0.41,0.44814072651082
"AR 1.29 - 0.5x",50,"Rac_act",0.43,1.02137041807514
"AR 1.29 - 0.5x",50,"Rac_act",0.45,1.9484355348166
"AR 1.29 - 0.5x",50,"Rac_act",0.47,2.96315253374702
"AR 1.29 - 0.5x",50,"Rac_act",0.49,4.07309352863894
"AR 1.29 - 0.5x",50,"Rac_act",0.51,5.61838866282311
"AR 1.29 - 0.5x",50,"Rac_act",0.53,6.70386334901026
"AR 1.29 - 0.5x",50,"Rac_act",0.55,7.6542636719969
"AR 1.29 - 0.5x",50,"Rac_act",0.57,8.4721713221181
"AR 1.29 - 0.5x",50,"Rac_act",0.59,9.27009612224884
"AR 1.29 - 0.5x",50,"Rac_act",0.61,10.5451726978821
"AR 1.29 - 0.5x",50,"Rac_act",0.63,11.2539724728081
"AR 1.29 - 0.5x",50,"Rac_act",0.65,11.6811401855586
"AR 1.29 - 0.5x",50,"Rac_act",0.67,11.9281280872835
"AR 1.29 - 0.5x",50,"Rac_act",0.69,12.0067932674878
"AR 1.29 - 0.5x",50,"Rac_act",0.71,11.9534371312339
"AR 1.29 - 0.5x",50,"Rac_act",0.73,11.8107713374918
"AR 1.29 - 0.5x",50,"Rac_act",0.75,11.5887164304649
"AR 1.29 - 0.5x",50,"Rac_act",0.77,11.3203788204873
"AR 1.29 - 0.5x",50,"Rac_act",0.79,11.0054598875846
"AR 1.29 - 0.5x",50,"Rac_act",0.81,10.5581360096645
"AR 1.29 - 0.5x",50,"Rac_act",0.83,10.2090273454439
"AR 1.29 - 0.5x",50,"Rac_act",0.85,9.86238579539574
"AR 1.29 - 0.5x",50,"Rac_act",0.87,9.52962612425174
"AR 1.29 - 0.5x",50,"Rac_act",0.89,9.22029827659719
"AR 1.29 - 0.5x",50,"Rac_act",0.91,8.82759831924434
"AR 1.29 - 0.5x",50,"Rac_act",0.93,8.57905512683126
"AR 1.29 - 0.5x",50,"Rac_act",0.95,8.32457481266202
"AR 1.29 - 0.5x",50,"Rac_act",0.97,8.10023433272965
"AR 1.29 - 0.5x",50,"Rac_act",0.99,7.94398559843352
"AR 1.29 - 0.5x",50,"Rho_act",0.01,2.30920776238448
"AR 1.29 - 0.5x",50,"Rho_act",0.03,2.30914455791176
"AR 1.29 - 0.5x",50,"Rho_act",0.05,2.30904562816608
"AR 1.29 - 0.5x",50,"Rho_act",0.07,2.30891849694031
"AR 1.29 - 0.5x",50,"Rho_act",0.09,2.30875316266864
"AR 1.29 - 0.5x",50,"Rho_act",0.11,2.308519482491
"AR 1.29 - 0.5x",50,"Rho_act",0.13,2.30829231466567
"AR 1.29 - 0.5x",50,"Rho_act",0.15,2.30807260169343
"AR 1.29 - 0.5x",50,"Rho_act",0.17,2.3078462941011
"AR 1.29 - 0.5x",50,"Rho_act",0.19,2.30764026896246
"AR 1.29 - 0.5x",50,"Rho_act",0.21,2.3074200010856
"AR 1.29 - 0.5x",50,"Rho_act",0.23,2.30731925542105
"AR 1.29 - 0.5x",50,"Rho_act",0.25,2.30733438364689
"AR 1.29 - 0.5x",50,"Rho_act",0.27,2.30749277659226
"AR 1.29 - 0.5x",50,"Rho_act",0.29,2.30793014314151
"AR 1.29 - 0.5x",50,"Rho_act",0.31,2.30908028942338
"AR 1.29 - 0.5x",50,"Rho_act",0.33,2.31054432543818
"AR 1.29 - 0.5x",50,"Rho_act",0.35,2.31296426939922
"AR 1.29 - 0.5x",50,"Rho_act",0.37,2.31665239203517
"AR 1.29 - 0.5x",50,"Rho_act",0.39,2.32217048670505
"AR 1.29 - 0.5x",50,"Rho_act",0.41,2.28490742209818
"AR 1.29 - 0.5x",50,"Rho_act",0.43,1.99866377049298
"AR 1.29 - 0.5x",50,"Rho_act",0.45,1.71487817614925
"AR 1.29 - 0.5x",50,"Rho_act",0.47,1.5238128839136
"AR 1.29 - 0.5x",50,"Rho_act",0.49,1.38825984718891
"AR 1.29 - 0.5x",50,"Rho_act",0.51,1.23447684131829
"AR 1.29 - 0.5x",50,"Rho_act",0.53,1.13645084083248
"AR 1.29 - 0.5x",50,"Rho_act",0.55,1.04159114381826
"AR 1.29 - 0.5x",50,"Rho_act",0.57,0.939882641621718
"AR 1.29 - 0.5x",50,"Rho_act",0.59,0.767280414860218
"AR 1.29 - 0.5x",50,"Rho_act",0.61,0.364398794540636
"AR 1.29 - 0.5x",50,"Rho_act",0.63,0.179815625288762
"AR 1.29 - 0.5x",50,"Rho_act",0.65,0.142603668019997
"AR 1.29 - 0.5x",50,"Rho_act",0.67,0.126658190697412
"AR 1.29 - 0.5x",50,"Rho_act",0.69,0.11871195951594
"AR 1.29 - 0.5x",50,"Rho_act",0.71,0.113176032051408
"AR 1.29 - 0.5x",50,"Rho_act",0.73,0.111701392628095
"AR 1.29 - 0.5x",50,"Rho_act",0.75,0.112173132583071
"AR 1.29 - 0.5x",50,"Rho_act",0.77,0.113711468883219
"AR 1.29 - 0.5x",50,"Rho_act",0.79,0.116654948036962
"AR 1.29 - 0.5x",50,"Rho_act",0.81,0.121655189428605
"AR 1.29 - 0.5x",50,"Rho_act",0.83,0.126172620784603
"AR 1.29 - 0.5x",50,"Rho_act",0.85,0.131207778543638
"AR 1.29 - 0.5x",50,"Rho_act",0.87,0.136511828404845
"AR 1.29 - 0.5x",50,"Rho_act",0.89,0.141941188644324
"AR 1.29 - 0.5x",50,"Rho_act",0.91,0.149419304524616
"AR 1.29 - 0.5x",50,"Rho_act",0.93,0.154643290691954
"AR 1.29 - 0.5x",50,"Rho_act",0.95,0.160279549166665
"AR 1.29 - 0.5x",50,"Rho_act",0.97,0.165645892322803
"AR 1.29 - 0.5x",50,"Rho_act",0.99,0.169698977296893
"AR 1.29 - 0.5x",100,"cdc42_act",0.01,0.060080902226336
"AR 1.29 - 0.5x",100,"cdc42_act",0.03,0.0601456825857283
"AR 1.29 - 0.5x",100,"cdc42_act",0.05,0.0602495724234719
"AR 1.29 - 0.5x",100,"cdc42_act",0.07,0.0603873024950752
"AR 1.29 - 0.5x",100,"cdc42_act",0.09,0.0605762770752435
"AR 1.29 - 0.5x",100,"cdc42_act",0.11,0.0608657534499384
"AR 1.29 - 0.5x",100,"cdc42_act",0.13,0.061174412322431
"AR 1.29 - 0.5x",100,"cdc42_act",0.15,0.0615162304067625
"AR 1.29 - 0.5x",100,"cdc42_act",0.17,0.0619238455314078
"AR 1.29 - 0.5x",100,"cdc42_act",0.19,0.0624101155494315
"AR 1.29 - 0.5x",100,"cdc42_act",0.21,0.0632000584260807
"AR 1.29 - 0.5x",100,"cdc42_act",0.23,0.0639398392027787
"AR 1.29 - 0.5x",100,"cdc42_act",0.25,0.064882506273849
"AR 1.29 - 0.5x",100,"cdc42_act",0.27,0.0659832841413084
"AR 1.29 - 0.5x",100,"cdc42_act",0.29,0.0673876019206116
"AR 1.29 - 0.5x",100,"cdc42_act",0.31,0.06983842693613
"AR 1.29 - 0.5x",100,"cdc42_act",0.33,0.072265269700581
"AR 1.29 - 0.5x",100,"cdc42_act",0.35,0.075528402535149
"AR 1.29 - 0.5x",100,"cdc42_act",0.37,0.0796685483233999
"AR 1.29 - 0.5x",100,"cdc42_act",0.39,0.0853235892641754
"AR 1.29 - 0.5x",100,"cdc42_act",0.41,0.095813524464237
"AR 1.29 - 0.5x",100,"cdc42_act",0.43,0.106428312154809
"AR 1.29 - 0.5x",100,"cdc42_act",0.45,0.123184177036837
"AR 1.29 - 0.5x",100,"cdc42_act",0.47,0.159117670837661
"AR 1.29 - 0.5x",100,"cdc42_act",0.49,0.375766859325199
"AR 1.29 - 0.5x",100,"cdc42_act",0.51,0.8646300127285
"AR 1.29 - 0.5x",100,"cdc42_act",0.53,1.20154015748534
"AR 1.29 - 0.5x",100,"cdc42_act",0.55,1.53178786300774
"AR 1.29 - 0.5x",100,"cdc42_act",0.57,1.85611189601567
"AR 1.29 - 0.5x",100,"cdc42_act",0.59,2.18989448976837
"AR 1.29 - 0.5x",100,"cdc42_act",0.61,2.695671264932
"AR 1.29 - 0.5x",100,"cdc42_act",0.63,3.12578217211438
"AR 1.29 - 0.5x",100,"cdc42_act",0.65,3.55340754136199
"AR 1.29 - 0.5x",100,"cdc42_act",0.67,3.82154346630668
"AR 1.29 - 0.5x",100,"cdc42_act",0.69,3.98661374682416
"AR 1.29 - 0.5x",100,"cdc42_act",0.71,4.13714438746506
"AR 1.29 - 0.5x",100,"cdc42_act",0.73,4.20224001640355
"AR 1.29 - 0.5x",100,"cdc42_act",0.75,4.22732746906196
"AR 1.29 - 0.5x",100,"cdc42_act",0.77,4.23237970301705
"AR 1.29 - 0.5x",100,"cdc42_act",0.79,4.19482423275105
"AR 1.29 - 0.5x",100,"cdc42_act",0.81,4.12211684925863
"AR 1.29 - 0.5x",100,"cdc42_act",0.83,4.04827466594207
"AR 1.29 - 0.5x",100,"cdc42_act",0.85,3.96209760172431
"AR 1.29 - 0.5x",100,"cdc42_act",0.87,3.86797682928497
"AR 1.29 - 0.5x",100,"cdc42_act",0.89,3.77069813389969
"AR 1.29 - 0.5x",100,"cdc42_act",0.91,3.63817978733652
"AR 1.29 - 0.5x",100,"cdc42_act",0.93,3.54558983302806
"AR 1.29 - 0.5x",100,"cdc42_act",0.95,3.44998217231761
"AR 1.29 - 0.5x",100,"cdc42_act",0.97,3.36073471099789
"AR 1.29 - 0.5x",100,"cdc42_act",0.99,3.29575300225489
"AR 1.29 - 0.5x",100,"Rac_act",0.01,0.0681568943042068
"AR 1.29 - 0.5x",100,"Rac_act",0.03,0.06825039011451
"AR 1.29 - 0.5x",100,"Rac_act",0.05,0.0684006028009098
"AR 1.29 - 0.5x",100,"Rac_act",0.07,0.0686001163634101
"AR 1.29 - 0.5x",100,"Rac_act",0.09,0.0688746890408455
"AR 1.29 - 0.5x",100,"Rac_act",0.11,0.0692971125127189
"AR 1.29 - 0.5x",100,"Rac_act",0.13,0.0697493978202173
"AR 1.29 - 0.5x",100,"Rac_act",0.15,0.0702538433206811
"AR 1.29 - 0.5x",100,"Rac_act",0.17,0.070858304836354
"AR 1.29 - 0.5x",100,"Rac_act",0.19,0.0715856329973021
"AR 1.29 - 0.5x",100,"Rac_act",0.21,0.0727796680660726
"AR 1.29 - 0.5x",100,"Rac_act",0.23,0.0739096834618914
"AR 1.29 - 0.5x",100,"Rac_act",0.25,0.0753669591627354
"AR 1.29 - 0.5x",100,"Rac_act",0.27,0.0770890077790689
"AR 1.29 - 0.5x",100,"Rac_act",0.29,0.0793273259428704
"AR 1.29 - 0.5x",100,"Rac_act",0.31,0.0833233192928956
"AR 1.29 - 0.5x",100,"Rac_act",0.33,0.0873781862788645
"AR 1.29 - 0.5x",100,"Rac_act",0.35,0.0930127005029324
"AR 1.29 - 0.5x",100,"Rac_act",0.37,0.100433205526636
"AR 1.29 - 0.5x",100,"Rac_act",0.39,0.111151880163451
"AR 1.29 - 0.5x",100,"Rac_act",0.41,0.132831596154445
"AR 1.29 - 0.5x",100,"Rac_act",0.43,0.157320003723632
"AR 1.29 - 0.5x",100,"Rac_act",0.45,0.203698473182405
"AR 1.29 - 0.5x",100,"Rac_act",0.47,0.312146581807426
"AR 1.29 - 0.5x",100,"Rac_act",0.49,0.800688363772004
"AR 1.29 - 0.5x",100,"Rac_act",0.51,2.08175276450102
"AR 1.29 - 0.5x",100,"Rac_act",0.53,3.26617571125355
"AR 1.29 - 0.5x",100,"Rac_act",0.55,4.64128632241842
"AR 1.29 - 0.5x",100,"Rac_act",0.57,6.09644731821237
"AR 1.29 - 0.5x",100,"Rac_act",0.59,7.61639139523494
"AR 1.29 - 0.5x",100,"Rac_act",0.61,9.73601947104057
"AR 1.29 - 0.5x",100,"Rac_act",0.63,11.2312042006905
"AR 1.29 - 0.5x",100,"Rac_act",0.65,12.6405631833047
"AR 1.29 - 0.5x",100,"Rac_act",0.67,13.6549794851671
"AR 1.29 - 0.5x",100,"Rac_act",0.69,14.2604441345646
"AR 1.29 - 0.5x",100,"Rac_act",0.71,14.6968919061114
"AR 1.29 - 0.5x",100,"Rac_act",0.73,14.7702429686276
"AR 1.29 - 0.5x",100,"Rac_act",0.75,14.6434522715291
"AR 1.29 - 0.5x",100,"Rac_act",0.77,14.4184674982841
"AR 1.29 - 0.5x",100,"Rac_act",0.79,13.9958651182196
"AR 1.29 - 0.5x",100,"Rac_act",0.81,13.3419909713619
"AR 1.29 - 0.5x",100,"Rac_act",0.83,12.7749455861967
"AR 1.29 - 0.5x",100,"Rac_act",0.85,12.1708992870978
"AR 1.29 - 0.5x",100,"Rac_act",0.87,11.5519068667196
"AR 1.29 - 0.5x",100,"Rac_act",0.89,10.9465033331638
"AR 1.29 - 0.5x",100,"Rac_act",0.91,10.1549398420759
"AR 1.29 - 0.5x",100,"Rac_act",0.93,9.62877805530312
"AR 1.29 - 0.5x",100,"Rac_act",0.95,9.09622531810748
"AR 1.29 - 0.5x",100,"Rac_act",0.97,8.61672466690652
"AR 1.29 - 0.5x",100,"Rac_act",0.99,8.27997239772689
"AR 1.29 - 0.5x",100,"Rho_act",0.01,2.23224177104321
"AR 1.29 - 0.5x",100,"Rho_act",0.03,2.23220475902971
"AR 1.29 - 0.5x",100,"Rho_act",0.05,2.23214655288056
"AR 1.29 - 0.5x",100,"Rho_act",0.07,2.23207119091251
"AR 1.29 - 0.5x",100,"Rho_act",0.09,2.23197183571138
"AR 1.29 - 0.5x",100,"Rho_act",0.11,2.23182837584669
"AR 1.29 - 0.5x",100,"Rho_act",0.13,2.23168496651295
"AR 1.29 - 0.5x",100,"Rho_act",0.15,2.23154070860979
"AR 1.29 - 0.5x",100,"Rho_act",0.17,2.23138389720167
"AR 1.29 - 0.5x",100,"Rho_act",0.19,2.23122471805345
"AR 1.29 - 0.5x",100,"Rho_act",0.21,2.23101628464188
"AR 1.29 - 0.5x",100,"Rho_act",0.23,2.23086696100294
"AR 1.29 - 0.5x",100,"Rho_act",0.25,2.23073863976048
"AR 1.29 - 0.5x",100,"Rho_act",0.27,2.23064985568115
"AR 1.29 - 0.5x",100,"Rho_act",0.29,2.23063721924263
"AR 1.29 - 0.5x",100,"Rho_act",0.31,2.23077647227406
"AR 1.29 - 0.5x",100,"Rho_act",0.33,2.23104652592207
"AR 1.29 - 0.5x",100,"Rho_act",0.35,2.23157517398543
"AR 1.29 - 0.5x",100,"Rho_act",0.37,2.23242019355711
"AR 1.29 - 0.5x",100,"Rho_act",0.39,2.23381288336613
"AR 1.29 - 0.5x",100,"Rho_act",0.41,2.23689473497555
"AR 1.29 - 0.5x",100,"Rho_act",0.43,2.24049623595909
"AR 1.29 - 0.5x",100,"Rho_act",0.45,2.24541766593001
"AR 1.29 - 0.5x",100,"Rho_act",0.47,2.23685532717614
"AR 1.29 - 0.5x",100,"Rho_act",0.49,2.00702561317642
"AR 1.29 - 0.5x",100,"Rho_act",0.51,1.58898166454132
"AR 1.29 - 0.5x",100,"Rho_act",0.53,1.38679716319083
"AR 1.29 - 0.5x",100,"Rho_act",0.55,1.23267097222325
"AR 1.29 - 0.5x",100,"Rho_act",0.57,1.09890537644599
"AR 1.29 - 0.5x",100,"Rho_act",0.59,0.963172701505392
"AR 1.29 - 0.5x",100,"Rho_act",0.61,0.719363607593034
"AR 1.29 - 0.5x",100,"Rho_act",0.63,0.443511094002099
"AR 1.29 - 0.5x",100,"Rho_act",0.65,0.195295895354997
"AR 1.29 - 0.5x",100,"Rho_act",0.67,0.117513605942559
"AR 1.29 - 0.5x",100,"Rho_act",0.69,0.096945110764244
"AR 1.29 - 0.5x",100,"Rho_act",0.71,0.0820206454502187
"AR 1.29 - 0.5x",100,"Rho_act",0.73,0.0754323540147182
"AR 1.29 - 0.5x",100,"Rho_act",0.75,0.0717724905990928
"AR 1.29 - 0.5x",100,"Rho_act",0.77,0.0693620108378393
"AR 1.29 - 0.5x",100,"Rho_act",0.79,0.0691139833500376
"AR 1.29 - 0.5x",100,"Rho_act",0.81,0.0700812698723071
"AR 1.29 - 0.5x",100,"Rho_act",0.83,0.0719175868564824
"AR 1.29 - 0.5x",100,"Rho_act",0.85,0.0746218332304205
"AR 1.29 - 0.5x",100,"Rho_act",0.87,0.0779874280015891
"AR 1.29 - 0.5x",100,"Rho_act",0.89,0.0819231755732163
"AR 1.29 - 0.5x",100,"Rho_act",0.91,0.0878541162016103
"AR 1.29 - 0.5x",100,"Rho_act",0.93,0.092435746124588
"AR 1.29 - 0.5x",100,"Rho_act",0.95,0.0974985948174459
"AR 1.29 - 0.5x",100,"Rho_act",0.97,0.102600780137229
"AR 1.29 - 0.5x",100,"Rho_act",0.99,0.106664184573896
"AR 1.29 - 0.5x",150,"cdc42_act",0.01,0.0572157817497418
"AR 1.29 - 0.5x",150,"cdc42_act",0.03,0.0572773996683127
"AR 1.29 - 0.5x",150,"cdc42_act",0.05,0.0573758191187692
"AR 1.29 - 0.5x",150,"cdc42_act",0.07,0.0575056827583111
"AR 1.29 - 0.5x",150,"cdc42_act",0.09,0.0576824912049507
"AR 1.29 - 0.5x",150,"cdc42_act",0.11,0.0579502362390546
"AR 1.29 - 0.5x",150,"cdc42_act",0.13,0.0582327703711761
"AR 1.29 - 0.5x",150,"cdc42_act",0.15,0.0585402686021222
"AR 1.29 - 0.5x",150,"cdc42_act",0.17,0.0589021185388185
"AR 1.29 - 0.5x",150,"cdc42_act",0.19,0.0593237425675408
"AR 1.29 - 0.5x",150,"cdc42_act",0.21,0.0599907029149164
"AR 1.29 - 0.5x",150,"cdc42_act",0.23,0.0606000602182953
"AR 1.29 - 0.5x",150,"cdc42_act",0.25,0.0613568239479199
"AR 1.29 - 0.5x",150,"cdc42_act",0.27,0.06221975250203
"AR 1.29 - 0.5x",150,"cdc42_act",0.29,0.0632821043955381
"AR 1.29 - 0.5x",150,"cdc42_act",0.31,0.065077950996195
"AR 1.29 - 0.5x",150,"cdc42_act",0.33,0.0668178707223968
"AR 1.29 - 0.5x",150,"cdc42_act",0.35,0.0691173723062061
"AR 1.29 - 0.5x",150,"cdc42_act",0.37,0.0719585337333856
"AR 1.29 - 0.5x",150,"cdc42_act",0.39,0.0758260633343413
"AR 1.29 - 0.5x",150,"cdc42_act",0.41,0.0828714935001628
"AR 1.29 - 0.5x",150,"cdc42_act",0.43,0.0899818357417184
"AR 1.29 - 0.5x",150,"cdc42_act",0.45,0.100004220433348
"AR 1.29 - 0.5x",150,"cdc42_act",0.47,0.112954966403435
"AR 1.29 - 0.5x",150,"cdc42_act",0.49,0.134331655931543
"AR 1.29 - 0.5x",150,"cdc42_act",0.51,0.272167066619019
"AR 1.29 - 0.5x",150,"cdc42_act",0.53,0.626326277356798
"AR 1.29 - 0.5x",150,"cdc42_act",0.55,1.01064227125987
"AR 1.29 - 0.5x",150,"cdc42_act",0.57,1.37789994127959
"AR 1.29 - 0.5x",150,"cdc42_act",0.59,1.7572577001778
"AR 1.29 - 0.5x",150,"cdc42_act",0.61,2.31572927774755
"AR 1.29 - 0.5x",150,"cdc42_act",0.63,2.74999862164796
"AR 1.29 - 0.5x",150,"cdc42_act",0.65,3.26321347982474
"AR 1.29 - 0.5x",150,"cdc42_act",0.67,3.71006641705952
"AR 1.29 - 0.5x",150,"cdc42_act",0.69,4.00473465455382
"AR 1.29 - 0.5x",150,"cdc42_act",0.71,4.29033134909501
"AR 1.29 - 0.5x",150,"cdc42_act",0.73,4.44380807880741
"AR 1.29 - 0.5x",150,"cdc42_act",0.75,4.54450540976153
"AR 1.29 - 0.5x",150,"cdc42_act",0.77,4.61925609518261
"AR 1.29 - 0.5x",150,"cdc42_act",0.79,4.63140405645251
"AR 1.29 - 0.5x",150,"cdc42_act",0.81,4.61382670683557
"AR 1.29 - 0.5x",150,"cdc42_act",0.83,4.57103367761221
"AR 1.29 - 0.5x",150,"cdc42_act",0.85,4.50735958246038
"AR 1.29 - 0.5x",150,"cdc42_act",0.87,4.42823720022125
"AR 1.29 - 0.5x",150,"cdc42_act",0.89,4.33950862474827
"AR 1.29 - 0.5x",150,"cdc42_act",0.91,4.21330435788898
"AR 1.29 - 0.5x",150,"cdc42_act",0.93,4.1203495293409
"AR 1.29 - 0.5x",150,"cdc42_act",0.95,4.02421525634317
"AR 1.29 - 0.5x",150,"cdc42_act",0.97,3.93212896886756
"AR 1.29 - 0.5x",150,"cdc42_act",0.99,3.86388136210638
"AR 1.29 - 0.5x",150,"Rac_act",0.01,0.0574416280725915
"AR 1.29 - 0.5x",150,"Rac_act",0.03,0.0575219258195053
"AR 1.29 - 0.5x",150,"Rac_act",0.05,0.0576503236899249
"AR 1.29 - 0.5x",150,"Rac_act",0.07,0.0578199603109856
"AR 1.29 - 0.5x",150,"Rac_act",0.09,0.0580513957934079
"AR 1.29 - 0.5x",150,"Rac_act",0.11,0.0584028655713409
"AR 1.29 - 0.5x",150,"Rac_act",0.13,0.0587748144415028
"AR 1.29 - 0.5x",150,"Rac_act",0.15,0.0591813628770101
"AR 1.29 - 0.5x",150,"Rac_act",0.17,0.0596614003352417
"AR 1.29 - 0.5x",150,"Rac_act",0.19,0.0602239797027228
"AR 1.29 - 0.5x",150,"Rac_act",0.21,0.0611200357010556
"AR 1.29 - 0.5x",150,"Rac_act",0.23,0.0619445254359096
"AR 1.29 - 0.5x",150,"Rac_act",0.25,0.0629770869138692
"AR 1.29 - 0.5x",150,"Rac_act",0.27,0.0641643925020786
"AR 1.29 - 0.5x",150,"Rac_act",0.29,0.0656459455568844
"AR 1.29 - 0.5x",150,"Rac_act",0.31,0.0681910221895881
"AR 1.29 - 0.5x",150,"Rac_act",0.33,0.0706993785809915
"AR 1.29 - 0.5x",150,"Rac_act",0.35,0.0740895298348257
"AR 1.29 - 0.5x",150,"Rac_act",0.37,0.0783891632680888
"AR 1.29 - 0.5x",150,"Rac_act",0.39,0.0844557061197216
"AR 1.29 - 0.5x",150,"Rac_act",0.41,0.0961477587709209
"AR 1.29 - 0.5x",150,"Rac_act",0.43,0.10874772954393
"AR 1.29 - 0.5x",150,"Rac_act",0.45,0.128332100336913
"AR 1.29 - 0.5x",150,"Rac_act",0.47,0.156552925181826
"AR 1.29 - 0.5x",150,"Rac_act",0.49,0.213028016875353
"AR 1.29 - 0.5x",150,"Rac_act",0.51,0.532614833700447
"AR 1.29 - 0.5x",150,"Rac_act",0.53,1.28525406550368
"AR 1.29 - 0.5x",150,"Rac_act",0.55,2.3933998352753
"AR 1.29 - 0.5x",150,"Rac_act",0.57,3.68189392294161
"AR 1.29 - 0.5x",150,"Rac_act",0.59,5.21408940363844
"AR 1.29 - 0.5x",150,"Rac_act",0.61,7.57165934963501
"AR 1.29 - 0.5x",150,"Rac_act",0.63,9.37592969570919
"AR 1.29 - 0.5x",150,"Rac_act",0.65,11.2908502764041
"AR 1.29 - 0.5x",150,"Rac_act",0.67,13.0008241564503
"AR 1.29 - 0.5x",150,"Rac_act",0.69,14.2608917182452
"AR 1.29 - 0.5x",150,"Rac_act",0.71,15.4279091599889
"AR 1.29 - 0.5x",150,"Rac_act",0.73,15.9397020646978
"AR 1.29 - 0.5x",150,"Rac_act",0.75,16.1443638526619
"AR 1.29 - 0.5x",150,"Rac_act",0.77,16.1954932909961
"AR 1.29 - 0.5x",150,"Rac_act",0.79,15.9161267276778
"AR 1.29 - 0.5x",150,"Rac_act",0.81,15.3825370338803
"AR 1.29 - 0.5x",150,"Rac_act",0.83,14.847834478259
"AR 1.29 - 0.5x",150,"Rac_act",0.85,14.2348334308212
"AR 1.29 - 0.5x",150,"Rac_act",0.87,13.5727013778094
"AR 1.29 - 0.5x",150,"Rac_act",0.89,12.9019805862872
"AR 1.29 - 0.5x",150,"Rac_act",0.91,12.0084334647409
"AR 1.29 - 0.5x",150,"Rac_act",0.93,11.39616779504
"AR 1.29 - 0.5x",150,"Rac_act",0.95,10.7798739601669
"AR 1.29 - 0.5x",150,"Rac_act",0.97,10.2158393270036
"AR 1.29 - 0.5x",150,"Rac_act",0.99,9.81616012897598
"AR 1.29 - 0.5x",150,"Rho_act",0.01,2.18655526560014
"AR 1.29 - 0.5x",150,"Rho_act",0.03,2.18653551491313
"AR 1.29 - 0.5x",150,"Rho_act",0.05,2.1865044019627
"AR 1.29 - 0.5x",150,"Rho_act",0.07,2.18646418013886
"AR 1.29 - 0.5x",150,"Rho_act",0.09,2.18641128399825
"AR 1.29 - 0.5x",150,"Rho_act",0.11,2.18633512444847
"AR 1.29 - 0.5x",150,"Rho_act",0.13,2.18625919330698
"AR 1.29 - 0.5x",150,"Rho_act",0.15,2.18618210441676
"AR 1.29 - 0.5x",150,"Rho_act",0.17,2.18609890693242
"AR 1.29 - 0.5x",150,"Rho_act",0.19,2.18601507066615
"AR 1.29 - 0.5x",150,"Rho_act",0.21,2.18590462309732
"AR 1.29 - 0.5x",150,"Rho_act",0.23,2.18582492986965
"AR 1.29 - 0.5x",150,"Rho_act",0.25,2.18575660245436
"AR 1.29 - 0.5x",150,"Rho_act",0.27,2.18570908807968
"AR 1.29 - 0.5x",150,"Rho_act",0.29,2.18570292428498
"AR 1.29 - 0.5x",150,"Rho_act",0.31,2.18577532399786
"AR 1.29 - 0.5x",150,"Rho_act",0.33,2.18591514136492
"AR 1.29 - 0.5x",150,"Rho_act",0.35,2.18619019011386
"AR 1.29 - 0.5x",150,"Rho_act",0.37,2.1866303152824
"AR 1.29 - 0.5x",150,"Rho_act",0.39,2.18734644143004
"AR 1.29 - 0.5x",150,"Rho_act",0.41,2.18889865180577
"AR 1.29 - 0.5x",150,"Rho_act",0.43,2.19067841689117
"AR 1.29 - 0.5x",150,"Rho_act",0.45,2.1935326661847
"AR 1.29 - 0.5x",150,"Rho_act",0.47,2.19756642952929
"AR 1.29 - 0.5x",150,"Rho_act",0.49,2.20147892888185
"AR 1.29 - 0.5x",150,"Rho_act",0.51,2.08102003273138
"AR 1.29 - 0.5x",150,"Rho_act",0.53,1.73193025784903
"AR 1.29 - 0.5x",150,"Rho_act",0.55,1.45746002431379
"AR 1.29 - 0.5x",150,"Rho_act",0.57,1.25314485786761
"AR 1.29 - 0.5x",150,"Rho_act",0.59,1.08084368268741
"AR 1.29 - 0.5x",150,"Rho_act",0.61,0.836784489924983
"AR 1.29 - 0.5x",150,"Rho_act",0.63,0.633850302030151
"AR 1.29 - 0.5x",150,"Rho_act",0.65,0.356764334686666
"AR 1.29 - 0.5x",150,"Rho_act",0.67,0.158777755833499
"AR 1.29 - 0.5x",150,"Rho_act",0.69,0.103985781713706
"AR 1.29 - 0.5x",150,"Rho_act",0.71,0.0785907016503908
"AR 1.29 - 0.5x",150,"Rho_act",0.73,0.0683764591112319
"AR 1.29 - 0.5x",150,"Rho_act",0.75,0.0622324790741199
"AR 1.29 - 0.5x",150,"Rho_act",0.77,0.0575763954890428
"AR 1.29 - 0.5x",150,"Rho_act",0.79,0.0554346846570186
"AR 1.29 - 0.5x",150,"Rho_act",0.81,0.0538389095517625
"AR 1.29 - 0.5x",150,"Rho_act",0.83,0.0537258541670657
"AR 1.29 - 0.5x",150,"Rho_act",0.85,0.054400759057713
"AR 1.29 - 0.5x",150,"Rho_act",0.87,0.0556878723185735
"AR 1.29 - 0.5x",150,"Rho_act",0.89,0.0575003504856623
"AR 1.29 - 0.5x",150,"Rho_act",0.91,0.0604554618552463
"AR 1.29 - 0.5x",150,"Rho_act",0.93,0.0629024718089539
"AR 1.29 - 0.5x",150,"Rho_act",0.95,0.0656110926264067
"AR 1.29 - 0.5x",150,"Rho_act",0.97,0.0683996582317466
"AR 1.29 - 0.5x",150,"Rho_act",0.99,0.0706426485340482
"AR 1.29 - 0.5x",200,"cdc42_act",0.01,0.0566670684534864
"AR 1.29 - 0.5x",200,"cdc42_act",0.03,0.056726570396721
"AR 1.29 - 0.5x",200,"cdc42_act",0.05,0.0568214119459058
"AR 1.29 - 0.5x",200,"cdc42_act",0.07,0.0569462813664235
"AR 1.29 - 0.5x",200,"cdc42_act",0.09,0.0571156735244227
"AR 1.29 - 0.5x",200,"cdc42_act",0.11,0.0573707690498341
"AR 1.29 - 0.5x",200,"cdc42_act",0.13,0.0576385555500737
"AR 1.29 - 0.5x",200,"cdc42_act",0.15,0.0579272028861143
"AR 1.29 - 0.5x",200,"cdc42_act",0.17,0.0582645680820856
"AR 1.29 - 0.5x",200,"cdc42_act",0.19,0.0586527015549712
"AR 1.29 - 0.5x",200,"cdc42_act",0.21,0.0592570514546632
"AR 1.29 - 0.5x",200,"cdc42_act",0.23,0.059800655373788
"AR 1.29 - 0.5x",200,"cdc42_act",0.25,0.0604644649868633
"AR 1.29 - 0.5x",200,"cdc42_act",0.27,0.0612091139461155
"AR 1.29 - 0.5x",200,"cdc42_act",0.29,0.062103366949899
"AR 1.29 - 0.5x",200,"cdc42_act",0.31,0.0635780409737171
"AR 1.29 - 0.5x",200,"cdc42_act",0.33,0.0649798197268398
"AR 1.29 - 0.5x",200,"cdc42_act",0.35,0.0668024029318009
"AR 1.29 - 0.5x",200,"cdc42_act",0.37,0.0690060061060087
"AR 1.29 - 0.5x",200,"cdc42_act",0.39,0.0719815535939794
"AR 1.29 - 0.5x",200,"cdc42_act",0.41,0.0773037584389072
"AR 1.29 - 0.5x",200,"cdc42_act",0.43,0.082660809305173
"AR 1.29 - 0.5x",200,"cdc42_act",0.45,0.0901526015168819
"AR 1.29 - 0.5x",200,"cdc42_act",0.47,0.0997276385058623
"AR 1.29 - 0.5x",200,"cdc42_act",0.49,0.113224304066847
"AR 1.29 - 0.5x",200,"cdc42_act",0.51,0.14307429379465
"AR 1.29 - 0.5x",200,"cdc42_act",0.53,0.209892348809496
"AR 1.29 - 0.5x",200,"cdc42_act",0.55,0.549347427237142
"AR 1.29 - 0.5x",200,"cdc42_act",0.57,0.958019356205134
"AR 1.29 - 0.5x",200,"cdc42_act",0.59,1.35603806100704
"AR 1.29 - 0.5x",200,"cdc42_act",0.61,1.93492912652644
"AR 1.29 - 0.5x",200,"cdc42_act",0.63,2.38815161973179
"AR 1.29 - 0.5x",200,"cdc42_act",0.65,2.92490522102015
"AR 1.29 - 0.5x",200,"cdc42_act",0.67,3.44265702942959
"AR 1.29 - 0.5x",200,"cdc42_act",0.69,3.85580922221665
"AR 1.29 - 0.5x",200,"cdc42_act",0.71,4.25848489085613
"AR 1.29 - 0.5x",200,"cdc42_act",0.73,4.49431680948587
"AR 1.29 - 0.5x",200,"cdc42_act",0.75,4.67298920529893
"AR 1.29 - 0.5x",200,"cdc42_act",0.77,4.8238894347834
"AR 1.29 - 0.5x",200,"cdc42_act",0.79,4.90064291298077
"AR 1.29 - 0.5x",200,"cdc42_act",0.81,4.96116474697873
"AR 1.29 - 0.5x",200,"cdc42_act",0.83,4.96885731274278
"AR 1.29 - 0.5x",200,"cdc42_act",0.85,4.94813413752584
"AR 1.29 - 0.5x",200,"cdc42_act",0.87,4.90505649072274
"AR 1.29 - 0.5x",200,"cdc42_act",0.89,4.84519307441136
"AR 1.29 - 0.5x",200,"cdc42_act",0.91,4.75122353404065
"AR 1.29 - 0.5x",200,"cdc42_act",0.93,4.67529703788996
"AR 1.29 - 0.5x",200,"cdc42_act",0.95,4.59525295570292
"AR 1.29 - 0.5x",200,"cdc42_act",0.97,4.51532415901331
"AR 1.29 - 0.5x",200,"cdc42_act",0.99,4.45415583436478
"AR 1.29 - 0.5x",200,"Rac_act",0.01,0.0528109934535443
"AR 1.29 - 0.5x",200,"Rac_act",0.03,0.0528833669494889
"AR 1.29 - 0.5x",200,"Rac_act",0.05,0.0529988428416319
"AR 1.29 - 0.5x",200,"Rac_act",0.07,0.0531510435414681
"AR 1.29 - 0.5x",200,"Rac_act",0.09,0.0533578686896894
"AR 1.29 - 0.5x",200,"Rac_act",0.11,0.0536700762905273
"AR 1.29 - 0.5x",200,"Rac_act",0.13,0.0539986055898091
"AR 1.29 - 0.5x",200,"Rac_act",0.15,0.0543540908416708
"AR 1.29 - 0.5x",200,"Rac_act",0.17,0.0547706860309682
"AR 1.29 - 0.5x",200,"Rac_act",0.19,0.0552522113834442
"AR 1.29 - 0.5x",200,"Rac_act",0.21,0.0560063172760806
"AR 1.29 - 0.5x",200,"Rac_act",0.23,0.0566886472691545
"AR 1.29 - 0.5x",200,"Rac_act",0.25,0.0575275250227768
"AR 1.29 - 0.5x",200,"Rac_act",0.27,0.0584750354299839
"AR 1.29 - 0.5x",200,"Rac_act",0.29,0.0596255152672289
"AR 1.29 - 0.5x",200,"Rac_act",0.31,0.061547951466369
"AR 1.29 - 0.5x",200,"Rac_act",0.33,0.0634007045906973
"AR 1.29 - 0.5x",200,"Rac_act",0.35,0.0658519121473446
"AR 1.29 - 0.5x",200,"Rac_act",0.37,0.0688774132971218
"AR 1.29 - 0.5x",200,"Rac_act",0.39,0.073073123476078
"AR 1.29 - 0.5x",200,"Rac_act",0.41,0.0809025121096629
"AR 1.29 - 0.5x",200,"Rac_act",0.43,0.0891667963639065
"AR 1.29 - 0.5x",200,"Rac_act",0.45,0.101570221919462
"AR 1.29 - 0.5x",200,"Rac_act",0.47,0.118644688948291
"AR 1.29 - 0.5x",200,"Rac_act",0.49,0.145981885076834
"AR 1.29 - 0.5x",200,"Rac_act",0.51,0.219531650368102
"AR 1.29 - 0.5x",200,"Rac_act",0.53,0.389401967128003
"AR 1.29 - 0.5x",200,"Rac_act",0.55,1.07146298671461
"AR 1.29 - 0.5x",200,"Rac_act",0.57,2.08999733895145
"AR 1.29 - 0.5x",200,"Rac_act",0.59,3.38772488577241
"AR 1.29 - 0.5x",200,"Rac_act",0.61,5.5464099576158
"AR 1.29 - 0.5x",200,"Rac_act",0.63,7.36031846004507
"AR 1.29 - 0.5x",200,"Rac_act",0.65,9.42818797344954
"AR 1.29 - 0.5x",200,"Rac_act",0.67,11.4718169029327
"AR 1.29 - 0.5x",200,"Rac_act",0.69,13.233888246667
"AR 1.29 - 0.5x",200,"Rac_act",0.71,15.0811753399817
"AR 1.29 - 0.5x",200,"Rac_act",0.73,16.0831663910133
"AR 1.29 - 0.5x",200,"Rac_act",0.75,16.7263401633474
"AR 1.29 - 0.5x",200,"Rac_act",0.77,17.1791098581436
"AR 1.29 - 0.5x",200,"Rac_act",0.79,17.2021245125943
"AR 1.29 - 0.5x",200,"Rac_act",0.81,16.9938838835655
"AR 1.29 - 0.5x",200,"Rac_act",0.83,16.6401375765308
"AR 1.29 - 0.5x",200,"Rac_act",0.85,16.1560820077201
"AR 1.29 - 0.5x",200,"Rac_act",0.87,15.5802029963278
"AR 1.29 - 0.5x",200,"Rac_act",0.89,14.9579586215293
"AR 1.29 - 0.5x",200,"Rac_act",0.91,14.0978035858393
"AR 1.29 - 0.5x",200,"Rac_act",0.93,13.4825695648716
"AR 1.29 - 0.5x",200,"Rac_act",0.95,12.8588728738677
"AR 1.29 - 0.5x",200,"Rac_act",0.97,12.2745220095659
"AR 1.29 - 0.5x",200,"Rac_act",0.99,11.852699866415
"AR 1.29 - 0.5x",200,"Rho_act",0.01,2.15422026233931
"AR 1.29 - 0.5x",200,"Rho_act",0.03,2.15420620971125
"AR 1.29 - 0.5x",200,"Rho_act",0.05,2.15418409244691
"AR 1.29 - 0.5x",200,"Rho_act",0.07,2.15415548588941
"AR 1.29 - 0.5x",200,"Rho_act",0.09,2.15411782688161
"AR 1.29 - 0.5x",200,"Rho_act",0.11,2.15406353565434
"AR 1.29 - 0.5x",200,"Rho_act",0.13,2.15400927478116
"AR 1.29 - 0.5x",200,"Rho_act",0.15,2.15395431158232
"AR 1.29 - 0.5x",200,"Rho_act",0.17,2.15389463586225
"AR 1.29 - 0.5x",200,"Rho_act",0.19,2.15383401937661
"AR 1.29 - 0.5x",200,"Rho_act",0.21,2.15375353195009
"AR 1.29 - 0.5x",200,"Rho_act",0.23,2.15369453831991
"AR 1.29 - 0.5x",200,"Rho_act",0.25,2.15364190754388
"AR 1.29 - 0.5x",200,"Rho_act",0.27,2.15360251387151
"AR 1.29 - 0.5x",200,"Rho_act",0.29,2.15358931716672
"AR 1.29 - 0.5x",200,"Rho_act",0.31,2.15362307121697
"AR 1.29 - 0.5x",200,"Rho_act",0.33,2.15370261479779
"AR 1.29 - 0.5x",200,"Rho_act",0.35,2.1538676467392
"AR 1.29 - 0.5x",200,"Rho_act",0.37,2.1541366145663
"AR 1.29 - 0.5x",200,"Rho_act",0.39,2.15457940011293
"AR 1.29 - 0.5x",200,"Rho_act",0.41,2.15553828619874
"AR 1.29 - 0.5x",200,"Rho_act",0.43,2.15663661796284
"AR 1.29 - 0.5x",200,"Rho_act",0.45,2.15837869677846
"AR 1.29 - 0.5x",200,"Rho_act",0.47,2.16081676256412
"AR 1.29 - 0.5x",200,"Rho_act",0.49,2.16460914172986
"AR 1.29 - 0.5x",200,"Rho_act",0.51,2.16918369169901
"AR 1.29 - 0.5x",200,"Rho_act",0.53,2.13094229459118
"AR 1.29 - 0.5x",200,"Rho_act",0.55,1.78105514536624
"AR 1.29 - 0.5x",200,"Rho_act",0.57,1.45638836430447
"AR 1.29 - 0.5x",200,"Rho_act",0.59,1.22453864497652
"AR 1.29 - 0.5x",200,"Rho_act",0.61,0.940791978497623
"AR 1.29 - 0.5x",200,"Rho_act",0.63,0.735486482597434
"AR 1.29 - 0.5x",200,"Rho_act",0.65,0.467113190037431
"AR 1.29 - 0.5x",200,"Rho_act",0.67,0.237470743346442
"AR 1.29 - 0.5x",200,"Rho_act",0.69,0.121091719120868
"AR 1.29 - 0.5x",200,"Rho_act",0.71,0.0803774669009217
"AR 1.29 - 0.5x",200,"Rho_act",0.73,0.066842376374952
"AR 1.29 - 0.5x",200,"Rho_act",0.75,0.0587684020182915
"AR 1.29 - 0.5x",200,"Rho_act",0.77,0.0524994542369072
"AR 1.29 - 0.5x",200,"Rho_act",0.79,0.0490664690924637
"AR 1.29 - 0.5x",200,"Rho_act",0.81,0.0458130143328538
"AR 1.29 - 0.5x",200,"Rho_act",0.83,0.0444829785162587
"AR 1.29 - 0.5x",200,"Rho_act",0.85,0.0438975782302641
"AR 1.29 - 0.5x",200,"Rho_act",0.87,0.043882382736161
"AR 1.29 - 0.5x",200,"Rho_act",0.89,0.0443515727414886
"AR 1.29 - 0.5x",200,"Rho_act",0.91,0.0454177849237831
"AR 1.29 - 0.5x",200,"Rho_act",0.93,0.046486493858651
"AR 1.29 - 0.5x",200,"Rho_act",0.95,0.0477059757800943
"AR 1.29 - 0.5x",200,"Rho_act",0.97,0.0490284566693004
"AR 1.29 - 0.5x",200,"Rho_act",0.99,0.0501250273254505
"AR 1.29 - 1x",10,"cdc42_act",0.01,0.337180538625363
"AR 1.29 - 1x",10,"cdc42_act",0.03,0.344092196369086
"AR 1.29 - 1x",10,"cdc42_act",0.05,0.351852966900058
"AR 1.29 - 1x",10,"cdc42_act",0.07,0.359410201115503
"AR 1.29 - 1x",10,"cdc42_act",0.09,0.367284933243974
"AR 1.29 - 1x",10,"cdc42_act",0.11,0.377883453873449
"AR 1.29 - 1x",10,"cdc42_act",0.13,0.38470877592955
"AR 1.29 - 1x",10,"cdc42_act",0.15,0.393116187482181
"AR 1.29 - 1x",10,"cdc42_act",0.17,0.401144679155715
"AR 1.29 - 1x",10,"cdc42_act",0.19,0.411941559515678
"AR 1.29 - 1x",10,"cdc42_act",0.21,0.4316646790046
"AR 1.29 - 1x",10,"cdc42_act",0.23,0.451738808177298
"AR 1.29 - 1x",10,"cdc42_act",0.25,0.482484168792179
"AR 1.29 - 1x",10,"cdc42_act",0.27,0.528935220208942
"AR 1.29 - 1x",10,"cdc42_act",0.29,0.612941355892052
"AR 1.29 - 1x",10,"cdc42_act",0.31,0.780830266929224
"AR 1.29 - 1x",10,"cdc42_act",0.33,0.925153678678927
"AR 1.29 - 1x",10,"cdc42_act",0.35,1.05564043248309
"AR 1.29 - 1x",10,"cdc42_act",0.37,1.18424684076949
"AR 1.29 - 1x",10,"cdc42_act",0.39,1.27697310261932
"AR 1.29 - 1x",10,"cdc42_act",0.41,1.39315356699247
"AR 1.29 - 1x",10,"cdc42_act",0.43,1.45100085730668
"AR 1.29 - 1x",10,"cdc42_act",0.45,1.5069204843382
"AR 1.29 - 1x",10,"cdc42_act",0.47,1.55656139106281
"AR 1.29 - 1x",10,"cdc42_act",0.49,1.60485681691769
"AR 1.29 - 1x",10,"cdc42_act",0.51,1.67722869679086
"AR 1.29 - 1x",10,"cdc42_act",0.53,1.72365723722741
"AR 1.29 - 1x",10,"cdc42_act",0.55,1.76452556301405
"AR 1.29 - 1x",10,"cdc42_act",0.57,1.79960616349617
"AR 1.29 - 1x",10,"cdc42_act",0.59,1.83053951834575
"AR 1.29 - 1x",10,"cdc42_act",0.61,1.86264317293293
"AR 1.29 - 1x",10,"cdc42_act",0.63,1.87917238226214
"AR 1.29 - 1x",10,"cdc42_act",0.65,1.89393575898849
"AR 1.29 - 1x",10,"cdc42_act",0.67,1.90776842357789
"AR 1.29 - 1x",10,"cdc42_act",0.69,1.92137926650002
"AR 1.29 - 1x",10,"cdc42_act",0.71,1.93983837250118
"AR 1.29 - 1x",10,"cdc42_act",0.73,1.95462832446836
"AR 1.29 - 1x",10,"cdc42_act",0.75,1.97018840524015
"AR 1.29 - 1x",10,"cdc42_act",0.77,1.98567985589365
"AR 1.29 - 1x",10,"cdc42_act",0.79,2.00439013524194
"AR 1.29 - 1x",10,"cdc42_act",0.81,2.03090897594502
"AR 1.29 - 1x",10,"cdc42_act",0.83,2.05230668007952
"AR 1.29 - 1x",10,"cdc42_act",0.85,2.07544345497434
"AR 1.29 - 1x",10,"cdc42_act",0.87,2.10115824642227
"AR 1.29 - 1x",10,"cdc42_act",0.89,2.12846275791893
"AR 1.29 - 1x",10,"cdc42_act",0.91,2.16645194417283
"AR 1.29 - 1x",10,"cdc42_act",0.93,2.19709757717002
"AR 1.29 - 1x",10,"cdc42_act",0.95,2.22452666080003
"AR 1.29 - 1x",10,"cdc42_act",0.97,2.25283877878895
"AR 1.29 - 1x",10,"cdc42_act",0.99,2.27550645331353
"AR 1.29 - 1x",10,"Rac_act",0.01,1.331605760085
"AR 1.29 - 1x",10,"Rac_act",0.03,1.35973215680546
"AR 1.29 - 1x",10,"Rac_act",0.05,1.3931349442381
"AR 1.29 - 1x",10,"Rac_act",0.07,1.42752436206332
"AR 1.29 - 1x",10,"Rac_act",0.09,1.46483139631157
"AR 1.29 - 1x",10,"Rac_act",0.11,1.51609351342398
"AR 1.29 - 1x",10,"Rac_act",0.13,1.55186329975895
"AR 1.29 - 1x",10,"Rac_act",0.15,1.59466178402555
"AR 1.29 - 1x",10,"Rac_act",0.17,1.63657770621007
"AR 1.29 - 1x",10,"Rac_act",0.19,1.69011701508631
"AR 1.29 - 1x",10,"Rac_act",0.21,1.78098368333933
"AR 1.29 - 1x",10,"Rac_act",0.23,1.8648672003818
"AR 1.29 - 1x",10,"Rac_act",0.25,1.97577167411124
"AR 1.29 - 1x",10,"Rac_act",0.27,2.12329835928442
"AR 1.29 - 1x",10,"Rac_act",0.29,2.35276511224775
"AR 1.29 - 1x",10,"Rac_act",0.31,2.76261497082342
"AR 1.29 - 1x",10,"Rac_act",0.33,3.0993136774064
"AR 1.29 - 1x",10,"Rac_act",0.35,3.40594177942179
"AR 1.29 - 1x",10,"Rac_act",0.37,3.71914264999619
"AR 1.29 - 1x",10,"Rac_act",0.39,3.94471001798882
"AR 1.29 - 1x",10,"Rac_act",0.41,4.2279964554929
"AR 1.29 - 1x",10,"Rac_act",0.43,4.36370354102818
"AR 1.29 - 1x",10,"Rac_act",0.45,4.49190869726429
"AR 1.29 - 1x",10,"Rac_act",0.47,4.6024819000418
"AR 1.29 - 1x",10,"Rac_act",0.49,4.70606020403396
"AR 1.29 - 1x",10,"Rac_act",0.51,4.85520707561971
"AR 1.29 - 1x",10,"Rac_act",0.53,4.94565209660657
"AR 1.29 - 1x",10,"Rac_act",0.55,5.01992938913214
"AR 1.29 - 1x",10,"Rac_act",0.57,5.08326996688509
"AR 1.29 - 1x",10,"Rac_act",0.59,5.14442081259834
"AR 1.29 - 1x",10,"Rac_act",0.61,5.21394248170323
"AR 1.29 - 1x",10,"Rac_act",0.63,5.24808610176253
"AR 1.29 - 1x",10,"Rac_act",0.65,5.27813109385937
"AR 1.29 - 1x",10,"Rac_act",0.67,5.30548018580704
"AR 1.29 - 1x",10,"Rac_act",0.69,5.33215382350633
"AR 1.29 - 1x",10,"Rac_act",0.71,5.36857744633515
"AR 1.29 - 1x",10,"Rac_act",0.73,5.3989892425097
"AR 1.29 - 1x",10,"Rac_act",0.75,5.43197240713535
"AR 1.29 - 1x",10,"Rac_act",0.77,5.46438828818502
"AR 1.29 - 1x",10,"Rac_act",0.79,5.50893829644247
"AR 1.29 - 1x",10,"Rac_act",0.81,5.57418608299238
"AR 1.29 - 1x",10,"Rac_act",0.83,5.62905001933538
"AR 1.29 - 1x",10,"Rac_act",0.85,5.69141883050228
"AR 1.29 - 1x",10,"Rac_act",0.87,5.76432464847953
"AR 1.29 - 1x",10,"Rac_act",0.89,5.84501489281295
"AR 1.29 - 1x",10,"Rac_act",0.91,5.96063598887411
"AR 1.29 - 1x",10,"Rac_act",0.93,6.05715227761194
"AR 1.29 - 1x",10,"Rac_act",0.95,6.14264835726477
"AR 1.29 - 1x",10,"Rac_act",0.97,6.23097979198493
"AR 1.29 - 1x",10,"Rac_act",0.99,6.29795897749836
"AR 1.29 - 1x",10,"Rho_act",0.01,1.96801724885938
"AR 1.29 - 1x",10,"Rho_act",0.03,1.96861414665716
"AR 1.29 - 1x",10,"Rho_act",0.05,1.96994234461499
"AR 1.29 - 1x",10,"Rho_act",0.07,1.97208521151799
"AR 1.29 - 1x",10,"Rho_act",0.09,1.97522154806846
"AR 1.29 - 1x",10,"Rho_act",0.11,1.97947647994749
"AR 1.29 - 1x",10,"Rho_act",0.13,1.98547857709822
"AR 1.29 - 1x",10,"Rho_act",0.15,1.99023368963558
"AR 1.29 - 1x",10,"Rho_act",0.17,1.99597356208231
"AR 1.29 - 1x",10,"Rho_act",0.19,1.99943913922824
"AR 1.29 - 1x",10,"Rho_act",0.21,1.99824957095362
"AR 1.29 - 1x",10,"Rho_act",0.23,1.99048179033862
"AR 1.29 - 1x",10,"Rho_act",0.25,1.96710101604049
"AR 1.29 - 1x",10,"Rho_act",0.27,1.91985893230113
"AR 1.29 - 1x",10,"Rho_act",0.29,1.82160428124248
"AR 1.29 - 1x",10,"Rho_act",0.31,1.63250654870525
"AR 1.29 - 1x",10,"Rho_act",0.33,1.48440236574847
"AR 1.29 - 1x",10,"Rho_act",0.35,1.36133639790959
"AR 1.29 - 1x",10,"Rho_act",0.37,1.2383468572786
"AR 1.29 - 1x",10,"Rho_act",0.39,1.15424229118572
"AR 1.29 - 1x",10,"Rho_act",0.41,1.04219350723443
"AR 1.29 - 1x",10,"Rho_act",0.43,0.988002552337064
"AR 1.29 - 1x",10,"Rho_act",0.45,0.931530235428235
"AR 1.29 - 1x",10,"Rho_act",0.47,0.878689896636724
"AR 1.29 - 1x",10,"Rho_act",0.49,0.822430553500219
"AR 1.29 - 1x",10,"Rho_act",0.51,0.736278545201233
"AR 1.29 - 1x",10,"Rho_act",0.53,0.680782037251717
"AR 1.29 - 1x",10,"Rho_act",0.55,0.63553450757908
"AR 1.29 - 1x",10,"Rho_act",0.57,0.600612109739407
"AR 1.29 - 1x",10,"Rho_act",0.59,0.573608832494339
"AR 1.29 - 1x",10,"Rho_act",0.61,0.548384401336233
"AR 1.29 - 1x",10,"Rho_act",0.63,0.536384613419638
"AR 1.29 - 1x",10,"Rho_act",0.65,0.526401460698132
"AR 1.29 - 1x",10,"Rho_act",0.67,0.517475268110918
"AR 1.29 - 1x",10,"Rho_act",0.69,0.509166980620245
"AR 1.29 - 1x",10,"Rho_act",0.71,0.498415450817242
"AR 1.29 - 1x",10,"Rho_act",0.73,0.490151461477147
"AR 1.29 - 1x",10,"Rho_act",0.75,0.481739142318294
"AR 1.29 - 1x",10,"Rho_act",0.77,0.473525972177326
"AR 1.29 - 1x",10,"Rho_act",0.79,0.463949268034542
"AR 1.29 - 1x",10,"Rho_act",0.81,0.450743313458382
"AR 1.29 - 1x",10,"Rho_act",0.83,0.440379011369546
"AR 1.29 - 1x",10,"Rho_act",0.85,0.429506216907426
"AR 1.29 - 1x",10,"Rho_act",0.87,0.417744692566017
"AR 1.29 - 1x",10,"Rho_act",0.89,0.405686924807708
"AR 1.29 - 1x",10,"Rho_act",0.91,0.389497917010022
"AR 1.29 - 1x",10,"Rho_act",0.93,0.376940333371804
"AR 1.29 - 1x",10,"Rho_act",0.95,0.366097096970986
"AR 1.29 - 1x",10,"Rho_act",0.97,0.355244539086864
"AR 1.29 - 1x",10,"Rho_act",0.99,0.347027422553673
"AR 1.29 - 1x",20,"cdc42_act",0.01,0.191533910747617
"AR 1.29 - 1x",20,"cdc42_act",0.03,0.190729284424847
"AR 1.29 - 1x",20,"cdc42_act",0.05,0.189484855780862
"AR 1.29 - 1x",20,"cdc42_act",0.07,0.187901974371959
"AR 1.29 - 1x",20,"cdc42_act",0.09,0.185873937677685
"AR 1.29 - 1x",20,"cdc42_act",0.11,0.183065784161883
"AR 1.29 - 1x",20,"cdc42_act",0.13,0.180378116069532
"AR 1.29 - 1x",20,"cdc42_act",0.15,0.17788818416192
"AR 1.29 - 1x",20,"cdc42_act",0.17,0.175360443630801
"AR 1.29 - 1x",20,"cdc42_act",0.19,0.173185487361977
"AR 1.29 - 1x",20,"cdc42_act",0.21,0.171153254095894
"AR 1.29 - 1x",20,"cdc42_act",0.23,0.170533008578813
"AR 1.29 - 1x",20,"cdc42_act",0.25,0.171374121020622
"AR 1.29 - 1x",20,"cdc42_act",0.27,0.174062163662438
"AR 1.29 - 1x",20,"cdc42_act",0.29,0.183684595736459
"AR 1.29 - 1x",20,"cdc42_act",0.31,0.381404258206287
"AR 1.29 - 1x",20,"cdc42_act",0.33,0.79429311537093
"AR 1.29 - 1x",20,"cdc42_act",0.35,1.09503004251397
"AR 1.29 - 1x",20,"cdc42_act",0.37,1.34823288434709
"AR 1.29 - 1x",20,"cdc42_act",0.39,1.51801477960513
"AR 1.29 - 1x",20,"cdc42_act",0.41,1.69924171384895
"AR 1.29 - 1x",20,"cdc42_act",0.43,1.77110394860706
"AR 1.29 - 1x",20,"cdc42_act",0.45,1.82459413095922
"AR 1.29 - 1x",20,"cdc42_act",0.47,1.85837624021179
"AR 1.29 - 1x",20,"cdc42_act",0.49,1.87624818461798
"AR 1.29 - 1x",20,"cdc42_act",0.51,1.91033715011977
"AR 1.29 - 1x",20,"cdc42_act",0.53,1.92998343927653
"AR 1.29 - 1x",20,"cdc42_act",0.55,1.95437885726509
"AR 1.29 - 1x",20,"cdc42_act",0.57,1.99460494790184
"AR 1.29 - 1x",20,"cdc42_act",0.59,2.12406481309371
"AR 1.29 - 1x",20,"cdc42_act",0.61,2.23236543145154
"AR 1.29 - 1x",20,"cdc42_act",0.63,2.23549696364167
"AR 1.29 - 1x",20,"cdc42_act",0.65,2.22507449286625
"AR 1.29 - 1x",20,"cdc42_act",0.67,2.20983073888754
"AR 1.29 - 1x",20,"cdc42_act",0.69,2.19309922233375
"AR 1.29 - 1x",20,"cdc42_act",0.71,2.17295044950721
"AR 1.29 - 1x",20,"cdc42_act",0.73,2.16178339029118
"AR 1.29 - 1x",20,"cdc42_act",0.75,2.15531873374618
"AR 1.29 - 1x",20,"cdc42_act",0.77,2.1515500124808
"AR 1.29 - 1x",20,"cdc42_act",0.79,2.15597933059269
"AR 1.29 - 1x",20,"cdc42_act",0.81,2.16703709168622
"AR 1.29 - 1x",20,"cdc42_act",0.83,2.17923213872813
"AR 1.29 - 1x",20,"cdc42_act",0.85,2.19432843360123
"AR 1.29 - 1x",20,"cdc42_act",0.87,2.21187390951825
"AR 1.29 - 1x",20,"cdc42_act",0.89,2.22997409488301
"AR 1.29 - 1x",20,"cdc42_act",0.91,2.25293201603348
"AR 1.29 - 1x",20,"cdc42_act",0.93,2.26915957948759
"AR 1.29 - 1x",20,"cdc42_act",0.95,2.28083705504553
"AR 1.29 - 1x",20,"cdc42_act",0.97,2.29065826051226
"AR 1.29 - 1x",20,"cdc42_act",0.99,2.29597959844561
"AR 1.29 - 1x",20,"Rac_act",0.01,0.610993666002866
"AR 1.29 - 1x",20,"Rac_act",0.03,0.607277779218567
"AR 1.29 - 1x",20,"Rac_act",0.05,0.601544925961825
"AR 1.29 - 1x",20,"Rac_act",0.07,0.594274094253583
"AR 1.29 - 1x",20,"Rac_act",0.09,0.585005640807161
"AR 1.29 - 1x",20,"Rac_act",0.11,0.572276435063578
"AR 1.29 - 1x",20,"Rac_act",0.13,0.560198733297768
"AR 1.29 - 1x",20,"Rac_act",0.15,0.549210627118474
"AR 1.29 - 1x",20,"Rac_act",0.17,0.538244504304822
"AR 1.29 - 1x",20,"Rac_act",0.19,0.529248200030007
"AR 1.29 - 1x",20,"Rac_act",0.21,0.521938810371538
"AR 1.29 - 1x",20,"Rac_act",0.23,0.52141372999115
"AR 1.29 - 1x",20,"Rac_act",0.25,0.529293946619109
"AR 1.29 - 1x",20,"Rac_act",0.27,0.548727180696218
"AR 1.29 - 1x",20,"Rac_act",0.29,0.614377068022317
"AR 1.29 - 1x",20,"Rac_act",0.31,1.31030830150793
"AR 1.29 - 1x",20,"Rac_act",0.33,2.66353685597223
"AR 1.29 - 1x",20,"Rac_act",0.35,3.87959485525443
"AR 1.29 - 1x",20,"Rac_act",0.37,4.95785168259539
"AR 1.29 - 1x",20,"Rac_act",0.39,5.68590344530028
"AR 1.29 - 1x",20,"Rac_act",0.41,6.38455392679584
"AR 1.29 - 1x",20,"Rac_act",0.43,6.5974932164154
"AR 1.29 - 1x",20,"Rac_act",0.45,6.6946040605272
"AR 1.29 - 1x",20,"Rac_act",0.47,6.69839537533772
"AR 1.29 - 1x",20,"Rac_act",0.49,6.63221267272867
"AR 1.29 - 1x",20,"Rac_act",0.51,6.58002235978056
"AR 1.29 - 1x",20,"Rac_act",0.53,6.52479344207042
"AR 1.29 - 1x",20,"Rac_act",0.55,6.49451055202663
"AR 1.29 - 1x",20,"Rac_act",0.57,6.5263449473917
"AR 1.29 - 1x",20,"Rac_act",0.59,6.79387811529991
"AR 1.29 - 1x",20,"Rac_act",0.61,7.03756820743008
"AR 1.29 - 1x",20,"Rac_act",0.63,7.0346522525133
"AR 1.29 - 1x",20,"Rac_act",0.65,6.97784907724241
"AR 1.29 - 1x",20,"Rac_act",0.67,6.90039100336346
"AR 1.29 - 1x",20,"Rac_act",0.69,6.81835221795874
"AR 1.29 - 1x",20,"Rac_act",0.71,6.72179488648197
"AR 1.29 - 1x",20,"Rac_act",0.73,6.67001635924867
"AR 1.29 - 1x",20,"Rac_act",0.75,6.64153922712621
"AR 1.29 - 1x",20,"Rac_act",0.77,6.62560226700245
"AR 1.29 - 1x",20,"Rac_act",0.79,6.6507008426299
"AR 1.29 - 1x",20,"Rac_act",0.81,6.7090050600586
"AR 1.29 - 1x",20,"Rac_act",0.83,6.77233642860819
"AR 1.29 - 1x",20,"Rac_act",0.85,6.85115653974455
"AR 1.29 - 1x",20,"Rac_act",0.87,6.94371417224441
"AR 1.29 - 1x",20,"Rac_act",0.89,7.0407142805274
"AR 1.29 - 1x",20,"Rac_act",0.91,7.1658772479969
"AR 1.29 - 1x",20,"Rac_act",0.93,7.25579385871446
"AR 1.29 - 1x",20,"Rac_act",0.95,7.32169594935765
"AR 1.29 - 1x",20,"Rac_act",0.97,7.37762769678449
"AR 1.29 - 1x",20,"Rac_act",0.99,7.40823485041054
"AR 1.29 - 1x",20,"Rho_act",0.01,2.22025298821495
"AR 1.29 - 1x",20,"Rho_act",0.03,2.2216151101307
"AR 1.29 - 1x",20,"Rho_act",0.05,2.22376193734029
"AR 1.29 - 1x",20,"Rho_act",0.07,2.2265531052578
"AR 1.29 - 1x",20,"Rho_act",0.09,2.23026779524034
"AR 1.29 - 1x",20,"Rho_act",0.11,2.2357368350048
"AR 1.29 - 1x",20,"Rho_act",0.13,2.24132949807081
"AR 1.29 - 1x",20,"Rho_act",0.15,2.24722617659564
"AR 1.29 - 1x",20,"Rho_act",0.17,2.25396047178419
"AR 1.29 - 1x",20,"Rho_act",0.19,2.26154639998322
"AR 1.29 - 1x",20,"Rho_act",0.21,2.27318595205454
"AR 1.29 - 1x",20,"Rho_act",0.23,2.28353603406056
"AR 1.29 - 1x",20,"Rho_act",0.25,2.29619726393351
"AR 1.29 - 1x",20,"Rho_act",0.27,2.31090482183667
"AR 1.29 - 1x",20,"Rho_act",0.29,2.32974935271958
"AR 1.29 - 1x",20,"Rho_act",0.31,2.14543201753334
"AR 1.29 - 1x",20,"Rho_act",0.33,1.73566921919041
"AR 1.29 - 1x",20,"Rho_act",0.35,1.50916850205143
"AR 1.29 - 1x",20,"Rho_act",0.37,1.33498586115613
"AR 1.29 - 1x",20,"Rho_act",0.39,1.22754431259686
"AR 1.29 - 1x",20,"Rho_act",0.41,1.10199178259271
"AR 1.29 - 1x",20,"Rho_act",0.43,1.04600707722303
"AR 1.29 - 1x",20,"Rho_act",0.45,0.991927167256643
"AR 1.29 - 1x",20,"Rho_act",0.47,0.946356456677316
"AR 1.29 - 1x",20,"Rho_act",0.49,0.907080515273756
"AR 1.29 - 1x",20,"Rho_act",0.51,0.83910547895108
"AR 1.29 - 1x",20,"Rho_act",0.53,0.790423472893356
"AR 1.29 - 1x",20,"Rho_act",0.55,0.73614543266452
"AR 1.29 - 1x",20,"Rho_act",0.57,0.664381259831053
"AR 1.29 - 1x",20,"Rho_act",0.59,0.476984177324922
"AR 1.29 - 1x",20,"Rho_act",0.61,0.352305457361267
"AR 1.29 - 1x",20,"Rho_act",0.63,0.34800094985927
"AR 1.29 - 1x",20,"Rho_act",0.65,0.352131781384991
"AR 1.29 - 1x",20,"Rho_act",0.67,0.358457470599122
"AR 1.29 - 1x",20,"Rho_act",0.69,0.365469471830731
"AR 1.29 - 1x",20,"Rho_act",0.71,0.373970355073601
"AR 1.29 - 1x",20,"Rho_act",0.73,0.378771604408775
"AR 1.29 - 1x",20,"Rho_act",0.75,0.381608518325978
"AR 1.29 - 1x",20,"Rho_act",0.77,0.383198929946672
"AR 1.29 - 1x",20,"Rho_act",0.79,0.381585914800578
"AR 1.29 - 1x",20,"Rho_act",0.81,0.377312572218965
"AR 1.29 - 1x",20,"Rho_act",0.83,0.372644513601289
"AR 1.29 - 1x",20,"Rho_act",0.85,0.367025381349224
"AR 1.29 - 1x",20,"Rho_act",0.87,0.360698748535315
"AR 1.29 - 1x",20,"Rho_act",0.89,0.354415698781786
"AR 1.29 - 1x",20,"Rho_act",0.91,0.346745129818268
"AR 1.29 - 1x",20,"Rho_act",0.93,0.341522257037704
"AR 1.29 - 1x",20,"Rho_act",0.95,0.33789787571388
"AR 1.29 - 1x",20,"Rho_act",0.97,0.334919080010658
"AR 1.29 - 1x",20,"Rho_act",0.99,0.333347617672314
"AR 1.29 - 1x",50,"cdc42_act",0.01,0.0704271938537626
"AR 1.29 - 1x",50,"cdc42_act",0.03,0.0704946144149644
"AR 1.29 - 1x",50,"cdc42_act",0.05,0.0706093602396797
"AR 1.29 - 1x",50,"cdc42_act",0.07,0.0707713911083238
"AR 1.29 - 1x",50,"cdc42_act",0.09,0.0710168663829528
"AR 1.29 - 1x",50,"cdc42_act",0.11,0.0714500474079368
"AR 1.29 - 1x",50,"cdc42_act",0.13,0.0719651796177469
"AR 1.29 - 1x",50,"cdc42_act",0.15,0.0726570901216493
"AR 1.29 - 1x",50,"cdc42_act",0.17,0.073584804335064
"AR 1.29 - 1x",50,"cdc42_act",0.19,0.0749410735481881
"AR 1.29 - 1x",50,"cdc42_act",0.21,0.0776530595237147
"AR 1.29 - 1x",50,"cdc42_act",0.23,0.0806566347004683
"AR 1.29 - 1x",50,"cdc42_act",0.25,0.0851490523812613
"AR 1.29 - 1x",50,"cdc42_act",0.27,0.0911837228820407
"AR 1.29 - 1x",50,"cdc42_act",0.29,0.100585370960054
"AR 1.29 - 1x",50,"cdc42_act",0.31,0.125335549882785
"AR 1.29 - 1x",50,"cdc42_act",0.33,0.212903776436841
"AR 1.29 - 1x",50,"cdc42_act",0.35,0.668973175333281
"AR 1.29 - 1x",50,"cdc42_act",0.37,1.08337149973622
"AR 1.29 - 1x",50,"cdc42_act",0.39,1.43037726615205
"AR 1.29 - 1x",50,"cdc42_act",0.41,1.8472239024435
"AR 1.29 - 1x",50,"cdc42_act",0.43,2.07013499974375
"AR 1.29 - 1x",50,"cdc42_act",0.45,2.23641975362885
"AR 1.29 - 1x",50,"cdc42_act",0.47,2.34499946943552
"AR 1.29 - 1x",50,"cdc42_act",0.49,2.39196448173747
"AR 1.29 - 1x",50,"cdc42_act",0.51,2.41797237555956
"AR 1.29 - 1x",50,"cdc42_act",0.53,2.40036624275104
"AR 1.29 - 1x",50,"cdc42_act",0.55,2.36736100415808
"AR 1.29 - 1x",50,"cdc42_act",0.57,2.3340104378774
"AR 1.29 - 1x",50,"cdc42_act",0.59,2.32996953241565
"AR 1.29 - 1x",50,"cdc42_act",0.61,2.43647470393678
"AR 1.29 - 1x",50,"cdc42_act",0.63,2.66362826411345
"AR 1.29 - 1x",50,"cdc42_act",0.65,2.82177523488319
"AR 1.29 - 1x",50,"cdc42_act",0.67,2.87268672566444
"AR 1.29 - 1x",50,"cdc42_act",0.69,2.8916483678627
"AR 1.29 - 1x",50,"cdc42_act",0.71,2.89305416301226
"AR 1.29 - 1x",50,"cdc42_act",0.73,2.87990715193188
"AR 1.29 - 1x",50,"cdc42_act",0.75,2.85481169079094
"AR 1.29 - 1x",50,"cdc42_act",0.77,2.81985688059736
"AR 1.29 - 1x",50,"cdc42_act",0.79,2.78614067521802
"AR 1.29 - 1x",50,"cdc42_act",0.81,2.7373994248938
"AR 1.29 - 1x",50,"cdc42_act",0.83,2.70143052550142
"AR 1.29 - 1x",50,"cdc42_act",0.85,2.66862230078978
"AR 1.29 - 1x",50,"cdc42_act",0.87,2.64153880377503
"AR 1.29 - 1x",50,"cdc42_act",0.89,2.61957119409999
"AR 1.29 - 1x",50,"cdc42_act",0.91,2.59318824424633
"AR 1.29 - 1x",50,"cdc42_act",0.93,2.58045558609099
"AR 1.29 - 1x",50,"cdc42_act",0.95,2.56329206200772
"AR 1.29 - 1x",50,"cdc42_act",0.97,2.54941430064475
"AR 1.29 - 1x",50,"cdc42_act",0.99,2.53970358966988
"AR 1.29 - 1x",50,"Rac_act",0.01,0.109350801999828
"AR 1.29 - 1x",50,"Rac_act",0.03,0.10946860289859
"AR 1.29 - 1x",50,"Rac_act",0.05,0.109672845050611
"AR 1.29 - 1x",50,"Rac_act",0.07,0.109966560992641
"AR 1.29 - 1x",50,"Rac_act",0.09,0.110423313369523
"AR 1.29 - 1x",50,"Rac_act",0.11,0.111255747622895
"AR 1.29 - 1x",50,"Rac_act",0.13,0.1122691627235
"AR 1.29 - 1x",50,"Rac_act",0.15,0.11367677139265
"AR 1.29 - 1x",50,"Rac_act",0.17,0.115602793249739
"AR 1.29 - 1x",50,"Rac_act",0.19,0.118506245790351
"AR 1.29 - 1x",50,"Rac_act",0.21,0.124509927352694
"AR 1.29 - 1x",50,"Rac_act",0.23,0.131392069579758
"AR 1.29 - 1x",50,"Rac_act",0.25,0.142212034409199
"AR 1.29 - 1x",50,"Rac_act",0.27,0.15759305416599
"AR 1.29 - 1x",50,"Rac_act",0.29,0.184437769535417
"AR 1.29 - 1x",50,"Rac_act",0.31,0.271359703978176
"AR 1.29 - 1x",50,"Rac_act",0.33,0.556358493025006
"AR 1.29 - 1x",50,"Rac_act",0.35,1.7507030455835
"AR 1.29 - 1x",50,"Rac_act",0.37,3.2625802867229
"AR 1.29 - 1x",50,"Rac_act",0.39,4.93339468273825
"AR 1.29 - 1x",50,"Rac_act",0.41,7.1795379864534
"AR 1.29 - 1x",50,"Rac_act",0.43,8.47218702784201
"AR 1.29 - 1x",50,"Rac_act",0.45,9.34900831284273
"AR 1.29 - 1x",50,"Rac_act",0.47,9.80401432660023
"AR 1.29 - 1x",50,"Rac_act",0.49,9.81849932292229
"AR 1.29 - 1x",50,"Rac_act",0.51,9.54800795405011
"AR 1.29 - 1x",50,"Rac_act",0.53,9.14522991194764
"AR 1.29 - 1x",50,"Rac_act",0.55,8.67636648538294
"AR 1.29 - 1x",50,"Rac_act",0.57,8.22339785987344
"AR 1.29 - 1x",50,"Rac_act",0.59,7.89949267144575
"AR 1.29 - 1x",50,"Rac_act",0.61,7.85455317626393
"AR 1.29 - 1x",50,"Rac_act",0.63,8.16391353881766
"AR 1.29 - 1x",50,"Rac_act",0.65,8.52594868474659
"AR 1.29 - 1x",50,"Rac_act",0.67,8.73517957393644
"AR 1.29 - 1x",50,"Rac_act",0.69,8.85882965872139
"AR 1.29 - 1x",50,"Rac_act",0.71,8.91792604861685
"AR 1.29 - 1x",50,"Rac_act",0.73,8.88682705172516
"AR 1.29 - 1x",50,"Rac_act",0.75,8.78334821253422
"AR 1.29 - 1x",50,"Rac_act",0.77,8.61789750988424
"AR 1.29 - 1x",50,"Rac_act",0.79,8.46453301557961
"AR 1.29 - 1x",50,"Rac_act",0.81,8.23880165431947
"AR 1.29 - 1x",50,"Rac_act",0.83,8.07867179423952
"AR 1.29 - 1x",50,"Rac_act",0.85,7.94210554059569
"AR 1.29 - 1x",50,"Rac_act",0.87,7.84226838231251
"AR 1.29 - 1x",50,"Rac_act",0.89,7.77469428119771
"AR 1.29 - 1x",50,"Rac_act",0.91,7.70609325468077
"AR 1.29 - 1x",50,"Rac_act",0.93,7.69098250143087
"AR 1.29 - 1x",50,"Rac_act",0.95,7.65588122352393
"AR 1.29 - 1x",50,"Rac_act",0.97,7.6350748516511
"AR 1.29 - 1x",50,"Rac_act",0.99,7.62168774994543
"AR 1.29 - 1x",50,"Rho_act",0.01,2.36151759578827
"AR 1.29 - 1x",50,"Rho_act",0.03,2.36151605034293
"AR 1.29 - 1x",50,"Rho_act",0.05,2.36151614525993
"AR 1.29 - 1x",50,"Rho_act",0.07,2.36152015860158
"AR 1.29 - 1x",50,"Rho_act",0.09,2.36153539987185
"AR 1.29 - 1x",50,"Rho_act",0.11,2.36158305340661
"AR 1.29 - 1x",50,"Rho_act",0.13,2.3616625151808
"AR 1.29 - 1x",50,"Rho_act",0.15,2.36180713471773
"AR 1.29 - 1x",50,"Rho_act",0.17,2.36203635526738
"AR 1.29 - 1x",50,"Rho_act",0.19,2.3624352908915
"AR 1.29 - 1x",50,"Rho_act",0.21,2.36335680560172
"AR 1.29 - 1x",50,"Rho_act",0.23,2.36449604649767
"AR 1.29 - 1x",50,"Rho_act",0.25,2.36638634136003
"AR 1.29 - 1x",50,"Rho_act",0.27,2.36914375962582
"AR 1.29 - 1x",50,"Rho_act",0.29,2.37398977061095
"AR 1.29 - 1x",50,"Rho_act",0.31,2.38199073537943
"AR 1.29 - 1x",50,"Rho_act",0.33,2.31222820492925
"AR 1.29 - 1x",50,"Rho_act",0.35,1.85729303039412
"AR 1.29 - 1x",50,"Rho_act",0.37,1.57567482750522
"AR 1.29 - 1x",50,"Rho_act",0.39,1.42150422205477
"AR 1.29 - 1x",50,"Rho_act",0.41,1.27213893514143
"AR 1.29 - 1x",50,"Rho_act",0.43,1.2121866283734
"AR 1.29 - 1x",50,"Rho_act",0.45,1.166029029655
"AR 1.29 - 1x",50,"Rho_act",0.47,1.13094266278386
"AR 1.29 - 1x",50,"Rho_act",0.49,1.10321623350682
"AR 1.29 - 1x",50,"Rho_act",0.51,1.05978808554523
"AR 1.29 - 1x",50,"Rho_act",0.53,1.03093710211292
"AR 1.29 - 1x",50,"Rho_act",0.55,0.998529756234145
"AR 1.29 - 1x",50,"Rho_act",0.57,0.959602039686618
"AR 1.29 - 1x",50,"Rho_act",0.59,0.894205217950505
"AR 1.29 - 1x",50,"Rho_act",0.61,0.702751952807828
"AR 1.29 - 1x",50,"Rho_act",0.63,0.36274191481509
"AR 1.29 - 1x",50,"Rho_act",0.65,0.210601730392256
"AR 1.29 - 1x",50,"Rho_act",0.67,0.180880195667463
"AR 1.29 - 1x",50,"Rho_act",0.69,0.173570951939833
"AR 1.29 - 1x",50,"Rho_act",0.71,0.172674587038464
"AR 1.29 - 1x",50,"Rho_act",0.73,0.175711460217209
"AR 1.29 - 1x",50,"Rho_act",0.75,0.180863169991791
"AR 1.29 - 1x",50,"Rho_act",0.77,0.187275036827188
"AR 1.29 - 1x",50,"Rho_act",0.79,0.19330083743774
"AR 1.29 - 1x",50,"Rho_act",0.81,0.201282157765168
"AR 1.29 - 1x",50,"Rho_act",0.83,0.206826955854146
"AR 1.29 - 1x",50,"Rho_act",0.85,0.211664796768378
"AR 1.29 - 1x",50,"Rho_act",0.87,0.215604062313201
"AR 1.29 - 1x",50,"Rho_act",0.89,0.218816399495977
"AR 1.29 - 1x",50,"Rho_act",0.91,0.222886794647603
"AR 1.29 - 1x",50,"Rho_act",0.93,0.22503140877224
"AR 1.29 - 1x",50,"Rho_act",0.95,0.228209103420914
"AR 1.29 - 1x",50,"Rho_act",0.97,0.231020714996768
"AR 1.29 - 1x",50,"Rho_act",0.99,0.233138235166882
"AR 1.29 - 1x",100,"cdc42_act",0.01,0.0558869584682591
"AR 1.29 - 1x",100,"cdc42_act",0.03,0.055986382219228
"AR 1.29 - 1x",100,"cdc42_act",0.05,0.0561484618088354
"AR 1.29 - 1x",100,"cdc42_act",0.07,0.0563673363282943
"AR 1.29 - 1x",100,"cdc42_act",0.09,0.0566773623476132
"AR 1.29 - 1x",100,"cdc42_act",0.11,0.0571775675991516
"AR 1.29 - 1x",100,"cdc42_act",0.13,0.0577349925125718
"AR 1.29 - 1x",100,"cdc42_act",0.15,0.0584110523100601
"AR 1.29 - 1x",100,"cdc42_act",0.17,0.0592684200152436
"AR 1.29 - 1x",100,"cdc42_act",0.19,0.060420010300256
"AR 1.29 - 1x",100,"cdc42_act",0.21,0.0625646861311935
"AR 1.29 - 1x",100,"cdc42_act",0.23,0.0648334856912822
"AR 1.29 - 1x",100,"cdc42_act",0.25,0.0681150241062182
"AR 1.29 - 1x",100,"cdc42_act",0.27,0.0724214108792301
"AR 1.29 - 1x",100,"cdc42_act",0.29,0.0789327051018878
"AR 1.29 - 1x",100,"cdc42_act",0.31,0.0921931979120451
"AR 1.29 - 1x",100,"cdc42_act",0.33,0.107309299242464
"AR 1.29 - 1x",100,"cdc42_act",0.35,0.153169342909887
"AR 1.29 - 1x",100,"cdc42_act",0.37,0.481501822929851
"AR 1.29 - 1x",100,"cdc42_act",0.39,0.923006948942856
"AR 1.29 - 1x",100,"cdc42_act",0.41,1.45619197964404
"AR 1.29 - 1x",100,"cdc42_act",0.43,1.79552014800201
"AR 1.29 - 1x",100,"cdc42_act",0.45,2.09875341495354
"AR 1.29 - 1x",100,"cdc42_act",0.47,2.34128814677509
"AR 1.29 - 1x",100,"cdc42_act",0.49,2.50738308861247
"AR 1.29 - 1x",100,"cdc42_act",0.51,2.65545424285586
"AR 1.29 - 1x",100,"cdc42_act",0.53,2.69316713988526
"AR 1.29 - 1x",100,"cdc42_act",0.55,2.67976093502339
"AR 1.29 - 1x",100,"cdc42_act",0.57,2.63790722125265
"AR 1.29 - 1x",100,"cdc42_act",0.59,2.59373956368175
"AR 1.29 - 1x",100,"cdc42_act",0.61,2.57835664778215
"AR 1.29 - 1x",100,"cdc42_act",0.63,2.5602112233885
"AR 1.29 - 1x",100,"cdc42_act",0.65,2.6124241498821
"AR 1.29 - 1x",100,"cdc42_act",0.67,2.73051003991886
"AR 1.29 - 1x",100,"cdc42_act",0.69,2.98504284466227
"AR 1.29 - 1x",100,"cdc42_act",0.71,3.20234668354721
"AR 1.29 - 1x",100,"cdc42_act",0.73,3.27335171378876
"AR 1.29 - 1x",100,"cdc42_act",0.75,3.31683739884076
"AR 1.29 - 1x",100,"cdc42_act",0.77,3.34010848612083
"AR 1.29 - 1x",100,"cdc42_act",0.79,3.32998685131865
"AR 1.29 - 1x",100,"cdc42_act",0.81,3.28434992696326
"AR 1.29 - 1x",100,"cdc42_act",0.83,3.22288782494878
"AR 1.29 - 1x",100,"cdc42_act",0.85,3.1409094419684
"AR 1.29 - 1x",100,"cdc42_act",0.87,3.04940416463818
"AR 1.29 - 1x",100,"cdc42_act",0.89,2.94910282004086
"AR 1.29 - 1x",100,"cdc42_act",0.91,2.80252537270119
"AR 1.29 - 1x",100,"cdc42_act",0.93,2.70076282454317
"AR 1.29 - 1x",100,"cdc42_act",0.95,2.58149057360038
"AR 1.29 - 1x",100,"cdc42_act",0.97,2.46880281632315
"AR 1.29 - 1x",100,"cdc42_act",0.99,2.38361218031822
"AR 1.29 - 1x",100,"Rac_act",0.01,0.0652175317341503
"AR 1.29 - 1x",100,"Rac_act",0.03,0.0653642960478451
"AR 1.29 - 1x",100,"Rac_act",0.05,0.0656043750491979
"AR 1.29 - 1x",100,"Rac_act",0.07,0.0659297896412575
"AR 1.29 - 1x",100,"Rac_act",0.09,0.0663935323753911
"AR 1.29 - 1x",100,"Rac_act",0.11,0.0671484029144295
"AR 1.29 - 1x",100,"Rac_act",0.13,0.0679964388229386
"AR 1.29 - 1x",100,"Rac_act",0.15,0.0690391848662523
"AR 1.29 - 1x",100,"Rac_act",0.17,0.0703746827498017
"AR 1.29 - 1x",100,"Rac_act",0.19,0.0721999049051363
"AR 1.29 - 1x",100,"Rac_act",0.21,0.0756743019210582
"AR 1.29 - 1x",100,"Rac_act",0.23,0.0794390639740112
"AR 1.29 - 1x",100,"Rac_act",0.25,0.0850768937711555
"AR 1.29 - 1x",100,"Rac_act",0.27,0.0927725955491183
"AR 1.29 - 1x",100,"Rac_act",0.29,0.105296365514886
"AR 1.29 - 1x",100,"Rac_act",0.31,0.134124227664502
"AR 1.29 - 1x",100,"Rac_act",0.33,0.173498939241874
"AR 1.29 - 1x",100,"Rac_act",0.35,0.315919496231494
"AR 1.29 - 1x",100,"Rac_act",0.37,1.04030307293727
"AR 1.29 - 1x",100,"Rac_act",0.39,2.41814142361529
"AR 1.29 - 1x",100,"Rac_act",0.41,4.73878415828719
"AR 1.29 - 1x",100,"Rac_act",0.43,6.59036363798524
"AR 1.29 - 1x",100,"Rac_act",0.45,8.37962696821502
"AR 1.29 - 1x",100,"Rac_act",0.47,9.8304150299252
"AR 1.29 - 1x",100,"Rac_act",0.49,10.7267724606543
"AR 1.29 - 1x",100,"Rac_act",0.51,11.2743833281687
"AR 1.29 - 1x",100,"Rac_act",0.53,11.1763805564019
"AR 1.29 - 1x",100,"Rac_act",0.55,10.749294752314
"AR 1.29 - 1x",100,"Rac_act",0.57,10.1739533546501
"AR 1.29 - 1x",100,"Rac_act",0.59,9.58354427747912
"AR 1.29 - 1x",100,"Rac_act",0.61,8.98586690277274
"AR 1.29 - 1x",100,"Rac_act",0.63,8.53835801125873
"AR 1.29 - 1x",100,"Rac_act",0.65,8.34883452237944
"AR 1.29 - 1x",100,"Rac_act",0.67,8.3636048350446
"AR 1.29 - 1x",100,"Rac_act",0.69,8.7455706642585
"AR 1.29 - 1x",100,"Rac_act",0.71,9.30499606331847
"AR 1.29 - 1x",100,"Rac_act",0.73,9.64500015894524
"AR 1.29 - 1x",100,"Rac_act",0.75,9.91426731934138
"AR 1.29 - 1x",100,"Rac_act",0.77,10.0853582158481
"AR 1.29 - 1x",100,"Rac_act",0.79,10.0856752071637
"AR 1.29 - 1x",100,"Rac_act",0.81,9.8850279401362
"AR 1.29 - 1x",100,"Rac_act",0.83,9.57266363973451
"AR 1.29 - 1x",100,"Rac_act",0.85,9.14765576090785
"AR 1.29 - 1x",100,"Rac_act",0.87,8.68279450828418
"AR 1.29 - 1x",100,"Rac_act",0.89,8.18690963960054
"AR 1.29 - 1x",100,"Rac_act",0.91,7.48300589382383
"AR 1.29 - 1x",100,"Rac_act",0.93,7.01697799074259
"AR 1.29 - 1x",100,"Rac_act",0.95,6.48394145645714
"AR 1.29 - 1x",100,"Rac_act",0.97,6.00016051148346
"AR 1.29 - 1x",100,"Rac_act",0.99,5.65032323807782
"AR 1.29 - 1x",100,"Rho_act",0.01,2.29669398956858
"AR 1.29 - 1x",100,"Rho_act",0.03,2.29662561182738
"AR 1.29 - 1x",100,"Rho_act",0.05,2.29651925709495
"AR 1.29 - 1x",100,"Rho_act",0.07,2.29638327789685
"AR 1.29 - 1x",100,"Rho_act",0.09,2.29620816056383
"AR 1.29 - 1x",100,"Rho_act",0.11,2.29596563515064
"AR 1.29 - 1x",100,"Rho_act",0.13,2.29573484472743
"AR 1.29 - 1x",100,"Rho_act",0.15,2.29552739437487
"AR 1.29 - 1x",100,"Rho_act",0.17,2.29532722265717
"AR 1.29 - 1x",100,"Rho_act",0.19,2.29518432135809
"AR 1.29 - 1x",100,"Rho_act",0.21,2.29514128531217
"AR 1.29 - 1x",100,"Rho_act",0.23,2.29528128531765
"AR 1.29 - 1x",100,"Rho_act",0.25,2.29572573672247
"AR 1.29 - 1x",100,"Rho_act",0.27,2.29655131976424
"AR 1.29 - 1x",100,"Rho_act",0.29,2.29824590365499
"AR 1.29 - 1x",100,"Rho_act",0.31,2.30261079881025
"AR 1.29 - 1x",100,"Rho_act",0.33,2.30843152544047
"AR 1.29 - 1x",100,"Rho_act",0.35,2.29510373438936
"AR 1.29 - 1x",100,"Rho_act",0.37,1.94661075830089
"AR 1.29 - 1x",100,"Rho_act",0.39,1.63087350423168
"AR 1.29 - 1x",100,"Rho_act",0.41,1.38901756343996
"AR 1.29 - 1x",100,"Rho_act",0.43,1.29491694958288
"AR 1.29 - 1x",100,"Rho_act",0.45,1.22716400311654
"AR 1.29 - 1x",100,"Rho_act",0.47,1.18333069564305
"AR 1.29 - 1x",100,"Rho_act",0.49,1.15725785473105
"AR 1.29 - 1x",100,"Rho_act",0.51,1.12322407733298
"AR 1.29 - 1x",100,"Rho_act",0.53,1.10807920476371
"AR 1.29 - 1x",100,"Rho_act",0.55,1.09573874900689
"AR 1.29 - 1x",100,"Rho_act",0.57,1.08394106036891
"AR 1.29 - 1x",100,"Rho_act",0.59,1.05988915496241
"AR 1.29 - 1x",100,"Rho_act",0.61,0.992712932531051
"AR 1.29 - 1x",100,"Rho_act",0.63,0.935502654066984
"AR 1.29 - 1x",100,"Rho_act",0.65,0.823442559298335
"AR 1.29 - 1x",100,"Rho_act",0.67,0.645992598370242
"AR 1.29 - 1x",100,"Rho_act",0.69,0.327832741193922
"AR 1.29 - 1x",100,"Rho_act",0.71,0.147174702909004
"AR 1.29 - 1x",100,"Rho_act",0.73,0.125000242690228
"AR 1.29 - 1x",100,"Rho_act",0.75,0.1175226006101
"AR 1.29 - 1x",100,"Rho_act",0.77,0.114820641123319
"AR 1.29 - 1x",100,"Rho_act",0.79,0.116497998927249
"AR 1.29 - 1x",100,"Rho_act",0.81,0.122008310282904
"AR 1.29 - 1x",100,"Rho_act",0.83,0.128476411306887
"AR 1.29 - 1x",100,"Rho_act",0.85,0.136765089037767
"AR 1.29 - 1x",100,"Rho_act",0.87,0.146181633046349
"AR 1.29 - 1x",100,"Rho_act",0.89,0.156904601544201
"AR 1.29 - 1x",100,"Rho_act",0.91,0.173632423855165
"AR 1.29 - 1x",100,"Rho_act",0.93,0.186615692959964
"AR 1.29 - 1x",100,"Rho_act",0.95,0.20334666324136
"AR 1.29 - 1x",100,"Rho_act",0.97,0.221503714638098
"AR 1.29 - 1x",100,"Rho_act",0.99,0.237903214451522
"AR 1.29 - 1x",150,"cdc42_act",0.01,0.0536160783322902
"AR 1.29 - 1x",150,"cdc42_act",0.03,0.0537103972746159
"AR 1.29 - 1x",150,"cdc42_act",0.05,0.0538632385696899
"AR 1.29 - 1x",150,"cdc42_act",0.07,0.0540683596123891
"AR 1.29 - 1x",150,"cdc42_act",0.09,0.0543559555177992
"AR 1.29 - 1x",150,"cdc42_act",0.11,0.0548127493332067
"AR 1.29 - 1x",150,"cdc42_act",0.13,0.0553156979492362
"AR 1.29 - 1x",150,"cdc42_act",0.15,0.0559110491097048
"AR 1.29 - 1x",150,"cdc42_act",0.17,0.0566560264659593
"AR 1.29 - 1x",150,"cdc42_act",0.19,0.0576324878522934
"AR 1.29 - 1x",150,"cdc42_act",0.21,0.0594073543132098
"AR 1.29 - 1x",150,"cdc42_act",0.23,0.0612526822005289
"AR 1.29 - 1x",150,"cdc42_act",0.25,0.0638846590409023
"AR 1.29 - 1x",150,"cdc42_act",0.27,0.0672997986192176
"AR 1.29 - 1x",150,"cdc42_act",0.29,0.0723928425790307
"AR 1.29 - 1x",150,"cdc42_act",0.31,0.0826787985030098
"AR 1.29 - 1x",150,"cdc42_act",0.33,0.0940731272984891
"AR 1.29 - 1x",150,"cdc42_act",0.35,0.112904443995477
"AR 1.29 - 1x",150,"cdc42_act",0.37,0.166571129873382
"AR 1.29 - 1x",150,"cdc42_act",0.39,0.544944487475249
"AR 1.29 - 1x",150,"cdc42_act",0.41,1.11863506238901
"AR 1.29 - 1x",150,"cdc42_act",0.43,1.49542835093754
"AR 1.29 - 1x",150,"cdc42_act",0.45,1.85074186250691
"AR 1.29 - 1x",150,"cdc42_act",0.47,2.1656130348795
"AR 1.29 - 1x",150,"cdc42_act",0.49,2.41761659164628
"AR 1.29 - 1x",150,"cdc42_act",0.51,2.67826508076718
"AR 1.29 - 1x",150,"cdc42_act",0.53,2.79272399200514
"AR 1.29 - 1x",150,"cdc42_act",0.55,2.83996906782824
"AR 1.29 - 1x",150,"cdc42_act",0.57,2.84158522417867
"AR 1.29 - 1x",150,"cdc42_act",0.59,2.82109946911427
"AR 1.29 - 1x",150,"cdc42_act",0.61,2.81245795460424
"AR 1.29 - 1x",150,"cdc42_act",0.63,2.77298527121348
"AR 1.29 - 1x",150,"cdc42_act",0.65,2.76925570206627
"AR 1.29 - 1x",150,"cdc42_act",0.67,2.77991611011192
"AR 1.29 - 1x",150,"cdc42_act",0.69,2.82672371601075
"AR 1.29 - 1x",150,"cdc42_act",0.71,2.99607711575123
"AR 1.29 - 1x",150,"cdc42_act",0.73,3.22612236482847
"AR 1.29 - 1x",150,"cdc42_act",0.75,3.38706416257286
"AR 1.29 - 1x",150,"cdc42_act",0.77,3.47550139429697
"AR 1.29 - 1x",150,"cdc42_act",0.79,3.5073536959608
"AR 1.29 - 1x",150,"cdc42_act",0.81,3.51844735944084
"AR 1.29 - 1x",150,"cdc42_act",0.83,3.48705156609895
"AR 1.29 - 1x",150,"cdc42_act",0.85,3.41827941245296
"AR 1.29 - 1x",150,"cdc42_act",0.87,3.32281031655196
"AR 1.29 - 1x",150,"cdc42_act",0.89,3.20012098940139
"AR 1.29 - 1x",150,"cdc42_act",0.91,3.00353027372325
"AR 1.29 - 1x",150,"cdc42_act",0.93,2.85488931776933
"AR 1.29 - 1x",150,"cdc42_act",0.95,2.6758583160103
"AR 1.29 - 1x",150,"cdc42_act",0.97,2.50164176139662
"AR 1.29 - 1x",150,"cdc42_act",0.99,2.36754162491409
"AR 1.29 - 1x",150,"Rac_act",0.01,0.0562656168326969
"AR 1.29 - 1x",150,"Rac_act",0.03,0.0563932573783775
"AR 1.29 - 1x",150,"Rac_act",0.05,0.0566005817672727
"AR 1.29 - 1x",150,"Rac_act",0.07,0.0568794736245575
"AR 1.29 - 1x",150,"Rac_act",0.09,0.0572720061184182
"AR 1.29 - 1x",150,"Rac_act",0.11,0.0578990566049691
"AR 1.29 - 1x",150,"Rac_act",0.13,0.0585931033088462
"AR 1.29 - 1x",150,"Rac_act",0.15,0.059423003951268
"AR 1.29 - 1x",150,"Rac_act",0.17,0.0604683917384483
"AR 1.29 - 1x",150,"Rac_act",0.19,0.061856149336025
"AR 1.29 - 1x",150,"Rac_act",0.21,0.0644216558926668
"AR 1.29 - 1x",150,"Rac_act",0.23,0.0671391996190981
"AR 1.29 - 1x",150,"Rac_act",0.25,0.0711198563975033
"AR 1.29 - 1x",150,"Rac_act",0.27,0.0764443881903016
"AR 1.29 - 1x",150,"Rac_act",0.29,0.0848483688542637
"AR 1.29 - 1x",150,"Rac_act",0.31,0.103448002577895
"AR 1.29 - 1x",150,"Rac_act",0.33,0.126778980841411
"AR 1.29 - 1x",150,"Rac_act",0.35,0.175432315545175
"AR 1.29 - 1x",150,"Rac_act",0.37,0.327563401548846
"AR 1.29 - 1x",150,"Rac_act",0.39,1.17803440564539
"AR 1.29 - 1x",150,"Rac_act",0.41,3.06643656120552
"AR 1.29 - 1x",150,"Rac_act",0.43,4.78586012472002
"AR 1.29 - 1x",150,"Rac_act",0.45,6.71644244367439
"AR 1.29 - 1x",150,"Rac_act",0.47,8.55053974699628
"AR 1.29 - 1x",150,"Rac_act",0.49,10.02825211866
"AR 1.29 - 1x",150,"Rac_act",0.51,11.3824852700313
"AR 1.29 - 1x",150,"Rac_act",0.53,11.8108366097011
"AR 1.29 - 1x",150,"Rac_act",0.55,11.7601908020306
"AR 1.29 - 1x",150,"Rac_act",0.57,11.4264879544941
"AR 1.29 - 1x",150,"Rac_act",0.59,10.9383903361373
"AR 1.29 - 1x",150,"Rac_act",0.61,10.3413737860955
"AR 1.29 - 1x",150,"Rac_act",0.63,9.7769856971354
"AR 1.29 - 1x",150,"Rac_act",0.65,9.37019357901873
"AR 1.29 - 1x",150,"Rac_act",0.67,9.0317862112211
"AR 1.29 - 1x",150,"Rac_act",0.69,8.83313770179045
"AR 1.29 - 1x",150,"Rac_act",0.71,8.91394851162449
"AR 1.29 - 1x",150,"Rac_act",0.73,9.27093581150231
"AR 1.29 - 1x",150,"Rac_act",0.75,9.69350489348668
"AR 1.29 - 1x",150,"Rac_act",0.77,10.0773944997951
"AR 1.29 - 1x",150,"Rac_act",0.79,10.2750239052686
"AR 1.29 - 1x",150,"Rac_act",0.81,10.3880576996287
"AR 1.29 - 1x",150,"Rac_act",0.83,10.2500879894011
"AR 1.29 - 1x",150,"Rac_act",0.85,9.89106957619415
"AR 1.29 - 1x",150,"Rac_act",0.87,9.38520326779332
"AR 1.29 - 1x",150,"Rac_act",0.89,8.73712961702278
"AR 1.29 - 1x",150,"Rac_act",0.91,7.72390591135674
"AR 1.29 - 1x",150,"Rac_act",0.93,6.99872343942254
"AR 1.29 - 1x",150,"Rac_act",0.95,6.15980083837523
"AR 1.29 - 1x",150,"Rac_act",0.97,5.39455108048486
"AR 1.29 - 1x",150,"Rac_act",0.99,4.85206958635831
"AR 1.29 - 1x",150,"Rho_act",0.01,2.24806197568076
"AR 1.29 - 1x",150,"Rho_act",0.03,2.24802843000241
"AR 1.29 - 1x",150,"Rho_act",0.05,2.24797655174231
"AR 1.29 - 1x",150,"Rho_act",0.07,2.24791025701018
"AR 1.29 - 1x",150,"Rho_act",0.09,2.24782501534237
"AR 1.29 - 1x",150,"Rho_act",0.11,2.24770787432298
"AR 1.29 - 1x",150,"Rho_act",0.13,2.2475969824761
"AR 1.29 - 1x",150,"Rho_act",0.15,2.24750365628957
"AR 1.29 - 1x",150,"Rho_act",0.17,2.24741617716689
"AR 1.29 - 1x",150,"Rho_act",0.19,2.24736501991167
"AR 1.29 - 1x",150,"Rho_act",0.21,2.24739441667755
"AR 1.29 - 1x",150,"Rho_act",0.23,2.2475285137128
"AR 1.29 - 1x",150,"Rho_act",0.25,2.2478542088892
"AR 1.29 - 1x",150,"Rho_act",0.27,2.24841724186976
"AR 1.29 - 1x",150,"Rho_act",0.29,2.24951400398761
"AR 1.29 - 1x",150,"Rho_act",0.31,2.25224063906251
"AR 1.29 - 1x",150,"Rho_act",0.33,2.25580173513302
"AR 1.29 - 1x",150,"Rho_act",0.35,2.26103295767873
"AR 1.29 - 1x",150,"Rho_act",0.37,2.24045361247437
"AR 1.29 - 1x",150,"Rho_act",0.39,1.86192776596599
"AR 1.29 - 1x",150,"Rho_act",0.41,1.49356095920695
"AR 1.29 - 1x",150,"Rho_act",0.43,1.3510045156777
"AR 1.29 - 1x",150,"Rho_act",0.45,1.25937974882137
"AR 1.29 - 1x",150,"Rho_act",0.47,1.1954562965923
"AR 1.29 - 1x",150,"Rho_act",0.49,1.15459664306099
"AR 1.29 - 1x",150,"Rho_act",0.51,1.11167165084896
"AR 1.29 - 1x",150,"Rho_act",0.53,1.09336856938121
"AR 1.29 - 1x",150,"Rho_act",0.55,1.08153888916156
"AR 1.29 - 1x",150,"Rho_act",0.57,1.07420260151255
"AR 1.29 - 1x",150,"Rho_act",0.59,1.05938049649367
"AR 1.29 - 1x",150,"Rho_act",0.61,1.01400369753536
"AR 1.29 - 1x",150,"Rho_act",0.63,0.983018591812938
"AR 1.29 - 1x",150,"Rho_act",0.65,0.927521400434416
"AR 1.29 - 1x",150,"Rho_act",0.67,0.856268251995776
"AR 1.29 - 1x",150,"Rho_act",0.69,0.752488563672437
"AR 1.29 - 1x",150,"Rho_act",0.71,0.522711775954638
"AR 1.29 - 1x",150,"Rho_act",0.73,0.252339127603043
"AR 1.29 - 1x",150,"Rho_act",0.75,0.133069460115665
"AR 1.29 - 1x",150,"Rho_act",0.77,0.107011656928818
"AR 1.29 - 1x",150,"Rho_act",0.79,0.1003252715646
"AR 1.29 - 1x",150,"Rho_act",0.81,0.0979561093374325
"AR 1.29 - 1x",150,"Rho_act",0.83,0.100554111788785
"AR 1.29 - 1x",150,"Rho_act",0.85,0.106311520974594
"AR 1.29 - 1x",150,"Rho_act",0.87,0.114337295598209
"AR 1.29 - 1x",150,"Rho_act",0.89,0.124940714435573
"AR 1.29 - 1x",150,"Rho_act",0.91,0.143124616378844
"AR 1.29 - 1x",150,"Rho_act",0.93,0.15871693458551
"AR 1.29 - 1x",150,"Rho_act",0.95,0.179570858469746
"AR 1.29 - 1x",150,"Rho_act",0.97,0.203742692046095
"AR 1.29 - 1x",150,"Rho_act",0.99,0.227536118423627
"AR 1.29 - 1x",200,"cdc42_act",0.01,0.0533640987229019
"AR 1.29 - 1x",200,"cdc42_act",0.03,0.0534552094920005
"AR 1.29 - 1x",200,"cdc42_act",0.05,0.0536023554432041
"AR 1.29 - 1x",200,"cdc42_act",0.07,0.0537989901752545
"AR 1.29 - 1x",200,"cdc42_act",0.09,0.0540727178614401
"AR 1.29 - 1x",200,"cdc42_act",0.11,0.0545027574457196
"AR 1.29 - 1x",200,"cdc42_act",0.13,0.0549718401564167
"AR 1.29 - 1x",200,"cdc42_act",0.15,0.0555184392807494
"AR 1.29 - 1x",200,"cdc42_act",0.17,0.0561944590422083
"AR 1.29 - 1x",200,"cdc42_act",0.19,0.0570632108703901
"AR 1.29 - 1x",200,"cdc42_act",0.21,0.0586120815998169
"AR 1.29 - 1x",200,"cdc42_act",0.23,0.0601982129691822
"AR 1.29 - 1x",200,"cdc42_act",0.25,0.0624297113405408
"AR 1.29 - 1x",200,"cdc42_act",0.27,0.0652940156901795
"AR 1.29 - 1x",200,"cdc42_act",0.29,0.0695068045789067
"AR 1.29 - 1x",200,"cdc42_act",0.31,0.0779447270057393
"AR 1.29 - 1x",200,"cdc42_act",0.33,0.0872488696300316
"AR 1.29 - 1x",200,"cdc42_act",0.35,0.101288407799649
"AR 1.29 - 1x",200,"cdc42_act",0.37,0.12449179913558
"AR 1.29 - 1x",200,"cdc42_act",0.39,0.287452727531109
"AR 1.29 - 1x",200,"cdc42_act",0.41,0.849074150369633
"AR 1.29 - 1x",200,"cdc42_act",0.43,1.24524110048129
"AR 1.29 - 1x",200,"cdc42_act",0.45,1.62746312764938
"AR 1.29 - 1x",200,"cdc42_act",0.47,1.97989292218822
"AR 1.29 - 1x",200,"cdc42_act",0.49,2.28204518636538
"AR 1.29 - 1x",200,"cdc42_act",0.51,2.625571538294
"AR 1.29 - 1x",200,"cdc42_act",0.53,2.80680584990066
"AR 1.29 - 1x",200,"cdc42_act",0.55,2.91515918831128
"AR 1.29 - 1x",200,"cdc42_act",0.57,2.96941332493864
"AR 1.29 - 1x",200,"cdc42_act",0.59,2.98671097810731
"AR 1.29 - 1x",200,"cdc42_act",0.61,3.0131761298141
"AR 1.29 - 1x",200,"cdc42_act",0.63,2.98098258434594
"AR 1.29 - 1x",200,"cdc42_act",0.65,2.96948023853119
"AR 1.29 - 1x",200,"cdc42_act",0.67,2.95412709079157
"AR 1.29 - 1x",200,"cdc42_act",0.69,2.9453859811774
"AR 1.29 - 1x",200,"cdc42_act",0.71,2.9767140410158
"AR 1.29 - 1x",200,"cdc42_act",0.73,3.03751729738224
"AR 1.29 - 1x",200,"cdc42_act",0.75,3.16620106383157
"AR 1.29 - 1x",200,"cdc42_act",0.77,3.39857137121487
"AR 1.29 - 1x",200,"cdc42_act",0.79,3.49255476241363
"AR 1.29 - 1x",200,"cdc42_act",0.81,3.55455895376497
"AR 1.29 - 1x",200,"cdc42_act",0.83,3.56393194903513
"AR 1.29 - 1x",200,"cdc42_act",0.85,3.53524620353161
"AR 1.29 - 1x",200,"cdc42_act",0.87,3.47190330548499
"AR 1.29 - 1x",200,"cdc42_act",0.89,3.37136045109529
"AR 1.29 - 1x",200,"cdc42_act",0.91,3.19282567819768
"AR 1.29 - 1x",200,"cdc42_act",0.93,3.04471426142536
"AR 1.29 - 1x",200,"cdc42_act",0.95,2.85949473329384
"AR 1.29 - 1x",200,"cdc42_act",0.97,2.67354538449764
"AR 1.29 - 1x",200,"cdc42_act",0.99,2.52795968079304
"AR 1.29 - 1x",200,"Rac_act",0.01,0.0525621058940347
"AR 1.29 - 1x",200,"Rac_act",0.03,0.0526785998876251
"AR 1.29 - 1x",200,"Rac_act",0.05,0.0528670948513391
"AR 1.29 - 1x",200,"Rac_act",0.07,0.0531194934710426
"AR 1.29 - 1x",200,"Rac_act",0.09,0.0534720068501779
"AR 1.29 - 1x",200,"Rac_act",0.11,0.0540285111033347
"AR 1.29 - 1x",200,"Rac_act",0.13,0.0546382663523858
"AR 1.29 - 1x",200,"Rac_act",0.15,0.0553546324757425
"AR 1.29 - 1x",200,"Rac_act",0.17,0.0562457309242585
"AR 1.29 - 1x",200,"Rac_act",0.19,0.0574034638226788
"AR 1.29 - 1x",200,"Rac_act",0.21,0.0594971705764357
"AR 1.29 - 1x",200,"Rac_act",0.23,0.0616750978644784
"AR 1.29 - 1x",200,"Rac_act",0.25,0.0648077055618689
"AR 1.29 - 1x",200,"Rac_act",0.27,0.0689304801476956
"AR 1.29 - 1x",200,"Rac_act",0.29,0.075282527428643
"AR 1.29 - 1x",200,"Rac_act",0.31,0.0889767432782694
"AR 1.29 - 1x",200,"Rac_act",0.33,0.105626363483279
"AR 1.29 - 1x",200,"Rac_act",0.35,0.13547316523901
"AR 1.29 - 1x",200,"Rac_act",0.37,0.19572352844915
"AR 1.29 - 1x",200,"Rac_act",0.39,0.554807019153397
"AR 1.29 - 1x",200,"Rac_act",0.41,2.00202351250879
"AR 1.29 - 1x",200,"Rac_act",0.43,3.49044331100634
"AR 1.29 - 1x",200,"Rac_act",0.45,5.3178100242878
"AR 1.29 - 1x",200,"Rac_act",0.47,7.21807703672035
"AR 1.29 - 1x",200,"Rac_act",0.49,8.9733659688812
"AR 1.29 - 1x",200,"Rac_act",0.51,10.8747189438901
"AR 1.29 - 1x",200,"Rac_act",0.53,11.7608613595123
"AR 1.29 - 1x",200,"Rac_act",0.55,12.1216085431243
"AR 1.29 - 1x",200,"Rac_act",0.57,12.1215995034716
"AR 1.29 - 1x",200,"Rac_act",0.59,11.8614836225287
"AR 1.29 - 1x",200,"Rac_act",0.61,11.4499804303102
"AR 1.29 - 1x",200,"Rac_act",0.63,10.9186275266136
"AR 1.29 - 1x",200,"Rac_act",0.65,10.4742403837522
"AR 1.29 - 1x",200,"Rac_act",0.67,10.030528537582
"AR 1.29 - 1x",200,"Rac_act",0.69,9.63288676482325
"AR 1.29 - 1x",200,"Rac_act",0.71,9.27832551168003
"AR 1.29 - 1x",200,"Rac_act",0.73,9.14973020715431
"AR 1.29 - 1x",200,"Rac_act",0.75,9.24634736604486
"AR 1.29 - 1x",200,"Rac_act",0.77,9.63129918973157
"AR 1.29 - 1x",200,"Rac_act",0.79,9.84852483940891
"AR 1.29 - 1x",200,"Rac_act",0.81,10.0963524738633
"AR 1.29 - 1x",200,"Rac_act",0.83,10.1483571084453
"AR 1.29 - 1x",200,"Rac_act",0.85,10.0047935176624
"AR 1.29 - 1x",200,"Rac_act",0.87,9.67331095545566
"AR 1.29 - 1x",200,"Rac_act",0.89,9.13008947667704
"AR 1.29 - 1x",200,"Rac_act",0.91,8.16704635389456
"AR 1.29 - 1x",200,"Rac_act",0.93,7.40537823800248
"AR 1.29 - 1x",200,"Rac_act",0.95,6.48445086702707
"AR 1.29 - 1x",200,"Rac_act",0.97,5.62451007392413
"AR 1.29 - 1x",200,"Rac_act",0.99,5.01231307936471
"AR 1.29 - 1x",200,"Rho_act",0.01,2.21441061829703
"AR 1.29 - 1x",200,"Rho_act",0.03,2.21438932055482
"AR 1.29 - 1x",200,"Rho_act",0.05,2.21435633097655
"AR 1.29 - 1x",200,"Rho_act",0.07,2.21431445728396
"AR 1.29 - 1x",200,"Rho_act",0.09,2.21426128884952
"AR 1.29 - 1x",200,"Rho_act",0.11,2.21418963824204
"AR 1.29 - 1x",200,"Rho_act",0.13,2.21412367686416
"AR 1.29 - 1x",200,"Rho_act",0.15,2.21406900819553
"AR 1.29 - 1x",200,"Rho_act",0.17,2.21402251814555
"AR 1.29 - 1x",200,"Rho_act",0.19,2.21400590923635
"AR 1.29 - 1x",200,"Rho_act",0.21,2.21405562997133
"AR 1.29 - 1x",200,"Rho_act",0.23,2.21417619830685
"AR 1.29 - 1x",200,"Rho_act",0.25,2.21444073582948
"AR 1.29 - 1x",200,"Rho_act",0.27,2.2148772938235
"AR 1.29 - 1x",200,"Rho_act",0.29,2.21569760258506
"AR 1.29 - 1x",200,"Rho_act",0.31,2.21767259284371
"AR 1.29 - 1x",200,"Rho_act",0.33,2.22018838530393
"AR 1.29 - 1x",200,"Rho_act",0.35,2.22452796016887
"AR 1.29 - 1x",200,"Rho_act",0.37,2.22924623986135
"AR 1.29 - 1x",200,"Rho_act",0.39,2.07732181164389
"AR 1.29 - 1x",200,"Rho_act",0.41,1.61268585166875
"AR 1.29 - 1x",200,"Rho_act",0.43,1.41334042914462
"AR 1.29 - 1x",200,"Rho_act",0.45,1.2883102235704
"AR 1.29 - 1x",200,"Rho_act",0.47,1.2028798504037
"AR 1.29 - 1x",200,"Rho_act",0.49,1.15158989667496
"AR 1.29 - 1x",200,"Rho_act",0.51,1.09537199310669
"AR 1.29 - 1x",200,"Rho_act",0.53,1.06880693815582
"AR 1.29 - 1x",200,"Rho_act",0.55,1.05306389383741
"AR 1.29 - 1x",200,"Rho_act",0.57,1.04346606581455
"AR 1.29 - 1x",200,"Rho_act",0.59,1.03178123131531
"AR 1.29 - 1x",200,"Rho_act",0.61,0.993554307020086
"AR 1.29 - 1x",200,"Rho_act",0.63,0.97341184663893
"AR 1.29 - 1x",200,"Rho_act",0.65,0.934470691008499
"AR 1.29 - 1x",200,"Rho_act",0.67,0.889660093203582
"AR 1.29 - 1x",200,"Rho_act",0.69,0.833019458280045
"AR 1.29 - 1x",200,"Rho_act",0.71,0.724669621196428
"AR 1.29 - 1x",200,"Rho_act",0.73,0.612359169330133
"AR 1.29 - 1x",200,"Rho_act",0.75,0.447280789361667
"AR 1.29 - 1x",200,"Rho_act",0.77,0.194399051282701
"AR 1.29 - 1x",200,"Rho_act",0.79,0.120662604990532
"AR 1.29 - 1x",200,"Rho_act",0.81,0.096892591503717
"AR 1.29 - 1x",200,"Rho_act",0.83,0.0925845469256133
"AR 1.29 - 1x",200,"Rho_act",0.85,0.0935427721926476
"AR 1.29 - 1x",200,"Rho_act",0.87,0.097760189885112
"AR 1.29 - 1x",200,"Rho_act",0.89,0.105106832851808
"AR 1.29 - 1x",200,"Rho_act",0.91,0.11891463238176
"AR 1.29 - 1x",200,"Rho_act",0.93,0.131540314005682
"AR 1.29 - 1x",200,"Rho_act",0.95,0.148639476048593
"AR 1.29 - 1x",200,"Rho_act",0.97,0.168779493119605
"AR 1.29 - 1x",200,"Rho_act",0.99,0.188811918651642
"AR 1.29 - 2x",10,"cdc42_act",0.01,0.389102166443901
"AR 1.29 - 2x",10,"cdc42_act",0.03,0.399418945807971
"AR 1.29 - 2x",10,"cdc42_act",0.05,0.411453118235808
"AR 1.29 - 2x",10,"cdc42_act",0.07,0.42339519057689
"AR 1.29 - 2x",10,"cdc42_act",0.09,0.436203227122033
"AR 1.29 - 2x",10,"cdc42_act",0.11,0.454757970002389
"AR 1.29 - 2x",10,"cdc42_act",0.13,0.466096791311619
"AR 1.29 - 2x",10,"cdc42_act",0.15,0.482433612425611
"AR 1.29 - 2x",10,"cdc42_act",0.17,0.49876351696089
"AR 1.29 - 2x",10,"cdc42_act",0.19,0.523485803968482
"AR 1.29 - 2x",10,"cdc42_act",0.21,0.571994296506929
"AR 1.29 - 2x",10,"cdc42_act",0.23,0.622616877996113
"AR 1.29 - 2x",10,"cdc42_act",0.25,0.694439823435483
"AR 1.29 - 2x",10,"cdc42_act",0.27,0.785780400627172
"AR 1.29 - 2x",10,"cdc42_act",0.29,0.903767628613428
"AR 1.29 - 2x",10,"cdc42_act",0.31,1.06871401400702
"AR 1.29 - 2x",10,"cdc42_act",0.33,1.17756749494902
"AR 1.29 - 2x",10,"cdc42_act",0.35,1.26162195647415
"AR 1.29 - 2x",10,"cdc42_act",0.37,1.35155407486266
"AR 1.29 - 2x",10,"cdc42_act",0.39,1.40947730244197
"AR 1.29 - 2x",10,"cdc42_act",0.41,1.49005572338336
"AR 1.29 - 2x",10,"cdc42_act",0.43,1.52553101953036
"AR 1.29 - 2x",10,"cdc42_act",0.45,1.56330029537259
"AR 1.29 - 2x",10,"cdc42_act",0.47,1.59809495078538
"AR 1.29 - 2x",10,"cdc42_act",0.49,1.6354073953148
"AR 1.29 - 2x",10,"cdc42_act",0.51,1.68677413373113
"AR 1.29 - 2x",10,"cdc42_act",0.53,1.71652915302361
"AR 1.29 - 2x",10,"cdc42_act",0.55,1.74028420379155
"AR 1.29 - 2x",10,"cdc42_act",0.57,1.76112115986047
"AR 1.29 - 2x",10,"cdc42_act",0.59,1.78339882822304
"AR 1.29 - 2x",10,"cdc42_act",0.61,1.80901985572631
"AR 1.29 - 2x",10,"cdc42_act",0.63,1.82226164165303
"AR 1.29 - 2x",10,"cdc42_act",0.65,1.8349807260624
"AR 1.29 - 2x",10,"cdc42_act",0.67,1.84693207615593
"AR 1.29 - 2x",10,"cdc42_act",0.69,1.85862759042587
"AR 1.29 - 2x",10,"cdc42_act",0.71,1.87418727401308
"AR 1.29 - 2x",10,"cdc42_act",0.73,1.88641226784596
"AR 1.29 - 2x",10,"cdc42_act",0.75,1.89900721870814
"AR 1.29 - 2x",10,"cdc42_act",0.77,1.91111913095633
"AR 1.29 - 2x",10,"cdc42_act",0.79,1.92623340706757
"AR 1.29 - 2x",10,"cdc42_act",0.81,1.94753813444164
"AR 1.29 - 2x",10,"cdc42_act",0.83,1.9649301270273
"AR 1.29 - 2x",10,"cdc42_act",0.85,1.98426997006521
"AR 1.29 - 2x",10,"cdc42_act",0.87,2.00669701467734
"AR 1.29 - 2x",10,"cdc42_act",0.89,2.03169118808707
"AR 1.29 - 2x",10,"cdc42_act",0.91,2.06812176142505
"AR 1.29 - 2x",10,"cdc42_act",0.93,2.0992614219353
"AR 1.29 - 2x",10,"cdc42_act",0.95,2.12788667731441
"AR 1.29 - 2x",10,"cdc42_act",0.97,2.15829341815077
"AR 1.29 - 2x",10,"cdc42_act",0.99,2.18310635402928
"AR 1.29 - 2x",10,"Rac_act",0.01,1.52930464992193
"AR 1.29 - 2x",10,"Rac_act",0.03,1.57247414642796
"AR 1.29 - 2x",10,"Rac_act",0.05,1.62440597609488
"AR 1.29 - 2x",10,"Rac_act",0.07,1.67747507338519
"AR 1.29 - 2x",10,"Rac_act",0.09,1.73499977279702
"AR 1.29 - 2x",10,"Rac_act",0.11,1.81727818364294
"AR 1.29 - 2x",10,"Rac_act",0.13,1.86937978694973
"AR 1.29 - 2x",10,"Rac_act",0.15,1.93923428466171
"AR 1.29 - 2x",10,"Rac_act",0.17,2.00690680414764
"AR 1.29 - 2x",10,"Rac_act",0.19,2.10009216557181
"AR 1.29 - 2x",10,"Rac_act",0.21,2.26308155980348
"AR 1.29 - 2x",10,"Rac_act",0.23,2.41197272090496
"AR 1.29 - 2x",10,"Rac_act",0.25,2.59509961216923
"AR 1.29 - 2x",10,"Rac_act",0.27,2.812244416513
"AR 1.29 - 2x",10,"Rac_act",0.29,3.08621955642964
"AR 1.29 - 2x",10,"Rac_act",0.31,3.46926623721003
"AR 1.29 - 2x",10,"Rac_act",0.33,3.72105769887722
"AR 1.29 - 2x",10,"Rac_act",0.35,3.91452313827099
"AR 1.29 - 2x",10,"Rac_act",0.37,4.12731930856648
"AR 1.29 - 2x",10,"Rac_act",0.39,4.26003905487762
"AR 1.29 - 2x",10,"Rac_act",0.41,4.4448474353488
"AR 1.29 - 2x",10,"Rac_act",0.43,4.52095228697907
"AR 1.29 - 2x",10,"Rac_act",0.45,4.60105538430539
"AR 1.29 - 2x",10,"Rac_act",0.47,4.67354504516585
"AR 1.29 - 2x",10,"Rac_act",0.49,4.74857697886826
"AR 1.29 - 2x",10,"Rac_act",0.51,4.84947344504354
"AR 1.29 - 2x",10,"Rac_act",0.53,4.90477044767232
"AR 1.29 - 2x",10,"Rac_act",0.55,4.94604839384154
"AR 1.29 - 2x",10,"Rac_act",0.57,4.98220498270807
"AR 1.29 - 2x",10,"Rac_act",0.59,5.0254615171663
"AR 1.29 - 2x",10,"Rac_act",0.61,5.0794349960259
"AR 1.29 - 2x",10,"Rac_act",0.63,5.10500712038318
"AR 1.29 - 2x",10,"Rac_act",0.65,5.12934485180207
"AR 1.29 - 2x",10,"Rac_act",0.67,5.15132758707772
"AR 1.29 - 2x",10,"Rac_act",0.69,5.17236237747524
"AR 1.29 - 2x",10,"Rac_act",0.71,5.19994085840263
"AR 1.29 - 2x",10,"Rac_act",0.73,5.22218572394039
"AR 1.29 - 2x",10,"Rac_act",0.75,5.24547611598124
"AR 1.29 - 2x",10,"Rac_act",0.77,5.2667740802193
"AR 1.29 - 2x",10,"Rac_act",0.79,5.29865104981612
"AR 1.29 - 2x",10,"Rac_act",0.81,5.34506446426185
"AR 1.29 - 2x",10,"Rac_act",0.83,5.3849590345254
"AR 1.29 - 2x",10,"Rac_act",0.85,5.43245318798991
"AR 1.29 - 2x",10,"Rac_act",0.87,5.49163724451011
"AR 1.29 - 2x",10,"Rac_act",0.89,5.5616813479992
"AR 1.29 - 2x",10,"Rac_act",0.91,5.66868879132246
"AR 1.29 - 2x",10,"Rac_act",0.93,5.76510511366984
"AR 1.29 - 2x",10,"Rac_act",0.95,5.85452444606917
"AR 1.29 - 2x",10,"Rac_act",0.97,5.95110141224959
"AR 1.29 - 2x",10,"Rac_act",0.99,6.02744780210645
"AR 1.29 - 2x",10,"Rho_act",0.01,1.90496233812291
"AR 1.29 - 2x",10,"Rho_act",0.03,1.90291791826458
"AR 1.29 - 2x",10,"Rho_act",0.05,1.90077777403199
"AR 1.29 - 2x",10,"Rho_act",0.07,1.89926355190449
"AR 1.29 - 2x",10,"Rho_act",0.09,1.89807896026372
"AR 1.29 - 2x",10,"Rho_act",0.11,1.89467674282217
"AR 1.29 - 2x",10,"Rho_act",0.13,1.89639245086115
"AR 1.29 - 2x",10,"Rho_act",0.15,1.89236998500606
"AR 1.29 - 2x",10,"Rho_act",0.17,1.88823139201944
"AR 1.29 - 2x",10,"Rho_act",0.19,1.87350736804271
"AR 1.29 - 2x",10,"Rho_act",0.21,1.83229404210799
"AR 1.29 - 2x",10,"Rho_act",0.23,1.78125387701527
"AR 1.29 - 2x",10,"Rho_act",0.25,1.7038941867517
"AR 1.29 - 2x",10,"Rho_act",0.27,1.6065184713458
"AR 1.29 - 2x",10,"Rho_act",0.29,1.48538018370005
"AR 1.29 - 2x",10,"Rho_act",0.31,1.32232094246267
"AR 1.29 - 2x",10,"Rho_act",0.33,1.21933687728238
"AR 1.29 - 2x",10,"Rho_act",0.35,1.14360042170528
"AR 1.29 - 2x",10,"Rho_act",0.37,1.05555653643467
"AR 1.29 - 2x",10,"Rho_act",0.39,1.00201435077866
"AR 1.29 - 2x",10,"Rho_act",0.41,0.920214156836326
"AR 1.29 - 2x",10,"Rho_act",0.43,0.886111287065259
"AR 1.29 - 2x",10,"Rho_act",0.45,0.846356005429462
"AR 1.29 - 2x",10,"Rho_act",0.47,0.807420775710876
"AR 1.29 - 2x",10,"Rho_act",0.49,0.762095467903916
"AR 1.29 - 2x",10,"Rho_act",0.51,0.70311557280204
"AR 1.29 - 2x",10,"Rho_act",0.53,0.668556263342314
"AR 1.29 - 2x",10,"Rho_act",0.55,0.643855122631711
"AR 1.29 - 2x",10,"Rho_act",0.57,0.623632857576241
"AR 1.29 - 2x",10,"Rho_act",0.59,0.603994689541671
"AR 1.29 - 2x",10,"Rho_act",0.61,0.583461174368617
"AR 1.29 - 2x",10,"Rho_act",0.63,0.573603066209806
"AR 1.29 - 2x",10,"Rho_act",0.65,0.564611415584882
"AR 1.29 - 2x",10,"Rho_act",0.67,0.556466943007476
"AR 1.29 - 2x",10,"Rho_act",0.69,0.548826779630853
"AR 1.29 - 2x",10,"Rho_act",0.71,0.539008912292225
"AR 1.29 - 2x",10,"Rho_act",0.73,0.531541499338696
"AR 1.29 - 2x",10,"Rho_act",0.75,0.524036050194327
"AR 1.29 - 2x",10,"Rho_act",0.77,0.516911704990342
"AR 1.29 - 2x",10,"Rho_act",0.79,0.508312351781593
"AR 1.29 - 2x",10,"Rho_act",0.81,0.496465537036029
"AR 1.29 - 2x",10,"Rho_act",0.83,0.487016026302623
"AR 1.29 - 2x",10,"Rho_act",0.85,0.47678809708788
"AR 1.29 - 2x",10,"Rho_act",0.87,0.465218221836324
"AR 1.29 - 2x",10,"Rho_act",0.89,0.452722597075713
"AR 1.29 - 2x",10,"Rho_act",0.91,0.435099859329208
"AR 1.29 - 2x",10,"Rho_act",0.93,0.420576471716537
"AR 1.29 - 2x",10,"Rho_act",0.95,0.407678849752742
"AR 1.29 - 2x",10,"Rho_act",0.97,0.39437627129522
"AR 1.29 - 2x",10,"Rho_act",0.99,0.383999434134424
"AR 1.29 - 2x",20,"cdc42_act",0.01,0.240862584268156
"AR 1.29 - 2x",20,"cdc42_act",0.03,0.238850280401645
"AR 1.29 - 2x",20,"cdc42_act",0.05,0.235753595512382
"AR 1.29 - 2x",20,"cdc42_act",0.07,0.23183778782444
"AR 1.29 - 2x",20,"cdc42_act",0.09,0.226866802655893
"AR 1.29 - 2x",20,"cdc42_act",0.11,0.220055133286436
"AR 1.29 - 2x",20,"cdc42_act",0.13,0.213646962240955
"AR 1.29 - 2x",20,"cdc42_act",0.15,0.207828175319469
"AR 1.29 - 2x",20,"cdc42_act",0.17,0.202088120569588
"AR 1.29 - 2x",20,"cdc42_act",0.19,0.19750885551062
"AR 1.29 - 2x",20,"cdc42_act",0.21,0.194276575253289
"AR 1.29 - 2x",20,"cdc42_act",0.23,0.195148512349415
"AR 1.29 - 2x",20,"cdc42_act",0.25,0.215451165928105
"AR 1.29 - 2x",20,"cdc42_act",0.27,0.49545997437747
"AR 1.29 - 2x",20,"cdc42_act",0.29,0.935520416265375
"AR 1.29 - 2x",20,"cdc42_act",0.31,1.35319909485788
"AR 1.29 - 2x",20,"cdc42_act",0.33,1.57250305184935
"AR 1.29 - 2x",20,"cdc42_act",0.35,1.70334950751705
"AR 1.29 - 2x",20,"cdc42_act",0.37,1.81801075509386
"AR 1.29 - 2x",20,"cdc42_act",0.39,1.85974126499187
"AR 1.29 - 2x",20,"cdc42_act",0.41,1.90814868404522
"AR 1.29 - 2x",20,"cdc42_act",0.43,1.90205430826393
"AR 1.29 - 2x",20,"cdc42_act",0.45,1.89978414805212
"AR 1.29 - 2x",20,"cdc42_act",0.47,1.892199833146
"AR 1.29 - 2x",20,"cdc42_act",0.49,1.88202640314356
"AR 1.29 - 2x",20,"cdc42_act",0.51,1.8898964110973
"AR 1.29 - 2x",20,"cdc42_act",0.53,1.89145154641685
"AR 1.29 - 2x",20,"cdc42_act",0.55,1.8940161063403
"AR 1.29 - 2x",20,"cdc42_act",0.57,1.90539984529472
"AR 1.29 - 2x",20,"cdc42_act",0.59,1.98847262842687
"AR 1.29 - 2x",20,"cdc42_act",0.61,2.07473493006432
"AR 1.29 - 2x",20,"cdc42_act",0.63,2.06911111401281
"AR 1.29 - 2x",20,"cdc42_act",0.65,2.05073825970087
"AR 1.29 - 2x",20,"cdc42_act",0.67,2.0296724632239
"AR 1.29 - 2x",20,"cdc42_act",0.69,2.00986349160514
"AR 1.29 - 2x",20,"cdc42_act",0.71,1.98836153652866
"AR 1.29 - 2x",20,"cdc42_act",0.73,1.97787002099385
"AR 1.29 - 2x",20,"cdc42_act",0.75,1.97309017424477
"AR 1.29 - 2x",20,"cdc42_act",0.77,1.9715274868517
"AR 1.29 - 2x",20,"cdc42_act",0.79,1.97995937459308
"AR 1.29 - 2x",20,"cdc42_act",0.81,1.99787947189477
"AR 1.29 - 2x",20,"cdc42_act",0.83,2.01656920290158
"AR 1.29 - 2x",20,"cdc42_act",0.85,2.03970137178952
"AR 1.29 - 2x",20,"cdc42_act",0.87,2.06666899650657
"AR 1.29 - 2x",20,"cdc42_act",0.89,2.09500402004236
"AR 1.29 - 2x",20,"cdc42_act",0.91,2.13188243876982
"AR 1.29 - 2x",20,"cdc42_act",0.93,2.15832493014369
"AR 1.29 - 2x",20,"cdc42_act",0.95,2.17835761396715
"AR 1.29 - 2x",20,"cdc42_act",0.97,2.19550660674533
"AR 1.29 - 2x",20,"cdc42_act",0.99,2.20514944360287
"AR 1.29 - 2x",20,"Rac_act",0.01,0.82892730003373
"AR 1.29 - 2x",20,"Rac_act",0.03,0.819423548706908
"AR 1.29 - 2x",20,"Rac_act",0.05,0.804801855185736
"AR 1.29 - 2x",20,"Rac_act",0.07,0.786328352432318
"AR 1.29 - 2x",20,"Rac_act",0.09,0.762943856520267
"AR 1.29 - 2x",20,"Rac_act",0.11,0.731133350337505
"AR 1.29 - 2x",20,"Rac_act",0.13,0.701422503416848
"AR 1.29 - 2x",20,"Rac_act",0.15,0.675056288729811
"AR 1.29 - 2x",20,"Rac_act",0.17,0.649608941426933
"AR 1.29 - 2x",20,"Rac_act",0.19,0.630816270243119
"AR 1.29 - 2x",20,"Rac_act",0.21,0.622296364726993
"AR 1.29 - 2x",20,"Rac_act",0.23,0.636734151148182
"AR 1.29 - 2x",20,"Rac_act",0.25,0.757509213129791
"AR 1.29 - 2x",20,"Rac_act",0.27,1.654986469496
"AR 1.29 - 2x",20,"Rac_act",0.29,3.28029068483287
"AR 1.29 - 2x",20,"Rac_act",0.31,5.03795839309257
"AR 1.29 - 2x",20,"Rac_act",0.33,5.94330506452969
"AR 1.29 - 2x",20,"Rac_act",0.35,6.41060421284044
"AR 1.29 - 2x",20,"Rac_act",0.37,6.75794746227217
"AR 1.29 - 2x",20,"Rac_act",0.39,6.78364225024382
"AR 1.29 - 2x",20,"Rac_act",0.41,6.78256969362858
"AR 1.29 - 2x",20,"Rac_act",0.43,6.63719099948044
"AR 1.29 - 2x",20,"Rac_act",0.45,6.51944266865166
"AR 1.29 - 2x",20,"Rac_act",0.47,6.39640073138484
"AR 1.29 - 2x",20,"Rac_act",0.49,6.27760078730526
"AR 1.29 - 2x",20,"Rac_act",0.51,6.20456747582689
"AR 1.29 - 2x",20,"Rac_act",0.53,6.14449068535718
"AR 1.29 - 2x",20,"Rac_act",0.55,6.09623740776305
"AR 1.29 - 2x",20,"Rac_act",0.57,6.08316780404548
"AR 1.29 - 2x",20,"Rac_act",0.59,6.26621538893995
"AR 1.29 - 2x",20,"Rac_act",0.61,6.46672683839208
"AR 1.29 - 2x",20,"Rac_act",0.63,6.44367834116622
"AR 1.29 - 2x",20,"Rac_act",0.65,6.36805463566004
"AR 1.29 - 2x",20,"Rac_act",0.67,6.28038005935722
"AR 1.29 - 2x",20,"Rac_act",0.69,6.19875757721397
"AR 1.29 - 2x",20,"Rac_act",0.71,6.11176497966558
"AR 1.29 - 2x",20,"Rac_act",0.73,6.07089688595095
"AR 1.29 - 2x",20,"Rac_act",0.75,6.05351446831448
"AR 1.29 - 2x",20,"Rac_act",0.77,6.0482104892057
"AR 1.29 - 2x",20,"Rac_act",0.79,6.08549020122419
"AR 1.29 - 2x",20,"Rac_act",0.81,6.16226041297683
"AR 1.29 - 2x",20,"Rac_act",0.83,6.24231846863877
"AR 1.29 - 2x",20,"Rac_act",0.85,6.3433892486574
"AR 1.29 - 2x",20,"Rac_act",0.87,6.46427759170323
"AR 1.29 - 2x",20,"Rac_act",0.89,6.59530276561005
"AR 1.29 - 2x",20,"Rac_act",0.91,6.77118526231811
"AR 1.29 - 2x",20,"Rac_act",0.93,6.90165523805
"AR 1.29 - 2x",20,"Rac_act",0.95,7.00242524619456
"AR 1.29 - 2x",20,"Rac_act",0.97,7.09017201492507
"AR 1.29 - 2x",20,"Rac_act",0.99,7.13986192771771
"AR 1.29 - 2x",20,"Rho_act",0.01,2.14991416702746
"AR 1.29 - 2x",20,"Rho_act",0.03,2.15272123607483
"AR 1.29 - 2x",20,"Rho_act",0.05,2.15709593825003
"AR 1.29 - 2x",20,"Rho_act",0.07,2.16271530191853
"AR 1.29 - 2x",20,"Rho_act",0.09,2.17006518843644
"AR 1.29 - 2x",20,"Rho_act",0.11,2.18069788136076
"AR 1.29 - 2x",20,"Rho_act",0.13,2.19133323874359
"AR 1.29 - 2x",20,"Rho_act",0.15,2.20243284583932
"AR 1.29 - 2x",20,"Rho_act",0.17,2.21497122148576
"AR 1.29 - 2x",20,"Rho_act",0.19,2.22917250237384
"AR 1.29 - 2x",20,"Rho_act",0.21,2.25157800434713
"AR 1.29 - 2x",20,"Rho_act",0.23,2.27264656853421
"AR 1.29 - 2x",20,"Rho_act",0.25,2.2905146271207
"AR 1.29 - 2x",20,"Rho_act",0.27,2.00529221156437
"AR 1.29 - 2x",20,"Rho_act",0.29,1.64263109965783
"AR 1.29 - 2x",20,"Rho_act",0.31,1.35642858537705
"AR 1.29 - 2x",20,"Rho_act",0.33,1.21162629464999
"AR 1.29 - 2x",20,"Rho_act",0.35,1.12222169818252
"AR 1.29 - 2x",20,"Rho_act",0.37,1.02731615354977
"AR 1.29 - 2x",20,"Rho_act",0.39,0.975548194075697
"AR 1.29 - 2x",20,"Rho_act",0.41,0.901414017769464
"AR 1.29 - 2x",20,"Rho_act",0.43,0.877391736746558
"AR 1.29 - 2x",20,"Rho_act",0.45,0.848127618215225
"AR 1.29 - 2x",20,"Rho_act",0.47,0.823817574825825
"AR 1.29 - 2x",20,"Rho_act",0.49,0.802674944241643
"AR 1.29 - 2x",20,"Rho_act",0.51,0.75526438569169
"AR 1.29 - 2x",20,"Rho_act",0.53,0.725897771861919
"AR 1.29 - 2x",20,"Rho_act",0.55,0.698051817664177
"AR 1.29 - 2x",20,"Rho_act",0.57,0.662091277651751
"AR 1.29 - 2x",20,"Rho_act",0.59,0.531236109160188
"AR 1.29 - 2x",20,"Rho_act",0.61,0.421340700593354
"AR 1.29 - 2x",20,"Rho_act",0.63,0.423673962158025
"AR 1.29 - 2x",20,"Rho_act",0.65,0.433637597507277
"AR 1.29 - 2x",20,"Rho_act",0.67,0.44482209860249
"AR 1.29 - 2x",20,"Rho_act",0.69,0.45539470533149
"AR 1.29 - 2x",20,"Rho_act",0.71,0.467154594650214
"AR 1.29 - 2x",20,"Rho_act",0.73,0.473250867324727
"AR 1.29 - 2x",20,"Rho_act",0.75,0.476431760351449
"AR 1.29 - 2x",20,"Rho_act",0.77,0.477813965722458
"AR 1.29 - 2x",20,"Rho_act",0.79,0.474169667637618
"AR 1.29 - 2x",20,"Rho_act",0.81,0.465744006609639
"AR 1.29 - 2x",20,"Rho_act",0.83,0.456794009076579
"AR 1.29 - 2x",20,"Rho_act",0.85,0.445885146635029
"AR 1.29 - 2x",20,"Rho_act",0.87,0.433513122296202
"AR 1.29 - 2x",20,"Rho_act",0.89,0.421045611168174
"AR 1.29 - 2x",20,"Rho_act",0.91,0.405580671372681
"AR 1.29 - 2x",20,"Rho_act",0.93,0.39503069613487
"AR 1.29 - 2x",20,"Rho_act",0.95,0.387412066958606
"AR 1.29 - 2x",20,"Rho_act",0.97,0.381087569958681
"AR 1.29 - 2x",20,"Rho_act",0.99,0.37763567964424
"AR 1.29 - 2x",50,"cdc42_act",0.01,0.0685944709357505
"AR 1.29 - 2x",50,"cdc42_act",0.03,0.0686425394761048
"AR 1.29 - 2x",50,"cdc42_act",0.05,0.068734667538764
"AR 1.29 - 2x",50,"cdc42_act",0.07,0.0688798589775842
"AR 1.29 - 2x",50,"cdc42_act",0.09,0.069135924771503
"AR 1.29 - 2x",50,"cdc42_act",0.11,0.0696818532070744
"AR 1.29 - 2x",50,"cdc42_act",0.13,0.0704112622882827
"AR 1.29 - 2x",50,"cdc42_act",0.15,0.0716056617924703
"AR 1.29 - 2x",50,"cdc42_act",0.17,0.0733824087431274
"AR 1.29 - 2x",50,"cdc42_act",0.19,0.0764568957395632
"AR 1.29 - 2x",50,"cdc42_act",0.21,0.0836431576662444
"AR 1.29 - 2x",50,"cdc42_act",0.23,0.0926161313586302
"AR 1.29 - 2x",50,"cdc42_act",0.25,0.10887701351298
"AR 1.29 - 2x",50,"cdc42_act",0.27,0.160414063800811
"AR 1.29 - 2x",50,"cdc42_act",0.29,0.696770155026495
"AR 1.29 - 2x",50,"cdc42_act",0.31,1.37537464395633
"AR 1.29 - 2x",50,"cdc42_act",0.33,1.80898651280346
"AR 1.29 - 2x",50,"cdc42_act",0.35,2.14514879218817
"AR 1.29 - 2x",50,"cdc42_act",0.37,2.42080237233027
"AR 1.29 - 2x",50,"cdc42_act",0.39,2.54812122450105
"AR 1.29 - 2x",50,"cdc42_act",0.41,2.63470918976094
"AR 1.29 - 2x",50,"cdc42_act",0.43,2.59554354261893
"AR 1.29 - 2x",50,"cdc42_act",0.45,2.5383589499573
"AR 1.29 - 2x",50,"cdc42_act",0.47,2.46120437124084
"AR 1.29 - 2x",50,"cdc42_act",0.49,2.37355785200937
"AR 1.29 - 2x",50,"cdc42_act",0.51,2.28154345726728
"AR 1.29 - 2x",50,"cdc42_act",0.53,2.21150270273025
"AR 1.29 - 2x",50,"cdc42_act",0.55,2.14983101884495
"AR 1.29 - 2x",50,"cdc42_act",0.57,2.09961726419804
"AR 1.29 - 2x",50,"cdc42_act",0.59,2.08417374893432
"AR 1.29 - 2x",50,"cdc42_act",0.61,2.16569956606995
"AR 1.29 - 2x",50,"cdc42_act",0.63,2.39051755588531
"AR 1.29 - 2x",50,"cdc42_act",0.65,2.52330362086007
"AR 1.29 - 2x",50,"cdc42_act",0.67,2.55556557311027
"AR 1.29 - 2x",50,"cdc42_act",0.69,2.54903140785233
"AR 1.29 - 2x",50,"cdc42_act",0.71,2.50622720766234
"AR 1.29 - 2x",50,"cdc42_act",0.73,2.46084039853563
"AR 1.29 - 2x",50,"cdc42_act",0.75,2.41306750255477
"AR 1.29 - 2x",50,"cdc42_act",0.77,2.36640643671267
"AR 1.29 - 2x",50,"cdc42_act",0.79,2.34950013583885
"AR 1.29 - 2x",50,"cdc42_act",0.81,2.34412496534117
"AR 1.29 - 2x",50,"cdc42_act",0.83,2.35511550028199
"AR 1.29 - 2x",50,"cdc42_act",0.85,2.37880371343809
"AR 1.29 - 2x",50,"cdc42_act",0.87,2.41374058398794
"AR 1.29 - 2x",50,"cdc42_act",0.89,2.4553249239609
"AR 1.29 - 2x",50,"cdc42_act",0.91,2.51291681698571
"AR 1.29 - 2x",50,"cdc42_act",0.93,2.55720114170575
"AR 1.29 - 2x",50,"cdc42_act",0.95,2.59360015570545
"AR 1.29 - 2x",50,"cdc42_act",0.97,2.62694655470539
"AR 1.29 - 2x",50,"cdc42_act",0.99,2.64829470235889
"AR 1.29 - 2x",50,"Rac_act",0.01,0.10457087757779
"AR 1.29 - 2x",50,"Rac_act",0.03,0.104653922826918
"AR 1.29 - 2x",50,"Rac_act",0.05,0.10481987451331
"AR 1.29 - 2x",50,"Rac_act",0.07,0.105090451061641
"AR 1.29 - 2x",50,"Rac_act",0.09,0.105586780040893
"AR 1.29 - 2x",50,"Rac_act",0.11,0.106686589201576
"AR 1.29 - 2x",50,"Rac_act",0.13,0.108189613833059
"AR 1.29 - 2x",50,"Rac_act",0.15,0.110726107528048
"AR 1.29 - 2x",50,"Rac_act",0.17,0.114579452670439
"AR 1.29 - 2x",50,"Rac_act",0.19,0.121501024090152
"AR 1.29 - 2x",50,"Rac_act",0.21,0.138700747400878
"AR 1.29 - 2x",50,"Rac_act",0.23,0.162181322049615
"AR 1.29 - 2x",50,"Rac_act",0.25,0.214575593469134
"AR 1.29 - 2x",50,"Rac_act",0.27,0.398403784384634
"AR 1.29 - 2x",50,"Rac_act",0.29,1.81308591968584
"AR 1.29 - 2x",50,"Rac_act",0.31,4.54902483917997
"AR 1.29 - 2x",50,"Rac_act",0.33,6.81053359373766
"AR 1.29 - 2x",50,"Rac_act",0.35,8.69974754353988
"AR 1.29 - 2x",50,"Rac_act",0.37,10.1469177195879
"AR 1.29 - 2x",50,"Rac_act",0.39,10.6251948821853
"AR 1.29 - 2x",50,"Rac_act",0.41,10.6455004466723
"AR 1.29 - 2x",50,"Rac_act",0.43,10.1530603616926
"AR 1.29 - 2x",50,"Rac_act",0.45,9.59884497063687
"AR 1.29 - 2x",50,"Rac_act",0.47,9.01333206107834
"AR 1.29 - 2x",50,"Rac_act",0.49,8.44193984593091
"AR 1.29 - 2x",50,"Rac_act",0.51,7.83582520813337
"AR 1.29 - 2x",50,"Rac_act",0.53,7.41424893491062
"AR 1.29 - 2x",50,"Rac_act",0.55,7.04632612783373
"AR 1.29 - 2x",50,"Rac_act",0.57,6.73289176928655
"AR 1.29 - 2x",50,"Rac_act",0.59,6.5453235920788
"AR 1.29 - 2x",50,"Rac_act",0.61,6.62189253095505
"AR 1.29 - 2x",50,"Rac_act",0.63,7.06619182287154
"AR 1.29 - 2x",50,"Rac_act",0.65,7.48584328361726
"AR 1.29 - 2x",50,"Rac_act",0.67,7.69768854742855
"AR 1.29 - 2x",50,"Rac_act",0.69,7.74081251330633
"AR 1.29 - 2x",50,"Rac_act",0.71,7.60389536179119
"AR 1.29 - 2x",50,"Rac_act",0.73,7.41621024803979
"AR 1.29 - 2x",50,"Rac_act",0.75,7.19925712443437
"AR 1.29 - 2x",50,"Rac_act",0.77,6.97311744782947
"AR 1.29 - 2x",50,"Rac_act",0.79,6.88503509133651
"AR 1.29 - 2x",50,"Rac_act",0.81,6.85380346472439
"AR 1.29 - 2x",50,"Rac_act",0.83,6.91805225547092
"AR 1.29 - 2x",50,"Rac_act",0.85,7.06243451907901
"AR 1.29 - 2x",50,"Rac_act",0.87,7.27556145788615
"AR 1.29 - 2x",50,"Rac_act",0.89,7.5344854451445
"AR 1.29 - 2x",50,"Rac_act",0.91,7.90275240424615
"AR 1.29 - 2x",50,"Rac_act",0.93,8.18450851627185
"AR 1.29 - 2x",50,"Rac_act",0.95,8.4259145612397
"AR 1.29 - 2x",50,"Rac_act",0.97,8.6456355860713
"AR 1.29 - 2x",50,"Rac_act",0.99,8.78624103955235
"AR 1.29 - 2x",50,"Rho_act",0.01,2.37802960889148
"AR 1.29 - 2x",50,"Rho_act",0.03,2.37826558291017
"AR 1.29 - 2x",50,"Rho_act",0.05,2.37864296337001
"AR 1.29 - 2x",50,"Rho_act",0.07,2.37914347061987
"AR 1.29 - 2x",50,"Rho_act",0.09,2.37983413764798
"AR 1.29 - 2x",50,"Rho_act",0.11,2.38091462828933
"AR 1.29 - 2x",50,"Rho_act",0.13,2.38209213185725
"AR 1.29 - 2x",50,"Rho_act",0.15,2.38349017146952
"AR 1.29 - 2x",50,"Rho_act",0.17,2.38526744932435
"AR 1.29 - 2x",50,"Rho_act",0.19,2.38773207513052
"AR 1.29 - 2x",50,"Rho_act",0.21,2.39269074748328
"AR 1.29 - 2x",50,"Rho_act",0.23,2.39857664448587
"AR 1.29 - 2x",50,"Rho_act",0.25,2.40881632828435
"AR 1.29 - 2x",50,"Rho_act",0.27,2.40084001685537
"AR 1.29 - 2x",50,"Rho_act",0.29,1.86565045466568
"AR 1.29 - 2x",50,"Rho_act",0.31,1.47102277747189
"AR 1.29 - 2x",50,"Rho_act",0.33,1.31405508113328
"AR 1.29 - 2x",50,"Rho_act",0.35,1.21851520640624
"AR 1.29 - 2x",50,"Rho_act",0.37,1.14148318453803
"AR 1.29 - 2x",50,"Rho_act",0.39,1.10296190256899
"AR 1.29 - 2x",50,"Rho_act",0.41,1.0481335321465
"AR 1.29 - 2x",50,"Rho_act",0.43,1.04116760761154
"AR 1.29 - 2x",50,"Rho_act",0.45,1.02230774228038
"AR 1.29 - 2x",50,"Rho_act",0.47,1.01205033561552
"AR 1.29 - 2x",50,"Rho_act",0.49,1.00109436664273
"AR 1.29 - 2x",50,"Rho_act",0.51,0.973056878848711
"AR 1.29 - 2x",50,"Rho_act",0.53,0.954060923742288
"AR 1.29 - 2x",50,"Rho_act",0.55,0.931695134673245
"AR 1.29 - 2x",50,"Rho_act",0.57,0.904658930627499
"AR 1.29 - 2x",50,"Rho_act",0.59,0.853800385979851
"AR 1.29 - 2x",50,"Rho_act",0.61,0.696566564719083
"AR 1.29 - 2x",50,"Rho_act",0.63,0.363762682762334
"AR 1.29 - 2x",50,"Rho_act",0.65,0.252288689116616
"AR 1.29 - 2x",50,"Rho_act",0.67,0.242499616039246
"AR 1.29 - 2x",50,"Rho_act",0.69,0.252461131899838
"AR 1.29 - 2x",50,"Rho_act",0.71,0.275730713701722
"AR 1.29 - 2x",50,"Rho_act",0.73,0.295788786084524
"AR 1.29 - 2x",50,"Rho_act",0.75,0.312973220429887
"AR 1.29 - 2x",50,"Rho_act",0.77,0.324989247709827
"AR 1.29 - 2x",50,"Rho_act",0.79,0.323955127769729
"AR 1.29 - 2x",50,"Rho_act",0.81,0.31455343790153
"AR 1.29 - 2x",50,"Rho_act",0.83,0.303983273336809
"AR 1.29 - 2x",50,"Rho_act",0.85,0.292335707436431
"AR 1.29 - 2x",50,"Rho_act",0.87,0.279995946153442
"AR 1.29 - 2x",50,"Rho_act",0.89,0.268522685514349
"AR 1.29 - 2x",50,"Rho_act",0.91,0.255176224007334
"AR 1.29 - 2x",50,"Rho_act",0.93,0.246226559227283
"AR 1.29 - 2x",50,"Rho_act",0.95,0.239656866369669
"AR 1.29 - 2x",50,"Rho_act",0.97,0.23394637964333
"AR 1.29 - 2x",50,"Rho_act",0.99,0.230457257561519
"AR 1.29 - 2x",100,"cdc42_act",0.01,0.0506179711052534
"AR 1.29 - 2x",100,"cdc42_act",0.03,0.0507598426527024
"AR 1.29 - 2x",100,"cdc42_act",0.05,0.0509946359470064
"AR 1.29 - 2x",100,"cdc42_act",0.07,0.0513173657838326
"AR 1.29 - 2x",100,"cdc42_act",0.09,0.0517901709873681
"AR 1.29 - 2x",100,"cdc42_act",0.11,0.0526014102510262
"AR 1.29 - 2x",100,"cdc42_act",0.13,0.0535539898377101
"AR 1.29 - 2x",100,"cdc42_act",0.15,0.0548522444904128
"AR 1.29 - 2x",100,"cdc42_act",0.17,0.0566334903722143
"AR 1.29 - 2x",100,"cdc42_act",0.19,0.0594047998667286
"AR 1.29 - 2x",100,"cdc42_act",0.21,0.0654594024388818
"AR 1.29 - 2x",100,"cdc42_act",0.23,0.0727926315083031
"AR 1.29 - 2x",100,"cdc42_act",0.25,0.0850293887183969
"AR 1.29 - 2x",100,"cdc42_act",0.27,0.104366920334858
"AR 1.29 - 2x",100,"cdc42_act",0.29,0.266084886646515
"AR 1.29 - 2x",100,"cdc42_act",0.31,0.982416072998105
"AR 1.29 - 2x",100,"cdc42_act",0.33,1.51193631493426
"AR 1.29 - 2x",100,"cdc42_act",0.35,2.00137660718891
"AR 1.29 - 2x",100,"cdc42_act",0.37,2.43870775980187
"AR 1.29 - 2x",100,"cdc42_act",0.39,2.71717182537623
"AR 1.29 - 2x",100,"cdc42_act",0.41,2.97330975806064
"AR 1.29 - 2x",100,"cdc42_act",0.43,3.01306775526299
"AR 1.29 - 2x",100,"cdc42_act",0.45,2.97430937799784
"AR 1.29 - 2x",100,"cdc42_act",0.47,2.89538749881103
"AR 1.29 - 2x",100,"cdc42_act",0.49,2.76412479903341
"AR 1.29 - 2x",100,"cdc42_act",0.51,2.59948411343579
"AR 1.29 - 2x",100,"cdc42_act",0.53,2.45872014867257
"AR 1.29 - 2x",100,"cdc42_act",0.55,2.32065965433247
"AR 1.29 - 2x",100,"cdc42_act",0.57,2.19056334574368
"AR 1.29 - 2x",100,"cdc42_act",0.59,2.09152835558532
"AR 1.29 - 2x",100,"cdc42_act",0.61,2.03277277308077
"AR 1.29 - 2x",100,"cdc42_act",0.63,2.01518316869695
"AR 1.29 - 2x",100,"cdc42_act",0.65,2.12076775584434
"AR 1.29 - 2x",100,"cdc42_act",0.67,2.4687964797241
"AR 1.29 - 2x",100,"cdc42_act",0.69,2.66859468265313
"AR 1.29 - 2x",100,"cdc42_act",0.71,2.68839379906647
"AR 1.29 - 2x",100,"cdc42_act",0.73,2.60177343649613
"AR 1.29 - 2x",100,"cdc42_act",0.75,2.58107798647486
"AR 1.29 - 2x",100,"cdc42_act",0.77,2.54408740076669
"AR 1.29 - 2x",100,"cdc42_act",0.79,2.52463311035689
"AR 1.29 - 2x",100,"cdc42_act",0.81,2.50153181960468
"AR 1.29 - 2x",100,"cdc42_act",0.83,2.52545004519428
"AR 1.29 - 2x",100,"cdc42_act",0.85,2.66804147914663
"AR 1.29 - 2x",100,"cdc42_act",0.87,2.75958037684598
"AR 1.29 - 2x",100,"cdc42_act",0.89,2.79641621621661
"AR 1.29 - 2x",100,"cdc42_act",0.91,2.84031960350447
"AR 1.29 - 2x",100,"cdc42_act",0.93,2.88289130907789
"AR 1.29 - 2x",100,"cdc42_act",0.95,2.92128130549688
"AR 1.29 - 2x",100,"cdc42_act",0.97,2.96892750184293
"AR 1.29 - 2x",100,"cdc42_act",0.99,3.01361919571602
"AR 1.29 - 2x",100,"Rac_act",0.01,0.057735058539584
"AR 1.29 - 2x",100,"Rac_act",0.03,0.0579294757980225
"AR 1.29 - 2x",100,"Rac_act",0.05,0.0582531025957858
"AR 1.29 - 2x",100,"Rac_act",0.07,0.058700873552988
"AR 1.29 - 2x",100,"Rac_act",0.09,0.059364216164031
"AR 1.29 - 2x",100,"Rac_act",0.11,0.0605217471190152
"AR 1.29 - 2x",100,"Rac_act",0.13,0.0619017319374
"AR 1.29 - 2x",100,"Rac_act",0.15,0.0638316940763357
"AR 1.29 - 2x",100,"Rac_act",0.17,0.0665335372745899
"AR 1.29 - 2x",100,"Rac_act",0.19,0.0708937740119986
"AR 1.29 - 2x",100,"Rac_act",0.21,0.0809590442105431
"AR 1.29 - 2x",100,"Rac_act",0.23,0.094075202403206
"AR 1.29 - 2x",100,"Rac_act",0.25,0.119280049889383
"AR 1.29 - 2x",100,"Rac_act",0.27,0.167836752364157
"AR 1.29 - 2x",100,"Rac_act",0.29,0.53664009998771
"AR 1.29 - 2x",100,"Rac_act",0.31,2.50409675757966
"AR 1.29 - 2x",100,"Rac_act",0.33,4.7088846607671
"AR 1.29 - 2x",100,"Rac_act",0.35,7.27679496881872
"AR 1.29 - 2x",100,"Rac_act",0.37,9.79691824736424
"AR 1.29 - 2x",100,"Rac_act",0.39,11.4564835138316
"AR 1.29 - 2x",100,"Rac_act",0.41,12.643776082523
"AR 1.29 - 2x",100,"Rac_act",0.43,12.5702343754256
"AR 1.29 - 2x",100,"Rac_act",0.45,12.0601666061826
"AR 1.29 - 2x",100,"Rac_act",0.47,11.3349729062405
"AR 1.29 - 2x",100,"Rac_act",0.49,10.4558747082665
"AR 1.29 - 2x",100,"Rac_act",0.51,9.37995397811829
"AR 1.29 - 2x",100,"Rac_act",0.53,8.56956940587463
"AR 1.29 - 2x",100,"Rac_act",0.55,7.81172200137385
"AR 1.29 - 2x",100,"Rac_act",0.57,7.11783156752187
"AR 1.29 - 2x",100,"Rac_act",0.59,6.55578367868184
"AR 1.29 - 2x",100,"Rac_act",0.61,6.06581011224697
"AR 1.29 - 2x",100,"Rac_act",0.63,5.79085815071768
"AR 1.29 - 2x",100,"Rac_act",0.65,5.86779818477237
"AR 1.29 - 2x",100,"Rac_act",0.67,6.49057118477228
"AR 1.29 - 2x",100,"Rac_act",0.69,7.17833120445986
"AR 1.29 - 2x",100,"Rac_act",0.71,7.75582440896693
"AR 1.29 - 2x",100,"Rac_act",0.73,7.9856889223242
"AR 1.29 - 2x",100,"Rac_act",0.75,8.13214367942956
"AR 1.29 - 2x",100,"Rac_act",0.77,8.03793223143619
"AR 1.29 - 2x",100,"Rac_act",0.79,7.88969691315128
"AR 1.29 - 2x",100,"Rac_act",0.81,7.5741432128705
"AR 1.29 - 2x",100,"Rac_act",0.83,7.41163641340537
"AR 1.29 - 2x",100,"Rac_act",0.85,7.52707662172671
"AR 1.29 - 2x",100,"Rac_act",0.87,7.69881894380486
"AR 1.29 - 2x",100,"Rac_act",0.89,7.87937057858321
"AR 1.29 - 2x",100,"Rac_act",0.91,8.17382484774529
"AR 1.29 - 2x",100,"Rac_act",0.93,8.47085698662541
"AR 1.29 - 2x",100,"Rac_act",0.95,8.77167718762368
"AR 1.29 - 2x",100,"Rac_act",0.97,9.12324370964857
"AR 1.29 - 2x",100,"Rac_act",0.99,9.43873912689656
"AR 1.29 - 2x",100,"Rho_act",0.01,2.34217113307759
"AR 1.29 - 2x",100,"Rho_act",0.03,2.34198162739285
"AR 1.29 - 2x",100,"Rho_act",0.05,2.34168375148849
"AR 1.29 - 2x",100,"Rho_act",0.07,2.34129905451282
"AR 1.29 - 2x",100,"Rho_act",0.09,2.34079585367557
"AR 1.29 - 2x",100,"Rho_act",0.11,2.34008511487273
"AR 1.29 - 2x",100,"Rho_act",0.13,2.33939453690052
"AR 1.29 - 2x",100,"Rho_act",0.15,2.338760237921
"AR 1.29 - 2x",100,"Rho_act",0.17,2.33814689707422
"AR 1.29 - 2x",100,"Rho_act",0.19,2.33774824255208
"AR 1.29 - 2x",100,"Rho_act",0.21,2.33787225373698
"AR 1.29 - 2x",100,"Rho_act",0.23,2.3388679397316
"AR 1.29 - 2x",100,"Rho_act",0.25,2.34186960291631
"AR 1.29 - 2x",100,"Rho_act",0.27,2.34735395102366
"AR 1.29 - 2x",100,"Rho_act",0.29,2.20242575106104
"AR 1.29 - 2x",100,"Rho_act",0.31,1.61615026884981
"AR 1.29 - 2x",100,"Rho_act",0.33,1.37767441419328
"AR 1.29 - 2x",100,"Rho_act",0.35,1.23142398133324
"AR 1.29 - 2x",100,"Rho_act",0.37,1.13969151907063
"AR 1.29 - 2x",100,"Rho_act",0.39,1.11440267155547
"AR 1.29 - 2x",100,"Rho_act",0.41,1.07494943656349
"AR 1.29 - 2x",100,"Rho_act",0.43,1.07170648701533
"AR 1.29 - 2x",100,"Rho_act",0.45,1.08529057622219
"AR 1.29 - 2x",100,"Rho_act",0.47,1.08778246637419
"AR 1.29 - 2x",100,"Rho_act",0.49,1.10531178892318
"AR 1.29 - 2x",100,"Rho_act",0.51,1.10852963926819
"AR 1.29 - 2x",100,"Rho_act",0.53,1.11589338351603
"AR 1.29 - 2x",100,"Rho_act",0.55,1.1200555765615
"AR 1.29 - 2x",100,"Rho_act",0.57,1.12197801693436
"AR 1.29 - 2x",100,"Rho_act",0.59,1.10753711642713
"AR 1.29 - 2x",100,"Rho_act",0.61,1.04268934877936
"AR 1.29 - 2x",100,"Rho_act",0.63,0.973689816290443
"AR 1.29 - 2x",100,"Rho_act",0.65,0.796463234579506
"AR 1.29 - 2x",100,"Rho_act",0.67,0.335284771589536
"AR 1.29 - 2x",100,"Rho_act",0.69,0.202212728743198
"AR 1.29 - 2x",100,"Rho_act",0.71,0.296651080204463
"AR 1.29 - 2x",100,"Rho_act",0.73,0.492571871701024
"AR 1.29 - 2x",100,"Rho_act",0.75,0.56734230130071
"AR 1.29 - 2x",100,"Rho_act",0.77,0.615583988720412
"AR 1.29 - 2x",100,"Rho_act",0.79,0.624275859081465
"AR 1.29 - 2x",100,"Rho_act",0.81,0.595416885127917
"AR 1.29 - 2x",100,"Rho_act",0.83,0.515334129311057
"AR 1.29 - 2x",100,"Rho_act",0.85,0.296864258158388
"AR 1.29 - 2x",100,"Rho_act",0.87,0.198791640482585
"AR 1.29 - 2x",100,"Rho_act",0.89,0.181701414925599
"AR 1.29 - 2x",100,"Rho_act",0.91,0.169873481689021
"AR 1.29 - 2x",100,"Rho_act",0.93,0.163508215441433
"AR 1.29 - 2x",100,"Rho_act",0.95,0.159312977296785
"AR 1.29 - 2x",100,"Rho_act",0.97,0.154658612941159
"AR 1.29 - 2x",100,"Rho_act",0.99,0.150448122653125
"AR 1.29 - 2x",150,"cdc42_act",0.01,0.0512344360834084
"AR 1.29 - 2x",150,"cdc42_act",0.03,0.0513826741985879
"AR 1.29 - 2x",150,"cdc42_act",0.05,0.0516263832521871
"AR 1.29 - 2x",150,"cdc42_act",0.07,0.0519591534127031
"AR 1.29 - 2x",150,"cdc42_act",0.09,0.0524413306844789
"AR 1.29 - 2x",150,"cdc42_act",0.11,0.0532543107868241
"AR 1.29 - 2x",150,"cdc42_act",0.13,0.0541981091850103
"AR 1.29 - 2x",150,"cdc42_act",0.15,0.0554520916085154
"AR 1.29 - 2x",150,"cdc42_act",0.17,0.0571533384008768
"AR 1.29 - 2x",150,"cdc42_act",0.19,0.0597456200732669
"AR 1.29 - 2x",150,"cdc42_act",0.21,0.0653098787754679
"AR 1.29 - 2x",150,"cdc42_act",0.23,0.071980303963757
"AR 1.29 - 2x",150,"cdc42_act",0.25,0.0829960148099043
"AR 1.29 - 2x",150,"cdc42_act",0.27,0.0992443084458289
"AR 1.29 - 2x",150,"cdc42_act",0.29,0.144555586765248
"AR 1.29 - 2x",150,"cdc42_act",0.31,0.738582610470473
"AR 1.29 - 2x",150,"cdc42_act",0.33,1.30246614853879
"AR 1.29 - 2x",150,"cdc42_act",0.35,1.80316437751854
"AR 1.29 - 2x",150,"cdc42_act",0.37,2.30341951887264
"AR 1.29 - 2x",150,"cdc42_act",0.39,2.67210727705992
"AR 1.29 - 2x",150,"cdc42_act",0.41,3.06028112804412
"AR 1.29 - 2x",150,"cdc42_act",0.43,3.18443474140349
"AR 1.29 - 2x",150,"cdc42_act",0.45,3.2087951321418
"AR 1.29 - 2x",150,"cdc42_act",0.47,3.17359697360499
"AR 1.29 - 2x",150,"cdc42_act",0.49,3.05470363526567
"AR 1.29 - 2x",150,"cdc42_act",0.51,2.88907217747423
"AR 1.29 - 2x",150,"cdc42_act",0.53,2.73788298385716
"AR 1.29 - 2x",150,"cdc42_act",0.55,2.56593687334394
"AR 1.29 - 2x",150,"cdc42_act",0.57,2.38783000213017
"AR 1.29 - 2x",150,"cdc42_act",0.59,2.23393294101196
"AR 1.29 - 2x",150,"cdc42_act",0.61,2.07612749127479
"AR 1.29 - 2x",150,"cdc42_act",0.63,1.95529223903419
"AR 1.29 - 2x",150,"cdc42_act",0.65,1.89877938595839
"AR 1.29 - 2x",150,"cdc42_act",0.67,1.93161050644456
"AR 1.29 - 2x",150,"cdc42_act",0.69,2.26294920476169
"AR 1.29 - 2x",150,"cdc42_act",0.71,2.4164108870568
"AR 1.29 - 2x",150,"cdc42_act",0.73,2.39429527129866
"AR 1.29 - 2x",150,"cdc42_act",0.75,2.50992714078209
"AR 1.29 - 2x",150,"cdc42_act",0.77,2.59095981714568
"AR 1.29 - 2x",150,"cdc42_act",0.79,2.65929700607168
"AR 1.29 - 2x",150,"cdc42_act",0.81,2.68752916639857
"AR 1.29 - 2x",150,"cdc42_act",0.83,2.67917761811908
"AR 1.29 - 2x",150,"cdc42_act",0.85,2.67224091799294
"AR 1.29 - 2x",150,"cdc42_act",0.87,2.72535331696489
"AR 1.29 - 2x",150,"cdc42_act",0.89,2.95716536980348
"AR 1.29 - 2x",150,"cdc42_act",0.91,3.14331680316191
"AR 1.29 - 2x",150,"cdc42_act",0.93,3.22571070873474
"AR 1.29 - 2x",150,"cdc42_act",0.95,3.2695441061267
"AR 1.29 - 2x",150,"cdc42_act",0.97,3.31339384706571
"AR 1.29 - 2x",150,"cdc42_act",0.99,3.34170730958717
"AR 1.29 - 2x",150,"Rac_act",0.01,0.050581956539769
"AR 1.29 - 2x",150,"Rac_act",0.03,0.0507637869037586
"AR 1.29 - 2x",150,"Rac_act",0.05,0.05106401308564
"AR 1.29 - 2x",150,"Rac_act",0.07,0.0514759625352846
"AR 1.29 - 2x",150,"Rac_act",0.09,0.0520778365089987
"AR 1.29 - 2x",150,"Rac_act",0.11,0.0531056092273779
"AR 1.29 - 2x",150,"Rac_act",0.13,0.0543128610182525
"AR 1.29 - 2x",150,"Rac_act",0.15,0.0559506608835469
"AR 1.29 - 2x",150,"Rac_act",0.17,0.0582098267533907
"AR 1.29 - 2x",150,"Rac_act",0.19,0.0617616292594838
"AR 1.29 - 2x",150,"Rac_act",0.21,0.0697575973882909
"AR 1.29 - 2x",150,"Rac_act",0.23,0.0799668728957609
"AR 1.29 - 2x",150,"Rac_act",0.25,0.0989167393738557
"AR 1.29 - 2x",150,"Rac_act",0.27,0.131480733091761
"AR 1.29 - 2x",150,"Rac_act",0.29,0.25153821028102
"AR 1.29 - 2x",150,"Rac_act",0.31,1.59756069197747
"AR 1.29 - 2x",150,"Rac_act",0.33,3.4937484280548
"AR 1.29 - 2x",150,"Rac_act",0.35,5.92092100389533
"AR 1.29 - 2x",150,"Rac_act",0.37,8.62428723216733
"AR 1.29 - 2x",150,"Rac_act",0.39,10.8397091858213
"AR 1.29 - 2x",150,"Rac_act",0.41,12.9028486855577
"AR 1.29 - 2x",150,"Rac_act",0.43,13.3817588995246
"AR 1.29 - 2x",150,"Rac_act",0.45,13.2290545350773
"AR 1.29 - 2x",150,"Rac_act",0.47,12.6985897737196
"AR 1.29 - 2x",150,"Rac_act",0.49,11.85028539537
"AR 1.29 - 2x",150,"Rac_act",0.51,10.7172132031388
"AR 1.29 - 2x",150,"Rac_act",0.53,9.8183607638497
"AR 1.29 - 2x",150,"Rac_act",0.55,8.92098527521462
"AR 1.29 - 2x",150,"Rac_act",0.57,8.05192911657487
"AR 1.29 - 2x",150,"Rac_act",0.59,7.27497040817588
"AR 1.29 - 2x",150,"Rac_act",0.61,6.39226658222201
"AR 1.29 - 2x",150,"Rac_act",0.63,5.70207176032862
"AR 1.29 - 2x",150,"Rac_act",0.65,5.17540718348015
"AR 1.29 - 2x",150,"Rac_act",0.67,4.86776425468027
"AR 1.29 - 2x",150,"Rac_act",0.69,5.27637542499264
"AR 1.29 - 2x",150,"Rac_act",0.71,6.03643414498782
"AR 1.29 - 2x",150,"Rac_act",0.73,6.74190980501783
"AR 1.29 - 2x",150,"Rac_act",0.75,7.63617305932477
"AR 1.29 - 2x",150,"Rac_act",0.77,8.2569605741745
"AR 1.29 - 2x",150,"Rac_act",0.79,8.60186236654087
"AR 1.29 - 2x",150,"Rac_act",0.81,8.58304020692398
"AR 1.29 - 2x",150,"Rac_act",0.83,8.3188532735978
"AR 1.29 - 2x",150,"Rac_act",0.85,8.0032018834299
"AR 1.29 - 2x",150,"Rac_act",0.87,7.85829117043853
"AR 1.29 - 2x",150,"Rac_act",0.89,8.13782978009796
"AR 1.29 - 2x",150,"Rac_act",0.91,8.59773424603531
"AR 1.29 - 2x",150,"Rac_act",0.93,9.02890854396892
"AR 1.29 - 2x",150,"Rac_act",0.95,9.39088652619036
"AR 1.29 - 2x",150,"Rac_act",0.97,9.79192161379131
"AR 1.29 - 2x",150,"Rac_act",0.99,10.0990157259943
"AR 1.29 - 2x",150,"Rho_act",0.01,2.25384386126935
"AR 1.29 - 2x",150,"Rho_act",0.03,2.25371506938999
"AR 1.29 - 2x",150,"Rho_act",0.05,2.25351370822608
"AR 1.29 - 2x",150,"Rho_act",0.07,2.25325474704376
"AR 1.29 - 2x",150,"Rho_act",0.09,2.25291832336849
"AR 1.29 - 2x",150,"Rho_act",0.11,2.25244889408842
"AR 1.29 - 2x",150,"Rho_act",0.13,2.25199714639855
"AR 1.29 - 2x",150,"Rho_act",0.15,2.25159739470929
"AR 1.29 - 2x",150,"Rho_act",0.17,2.25122142880517
"AR 1.29 - 2x",150,"Rho_act",0.19,2.25101314944702
"AR 1.29 - 2x",150,"Rho_act",0.21,2.25122726306931
"AR 1.29 - 2x",150,"Rho_act",0.23,2.25204115798175
"AR 1.29 - 2x",150,"Rho_act",0.25,2.25423720969439
"AR 1.29 - 2x",150,"Rho_act",0.27,2.25846640460212
"AR 1.29 - 2x",150,"Rho_act",0.29,2.25216528967082
"AR 1.29 - 2x",150,"Rho_act",0.31,1.70802944083226
"AR 1.29 - 2x",150,"Rho_act",0.33,1.38281703933369
"AR 1.29 - 2x",150,"Rho_act",0.35,1.23976702357008
"AR 1.29 - 2x",150,"Rho_act",0.37,1.12455230450686
"AR 1.29 - 2x",150,"Rho_act",0.39,1.0847465840893
"AR 1.29 - 2x",150,"Rho_act",0.41,1.03181032096356
"AR 1.29 - 2x",150,"Rho_act",0.43,1.02755614250971
"AR 1.29 - 2x",150,"Rho_act",0.45,1.04237065754401
"AR 1.29 - 2x",150,"Rho_act",0.47,1.04738902469442
"AR 1.29 - 2x",150,"Rho_act",0.49,1.07966100314301
"AR 1.29 - 2x",150,"Rho_act",0.51,1.09601247524602
"AR 1.29 - 2x",150,"Rho_act",0.53,1.10767245849743
"AR 1.29 - 2x",150,"Rho_act",0.55,1.13088083481052
"AR 1.29 - 2x",150,"Rho_act",0.57,1.15675008852313
"AR 1.29 - 2x",150,"Rho_act",0.59,1.1612523301695
"AR 1.29 - 2x",150,"Rho_act",0.61,1.13932028079514
"AR 1.29 - 2x",150,"Rho_act",0.63,1.11820359674385
"AR 1.29 - 2x",150,"Rho_act",0.65,1.04533279960353
"AR 1.29 - 2x",150,"Rho_act",0.67,0.886887912211654
"AR 1.29 - 2x",150,"Rho_act",0.69,0.433495663551868
"AR 1.29 - 2x",150,"Rho_act",0.71,0.393640293841244
"AR 1.29 - 2x",150,"Rho_act",0.73,0.629046130069605
"AR 1.29 - 2x",150,"Rho_act",0.75,0.686118091516361
"AR 1.29 - 2x",150,"Rho_act",0.77,0.733275621690402
"AR 1.29 - 2x",150,"Rho_act",0.79,0.744592525562773
"AR 1.29 - 2x",150,"Rho_act",0.81,0.747070152625451
"AR 1.29 - 2x",150,"Rho_act",0.83,0.731927219884104
"AR 1.29 - 2x",150,"Rho_act",0.85,0.688867626182601
"AR 1.29 - 2x",150,"Rho_act",0.87,0.588553503465026
"AR 1.29 - 2x",150,"Rho_act",0.89,0.297480773238274
"AR 1.29 - 2x",150,"Rho_act",0.91,0.140434209774699
"AR 1.29 - 2x",150,"Rho_act",0.93,0.122289390873417
"AR 1.29 - 2x",150,"Rho_act",0.95,0.115772627107698
"AR 1.29 - 2x",150,"Rho_act",0.97,0.111901932808896
"AR 1.29 - 2x",150,"Rho_act",0.99,0.110401530568348
"AR 1.29 - 2x",200,"cdc42_act",0.01,0.0529995356580244
"AR 1.29 - 2x",200,"cdc42_act",0.03,0.0531503176282299
"AR 1.29 - 2x",200,"cdc42_act",0.05,0.0533975355346596
"AR 1.29 - 2x",200,"cdc42_act",0.07,0.0537342989740057
"AR 1.29 - 2x",200,"cdc42_act",0.09,0.0542202294140868
"AR 1.29 - 2x",200,"cdc42_act",0.11,0.0550337923617115
"AR 1.29 - 2x",200,"cdc42_act",0.13,0.0559730299810614
"AR 1.29 - 2x",200,"cdc42_act",0.15,0.0572055821882339
"AR 1.29 - 2x",200,"cdc42_act",0.17,0.0588678617689835
"AR 1.29 - 2x",200,"cdc42_act",0.19,0.0613736995224151
"AR 1.29 - 2x",200,"cdc42_act",0.21,0.0666980763479448
"AR 1.29 - 2x",200,"cdc42_act",0.23,0.0730390104537952
"AR 1.29 - 2x",200,"cdc42_act",0.25,0.0834603975666627
"AR 1.29 - 2x",200,"cdc42_act",0.27,0.0987437503277439
"AR 1.29 - 2x",200,"cdc42_act",0.29,0.135005996809408
"AR 1.29 - 2x",200,"cdc42_act",0.31,0.581845657935152
"AR 1.29 - 2x",200,"cdc42_act",0.33,1.14599249647081
"AR 1.29 - 2x",200,"cdc42_act",0.35,1.66659605467075
"AR 1.29 - 2x",200,"cdc42_act",0.37,2.18120253226721
"AR 1.29 - 2x",200,"cdc42_act",0.39,2.60070946491767
"AR 1.29 - 2x",200,"cdc42_act",0.41,3.06675225159996
"AR 1.29 - 2x",200,"cdc42_act",0.43,3.2546216972439
"AR 1.29 - 2x",200,"cdc42_act",0.45,3.33929915238401
"AR 1.29 - 2x",200,"cdc42_act",0.47,3.35311555727212
"AR 1.29 - 2x",200,"cdc42_act",0.49,3.26956698791354
"AR 1.29 - 2x",200,"cdc42_act",0.51,3.13224420079349
"AR 1.29 - 2x",200,"cdc42_act",0.53,2.97527309563883
"AR 1.29 - 2x",200,"cdc42_act",0.55,2.79761770402433
"AR 1.29 - 2x",200,"cdc42_act",0.57,2.59502457905842
"AR 1.29 - 2x",200,"cdc42_act",0.59,2.39162615753203
"AR 1.29 - 2x",200,"cdc42_act",0.61,2.14881805309008
"AR 1.29 - 2x",200,"cdc42_act",0.63,1.9496610684371
"AR 1.29 - 2x",200,"cdc42_act",0.65,1.79244894116079
"AR 1.29 - 2x",200,"cdc42_act",0.67,1.67606774619818
"AR 1.29 - 2x",200,"cdc42_act",0.69,1.79969499268726
"AR 1.29 - 2x",200,"cdc42_act",0.71,2.08381508570086
"AR 1.29 - 2x",200,"cdc42_act",0.73,2.11392946823062
"AR 1.29 - 2x",200,"cdc42_act",0.75,2.32005945039064
"AR 1.29 - 2x",200,"cdc42_act",0.77,2.52068305562236
"AR 1.29 - 2x",200,"cdc42_act",0.79,2.70041964875099
"AR 1.29 - 2x",200,"cdc42_act",0.81,2.85079324820445
"AR 1.29 - 2x",200,"cdc42_act",0.83,2.90885771301261
"AR 1.29 - 2x",200,"cdc42_act",0.85,2.91610937104795
"AR 1.29 - 2x",200,"cdc42_act",0.87,2.94135183353951
"AR 1.29 - 2x",200,"cdc42_act",0.89,3.01616855762236
"AR 1.29 - 2x",200,"cdc42_act",0.91,3.30744336406608
"AR 1.29 - 2x",200,"cdc42_act",0.93,3.40313726427071
"AR 1.29 - 2x",200,"cdc42_act",0.95,3.38027516438931
"AR 1.29 - 2x",200,"cdc42_act",0.97,3.33230280290411
"AR 1.29 - 2x",200,"cdc42_act",0.99,3.25249261565832
"AR 1.29 - 2x",200,"Rac_act",0.01,0.0479757891231724
"AR 1.29 - 2x",200,"Rac_act",0.03,0.0481495598757632
"AR 1.29 - 2x",200,"Rac_act",0.05,0.048435510065928
"AR 1.29 - 2x",200,"Rac_act",0.07,0.0488266376331885
"AR 1.29 - 2x",200,"Rac_act",0.09,0.0493949437896289
"AR 1.29 - 2x",200,"Rac_act",0.11,0.0503565688608689
"AR 1.29 - 2x",200,"Rac_act",0.13,0.0514779851850043
"AR 1.29 - 2x",200,"Rac_act",0.15,0.0529763906443691
"AR 1.29 - 2x",200,"Rac_act",0.17,0.0550269986906478
"AR 1.29 - 2x",200,"Rac_act",0.19,0.0582062365100499
"AR 1.29 - 2x",200,"Rac_act",0.21,0.0652616331308631
"AR 1.29 - 2x",200,"Rac_act",0.23,0.074163912932253
"AR 1.29 - 2x",200,"Rac_act",0.25,0.0904387475879651
"AR 1.29 - 2x",200,"Rac_act",0.27,0.117813280403444
"AR 1.29 - 2x",200,"Rac_act",0.29,0.202933979397858
"AR 1.29 - 2x",200,"Rac_act",0.31,1.13924603291218
"AR 1.29 - 2x",200,"Rac_act",0.33,2.76440134239911
"AR 1.29 - 2x",200,"Rac_act",0.35,4.99325316719627
"AR 1.29 - 2x",200,"Rac_act",0.37,7.60559589626273
"AR 1.29 - 2x",200,"Rac_act",0.39,10.0317761952282
"AR 1.29 - 2x",200,"Rac_act",0.41,12.6203335868492
"AR 1.29 - 2x",200,"Rac_act",0.43,13.5578472122676
"AR 1.29 - 2x",200,"Rac_act",0.45,13.7575214724298
"AR 1.29 - 2x",200,"Rac_act",0.47,13.4721658845231
"AR 1.29 - 2x",200,"Rac_act",0.49,12.8490071105654
"AR 1.29 - 2x",200,"Rac_act",0.51,11.897805389227
"AR 1.29 - 2x",200,"Rac_act",0.53,10.9869963429211
"AR 1.29 - 2x",200,"Rac_act",0.55,10.0141743588072
"AR 1.29 - 2x",200,"Rac_act",0.57,9.00795801556303
"AR 1.29 - 2x",200,"Rac_act",0.59,8.01776834185771
"AR 1.29 - 2x",200,"Rac_act",0.61,6.77851376563423
"AR 1.29 - 2x",200,"Rac_act",0.63,5.76331436968627
"AR 1.29 - 2x",200,"Rac_act",0.65,4.85112322577837
"AR 1.29 - 2x",200,"Rac_act",0.67,4.05409771721005
"AR 1.29 - 2x",200,"Rac_act",0.69,3.80438340297607
"AR 1.29 - 2x",200,"Rac_act",0.71,4.3699289087134
"AR 1.29 - 2x",200,"Rac_act",0.73,5.19105496096388
"AR 1.29 - 2x",200,"Rac_act",0.75,6.48454284937135
"AR 1.29 - 2x",200,"Rac_act",0.77,7.69393106413165
"AR 1.29 - 2x",200,"Rac_act",0.79,8.6477937603115
"AR 1.29 - 2x",200,"Rac_act",0.81,9.31433373253133
"AR 1.29 - 2x",200,"Rac_act",0.83,9.37640941372125
"AR 1.29 - 2x",200,"Rac_act",0.85,9.15744313312905
"AR 1.29 - 2x",200,"Rac_act",0.87,8.94202479052183
"AR 1.29 - 2x",200,"Rac_act",0.89,8.84679507143824
"AR 1.29 - 2x",200,"Rac_act",0.91,9.12664106816454
"AR 1.29 - 2x",200,"Rac_act",0.93,9.44088722798854
"AR 1.29 - 2x",200,"Rac_act",0.95,9.47492806734627
"AR 1.29 - 2x",200,"Rac_act",0.97,9.4567894622916
"AR 1.29 - 2x",200,"Rac_act",0.99,9.26103851364816
"AR 1.29 - 2x",200,"Rho_act",0.01,2.19961090357414
"AR 1.29 - 2x",200,"Rho_act",0.03,2.19953595482319
"AR 1.29 - 2x",200,"Rho_act",0.05,2.19941990804805
"AR 1.29 - 2x",200,"Rho_act",0.07,2.19927174010437
"AR 1.29 - 2x",200,"Rho_act",0.09,2.19908198245441
"AR 1.29 - 2x",200,"Rho_act",0.11,2.19882494820917
"AR 1.29 - 2x",200,"Rho_act",0.13,2.19858680706993
"AR 1.29 - 2x",200,"Rho_act",0.15,2.19840370889576
"AR 1.29 - 2x",200,"Rho_act",0.17,2.19825925955813
"AR 1.29 - 2x",200,"Rho_act",0.19,2.19826978427453
"AR 1.29 - 2x",200,"Rho_act",0.21,2.19872010742326
"AR 1.29 - 2x",200,"Rho_act",0.23,2.19962101297455
"AR 1.29 - 2x",200,"Rho_act",0.25,2.20166024596594
"AR 1.29 - 2x",200,"Rho_act",0.27,2.20529767422134
"AR 1.29 - 2x",200,"Rho_act",0.29,2.20376317149409
"AR 1.29 - 2x",200,"Rho_act",0.31,1.79470159786715
"AR 1.29 - 2x",200,"Rho_act",0.33,1.42190674103706
"AR 1.29 - 2x",200,"Rho_act",0.35,1.23891466588598
"AR 1.29 - 2x",200,"Rho_act",0.37,1.11602307475585
"AR 1.29 - 2x",200,"Rho_act",0.39,1.06118851535338
"AR 1.29 - 2x",200,"Rho_act",0.41,1.00371154495894
"AR 1.29 - 2x",200,"Rho_act",0.43,0.99949827717575
"AR 1.29 - 2x",200,"Rho_act",0.45,1.01090278251016
"AR 1.29 - 2x",200,"Rho_act",0.47,1.01828578036444
"AR 1.29 - 2x",200,"Rho_act",0.49,1.04930542691364
"AR 1.29 - 2x",200,"Rho_act",0.51,1.06738548673102
"AR 1.29 - 2x",200,"Rho_act",0.53,1.09082209211788
"AR 1.29 - 2x",200,"Rho_act",0.55,1.10644803573012
"AR 1.29 - 2x",200,"Rho_act",0.57,1.13469338250264
"AR 1.29 - 2x",200,"Rho_act",0.59,1.15824736720663
"AR 1.29 - 2x",200,"Rho_act",0.61,1.16972238825405
"AR 1.29 - 2x",200,"Rho_act",0.63,1.17784877042195
"AR 1.29 - 2x",200,"Rho_act",0.65,1.15451802277599
"AR 1.29 - 2x",200,"Rho_act",0.67,1.0951598521225
"AR 1.29 - 2x",200,"Rho_act",0.69,0.788813949459078
"AR 1.29 - 2x",200,"Rho_act",0.71,0.486638424186972
"AR 1.29 - 2x",200,"Rho_act",0.73,0.706645185758682
"AR 1.29 - 2x",200,"Rho_act",0.75,0.758818948380594
"AR 1.29 - 2x",200,"Rho_act",0.77,0.78390262577017
"AR 1.29 - 2x",200,"Rho_act",0.79,0.784187954045959
"AR 1.29 - 2x",200,"Rho_act",0.81,0.78651795834426
"AR 1.29 - 2x",200,"Rho_act",0.83,0.769249845226475
"AR 1.29 - 2x",200,"Rho_act",0.85,0.75279989458039
"AR 1.29 - 2x",200,"Rho_act",0.87,0.69988125514772
"AR 1.29 - 2x",200,"Rho_act",0.89,0.576769713511465
"AR 1.29 - 2x",200,"Rho_act",0.91,0.187779495567038
"AR 1.29 - 2x",200,"Rho_act",0.93,0.122638544641769
"AR 1.29 - 2x",200,"Rho_act",0.95,0.111797400907883
"AR 1.29 - 2x",200,"Rho_act",0.97,0.109175165408297
"AR 1.29 - 2x",200,"Rho_act",0.99,0.113399581258349
