case_index,establishment_case_index,model,length,condition,width_mode,width,amplitude,initial_orientation,definition,status,endpoint,maximum_tested_duration,lower_failing_duration,relative_bracket_width,selected_trace,selected_trace_prefix,selected_tail_field_pass_0_1_percent,selected_field_tail_pass,nonmonotonic_success_pattern,duration_boundary_unresolved,unresolved_transition_count
0,3,wave_pinning,1.0,fixed_10pct,physical,1.5,0.1,,orientation,ineligible,,,,,,,,,False,False,0
0,3,wave_pinning,1.0,fixed_10pct,physical,1.5,0.1,,full_polarity,ineligible,,,,,,,,,False,False,0
1,10,wave_pinning,1.0,fixed_20pct,physical,3.0,0.1,,orientation,ineligible,,,,,,,,,False,False,0
1,10,wave_pinning,1.0,fixed_20pct,physical,3.0,0.1,,full_polarity,ineligible,,,,,,,,,False,False,0
2,17,wave_pinning,1.0,relative_20pct,relative,0.2,0.1,,orientation,ineligible,,,,,,,,,False,False,0
2,17,wave_pinning,1.0,relative_20pct,relative,0.2,0.1,,full_polarity,ineligible,,,,,,,,,False,False,0
3,24,wave_pinning,3.0,fixed_10pct,physical,1.5,0.1,,orientation,ineligible,,,,,,,,,False,False,0
3,24,wave_pinning,3.0,fixed_10pct,physical,1.5,0.1,,full_polarity,ineligible,,,,,,,,,False,False,0
4,31,wave_pinning,3.0,fixed_20pct,physical,3.0,0.1,,orientation,ineligible,,,,,,,,,False,False,0
4,31,wave_pinning,3.0,fixed_20pct,physical,3.0,0.1,,full_polarity,ineligible,,,,,,,,,False,False,0
5,38,wave_pinning,3.0,relative_20pct,relative,0.6000000000000001,0.1,,orientation,ineligible,,,,,,,,,False,False,0
5,38,wave_pinning,3.0,relative_20pct,relative,0.6000000000000001,0.1,,full_polarity,ineligible,,,,,,,,,False,False,0
6,45,wave_pinning,5.0,fixed_10pct,physical,1.5,0.1,-0.3521969889008346,orientation,success,9.861246236233036,5120.0,9.791869354349554,0.007035305702901061,work/chunks/r5_00000.npz,trial0_,True,True,False,False,0
6,45,wave_pinning,5.0,fixed_10pct,physical,1.5,0.1,-0.3521969889008346,full_polarity,success,9.861246236233036,5120.0,9.791869354349554,0.007035305702901061,work/chunks/r5_00000.npz,trial0_,True,True,False,False,0
7,52,wave_pinning,5.0,fixed_20pct,physical,3.0,0.1,-0.3521969889008345,orientation,success,5.906358524861767,5120.0,5.875132170613988,0.005286904632750952,work/chunks/r6_00001.npz,trial0_,True,True,False,False,0
7,52,wave_pinning,5.0,fixed_20pct,physical,3.0,0.1,-0.3521969889008345,full_polarity,success,5.906358524861767,5120.0,5.875132170613988,0.005286904632750952,work/chunks/r6_00001.npz,trial0_,True,True,False,False,0
8,59,wave_pinning,5.0,relative_20pct,relative,1.0,0.1,-0.35219698890083434,orientation,success,15.0,5120.0,14.875,0.008333333333333333,work/chunks/r1_00063.npz,trial3_,True,True,False,False,0
8,59,wave_pinning,5.0,relative_20pct,relative,1.0,0.1,-0.35219698890083434,full_polarity,success,15.0,5120.0,14.875,0.008333333333333333,work/chunks/r1_00063.npz,trial3_,True,True,False,False,0
9,66,wave_pinning,7.0,fixed_10pct,physical,1.5,0.1,-0.39012937603799713,orientation,success,15.625,5120.0,15.5,0.008,work/chunks/r4_00003.npz,trial0_,True,True,False,False,0
9,66,wave_pinning,7.0,fixed_10pct,physical,1.5,0.1,-0.39012937603799713,full_polarity,success,15.625,5120.0,15.5,0.008,work/chunks/r4_00003.npz,trial0_,True,True,False,False,0
10,73,wave_pinning,7.0,fixed_20pct,physical,3.0,0.1,-0.3901293760379972,orientation,success,8.543085480446887,5120.0,8.473708598563405,0.008120822628108926,work/chunks/r6_00002.npz,trial0_,True,True,False,False,0
10,73,wave_pinning,7.0,fixed_20pct,physical,3.0,0.1,-0.3901293760379972,full_polarity,success,8.543085480446887,5120.0,8.473708598563405,0.008120822628108926,work/chunks/r6_00002.npz,trial0_,True,True,False,False,0
11,80,wave_pinning,7.0,relative_20pct,relative,1.4000000000000001,0.1,-0.39012937603799736,orientation,success,16.75,5120.0,16.625,0.007462686567164179,work/chunks/r3_00005.npz,trial0_,True,True,False,False,0
11,80,wave_pinning,7.0,relative_20pct,relative,1.4000000000000001,0.1,-0.39012937603799736,full_polarity,success,16.75,5120.0,16.625,0.007462686567164179,work/chunks/r3_00005.npz,trial0_,True,True,False,False,0
12,87,wave_pinning,9.0,fixed_10pct,physical,1.5,0.1,-0.4067267718317462,orientation,success,24.125,5120.0,24.0,0.0051813471502590676,work/chunks/r5_00003.npz,trial0_,True,True,False,False,0
12,87,wave_pinning,9.0,fixed_10pct,physical,1.5,0.1,-0.4067267718317462,full_polarity,success,24.125,5120.0,24.0,0.0051813471502590676,work/chunks/r5_00003.npz,trial0_,True,True,False,False,0
13,94,wave_pinning,9.0,fixed_20pct,physical,3.0,0.1,-0.40672677183174655,orientation,success,12.1875,5120.0,12.125,0.005128205128205128,work/chunks/r5_00004.npz,trial0_,True,True,False,False,0
13,94,wave_pinning,9.0,fixed_20pct,physical,3.0,0.1,-0.40672677183174655,full_polarity,success,12.1875,5120.0,12.125,0.005128205128205128,work/chunks/r5_00004.npz,trial0_,True,True,False,False,0
14,101,wave_pinning,9.0,relative_20pct,relative,1.8,0.1,-0.4067267718317463,orientation,success,19.875,5120.0,19.75,0.006289308176100629,work/chunks/r4_00008.npz,trial0_,True,True,False,False,0
14,101,wave_pinning,9.0,relative_20pct,relative,1.8,0.1,-0.4067267718317463,full_polarity,success,19.875,5120.0,19.75,0.006289308176100629,work/chunks/r4_00008.npz,trial0_,True,True,False,False,0
15,108,wave_pinning,11.0,fixed_10pct,physical,1.5,0.1,-0.41547677054467197,orientation,success,37.0,5120.0,36.75,0.006756756756756757,work/chunks/r2_00009.npz,trial0_,True,True,False,False,0
15,108,wave_pinning,11.0,fixed_10pct,physical,1.5,0.1,-0.41547677054467197,full_polarity,success,37.0,5120.0,36.75,0.006756756756756757,work/chunks/r2_00009.npz,trial0_,True,True,False,False,0
16,115,wave_pinning,11.0,fixed_20pct,physical,3.0,0.1,-0.4154767705446722,orientation,success,17.5,5120.0,17.375,0.007142857142857143,work/chunks/r2_00010.npz,trial0_,True,True,False,False,0
16,115,wave_pinning,11.0,fixed_20pct,physical,3.0,0.1,-0.4154767705446722,full_polarity,success,17.5,5120.0,17.375,0.007142857142857143,work/chunks/r2_00010.npz,trial0_,True,True,False,False,0
17,122,wave_pinning,11.0,relative_20pct,relative,2.2,0.1,-0.4154767705446724,orientation,success,24.125,5120.0,24.0,0.0051813471502590676,work/chunks/r5_00005.npz,trial0_,True,True,False,False,0
17,122,wave_pinning,11.0,relative_20pct,relative,2.2,0.1,-0.4154767705446724,full_polarity,success,24.125,5120.0,24.0,0.0051813471502590676,work/chunks/r5_00005.npz,trial0_,True,True,False,False,0
18,129,wave_pinning,12.0,fixed_10pct,physical,1.5,0.1,-0.41836003067082456,orientation,success,45.75,5120.0,45.5,0.00546448087431694,work/chunks/r5_00006.npz,trial0_,True,True,False,False,0
18,129,wave_pinning,12.0,fixed_10pct,physical,1.5,0.1,-0.41836003067082456,full_polarity,success,45.75,5120.0,45.5,0.00546448087431694,work/chunks/r5_00006.npz,trial0_,True,True,False,False,0
19,136,wave_pinning,12.0,fixed_20pct,physical,3.0,0.1,-0.418360030670824,orientation,success,20.875,5120.0,20.75,0.005988023952095809,work/chunks/r5_00007.npz,trial0_,True,True,False,False,0
19,136,wave_pinning,12.0,fixed_20pct,physical,3.0,0.1,-0.418360030670824,full_polarity,success,20.875,5120.0,20.75,0.005988023952095809,work/chunks/r5_00007.npz,trial0_,True,True,False,False,0
20,143,wave_pinning,12.0,relative_20pct,relative,2.4000000000000004,0.1,-0.41836003067082445,orientation,success,26.75,5120.0,26.5,0.009345794392523364,work/chunks/r4_00014.npz,trial0_,True,True,False,False,0
20,143,wave_pinning,12.0,relative_20pct,relative,2.4000000000000004,0.1,-0.41836003067082445,full_polarity,success,26.75,5120.0,26.5,0.009345794392523364,work/chunks/r4_00014.npz,trial0_,True,True,False,False,0
21,150,wave_pinning,13.0,fixed_10pct,physical,1.5,0.1,-0.42062050105510135,orientation,success,56.5,5120.0,56.0,0.008849557522123894,work/chunks/r4_00015.npz,trial0_,True,True,False,False,0
21,150,wave_pinning,13.0,fixed_10pct,physical,1.5,0.1,-0.42062050105510135,full_polarity,success,56.5,5120.0,56.0,0.008849557522123894,work/chunks/r4_00015.npz,trial0_,True,True,False,False,0
22,157,wave_pinning,13.0,fixed_20pct,physical,3.0,0.1,-0.4206205010551015,orientation,success,25.0,5120.0,24.75,0.01,work/chunks/r2_00016.npz,trial0_,True,True,False,False,0
22,157,wave_pinning,13.0,fixed_20pct,physical,3.0,0.1,-0.4206205010551015,full_polarity,success,25.0,5120.0,24.75,0.01,work/chunks/r2_00016.npz,trial0_,True,True,False,False,0
23,164,wave_pinning,13.0,relative_20pct,relative,2.6,0.1,-0.4206205010551014,orientation,success,29.5,5120.0,29.25,0.00847457627118644,work/chunks/r3_00017.npz,trial0_,True,True,False,False,0
23,164,wave_pinning,13.0,relative_20pct,relative,2.6,0.1,-0.4206205010551014,full_polarity,success,29.5,5120.0,29.25,0.00847457627118644,work/chunks/r3_00017.npz,trial0_,True,True,False,False,0
24,171,wave_pinning,15.0,fixed_10pct,physical,1.5,0.1,-0.4238831453001439,orientation,success,86.0,5120.0,85.5,0.005813953488372093,work/chunks/r3_00018.npz,trial0_,True,True,False,False,0
24,171,wave_pinning,15.0,fixed_10pct,physical,1.5,0.1,-0.4238831453001439,full_polarity,success,86.0,5120.0,85.5,0.005813953488372093,work/chunks/r3_00018.npz,trial0_,True,True,False,False,0
25,178,wave_pinning,15.0,fixed_20pct,physical,3.0,0.1,-0.423883145300144,orientation,success,35.5,5120.0,35.25,0.007042253521126761,work/chunks/r3_00019.npz,trial0_,True,True,False,False,0
25,178,wave_pinning,15.0,fixed_20pct,physical,3.0,0.1,-0.423883145300144,full_polarity,success,35.5,5120.0,35.25,0.007042253521126761,work/chunks/r3_00019.npz,trial0_,True,True,False,False,0
26,185,wave_pinning,15.0,relative_20pct,relative,3.0,0.1,-0.423883145300144,orientation,success,35.5,5120.0,35.25,0.007042253521126761,work/chunks/r3_00020.npz,trial0_,True,True,False,False,0
26,185,wave_pinning,15.0,relative_20pct,relative,3.0,0.1,-0.423883145300144,full_polarity,success,35.5,5120.0,35.25,0.007042253521126761,work/chunks/r3_00020.npz,trial0_,True,True,False,False,0
27,192,wave_pinning,17.0,fixed_10pct,physical,1.5,0.1,-0.42607501869209996,orientation,success,129.0,5120.0,128.0,0.007751937984496124,work/chunks/r4_00021.npz,trial0_,False,False,False,False,0
27,192,wave_pinning,17.0,fixed_10pct,physical,1.5,0.1,-0.42607501869209996,full_polarity,success,129.0,5120.0,128.0,0.007751937984496124,work/chunks/r4_00021.npz,trial0_,False,False,False,False,0
28,199,wave_pinning,17.0,fixed_20pct,physical,3.0,0.1,-0.4260750186921088,orientation,success,50.5,5120.0,50.0,0.009900990099009901,work/chunks/r4_00022.npz,trial0_,True,True,False,False,0
28,199,wave_pinning,17.0,fixed_20pct,physical,3.0,0.1,-0.4260750186921088,full_polarity,success,50.5,5120.0,50.0,0.009900990099009901,work/chunks/r4_00022.npz,trial0_,True,True,False,False,0
29,206,wave_pinning,17.0,relative_20pct,relative,3.4000000000000004,0.1,-0.4260750186920982,orientation,success,42.5,5120.0,42.25,0.0058823529411764705,work/chunks/r4_00023.npz,trial0_,True,True,False,False,0
29,206,wave_pinning,17.0,relative_20pct,relative,3.4000000000000004,0.1,-0.4260750186920982,full_polarity,success,42.5,5120.0,42.25,0.0058823529411764705,work/chunks/r4_00023.npz,trial0_,True,True,False,False,0
30,213,wave_pinning,18.0,fixed_10pct,physical,1.5,0.1,-0.426909156184691,orientation,success,161.0,5120.0,160.0,0.006211180124223602,work/chunks/r5_00010.npz,trial0_,True,True,False,False,0
30,213,wave_pinning,18.0,fixed_10pct,physical,1.5,0.1,-0.426909156184691,full_polarity,success,161.0,5120.0,160.0,0.006211180124223602,work/chunks/r5_00010.npz,trial0_,True,True,False,False,0
31,220,wave_pinning,18.0,fixed_20pct,physical,3.0,0.1,-0.4269091561846915,orientation,success,60.0,5120.0,59.5,0.008333333333333333,work/chunks/r1_00778.npz,trial4_,True,True,False,False,0
31,220,wave_pinning,18.0,fixed_20pct,physical,3.0,0.1,-0.4269091561846915,full_polarity,success,60.0,5120.0,59.5,0.008333333333333333,work/chunks/r1_00778.npz,trial4_,True,True,False,False,0
32,227,wave_pinning,18.0,relative_20pct,relative,3.6,0.1,-0.42690915618468994,orientation,success,46.5,5120.0,46.25,0.005376344086021506,work/chunks/r4_00026.npz,trial0_,True,True,False,False,0
32,227,wave_pinning,18.0,relative_20pct,relative,3.6,0.1,-0.42690915618468994,full_polarity,success,46.5,5120.0,46.25,0.005376344086021506,work/chunks/r4_00026.npz,trial0_,True,True,False,False,0
33,234,wave_pinning,19.0,fixed_10pct,physical,1.5,0.1,-0.42761563244815914,orientation,success,208.0,5120.0,206.0,0.009615384615384616,work/chunks/r1_00842.npz,trial4_,True,True,False,False,0
33,234,wave_pinning,19.0,fixed_10pct,physical,1.5,0.1,-0.42761563244815914,full_polarity,success,208.0,5120.0,206.0,0.009615384615384616,work/chunks/r1_00842.npz,trial4_,True,True,False,False,0
34,241,wave_pinning,19.0,fixed_20pct,physical,3.0,0.1,-0.42761563244815903,orientation,success,73.5,5120.0,73.0,0.006802721088435374,work/chunks/r4_00028.npz,trial0_,True,True,False,False,0
34,241,wave_pinning,19.0,fixed_20pct,physical,3.0,0.1,-0.42761563244815903,full_polarity,success,73.5,5120.0,73.0,0.006802721088435374,work/chunks/r4_00028.npz,trial0_,True,True,False,False,0
35,248,wave_pinning,19.0,relative_20pct,relative,3.8000000000000003,0.1,-0.4276156324481598,orientation,success,52.0,5120.0,51.5,0.009615384615384616,work/chunks/r1_00902.npz,trial2_,True,True,False,False,0
35,248,wave_pinning,19.0,relative_20pct,relative,3.8000000000000003,0.1,-0.4276156324481598,full_polarity,success,52.0,5120.0,51.5,0.009615384615384616,work/chunks/r1_00902.npz,trial2_,True,True,False,False,0
36,255,wave_pinning,21.0,fixed_10pct,physical,1.5,0.1,-0.4287386544086601,orientation,success,340.0,5120.0,337.5,0.007352941176470588,work/chunks/r1_00936.npz,trial3_,False,False,True,False,0
36,255,wave_pinning,21.0,fixed_10pct,physical,1.5,0.1,-0.4287386544086601,full_polarity,success,402.5,5120.0,400.0,0.006211180124223602,work/chunks/r4_00030.npz,trial1_,False,False,False,False,0
37,262,wave_pinning,21.0,fixed_20pct,physical,3.0,0.1,-0.42873865440865805,orientation,success,122.0,5120.0,121.0,0.00819672131147541,work/chunks/r3_00031.npz,trial0_,False,False,False,False,0
37,262,wave_pinning,21.0,fixed_20pct,physical,3.0,0.1,-0.42873865440865805,full_polarity,success,122.0,5120.0,121.0,0.00819672131147541,work/chunks/r3_00031.npz,trial0_,False,False,False,False,0
38,269,wave_pinning,21.0,relative_20pct,relative,4.2,0.1,-0.42873865440865977,orientation,success,63.0,5120.0,62.5,0.007936507936507936,work/chunks/r3_00032.npz,trial0_,False,False,True,False,0
38,269,wave_pinning,21.0,relative_20pct,relative,4.2,0.1,-0.42873865440865977,full_polarity,success,69.5,5120.0,69.0,0.007194244604316547,work/chunks/r4_00032.npz,trial1_,True,True,False,False,0
39,276,wave_pinning,23.0,fixed_10pct,physical,1.5,0.1,-0.4295820801571842,orientation,success,605.0,5120.0,600.0,0.008264462809917356,work/chunks/r3_00033.npz,trial0_,False,False,True,False,0
39,276,wave_pinning,23.0,fixed_10pct,physical,1.5,0.1,-0.4295820801571842,full_polarity,success,890.0,5120.0,885.0,0.0056179775280898875,work/chunks/r2_00033.npz,trial1_,False,False,False,False,0
40,283,wave_pinning,23.0,fixed_20pct,physical,3.0,0.1,-0.42958208015718324,orientation,success,169.0,5120.0,168.0,0.005917159763313609,work/chunks/r5_00012.npz,trial0_,False,False,True,False,0
40,283,wave_pinning,23.0,fixed_20pct,physical,3.0,0.1,-0.42958208015718324,full_polarity,success,222.0,5120.0,220.0,0.009009009009009009,work/chunks/r4_00033.npz,trial1_,False,False,False,False,0
41,290,wave_pinning,23.0,relative_20pct,relative,4.6000000000000005,0.1,-0.42958208015718247,orientation,success,78.0,5120.0,77.5,0.00641025641025641,work/chunks/r2_00035.npz,trial0_,False,False,True,False,0
41,290,wave_pinning,23.0,relative_20pct,relative,4.6000000000000005,0.1,-0.42958208015718247,full_polarity,success,94.5,5120.0,94.0,0.005291005291005291,work/chunks/r5_00013.npz,trial0_,False,False,False,False,0
42,297,wave_pinning,25.0,fixed_10pct,physical,1.5,0.1,-0.43023144585776785,orientation,success,1070.0,5120.0,1060.0,0.009345794392523364,work/chunks/r2_00036.npz,trial0_,False,False,True,False,0
42,297,wave_pinning,25.0,fixed_10pct,physical,1.5,0.1,-0.43023144585776785,full_polarity,success,2080.0,5120.0,2060.0,0.009615384615384616,work/chunks/r1_01131.npz,trial2_,False,False,False,False,0
43,304,wave_pinning,25.0,fixed_20pct,physical,3.0,0.1,-0.43023144585776724,orientation,success,260.0,5120.0,258.0,0.007692307692307693,work/chunks/r3_00036.npz,trial0_,False,False,True,False,0
43,304,wave_pinning,25.0,fixed_20pct,physical,3.0,0.1,-0.43023144585776724,full_polarity,success,432.5,5120.0,430.0,0.005780346820809248,work/chunks/r4_00035.npz,trial1_,False,False,False,False,0
44,311,wave_pinning,25.0,relative_20pct,relative,5.0,0.1,-0.4302314458577683,orientation,success,93.5,5120.0,93.0,0.0053475935828877,work/chunks/r5_00014.npz,trial0_,False,False,True,False,0
44,311,wave_pinning,25.0,relative_20pct,relative,5.0,0.1,-0.4302314458577683,full_polarity,success,126.0,5120.0,125.0,0.007936507936507936,work/chunks/r3_00037.npz,trial1_,False,False,False,False,0
45,318,wave_pinning,27.0,fixed_10pct,physical,1.5,0.1,-0.4307419764813575,orientation,success,1830.0,5120.0,1820.0,0.00546448087431694,work/chunks/r2_00039.npz,trial0_,True,True,True,False,0
45,318,wave_pinning,27.0,fixed_10pct,physical,1.5,0.1,-0.4307419764813575,full_polarity,success,4880.0,5120.0,4860.0,0.004098360655737705,work/chunks/r1_01238.npz,trial3_,False,False,False,False,0
46,325,wave_pinning,27.0,fixed_20pct,physical,3.0,0.1,-0.4307419764813588,orientation,success,395.0,5120.0,392.5,0.006329113924050633,work/chunks/r3_00038.npz,trial0_,True,True,True,False,0
46,325,wave_pinning,27.0,fixed_20pct,physical,3.0,0.1,-0.4307419764813588,full_polarity,success,905.0,5120.0,900.0,0.0055248618784530384,work/chunks/r3_00038.npz,trial1_,False,False,False,False,0
47,332,wave_pinning,27.0,relative_20pct,relative,5.4,0.1,-0.43074197648135765,orientation,success,109.0,5120.0,108.0,0.009174311926605505,work/chunks/r4_00038.npz,trial0_,True,True,True,False,0
47,332,wave_pinning,27.0,relative_20pct,relative,5.4,0.1,-0.43074197648135765,full_polarity,success,165.0,5120.0,164.0,0.006060606060606061,work/chunks/r5_00015.npz,trial0_,False,False,False,False,0
48,339,wave_pinning,29.0,fixed_10pct,physical,1.5,0.1,-0.43115058667206174,orientation,success,3100.0,5120.0,3080.0,0.0064516129032258064,work/chunks/r1_01322.npz,trial4_,True,True,False,False,0
48,339,wave_pinning,29.0,fixed_10pct,physical,1.5,0.1,-0.43115058667206174,full_polarity,censored,,5120.0,,,,,,,False,False,0
49,346,wave_pinning,29.0,fixed_20pct,physical,3.0,0.1,-0.4311505866720614,orientation,success,605.0,5120.0,600.0,0.008264462809917356,work/chunks/r3_00040.npz,trial0_,True,True,True,False,0
49,346,wave_pinning,29.0,fixed_20pct,physical,3.0,0.1,-0.4311505866720614,full_polarity,success,2000.0,5120.0,1980.0,0.01,work/chunks/r1_01347.npz,trial8_,False,False,False,False,0
50,353,wave_pinning,29.0,relative_20pct,relative,5.800000000000001,0.1,-0.43115058667205836,orientation,success,123.0,5120.0,122.0,0.008130081300813009,work/chunks/r4_00039.npz,trial0_,True,True,True,False,0
50,353,wave_pinning,29.0,relative_20pct,relative,5.800000000000001,0.1,-0.43115058667205836,full_polarity,success,212.0,5120.0,210.0,0.009433962264150943,work/chunks/r3_00041.npz,trial1_,False,False,False,False,0
51,360,wave_pinning,31.0,fixed_10pct,physical,1.5,0.1,-0.43148269895847746,orientation,censored,,5120.0,,,,,,,False,False,0
51,360,wave_pinning,31.0,fixed_10pct,physical,1.5,0.1,-0.43148269895847746,full_polarity,censored,,5120.0,,,,,,,False,False,0
52,367,wave_pinning,31.0,fixed_20pct,physical,3.0,0.1,-0.43148269895847874,orientation,success,930.0,5120.0,925.0,0.005376344086021506,work/chunks/r2_00044.npz,trial0_,True,True,True,False,0
52,367,wave_pinning,31.0,fixed_20pct,physical,3.0,0.1,-0.43148269895847874,full_polarity,success,4540.0,5120.0,4520.0,0.004405286343612335,work/chunks/r1_01453.npz,trial6_,False,False,False,False,0
53,374,wave_pinning,31.0,relative_20pct,relative,6.2,0.1,-0.43148269895847696,orientation,success,138.37884524996724,5120.0,137.5858968333115,0.0057302719590076575,work/chunks/r3_00043.npz,trial0_,True,True,True,False,0
53,374,wave_pinning,31.0,relative_20pct,relative,6.2,0.1,-0.43148269895847696,full_polarity,success,268.0,5120.0,266.0,0.007462686567164179,work/chunks/r3_00043.npz,trial1_,False,False,False,False,0
54,381,wave_pinning,33.0,fixed_10pct,physical,1.5,0.1,-0.43175627981343184,orientation,censored,,5120.0,,,,,,,False,False,0
54,381,wave_pinning,33.0,fixed_10pct,physical,1.5,0.1,-0.43175627981343184,full_polarity,censored,,5120.0,,,,,,,False,False,0
55,388,wave_pinning,33.0,fixed_20pct,physical,3.0,0.1,-0.43175627981342857,orientation,success,1450.0,5120.0,1440.0,0.006896551724137931,work/chunks/r2_00046.npz,trial0_,True,True,False,False,0
55,388,wave_pinning,33.0,fixed_20pct,physical,3.0,0.1,-0.43175627981342857,full_polarity,censored,,5120.0,,,,,,,False,False,0
56,395,wave_pinning,33.0,relative_20pct,relative,6.6000000000000005,0.1,-0.4317562798134305,orientation,success,154.0,5120.0,153.0,0.006493506493506494,work/chunks/r3_00044.npz,trial0_,True,True,True,False,0
56,395,wave_pinning,33.0,relative_20pct,relative,6.6000000000000005,0.1,-0.4317562798134305,full_polarity,success,332.5,5120.0,330.0,0.007518796992481203,work/chunks/r4_00041.npz,trial1_,False,False,False,False,0
57,402,wave_pinning,35.0,fixed_10pct,physical,1.5,0.1,-0.4319843161044725,orientation,censored,,5120.0,,,,,,,False,False,0
57,402,wave_pinning,35.0,fixed_10pct,physical,1.5,0.1,-0.4319843161044725,full_polarity,censored,,5120.0,,,,,,,False,False,0
58,409,wave_pinning,35.0,fixed_20pct,physical,3.0,0.1,-0.43198431610446936,orientation,success,2300.0,5120.0,2280.0,0.008695652173913044,work/chunks/r1_01628.npz,trial3_,True,True,False,False,0
58,409,wave_pinning,35.0,fixed_20pct,physical,3.0,0.1,-0.43198431610446936,full_polarity,censored,,5120.0,,,,,,,False,False,0
59,416,wave_pinning,35.0,relative_20pct,relative,7.0,0.1,-0.43198431610447063,orientation,success,170.0,5120.0,169.0,0.0058823529411764705,work/chunks/r4_00042.npz,trial0_,True,True,True,False,0
59,416,wave_pinning,35.0,relative_20pct,relative,7.0,0.1,-0.43198431610447063,full_polarity,success,410.0,5120.0,407.5,0.006097560975609756,work/chunks/r2_00048.npz,trial1_,False,False,False,False,0
60,423,wave_pinning,37.0,fixed_10pct,physical,1.5,0.1,-0.4321763833257112,orientation,censored,,5120.0,,,,,,,False,False,0
60,423,wave_pinning,37.0,fixed_10pct,physical,1.5,0.1,-0.4321763833257112,full_polarity,censored,,5120.0,,,,,,,False,False,0
61,430,wave_pinning,37.0,fixed_20pct,physical,3.0,0.1,-0.4321763833257098,orientation,success,3700.0,5120.0,3680.0,0.005405405405405406,work/chunks/r1_01728.npz,trial4_,True,True,False,False,0
61,430,wave_pinning,37.0,fixed_20pct,physical,3.0,0.1,-0.4321763833257098,full_polarity,censored,,5120.0,,,,,,,False,False,0
62,437,wave_pinning,37.0,relative_20pct,relative,7.4,0.1,-0.43217638332571146,orientation,success,186.0,5120.0,185.0,0.005376344086021506,work/chunks/r4_00043.npz,trial0_,True,True,True,False,0
62,437,wave_pinning,37.0,relative_20pct,relative,7.4,0.1,-0.43217638332571146,full_polarity,success,505.0,5120.0,500.0,0.009900990099009901,work/chunks/r3_00046.npz,trial1_,False,False,False,False,0
63,444,wave_pinning,39.0,fixed_10pct,physical,1.5,0.1,-0.4323396668006846,orientation,censored,,5120.0,,,,,,,False,False,0
63,444,wave_pinning,39.0,fixed_10pct,physical,1.5,0.1,-0.4323396668006846,full_polarity,censored,,5120.0,,,,,,,False,False,0
64,451,wave_pinning,39.0,fixed_20pct,physical,3.0,0.1,-0.43233966680068636,orientation,censored,,5120.0,,,,,,,False,False,0
64,451,wave_pinning,39.0,fixed_20pct,physical,3.0,0.1,-0.43233966680068636,full_polarity,censored,,5120.0,,,,,,,False,False,0
65,458,wave_pinning,39.0,relative_20pct,relative,7.800000000000001,0.1,-0.432339666800684,orientation,success,204.0,5120.0,202.0,0.00980392156862745,work/chunks/r3_00047.npz,trial0_,True,True,True,False,0
65,458,wave_pinning,39.0,relative_20pct,relative,7.800000000000001,0.1,-0.432339666800684,full_polarity,success,615.0,5120.0,610.0,0.008130081300813009,work/chunks/r3_00047.npz,trial1_,False,False,False,False,0
66,927,goryachev,1.0,fixed_10pct,physical,1.5,0.1,,orientation,ineligible,,,,,,,,,False,False,0
66,927,goryachev,1.0,fixed_10pct,physical,1.5,0.1,,full_polarity,ineligible,,,,,,,,,False,False,0
67,934,goryachev,1.0,fixed_20pct,physical,3.0,0.1,,orientation,ineligible,,,,,,,,,False,False,0
67,934,goryachev,1.0,fixed_20pct,physical,3.0,0.1,,full_polarity,ineligible,,,,,,,,,False,False,0
68,941,goryachev,1.0,relative_20pct,relative,0.2,0.1,,orientation,ineligible,,,,,,,,,False,False,0
68,941,goryachev,1.0,relative_20pct,relative,0.2,0.1,,full_polarity,ineligible,,,,,,,,,False,False,0
69,948,goryachev,3.0,fixed_10pct,physical,1.5,0.1,-0.5706661576362134,orientation,success,81.5,5120.0,81.0,0.006134969325153374,work/chunks/r5_00018.npz,trial0_,True,True,False,False,0
69,948,goryachev,3.0,fixed_10pct,physical,1.5,0.1,-0.5706661576362134,full_polarity,success,81.5,5120.0,81.0,0.006134969325153374,work/chunks/r5_00018.npz,trial0_,True,True,False,False,0
70,955,goryachev,3.0,fixed_20pct,physical,3.0,0.1,-0.5706661576362135,orientation,success,78.5,5120.0,78.0,0.006369426751592357,work/chunks/r4_00046.npz,trial0_,True,True,False,False,0
70,955,goryachev,3.0,fixed_20pct,physical,3.0,0.1,-0.5706661576362135,full_polarity,success,78.5,5120.0,78.0,0.006369426751592357,work/chunks/r4_00046.npz,trial0_,True,True,False,False,0
71,962,goryachev,3.0,relative_20pct,relative,0.6000000000000001,0.1,-0.5706661576362134,orientation,success,142.79294841665575,5120.0,141.5858968333115,0.008453159604367823,work/chunks/r3_00050.npz,trial0_,True,True,False,False,0
71,962,goryachev,3.0,relative_20pct,relative,0.6000000000000001,0.1,-0.5706661576362134,full_polarity,success,142.79294841665575,5120.0,141.5858968333115,0.008453159604367823,work/chunks/r3_00050.npz,trial0_,True,True,False,False,0
72,969,goryachev,5.0,fixed_10pct,physical,1.5,0.1,-0.7663251871587063,orientation,success,266.0,5120.0,264.0,0.007518796992481203,work/chunks/r4_00047.npz,trial0_,True,True,False,False,0
72,969,goryachev,5.0,fixed_10pct,physical,1.5,0.1,-0.7663251871587063,full_polarity,success,266.0,5120.0,264.0,0.007518796992481203,work/chunks/r4_00047.npz,trial0_,True,True,False,False,0
73,976,goryachev,5.0,fixed_20pct,physical,3.0,0.1,-0.7663251871587055,orientation,success,168.0,5120.0,167.0,0.005952380952380952,work/chunks/r2_00055.npz,trial0_,True,True,False,False,0
73,976,goryachev,5.0,fixed_20pct,physical,3.0,0.1,-0.7663251871587055,full_polarity,success,168.0,5120.0,167.0,0.005952380952380952,work/chunks/r2_00055.npz,trial0_,True,True,False,False,0
74,983,goryachev,5.0,relative_20pct,relative,1.0,0.1,-0.7663251871587063,orientation,success,430.0,5120.0,427.5,0.005813953488372093,work/chunks/r2_00056.npz,trial0_,True,True,False,False,0
74,983,goryachev,5.0,relative_20pct,relative,1.0,0.1,-0.7663251871587063,full_polarity,success,430.0,5120.0,427.5,0.005813953488372093,work/chunks/r2_00056.npz,trial0_,True,True,False,False,0
75,990,goryachev,7.0,fixed_10pct,physical,1.5,0.1,-0.8382867701887613,orientation,censored,,5120.0,,,,,,,False,False,0
75,990,goryachev,7.0,fixed_10pct,physical,1.5,0.1,-0.8382867701887613,full_polarity,censored,,5120.0,,,,,,,False,False,0
76,997,goryachev,7.0,fixed_20pct,physical,3.0,0.1,-0.8382867701887619,orientation,success,442.5,5120.0,440.0,0.005649717514124294,work/chunks/r4_00050.npz,trial0_,True,True,False,False,0
76,997,goryachev,7.0,fixed_20pct,physical,3.0,0.1,-0.8382867701887619,full_polarity,success,442.5,5120.0,440.0,0.005649717514124294,work/chunks/r4_00050.npz,trial0_,True,True,False,False,0
77,1004,goryachev,7.0,relative_20pct,relative,1.4000000000000001,0.1,-0.8382867701887619,orientation,censored,,5120.0,,,,,,,False,False,0
77,1004,goryachev,7.0,relative_20pct,relative,1.4000000000000001,0.1,-0.8382867701887619,full_polarity,censored,,5120.0,,,,,,,False,False,0
78,1011,goryachev,9.0,fixed_10pct,physical,1.5,0.1,-0.8760306302039079,orientation,censored,,5120.0,,,,,,,False,False,0
78,1011,goryachev,9.0,fixed_10pct,physical,1.5,0.1,-0.8760306302039079,full_polarity,censored,,5120.0,,,,,,,False,False,0
79,1018,goryachev,9.0,fixed_20pct,physical,3.0,0.1,-0.8760306302039073,orientation,censored,,5120.0,,,,,,,False,False,0
79,1018,goryachev,9.0,fixed_20pct,physical,3.0,0.1,-0.8760306302039073,full_polarity,censored,,5120.0,,,,,,,False,False,0
80,1025,goryachev,9.0,relative_20pct,relative,1.8,0.1,-0.8760306302038692,orientation,censored,,5120.0,,,,,,,False,False,0
80,1025,goryachev,9.0,relative_20pct,relative,1.8,0.1,-0.8760306302038692,full_polarity,censored,,5120.0,,,,,,,False,False,0
81,1032,goryachev,11.0,fixed_10pct,physical,1.5,0.1,-0.8993041375539573,orientation,censored,,5120.0,,,,,,,False,False,0
81,1032,goryachev,11.0,fixed_10pct,physical,1.5,0.1,-0.8993041375539573,full_polarity,censored,,5120.0,,,,,,,False,False,0
82,1039,goryachev,11.0,fixed_20pct,physical,3.0,0.1,-0.8993041375539574,orientation,censored,,5120.0,,,,,,,False,False,0
82,1039,goryachev,11.0,fixed_20pct,physical,3.0,0.1,-0.8993041375539574,full_polarity,censored,,5120.0,,,,,,,False,False,0
83,1046,goryachev,11.0,relative_20pct,relative,2.2,0.1,-0.8993041375539574,orientation,censored,,5120.0,,,,,,,False,False,0
83,1046,goryachev,11.0,relative_20pct,relative,2.2,0.1,-0.8993041375539574,full_polarity,censored,,5120.0,,,,,,,False,False,0
84,1053,goryachev,12.0,fixed_10pct,physical,1.5,0.1,-0.9078850474429273,orientation,censored,,5120.0,,,,,,,False,False,0
84,1053,goryachev,12.0,fixed_10pct,physical,1.5,0.1,-0.9078850474429273,full_polarity,censored,,5120.0,,,,,,,False,False,0
85,1060,goryachev,12.0,fixed_20pct,physical,3.0,0.1,-0.9078850474429273,orientation,censored,,5120.0,,,,,,,False,False,0
85,1060,goryachev,12.0,fixed_20pct,physical,3.0,0.1,-0.9078850474429273,full_polarity,censored,,5120.0,,,,,,,False,False,0
86,1067,goryachev,12.0,relative_20pct,relative,2.4000000000000004,0.1,-0.9078850474429269,orientation,censored,,5120.0,,,,,,,False,False,0
86,1067,goryachev,12.0,relative_20pct,relative,2.4000000000000004,0.1,-0.9078850474429269,full_polarity,censored,,5120.0,,,,,,,False,False,0
87,1074,goryachev,13.0,fixed_10pct,physical,1.5,0.1,-0.9150822133627221,orientation,censored,,5120.0,,,,,,,False,False,0
87,1074,goryachev,13.0,fixed_10pct,physical,1.5,0.1,-0.9150822133627221,full_polarity,censored,,5120.0,,,,,,,False,False,0
88,1081,goryachev,13.0,fixed_20pct,physical,3.0,0.1,-0.9150822133627023,orientation,censored,,5120.0,,,,,,,False,False,0
88,1081,goryachev,13.0,fixed_20pct,physical,3.0,0.1,-0.9150822133627023,full_polarity,censored,,5120.0,,,,,,,False,False,0
89,1088,goryachev,13.0,relative_20pct,relative,2.6,0.1,-0.9150822133627284,orientation,censored,,5120.0,,,,,,,False,False,0
89,1088,goryachev,13.0,relative_20pct,relative,2.6,0.1,-0.9150822133627284,full_polarity,censored,,5120.0,,,,,,,False,False,0
90,1095,goryachev,15.0,fixed_10pct,physical,1.5,0.1,-0.9264716871291192,orientation,censored,,5120.0,,,,,,,False,False,0
90,1095,goryachev,15.0,fixed_10pct,physical,1.5,0.1,-0.9264716871291192,full_polarity,censored,,5120.0,,,,,,,False,False,0
91,1102,goryachev,15.0,fixed_20pct,physical,3.0,0.1,-0.9264716871291181,orientation,censored,,5120.0,,,,,,,False,False,0
91,1102,goryachev,15.0,fixed_20pct,physical,3.0,0.1,-0.9264716871291181,full_polarity,censored,,5120.0,,,,,,,False,False,0
92,1109,goryachev,15.0,relative_20pct,relative,3.0,0.1,-0.9264716871291181,orientation,censored,,5120.0,,,,,,,False,False,0
92,1109,goryachev,15.0,relative_20pct,relative,3.0,0.1,-0.9264716871291181,full_polarity,censored,,5120.0,,,,,,,False,False,0
93,1116,goryachev,17.0,fixed_10pct,physical,1.5,0.1,-0.9350691921930028,orientation,censored,,5120.0,,,,,,,False,False,0
93,1116,goryachev,17.0,fixed_10pct,physical,1.5,0.1,-0.9350691921930028,full_polarity,censored,,5120.0,,,,,,,False,False,0
94,1123,goryachev,17.0,fixed_20pct,physical,3.0,0.1,-0.9350691921930026,orientation,censored,,5120.0,,,,,,,False,False,0
94,1123,goryachev,17.0,fixed_20pct,physical,3.0,0.1,-0.9350691921930026,full_polarity,censored,,5120.0,,,,,,,False,False,0
95,1130,goryachev,17.0,relative_20pct,relative,3.4000000000000004,0.1,-0.9350691921930032,orientation,censored,,5120.0,,,,,,,False,False,0
95,1130,goryachev,17.0,relative_20pct,relative,3.4000000000000004,0.1,-0.9350691921930032,full_polarity,censored,,5120.0,,,,,,,False,False,0
96,1137,goryachev,18.0,fixed_10pct,physical,1.5,0.1,-0.9386200732864312,orientation,censored,,5120.0,,,,,,,False,False,0
96,1137,goryachev,18.0,fixed_10pct,physical,1.5,0.1,-0.9386200732864312,full_polarity,censored,,5120.0,,,,,,,False,False,0
97,1144,goryachev,18.0,fixed_20pct,physical,3.0,0.1,-0.9386200732864327,orientation,censored,,5120.0,,,,,,,False,False,0
97,1144,goryachev,18.0,fixed_20pct,physical,3.0,0.1,-0.9386200732864327,full_polarity,censored,,5120.0,,,,,,,False,False,0
98,1151,goryachev,18.0,relative_20pct,relative,3.6,0.1,-0.9386200732864317,orientation,censored,,5120.0,,,,,,,False,False,0
98,1151,goryachev,18.0,relative_20pct,relative,3.6,0.1,-0.9386200732864317,full_polarity,censored,,5120.0,,,,,,,False,False,0
99,1158,goryachev,19.0,fixed_10pct,physical,1.5,0.1,-0.9417801391281145,orientation,censored,,5120.0,,,,,,,False,False,0
99,1158,goryachev,19.0,fixed_10pct,physical,1.5,0.1,-0.9417801391281145,full_polarity,censored,,5120.0,,,,,,,False,False,0
100,1165,goryachev,19.0,fixed_20pct,physical,3.0,0.1,-0.9417801391281134,orientation,censored,,5120.0,,,,,,,False,False,0
100,1165,goryachev,19.0,fixed_20pct,physical,3.0,0.1,-0.9417801391281134,full_polarity,censored,,5120.0,,,,,,,False,False,0
101,1172,goryachev,19.0,relative_20pct,relative,3.8000000000000003,0.1,-0.9417801391281135,orientation,censored,,5120.0,,,,,,,False,False,0
101,1172,goryachev,19.0,relative_20pct,relative,3.8000000000000003,0.1,-0.9417801391281135,full_polarity,censored,,5120.0,,,,,,,False,False,0
102,1179,goryachev,21.0,fixed_10pct,physical,1.5,0.1,-0.9471565063995769,orientation,censored,,5120.0,,,,,,,False,False,0
102,1179,goryachev,21.0,fixed_10pct,physical,1.5,0.1,-0.9471565063995769,full_polarity,censored,,5120.0,,,,,,,False,False,0
103,1186,goryachev,21.0,fixed_20pct,physical,3.0,0.1,-0.9471565063995844,orientation,censored,,5120.0,,,,,,,False,False,0
103,1186,goryachev,21.0,fixed_20pct,physical,3.0,0.1,-0.9471565063995844,full_polarity,censored,,5120.0,,,,,,,False,False,0
104,1193,goryachev,21.0,relative_20pct,relative,4.2,0.1,-0.9471565063995813,orientation,censored,,5120.0,,,,,,,False,False,0
104,1193,goryachev,21.0,relative_20pct,relative,4.2,0.1,-0.9471565063995813,full_polarity,censored,,5120.0,,,,,,,False,False,0
105,1200,goryachev,23.0,fixed_10pct,physical,1.5,0.1,-0.9515540663943275,orientation,censored,,5120.0,,,,,,,False,False,0
105,1200,goryachev,23.0,fixed_10pct,physical,1.5,0.1,-0.9515540663943275,full_polarity,censored,,5120.0,,,,,,,False,False,0
106,1207,goryachev,23.0,fixed_20pct,physical,3.0,0.1,-0.9515540663943246,orientation,censored,,5120.0,,,,,,,False,False,0
106,1207,goryachev,23.0,fixed_20pct,physical,3.0,0.1,-0.9515540663943246,full_polarity,censored,,5120.0,,,,,,,False,False,0
107,1214,goryachev,23.0,relative_20pct,relative,4.6000000000000005,0.1,-0.9515540663943168,orientation,censored,,5120.0,,,,,,,False,False,0
107,1214,goryachev,23.0,relative_20pct,relative,4.6000000000000005,0.1,-0.9515540663943168,full_polarity,censored,,5120.0,,,,,,,False,False,0
108,1221,goryachev,25.0,fixed_10pct,physical,1.5,0.1,-0.9552124980758191,orientation,censored,,5120.0,,,,,,,False,False,0
108,1221,goryachev,25.0,fixed_10pct,physical,1.5,0.1,-0.9552124980758191,full_polarity,censored,,5120.0,,,,,,,False,False,0
109,1228,goryachev,25.0,fixed_20pct,physical,3.0,0.1,-0.9552124980758265,orientation,censored,,5120.0,,,,,,,False,False,0
109,1228,goryachev,25.0,fixed_20pct,physical,3.0,0.1,-0.9552124980758265,full_polarity,censored,,5120.0,,,,,,,False,False,0
110,1235,goryachev,25.0,relative_20pct,relative,5.0,0.1,-0.9552124980758004,orientation,censored,,5120.0,,,,,,,False,False,0
110,1235,goryachev,25.0,relative_20pct,relative,5.0,0.1,-0.9552124980758004,full_polarity,censored,,5120.0,,,,,,,False,False,0
111,1242,goryachev,27.0,fixed_10pct,physical,1.5,0.1,-0.9582991948848171,orientation,censored,,5120.0,,,,,,,False,False,0
111,1242,goryachev,27.0,fixed_10pct,physical,1.5,0.1,-0.9582991948848171,full_polarity,censored,,5120.0,,,,,,,False,False,0
112,1249,goryachev,27.0,fixed_20pct,physical,3.0,0.1,-0.9582991948848167,orientation,censored,,5120.0,,,,,,,False,False,0
112,1249,goryachev,27.0,fixed_20pct,physical,3.0,0.1,-0.9582991948848167,full_polarity,censored,,5120.0,,,,,,,False,False,0
113,1256,goryachev,27.0,relative_20pct,relative,5.4,0.1,-0.9582991948848176,orientation,censored,,5120.0,,,,,,,False,False,0
113,1256,goryachev,27.0,relative_20pct,relative,5.4,0.1,-0.9582991948848176,full_polarity,censored,,5120.0,,,,,,,False,False,0
114,1263,goryachev,29.0,fixed_10pct,physical,1.5,0.1,-0.9609346209596924,orientation,censored,,5120.0,,,,,,,False,False,0
114,1263,goryachev,29.0,fixed_10pct,physical,1.5,0.1,-0.9609346209596924,full_polarity,censored,,5120.0,,,,,,,False,False,0
115,1270,goryachev,29.0,fixed_20pct,physical,3.0,0.1,-0.960934620959692,orientation,censored,,5120.0,,,,,,,False,False,0
115,1270,goryachev,29.0,fixed_20pct,physical,3.0,0.1,-0.960934620959692,full_polarity,censored,,5120.0,,,,,,,False,False,0
116,1277,goryachev,29.0,relative_20pct,relative,5.800000000000001,0.1,-0.9609346209596921,orientation,censored,,5120.0,,,,,,,False,False,0
116,1277,goryachev,29.0,relative_20pct,relative,5.800000000000001,0.1,-0.9609346209596921,full_polarity,censored,,5120.0,,,,,,,False,False,0
117,1284,goryachev,31.0,fixed_10pct,physical,1.5,0.1,-0.9632076906164262,orientation,censored,,5120.0,,,,,,,False,False,0
117,1284,goryachev,31.0,fixed_10pct,physical,1.5,0.1,-0.9632076906164262,full_polarity,censored,,5120.0,,,,,,,False,False,0
118,1291,goryachev,31.0,fixed_20pct,physical,3.0,0.1,-0.9632076906164259,orientation,censored,,5120.0,,,,,,,False,False,0
118,1291,goryachev,31.0,fixed_20pct,physical,3.0,0.1,-0.9632076906164259,full_polarity,censored,,5120.0,,,,,,,False,False,0
119,1298,goryachev,31.0,relative_20pct,relative,6.2,0.1,-0.96320769061643,orientation,censored,,5120.0,,,,,,,False,False,0
119,1298,goryachev,31.0,relative_20pct,relative,6.2,0.1,-0.96320769061643,full_polarity,censored,,5120.0,,,,,,,False,False,0
120,1305,goryachev,33.0,fixed_10pct,physical,1.5,0.1,-0.9651854700625981,orientation,censored,,5120.0,,,,,,,False,False,0
120,1305,goryachev,33.0,fixed_10pct,physical,1.5,0.1,-0.9651854700625981,full_polarity,censored,,5120.0,,,,,,,False,False,0
121,1312,goryachev,33.0,fixed_20pct,physical,3.0,0.1,-0.9651854700625995,orientation,censored,,5120.0,,,,,,,False,False,0
121,1312,goryachev,33.0,fixed_20pct,physical,3.0,0.1,-0.9651854700625995,full_polarity,censored,,5120.0,,,,,,,False,False,0
122,1319,goryachev,33.0,relative_20pct,relative,6.6000000000000005,0.1,-0.9651854700626026,orientation,censored,,5120.0,,,,,,,False,False,0
122,1319,goryachev,33.0,relative_20pct,relative,6.6000000000000005,0.1,-0.9651854700626026,full_polarity,censored,,5120.0,,,,,,,False,False,0
123,1326,goryachev,35.0,fixed_10pct,physical,1.5,0.1,-0.9669195055108941,orientation,censored,,5120.0,,,,,,,False,False,0
123,1326,goryachev,35.0,fixed_10pct,physical,1.5,0.1,-0.9669195055108941,full_polarity,censored,,5120.0,,,,,,,False,False,0
124,1333,goryachev,35.0,fixed_20pct,physical,3.0,0.1,-0.9669195055108926,orientation,censored,,5120.0,,,,,,,False,False,0
124,1333,goryachev,35.0,fixed_20pct,physical,3.0,0.1,-0.9669195055108926,full_polarity,censored,,5120.0,,,,,,,False,False,0
125,1340,goryachev,35.0,relative_20pct,relative,7.0,0.1,-0.9669195055108917,orientation,censored,,5120.0,,,,,,,False,False,0
125,1340,goryachev,35.0,relative_20pct,relative,7.0,0.1,-0.9669195055108917,full_polarity,censored,,5120.0,,,,,,,False,False,0
126,1347,goryachev,37.0,fixed_10pct,physical,1.5,0.1,-0.9684500715265737,orientation,censored,,5120.0,,,,,,,False,False,0
126,1347,goryachev,37.0,fixed_10pct,physical,1.5,0.1,-0.9684500715265737,full_polarity,censored,,5120.0,,,,,,,False,False,0
127,1354,goryachev,37.0,fixed_20pct,physical,3.0,0.1,-0.9684500715265725,orientation,censored,,5120.0,,,,,,,False,False,0
127,1354,goryachev,37.0,fixed_20pct,physical,3.0,0.1,-0.9684500715265725,full_polarity,censored,,5120.0,,,,,,,False,False,0
128,1361,goryachev,37.0,relative_20pct,relative,7.4,0.1,-0.9684500715265735,orientation,censored,,5120.0,,,,,,,False,False,0
128,1361,goryachev,37.0,relative_20pct,relative,7.4,0.1,-0.9684500715265735,full_polarity,censored,,5120.0,,,,,,,False,False,0
129,1368,goryachev,39.0,fixed_10pct,physical,1.5,0.1,-0.9698090957032598,orientation,censored,,5120.0,,,,,,,False,False,0
129,1368,goryachev,39.0,fixed_10pct,physical,1.5,0.1,-0.9698090957032598,full_polarity,censored,,5120.0,,,,,,,False,False,0
130,1375,goryachev,39.0,fixed_20pct,physical,3.0,0.1,-0.9698090957032681,orientation,censored,,5120.0,,,,,,,False,False,0
130,1375,goryachev,39.0,fixed_20pct,physical,3.0,0.1,-0.9698090957032681,full_polarity,censored,,5120.0,,,,,,,False,False,0
131,1382,goryachev,39.0,relative_20pct,relative,7.800000000000001,0.1,-0.9698090957032707,orientation,censored,,5120.0,,,,,,,False,False,0
131,1382,goryachev,39.0,relative_20pct,relative,7.800000000000001,0.1,-0.9698090957032707,full_polarity,censored,,5120.0,,,,,,,False,False,0
132,1851,debelly,1.0,fixed_10pct,physical,1.5,3.6,,orientation,ineligible,,,,,,,,,False,False,0
132,1851,debelly,1.0,fixed_10pct,physical,1.5,3.6,,full_polarity,ineligible,,,,,,,,,False,False,0
133,1858,debelly,1.0,fixed_20pct,physical,3.0,3.6,,orientation,ineligible,,,,,,,,,False,False,0
133,1858,debelly,1.0,fixed_20pct,physical,3.0,3.6,,full_polarity,ineligible,,,,,,,,,False,False,0
134,1865,debelly,1.0,relative_20pct,relative,0.2,3.6,,orientation,ineligible,,,,,,,,,False,False,0
134,1865,debelly,1.0,relative_20pct,relative,0.2,3.6,,full_polarity,ineligible,,,,,,,,,False,False,0
135,1872,debelly,3.0,fixed_10pct,physical,1.5,3.6,,orientation,ineligible,,,,,,,,,False,False,0
135,1872,debelly,3.0,fixed_10pct,physical,1.5,3.6,,full_polarity,ineligible,,,,,,,,,False,False,0
136,1879,debelly,3.0,fixed_20pct,physical,3.0,3.6,,orientation,ineligible,,,,,,,,,False,False,0
136,1879,debelly,3.0,fixed_20pct,physical,3.0,3.6,,full_polarity,ineligible,,,,,,,,,False,False,0
137,1886,debelly,3.0,relative_20pct,relative,0.6000000000000001,3.6,,orientation,ineligible,,,,,,,,,False,False,0
137,1886,debelly,3.0,relative_20pct,relative,0.6000000000000001,3.6,,full_polarity,ineligible,,,,,,,,,False,False,0
138,1893,debelly,5.0,fixed_10pct,physical,1.5,3.6,,orientation,ineligible,,,,,,,,,False,False,0
138,1893,debelly,5.0,fixed_10pct,physical,1.5,3.6,,full_polarity,ineligible,,,,,,,,,False,False,0
139,1900,debelly,5.0,fixed_20pct,physical,3.0,3.6,,orientation,ineligible,,,,,,,,,False,False,0
139,1900,debelly,5.0,fixed_20pct,physical,3.0,3.6,,full_polarity,ineligible,,,,,,,,,False,False,0
140,1907,debelly,5.0,relative_20pct,relative,1.0,3.6,,orientation,ineligible,,,,,,,,,False,False,0
140,1907,debelly,5.0,relative_20pct,relative,1.0,3.6,,full_polarity,ineligible,,,,,,,,,False,False,0
141,1914,debelly,7.0,fixed_10pct,physical,1.5,3.6,,orientation,ineligible,,,,,,,,,False,False,0
141,1914,debelly,7.0,fixed_10pct,physical,1.5,3.6,,full_polarity,ineligible,,,,,,,,,False,False,0
142,1921,debelly,7.0,fixed_20pct,physical,3.0,3.6,,orientation,ineligible,,,,,,,,,False,False,0
142,1921,debelly,7.0,fixed_20pct,physical,3.0,3.6,,full_polarity,ineligible,,,,,,,,,False,False,0
143,1928,debelly,7.0,relative_20pct,relative,1.4000000000000001,3.6,,orientation,ineligible,,,,,,,,,False,False,0
143,1928,debelly,7.0,relative_20pct,relative,1.4000000000000001,3.6,,full_polarity,ineligible,,,,,,,,,False,False,0
144,1935,debelly,9.0,fixed_10pct,physical,1.5,3.6,,orientation,ineligible,,,,,,,,,False,False,0
144,1935,debelly,9.0,fixed_10pct,physical,1.5,3.6,,full_polarity,ineligible,,,,,,,,,False,False,0
145,1942,debelly,9.0,fixed_20pct,physical,3.0,3.6,,orientation,ineligible,,,,,,,,,False,False,0
145,1942,debelly,9.0,fixed_20pct,physical,3.0,3.6,,full_polarity,ineligible,,,,,,,,,False,False,0
146,1949,debelly,9.0,relative_20pct,relative,1.8,3.6,,orientation,ineligible,,,,,,,,,False,False,0
146,1949,debelly,9.0,relative_20pct,relative,1.8,3.6,,full_polarity,ineligible,,,,,,,,,False,False,0
147,1956,debelly,11.0,fixed_10pct,physical,1.5,3.6,,orientation,ineligible,,,,,,,,,False,False,0
147,1956,debelly,11.0,fixed_10pct,physical,1.5,3.6,,full_polarity,ineligible,,,,,,,,,False,False,0
148,1963,debelly,11.0,fixed_20pct,physical,3.0,3.6,,orientation,ineligible,,,,,,,,,False,False,0
148,1963,debelly,11.0,fixed_20pct,physical,3.0,3.6,,full_polarity,ineligible,,,,,,,,,False,False,0
149,1970,debelly,11.0,relative_20pct,relative,2.2,3.6,,orientation,ineligible,,,,,,,,,False,False,0
149,1970,debelly,11.0,relative_20pct,relative,2.2,3.6,,full_polarity,ineligible,,,,,,,,,False,False,0
150,1977,debelly,12.0,fixed_10pct,physical,1.5,3.6,,orientation,ineligible,,,,,,,,,False,False,0
150,1977,debelly,12.0,fixed_10pct,physical,1.5,3.6,,full_polarity,ineligible,,,,,,,,,False,False,0
151,1984,debelly,12.0,fixed_20pct,physical,3.0,3.6,,orientation,ineligible,,,,,,,,,False,False,0
151,1984,debelly,12.0,fixed_20pct,physical,3.0,3.6,,full_polarity,ineligible,,,,,,,,,False,False,0
152,1991,debelly,12.0,relative_20pct,relative,2.4000000000000004,3.6,,orientation,ineligible,,,,,,,,,False,False,0
152,1991,debelly,12.0,relative_20pct,relative,2.4000000000000004,3.6,,full_polarity,ineligible,,,,,,,,,False,False,0
153,1998,debelly,13.0,fixed_10pct,physical,1.5,3.6,,orientation,ineligible,,,,,,,,,False,False,0
153,1998,debelly,13.0,fixed_10pct,physical,1.5,3.6,,full_polarity,ineligible,,,,,,,,,False,False,0
154,2005,debelly,13.0,fixed_20pct,physical,3.0,3.6,,orientation,ineligible,,,,,,,,,False,False,0
154,2005,debelly,13.0,fixed_20pct,physical,3.0,3.6,,full_polarity,ineligible,,,,,,,,,False,False,0
155,2012,debelly,13.0,relative_20pct,relative,2.6,3.6,,orientation,ineligible,,,,,,,,,False,False,0
155,2012,debelly,13.0,relative_20pct,relative,2.6,3.6,,full_polarity,ineligible,,,,,,,,,False,False,0
156,2019,debelly,15.0,fixed_10pct,physical,1.5,3.6,,orientation,ineligible,,,,,,,,,False,False,0
156,2019,debelly,15.0,fixed_10pct,physical,1.5,3.6,,full_polarity,ineligible,,,,,,,,,False,False,0
157,2026,debelly,15.0,fixed_20pct,physical,3.0,3.6,,orientation,ineligible,,,,,,,,,False,False,0
157,2026,debelly,15.0,fixed_20pct,physical,3.0,3.6,,full_polarity,ineligible,,,,,,,,,False,False,0
158,2033,debelly,15.0,relative_20pct,relative,3.0,3.6,,orientation,ineligible,,,,,,,,,False,False,0
158,2033,debelly,15.0,relative_20pct,relative,3.0,3.6,,full_polarity,ineligible,,,,,,,,,False,False,0
159,2040,debelly,17.0,fixed_10pct,physical,1.5,3.6,,orientation,ineligible,,,,,,,,,False,False,0
159,2040,debelly,17.0,fixed_10pct,physical,1.5,3.6,,full_polarity,ineligible,,,,,,,,,False,False,0
160,2047,debelly,17.0,fixed_20pct,physical,3.0,3.6,,orientation,ineligible,,,,,,,,,False,False,0
160,2047,debelly,17.0,fixed_20pct,physical,3.0,3.6,,full_polarity,ineligible,,,,,,,,,False,False,0
161,2054,debelly,17.0,relative_20pct,relative,3.4000000000000004,3.6,,orientation,ineligible,,,,,,,,,False,False,0
161,2054,debelly,17.0,relative_20pct,relative,3.4000000000000004,3.6,,full_polarity,ineligible,,,,,,,,,False,False,0
162,2061,debelly,18.0,fixed_10pct,physical,1.5,3.6,-0.05010015872446921,orientation,success,762.6020408163265,2000.0,757.5510204081633,0.006623402689502895,work/chunks/r3_00055.npz,trial0_,True,True,False,False,0
162,2061,debelly,18.0,fixed_10pct,physical,1.5,3.6,-0.05010015872446921,full_polarity,success,762.6020408163265,2000.0,757.5510204081633,0.006623402689502895,work/chunks/r3_00055.npz,trial0_,True,True,True,False,0
163,2068,debelly,18.0,fixed_20pct,physical,3.0,3.6,-0.05010006046036475,orientation,success,441.8622448979592,2000.0,439.3367346938776,0.0057156053345649655,work/chunks/r4_00051.npz,trial0_,True,True,False,False,0
163,2068,debelly,18.0,fixed_20pct,physical,3.0,3.6,-0.05010006046036475,full_polarity,success,441.8622448979592,2000.0,439.3367346938776,0.0057156053345649655,work/chunks/r4_00051.npz,trial0_,True,True,True,False,0
164,2075,debelly,18.0,relative_20pct,relative,3.6,3.6,-0.05010371500070795,orientation,success,378.7244897959184,2000.0,376.19897959183675,0.006668462885625742,work/chunks/r3_00057.npz,trial0_,True,True,False,False,0
164,2075,debelly,18.0,relative_20pct,relative,3.6,3.6,-0.05010371500070795,full_polarity,success,378.7244897959184,2000.0,376.19897959183675,0.006668462885625742,work/chunks/r3_00057.npz,trial0_,True,True,True,False,0
165,2082,debelly,19.0,fixed_10pct,physical,1.5,3.6,-0.059332208266546005,orientation,success,454.48979591836735,2000.0,451.9642857142857,0.005556802873821272,work/chunks/r1_03841.npz,trial2_,False,False,False,False,0
165,2082,debelly,19.0,fixed_10pct,physical,1.5,3.6,-0.059332208266546005,full_polarity,success,484.795918367347,2000.0,482.27040816326536,0.00520942959376972,work/chunks/r2_00061.npz,trial1_,False,False,False,False,0
166,2089,debelly,19.0,fixed_20pct,physical,3.0,3.6,-0.059332208266553034,orientation,success,287.8061224489796,2000.0,285.28061224489795,0.00877503988654492,work/chunks/r3_00059.npz,trial0_,False,False,False,False,0
166,2089,debelly,19.0,fixed_20pct,physical,3.0,3.6,-0.059332208266553034,full_polarity,success,304.8979591836735,2000.0,303.265306122449,0.005354752342704237,work/chunks/r4_00054.npz,trial1_,False,False,False,False,0
167,2096,debelly,19.0,relative_20pct,relative,3.8000000000000003,3.6,-0.05933220826655157,orientation,success,238.90306122448982,2000.0,236.68367346938777,0.009289909236518982,work/chunks/r4_00055.npz,trial0_,False,False,False,False,0
167,2096,debelly,19.0,relative_20pct,relative,3.8000000000000003,3.6,-0.05933220826655157,full_polarity,success,252.44897959183675,2000.0,251.4866859365871,0.0038118342043033933,work/chunks/r1_03855.npz,trial9_,False,False,False,False,0
168,2103,debelly,21.0,fixed_10pct,physical,1.5,3.6,-0.06327749882972843,orientation,success,449.4387755102041,2000.0,446.91326530612247,0.005619253036667032,work/chunks/r3_00061.npz,trial0_,False,False,False,False,0
168,2103,debelly,21.0,fixed_10pct,physical,1.5,3.6,-0.06327749882972843,full_polarity,success,462.06632653061223,2000.0,459.5408163265306,0.005465687627670721,work/chunks/r4_00056.npz,trial1_,False,False,False,False,0
169,2110,debelly,21.0,fixed_20pct,physical,3.0,3.6,-0.06327749882972859,orientation,success,287.8061224489796,2000.0,285.28061224489795,0.00877503988654492,work/chunks/r3_00062.npz,trial0_,False,False,False,False,0
169,2110,debelly,21.0,fixed_20pct,physical,3.0,3.6,-0.06327749882972859,full_polarity,success,294.6428571428571,2000.0,292.85714285714283,0.006060606060606034,work/chunks/r3_00062.npz,trial1_,False,False,False,False,0
170,2117,debelly,21.0,relative_20pct,relative,4.2,3.6,-0.06327749882972838,orientation,success,219.61734693877548,2000.0,218.35459183673467,0.005749796724358217,work/chunks/r4_00058.npz,trial0_,False,False,False,False,0
170,2117,debelly,21.0,relative_20pct,relative,4.2,3.6,-0.06327749882972838,full_polarity,success,224.6683673469388,2000.0,223.40561224489795,0.005620529124560123,work/chunks/r4_00058.npz,trial1_,False,False,False,False,0
171,2124,debelly,23.0,fixed_10pct,physical,1.5,3.6,-0.06568714648788508,orientation,success,525.204081632653,2000.0,520.1530612244898,0.009617252768603049,work/chunks/r2_00067.npz,trial0_,False,False,False,False,0
171,2124,debelly,23.0,fixed_10pct,physical,1.5,3.6,-0.06568714648788508,full_polarity,success,535.3061224489796,2000.0,530.2551020408164,0.009435760579489113,work/chunks/r1_03889.npz,trial6_,False,False,False,False,0
172,2131,debelly,23.0,fixed_20pct,physical,3.0,3.6,-0.06568714648789235,orientation,success,338.3163265306123,2000.0,335.7908163265306,0.007464937415171315,work/chunks/r3_00065.npz,trial0_,False,False,False,False,0
172,2131,debelly,23.0,fixed_20pct,physical,3.0,3.6,-0.06568714648789235,full_polarity,success,343.36734693877554,2000.0,340.8418367346939,0.007355126300148571,work/chunks/r2_00068.npz,trial0_,False,False,False,False,0
173,2138,debelly,23.0,relative_20pct,relative,4.6000000000000005,3.6,-0.0656871464879001,orientation,success,238.90306122448982,2000.0,236.68367346938777,0.009289909236518982,work/chunks/r4_00060.npz,trial0_,False,False,False,False,0
173,2138,debelly,23.0,relative_20pct,relative,4.6000000000000005,3.6,-0.0656871464879001,full_polarity,success,241.12244897959184,2000.0,238.90306122448982,0.009204401184934317,work/chunks/r2_00069.npz,trial0_,False,False,False,False,0
174,2145,debelly,25.0,fixed_10pct,physical,1.5,3.6,-0.06748019602166327,orientation,success,641.3775510204082,2000.0,636.3265306122449,0.007875268475061632,work/chunks/r3_00067.npz,trial0_,False,False,False,False,0
174,2145,debelly,25.0,fixed_10pct,physical,1.5,3.6,-0.06748019602166327,full_polarity,success,646.4285714285714,2000.0,641.3775510204082,0.007813733228097851,work/chunks/r2_00070.npz,trial0_,False,False,False,False,0
175,2152,debelly,25.0,fixed_20pct,physical,3.0,3.6,-0.06748019602165983,orientation,success,414.0816326530612,2000.0,410.5612244897959,0.00850172498767865,work/chunks/r1_03920.npz,trial9_,False,False,False,False,0
175,2152,debelly,25.0,fixed_20pct,physical,3.0,3.6,-0.06748019602165983,full_polarity,success,418.2018365501382,2000.0,414.0816326530612,0.009852189868570808,work/chunks/r2_00071.npz,trial1_,False,False,False,False,0
176,2159,debelly,25.0,relative_20pct,relative,5.0,3.6,-0.06748019602142083,orientation,success,267.6020408163265,2000.0,265.0765306122449,0.009437559580552887,work/chunks/r3_00069.npz,trial0_,False,False,False,False,0
176,2159,debelly,25.0,relative_20pct,relative,5.0,3.6,-0.06748019602142083,full_polarity,success,270.1275510204082,2000.0,267.6020408163265,0.00934932477098895,work/chunks/r4_00061.npz,trial1_,False,False,False,False,0
177,2166,debelly,27.0,fixed_10pct,physical,1.5,3.6,-0.0688616931572878,orientation,success,782.8061224489795,2000.0,777.7551020408163,0.006452453887766394,work/chunks/r3_00070.npz,trial0_,False,False,False,False,0
177,2166,debelly,27.0,fixed_10pct,physical,1.5,3.6,-0.0688616931572878,full_polarity,success,782.8061224489795,2000.0,777.7551020408163,0.006452453887766394,work/chunks/r3_00070.npz,trial0_,False,False,False,False,0
178,2173,debelly,27.0,fixed_20pct,physical,3.0,3.6,-0.06886169315717312,orientation,success,510.05102040816325,2000.0,505.0,0.009902970891267357,work/chunks/r3_00071.npz,trial0_,False,False,False,False,0
178,2173,debelly,27.0,fixed_20pct,physical,3.0,3.6,-0.06886169315717312,full_polarity,success,515.1020408163265,2000.0,510.05102040816325,0.009805863708399344,work/chunks/r1_03945.npz,trial5_,True,True,False,False,0
179,2180,debelly,27.0,relative_20pct,relative,5.4,3.6,-0.06886169315901756,orientation,success,303.265306122449,2000.0,301.63265306122446,0.005383580080753789,work/chunks/r3_00072.npz,trial0_,False,False,False,False,0
179,2180,debelly,27.0,relative_20pct,relative,5.4,3.6,-0.06886169315901756,full_polarity,success,304.8979591836735,2000.0,303.265306122449,0.005354752342704237,work/chunks/r4_00062.npz,trial1_,False,False,False,False,0
180,2187,debelly,29.0,fixed_10pct,physical,1.5,3.6,-0.06993584173300967,orientation,success,954.5408163265306,2000.0,949.4897959183673,0.00529157090170505,work/chunks/r3_00073.npz,trial0_,False,False,False,False,0
180,2187,debelly,29.0,fixed_10pct,physical,1.5,3.6,-0.06993584173300967,full_polarity,success,954.5408163265306,2000.0,949.4897959183673,0.00529157090170505,work/chunks/r3_00073.npz,trial0_,False,False,False,False,0
181,2194,debelly,29.0,fixed_20pct,physical,3.0,3.6,-0.06993584174279796,orientation,success,631.2755102040817,2000.0,626.2244897959183,0.008001293138285136,work/chunks/r3_00074.npz,trial0_,True,True,False,False,0
181,2194,debelly,29.0,fixed_20pct,physical,3.0,3.6,-0.06993584174279796,full_polarity,success,631.2755102040817,2000.0,626.2244897959183,0.008001293138285136,work/chunks/r3_00074.npz,trial0_,True,True,False,False,0
182,2201,debelly,29.0,relative_20pct,relative,5.800000000000001,3.6,-0.06993584171415165,orientation,success,343.36734693877554,2000.0,340.8418367346939,0.007355126300148571,work/chunks/r2_00078.npz,trial0_,False,False,False,False,0
182,2201,debelly,29.0,relative_20pct,relative,5.800000000000001,3.6,-0.06993584171415165,full_polarity,success,343.36734693877554,2000.0,340.8418367346939,0.007355126300148571,work/chunks/r2_00078.npz,trial0_,False,False,False,False,0
183,2208,debelly,31.0,fixed_10pct,physical,1.5,3.6,-0.07076978697281211,orientation,success,1161.1319191832667,2000.0,1155.1640703246273,0.005139682029271187,work/chunks/r6_00003.npz,trial0_,True,True,False,False,0
183,2208,debelly,31.0,fixed_10pct,physical,1.5,3.6,-0.07076978697281211,full_polarity,success,1161.1319191832667,2000.0,1155.1640703246273,0.005139682029271187,work/chunks/r6_00003.npz,trial0_,True,True,False,False,0
184,2215,debelly,31.0,fixed_20pct,physical,3.0,3.6,-0.07076978700406567,orientation,success,772.704081632653,2000.0,767.6530612244898,0.006536810828656307,work/chunks/r3_00077.npz,trial0_,True,True,False,False,0
184,2215,debelly,31.0,fixed_20pct,physical,3.0,3.6,-0.07076978700406567,full_polarity,success,772.704081632653,2000.0,767.6530612244898,0.006536810828656307,work/chunks/r3_00077.npz,trial0_,True,True,False,False,0
185,2222,debelly,31.0,relative_20pct,relative,6.2,3.6,-0.07076978703298727,orientation,success,388.8265306122449,2000.0,386.30102040816325,0.00649521060228315,work/chunks/r3_00078.npz,trial0_,False,False,False,False,0
185,2222,debelly,31.0,relative_20pct,relative,6.2,3.6,-0.07076978703298727,full_polarity,success,388.8265306122449,2000.0,386.30102040816325,0.00649521060228315,work/chunks/r3_00078.npz,trial0_,False,False,False,False,0
186,2229,debelly,33.0,fixed_10pct,physical,1.5,3.6,-0.07141030568157758,orientation,success,1405.8694481780285,2000.0,1393.2283726073483,0.00899164256472228,work/chunks/r7_00001.npz,trial0_,True,True,False,False,0
186,2229,debelly,33.0,fixed_10pct,physical,1.5,3.6,-0.07141030568157758,full_polarity,success,1405.8694481780285,2000.0,1393.2283726073483,0.00899164256472228,work/chunks/r7_00001.npz,trial0_,True,True,False,False,0
187,2236,debelly,33.0,fixed_20pct,physical,3.0,3.6,-0.0714103057262362,orientation,success,944.4387755102041,2000.0,939.3877551020408,0.005348171357571162,work/chunks/r3_00080.npz,trial0_,False,False,False,False,0
187,2236,debelly,33.0,fixed_20pct,physical,3.0,3.6,-0.0714103057262362,full_polarity,success,944.4387755102041,2000.0,939.3877551020408,0.005348171357571162,work/chunks/r3_00080.npz,trial0_,False,False,False,False,0
188,2243,debelly,33.0,relative_20pct,relative,6.6000000000000005,3.6,-0.07141030579633309,orientation,success,441.8622448979592,2000.0,439.3367346938776,0.0057156053345649655,work/chunks/r4_00067.npz,trial0_,False,False,False,False,0
188,2243,debelly,33.0,relative_20pct,relative,6.6000000000000005,3.6,-0.07141030579633309,full_polarity,success,441.8622448979592,2000.0,439.3367346938776,0.0057156053345649655,work/chunks/r4_00067.npz,trial0_,False,False,False,False,0
189,2250,debelly,35.0,fixed_10pct,physical,1.5,3.6,-0.07189129806961149,orientation,success,1683.973110732994,2000.0,1671.3320351623138,0.007506696805377031,work/chunks/r7_00002.npz,trial0_,False,False,False,False,0
189,2250,debelly,35.0,fixed_10pct,physical,1.5,3.6,-0.07189129806961149,full_polarity,success,1683.973110732994,2000.0,1671.3320351623138,0.007506696805377031,work/chunks/r7_00002.npz,trial0_,False,False,False,False,0
190,2257,debelly,35.0,fixed_20pct,physical,3.0,3.6,-0.07189129812786627,orientation,success,1155.1640703246273,2000.0,1149.196221465988,0.005166234833604458,work/chunks/r5_00024.npz,trial0_,False,False,False,False,0
190,2257,debelly,35.0,fixed_20pct,physical,3.0,3.6,-0.07189129812786627,full_polarity,success,1155.1640703246273,2000.0,1149.196221465988,0.005166234833604458,work/chunks/r5_00024.npz,trial0_,False,False,False,False,0
191,2264,debelly,35.0,relative_20pct,relative,7.0,3.6,-0.07189129828064557,orientation,success,499.94897959183675,2000.0,497.4234693877551,0.005051535871007234,work/chunks/r3_00084.npz,trial0_,False,False,False,False,0
191,2264,debelly,35.0,relative_20pct,relative,7.0,3.6,-0.07189129828064557,full_polarity,success,499.94897959183675,2000.0,497.4234693877551,0.005051535871007234,work/chunks/r3_00084.npz,trial0_,False,False,False,False,0
192,2271,debelly,37.0,fixed_10pct,physical,1.5,3.6,-0.07223820914781277,orientation,censored,,2000.0,,,,,,,False,False,0
192,2271,debelly,37.0,fixed_10pct,physical,1.5,3.6,-0.07223820914781277,full_polarity,censored,,2000.0,,,,,,,False,False,0
193,2278,debelly,37.0,fixed_20pct,physical,3.0,3.6,-0.0722382091784166,orientation,success,1405.8694481780285,2000.0,1393.2283726073483,0.00899164256472228,work/chunks/r7_00003.npz,trial0_,False,False,False,False,0
193,2278,debelly,37.0,fixed_20pct,physical,3.0,3.6,-0.0722382091784166,full_polarity,success,1405.8694481780285,2000.0,1393.2283726073483,0.00899164256472228,work/chunks/r7_00003.npz,trial0_,False,False,False,False,0
194,2285,debelly,37.0,relative_20pct,relative,7.4,3.6,-0.07223820886010116,orientation,success,565.6122448979592,2000.0,560.5612244897959,0.008930182211798645,work/chunks/r2_00089.npz,trial0_,False,False,False,False,0
194,2285,debelly,37.0,relative_20pct,relative,7.4,3.6,-0.07223820886010116,full_polarity,success,570.6632653061224,2000.0,565.6122448979592,0.008851139919535072,work/chunks/r3_00086.npz,trial1_,False,False,False,False,0
195,2292,debelly,39.0,fixed_10pct,physical,1.5,3.6,-0.07247079132101054,orientation,censored,,2000.0,,,,,,,False,False,0
195,2292,debelly,39.0,fixed_10pct,physical,1.5,3.6,-0.07247079132101054,full_polarity,censored,,2000.0,,,,,,,False,False,0
196,2299,debelly,39.0,fixed_20pct,physical,3.0,3.6,-0.0724707913456194,orientation,success,1696.6141863036742,2000.0,1683.973110732994,0.007450766162824941,work/chunks/r4_00072.npz,trial0_,False,False,False,False,0
196,2299,debelly,39.0,fixed_20pct,physical,3.0,3.6,-0.0724707913456194,full_polarity,success,1709.2552618743543,2000.0,1696.6141863036742,0.007395662808618821,work/chunks/r7_00004.npz,trial1_,False,False,False,False,0
197,2306,debelly,39.0,relative_20pct,relative,7.800000000000001,3.6,-0.07247079151539915,orientation,success,636.3265306122449,2000.0,631.2755102040817,0.007937780628608063,work/chunks/r1_04098.npz,trial2_,False,False,False,False,0
197,2306,debelly,39.0,relative_20pct,relative,7.800000000000001,3.6,-0.07247079151539915,full_polarity,success,646.4285714285714,2000.0,641.3775510204082,0.007813733228097851,work/chunks/r2_00091.npz,trial1_,False,False,False,False,0
198,2313,holmes_model3,10.0,fixed_10pct,physical,1.5,1.0,-0.31891977527684956,orientation,success,44.5,5120.0,44.25,0.0056179775280898875,work/chunks/r4_00073.npz,trial0_,True,True,False,False,0
198,2313,holmes_model3,10.0,fixed_10pct,physical,1.5,1.0,-0.31891977527684956,full_polarity,success,44.5,5120.0,44.25,0.0056179775280898875,work/chunks/r4_00073.npz,trial0_,True,True,False,False,0
199,2320,holmes_model3,10.0,fixed_20pct,physical,3.0,1.0,-0.31891977526530607,orientation,success,15.75,5120.0,15.625,0.007936507936507936,work/chunks/r3_00090.npz,trial0_,True,True,False,False,0
199,2320,holmes_model3,10.0,fixed_20pct,physical,3.0,1.0,-0.31891977526530607,full_polarity,success,15.75,5120.0,15.625,0.007936507936507936,work/chunks/r3_00090.npz,trial0_,True,True,False,False,0
200,2327,holmes_model3,10.0,relative_20pct,relative,2.0,1.0,-0.318919775269517,orientation,success,30.0,5120.0,29.75,0.008333333333333333,work/chunks/r1_04180.npz,trial3_,True,True,False,False,0
200,2327,holmes_model3,10.0,relative_20pct,relative,2.0,1.0,-0.318919775269517,full_polarity,success,30.0,5120.0,29.75,0.008333333333333333,work/chunks/r1_04180.npz,trial3_,True,True,False,False,0
201,2334,holmes_model3,12.0,fixed_10pct,physical,1.5,1.0,-0.32162436527180366,orientation,success,88.5,5120.0,88.0,0.005649717514124294,work/chunks/r5_00028.npz,trial0_,True,True,False,False,0
201,2334,holmes_model3,12.0,fixed_10pct,physical,1.5,1.0,-0.32162436527180366,full_polarity,success,88.5,5120.0,88.0,0.005649717514124294,work/chunks/r5_00028.npz,trial0_,True,True,False,False,0
202,2341,holmes_model3,12.0,fixed_20pct,physical,3.0,1.0,-0.32162436527002325,orientation,success,28.25,5120.0,28.0,0.008849557522123894,work/chunks/r4_00077.npz,trial0_,True,True,False,False,0
202,2341,holmes_model3,12.0,fixed_20pct,physical,3.0,1.0,-0.32162436527002325,full_polarity,success,28.25,5120.0,28.0,0.008849557522123894,work/chunks/r4_00077.npz,trial0_,True,True,False,False,0
203,2348,holmes_model3,12.0,relative_20pct,relative,2.4000000000000004,1.0,-0.3216243652700324,orientation,success,41.75,5120.0,41.5,0.005988023952095809,work/chunks/r5_00029.npz,trial0_,True,True,False,False,0
203,2348,holmes_model3,12.0,relative_20pct,relative,2.4000000000000004,1.0,-0.3216243652700324,full_polarity,success,41.75,5120.0,41.5,0.005988023952095809,work/chunks/r5_00029.npz,trial0_,True,True,False,False,0
204,2355,holmes_model3,14.0,fixed_10pct,physical,1.5,1.0,-0.3232315050050087,orientation,success,226.0,5120.0,224.0,0.008849557522123894,work/chunks/r4_00079.npz,trial0_,False,False,True,False,0
204,2355,holmes_model3,14.0,fixed_10pct,physical,1.5,1.0,-0.3232315050050087,full_polarity,success,279.10835055998666,5120.0,277.33126291998997,0.006367017097235712,work/chunks/r2_00098.npz,trial1_,False,False,False,False,0
205,2362,holmes_model3,14.0,fixed_20pct,physical,3.0,1.0,-0.3232315050078581,orientation,success,56.0,5120.0,55.5,0.008928571428571428,work/chunks/r1_04361.npz,trial3_,False,False,True,False,0
205,2362,holmes_model3,14.0,fixed_20pct,physical,3.0,1.0,-0.3232315050078581,full_polarity,success,64.0,5120.0,63.5,0.0078125,work/chunks/r1_04361.npz,trial5_,False,False,False,False,0
206,2369,holmes_model3,14.0,relative_20pct,relative,2.8000000000000003,1.0,-0.3232315050066577,orientation,success,64.91794021504904,5120.0,64.45897010752452,0.007070004162241192,work/chunks/r3_00097.npz,trial0_,False,False,True,False,0
206,2369,holmes_model3,14.0,relative_20pct,relative,2.8000000000000003,1.0,-0.3232315050066577,full_polarity,success,74.5,5120.0,74.0,0.006711409395973154,work/chunks/r4_00081.npz,trial1_,False,False,False,False,0
207,2376,holmes_model3,15.0,fixed_10pct,physical,1.5,1.0,-0.32379853407679104,orientation,success,377.5,5120.0,375.0,0.006622516556291391,work/chunks/r4_00082.npz,trial0_,False,False,True,False,0
207,2376,holmes_model3,15.0,fixed_10pct,physical,1.5,1.0,-0.32379853407679104,full_polarity,success,565.0,5120.0,560.0,0.008849557522123894,work/chunks/r3_00098.npz,trial1_,True,True,False,False,0
208,2383,holmes_model3,15.0,fixed_20pct,physical,3.0,1.0,-0.3237985340768403,orientation,success,79.5,5120.0,79.0,0.006289308176100629,work/chunks/r4_00083.npz,trial0_,False,False,True,False,0
208,2383,holmes_model3,15.0,fixed_20pct,physical,3.0,1.0,-0.3237985340768403,full_polarity,success,102.0,5120.0,101.0,0.00980392156862745,work/chunks/r3_00099.npz,trial1_,True,True,False,False,0
209,2390,holmes_model3,15.0,relative_20pct,relative,3.0,1.0,-0.3237985340768403,orientation,success,79.5,5120.0,79.0,0.006289308176100629,work/chunks/r4_00084.npz,trial0_,False,False,True,False,0
209,2390,holmes_model3,15.0,relative_20pct,relative,3.0,1.0,-0.3237985340768403,full_polarity,success,102.0,5120.0,101.0,0.00980392156862745,work/chunks/r3_00100.npz,trial1_,True,True,False,False,0
210,2397,holmes_model3,16.0,fixed_10pct,physical,1.5,1.0,-0.32425915336728395,orientation,success,630.0,5120.0,625.0,0.007936507936507936,work/chunks/r2_00104.npz,trial0_,False,False,True,False,0
210,2397,holmes_model3,16.0,fixed_10pct,physical,1.5,1.0,-0.32425915336728395,full_polarity,success,1190.0,5120.0,1180.0,0.008403361344537815,work/chunks/r2_00104.npz,trial1_,False,False,False,False,0
211,2404,holmes_model3,16.0,fixed_20pct,physical,3.0,1.0,-0.32425915336691274,orientation,success,111.0,5120.0,110.0,0.009009009009009009,work/chunks/r4_00085.npz,trial0_,False,False,True,False,0
211,2404,holmes_model3,16.0,fixed_20pct,physical,3.0,1.0,-0.32425915336691274,full_polarity,success,167.0,5120.0,166.0,0.005988023952095809,work/chunks/r5_00030.npz,trial0_,False,False,False,False,0
212,2411,holmes_model3,16.0,relative_20pct,relative,3.2,1.0,-0.3242591533667257,orientation,success,94.0,5120.0,93.5,0.005319148936170213,work/chunks/r3_00103.npz,trial0_,False,False,True,False,0
212,2411,holmes_model3,16.0,relative_20pct,relative,3.2,1.0,-0.3242591533667257,full_polarity,success,137.5858968333115,5120.0,136.79294841665575,0.005763297219455731,work/chunks/r2_00106.npz,trial1_,False,False,False,False,0
213,2418,holmes_model3,18.0,fixed_10pct,physical,1.5,1.0,-0.32495319577656445,orientation,success,1670.0,5120.0,1660.0,0.005988023952095809,work/chunks/r2_00107.npz,trial0_,True,True,False,False,0
213,2418,holmes_model3,18.0,fixed_10pct,physical,1.5,1.0,-0.32495319577656445,full_polarity,censored,,5120.0,,,,,,,False,False,0
214,2425,holmes_model3,18.0,fixed_20pct,physical,3.0,1.0,-0.32495319577657567,orientation,success,216.0,5120.0,214.0,0.009259259259259259,work/chunks/r2_00108.npz,trial0_,True,True,True,False,0
214,2425,holmes_model3,18.0,fixed_20pct,physical,3.0,1.0,-0.32495319577657567,full_polarity,success,565.0,5120.0,560.0,0.008849557522123894,work/chunks/r3_00104.npz,trial1_,True,True,False,False,0
215,2432,holmes_model3,18.0,relative_20pct,relative,3.6,1.0,-0.32495319577654797,orientation,success,122.0,5120.0,121.0,0.00819672131147541,work/chunks/r3_00105.npz,trial0_,True,True,True,False,0
215,2432,holmes_model3,18.0,relative_20pct,relative,3.6,1.0,-0.32495319577654797,full_polarity,success,260.0,5120.0,258.0,0.007692307692307693,work/chunks/r3_00105.npz,trial1_,False,False,False,False,0
216,2439,holmes_model3,20.0,fixed_10pct,physical,1.5,1.0,-0.3254421801745977,orientation,success,4400.0,5120.0,4380.0,0.004545454545454545,work/chunks/r1_04780.npz,trial9_,True,True,False,False,0
216,2439,holmes_model3,20.0,fixed_10pct,physical,1.5,1.0,-0.3254421801745977,full_polarity,censored,,5120.0,,,,,,,False,False,0
217,2446,holmes_model3,20.0,fixed_20pct,physical,3.0,1.0,-0.325442180174658,orientation,success,440.0,5120.0,437.5,0.005681818181818182,work/chunks/r1_04796.npz,trial8_,True,True,True,False,0
217,2446,holmes_model3,20.0,fixed_20pct,physical,3.0,1.0,-0.325442180174658,full_polarity,success,2360.0,5120.0,2340.0,0.00847457627118644,work/chunks/r1_04806.npz,trial6_,False,False,False,False,0
218,2453,holmes_model3,20.0,relative_20pct,relative,4.0,1.0,-0.325442180174574,orientation,success,151.0,5120.0,150.0,0.006622516556291391,work/chunks/r4_00090.npz,trial0_,True,True,True,False,0
218,2453,holmes_model3,20.0,relative_20pct,relative,4.0,1.0,-0.325442180174574,full_polarity,success,515.0,5120.0,510.0,0.009708737864077669,work/chunks/r3_00107.npz,trial1_,True,True,False,False,0
219,2460,holmes_model3,22.0,fixed_10pct,physical,1.5,1.0,-0.32579848579815657,orientation,censored,,5120.0,,,,,,,False,False,0
219,2460,holmes_model3,22.0,fixed_10pct,physical,1.5,1.0,-0.32579848579815657,full_polarity,censored,,5120.0,,,,,,,False,False,0
220,2467,holmes_model3,22.0,fixed_20pct,physical,3.0,1.0,-0.32579848579803056,orientation,success,985.0,5120.0,980.0,0.005076142131979695,work/chunks/r3_00108.npz,trial0_,True,True,False,False,0
220,2467,holmes_model3,22.0,fixed_20pct,physical,3.0,1.0,-0.32579848579803056,full_polarity,censored,,5120.0,,,,,,,False,False,0
221,2474,holmes_model3,22.0,relative_20pct,relative,4.4,1.0,-0.3257984857982026,orientation,success,181.0,5120.0,180.0,0.0055248618784530384,work/chunks/r5_00032.npz,trial0_,True,True,True,False,0
221,2474,holmes_model3,22.0,relative_20pct,relative,4.4,1.0,-0.3257984857982026,full_polarity,success,1060.0,5120.0,1050.0,0.009433962264150943,work/chunks/r1_04944.npz,trial0_,False,False,False,False,0
222,2481,holmes_model3,24.0,fixed_10pct,physical,1.5,1.0,-0.3260653290863831,orientation,censored,,5120.0,,,,,,,False,False,0
222,2481,holmes_model3,24.0,fixed_10pct,physical,1.5,1.0,-0.3260653290863831,full_polarity,censored,,5120.0,,,,,,,False,False,0
223,2488,holmes_model3,24.0,fixed_20pct,physical,3.0,1.0,-0.3260653290863788,orientation,success,2400.0,5120.0,2380.0,0.008333333333333333,work/chunks/r1_05022.npz,trial8_,True,True,False,False,0
223,2488,holmes_model3,24.0,fixed_20pct,physical,3.0,1.0,-0.3260653290863788,full_polarity,censored,,5120.0,,,,,,,False,False,0
224,2495,holmes_model3,24.0,relative_20pct,relative,4.800000000000001,1.0,-0.32606532908641883,orientation,success,214.0,5120.0,212.0,0.009345794392523364,work/chunks/r4_00092.npz,trial0_,True,True,True,False,0
224,2495,holmes_model3,24.0,relative_20pct,relative,4.800000000000001,1.0,-0.32606532908641883,full_polarity,success,2180.0,5120.0,2160.0,0.009174311926605505,work/chunks/r1_05057.npz,trial7_,False,False,False,False,0
225,2502,holmes_model3,25.0,fixed_10pct,physical,1.5,1.0,-0.3261740806332269,orientation,censored,,5120.0,,,,,,,False,False,0
225,2502,holmes_model3,25.0,fixed_10pct,physical,1.5,1.0,-0.3261740806332269,full_polarity,censored,,5120.0,,,,,,,False,False,0
226,2509,holmes_model3,25.0,fixed_20pct,physical,3.0,1.0,-0.3261740806332723,orientation,success,3800.0,5120.0,3780.0,0.005263157894736842,work/chunks/r1_05137.npz,trial9_,True,True,False,False,0
226,2509,holmes_model3,25.0,fixed_20pct,physical,3.0,1.0,-0.3261740806332723,full_polarity,censored,,5120.0,,,,,,,False,False,0
227,2516,holmes_model3,25.0,relative_20pct,relative,5.0,1.0,-0.3261740806332227,orientation,success,232.0,5120.0,230.0,0.008620689655172414,work/chunks/r2_00115.npz,trial0_,True,True,True,False,0
227,2516,holmes_model3,25.0,relative_20pct,relative,5.0,1.0,-0.3261740806332227,full_polarity,success,3080.0,5120.0,3060.0,0.006493506493506494,work/chunks/r1_05170.npz,trial3_,False,False,False,False,0
228,2523,holmes_model3,26.0,fixed_10pct,physical,1.5,1.0,-0.326269770734504,orientation,censored,,5120.0,,,,,,,False,False,0
228,2523,holmes_model3,26.0,fixed_10pct,physical,1.5,1.0,-0.326269770734504,full_polarity,censored,,5120.0,,,,,,,False,False,0
229,2530,holmes_model3,26.0,fixed_20pct,physical,3.0,1.0,-0.3262697707345374,orientation,censored,,5120.0,,,,,,,False,False,0
229,2530,holmes_model3,26.0,fixed_20pct,physical,3.0,1.0,-0.3262697707345374,full_polarity,censored,,5120.0,,,,,,,False,False,0
230,2537,holmes_model3,26.0,relative_20pct,relative,5.2,1.0,-0.3262697707344781,orientation,success,252.0,5120.0,250.0,0.007936507936507936,work/chunks/r3_00112.npz,trial0_,True,True,True,False,0
230,2537,holmes_model3,26.0,relative_20pct,relative,5.2,1.0,-0.3262697707344781,full_polarity,success,4300.0,5120.0,4280.0,0.004651162790697674,work/chunks/r1_05284.npz,trial4_,False,False,False,False,0
231,2544,holmes_model3,28.0,fixed_10pct,physical,1.5,1.0,-0.32642943498038773,orientation,censored,,5120.0,,,,,,,False,False,0
231,2544,holmes_model3,28.0,fixed_10pct,physical,1.5,1.0,-0.32642943498038773,full_polarity,censored,,5120.0,,,,,,,False,False,0
232,2551,holmes_model3,28.0,fixed_20pct,physical,3.0,1.0,-0.32642943498015164,orientation,censored,,5120.0,,,,,,,False,False,0
232,2551,holmes_model3,28.0,fixed_20pct,physical,3.0,1.0,-0.32642943498015164,full_polarity,censored,,5120.0,,,,,,,False,False,0
233,2558,holmes_model3,28.0,relative_20pct,relative,5.6000000000000005,1.0,-0.326429434980192,orientation,success,292.0,5120.0,290.0,0.00684931506849315,work/chunks/r3_00113.npz,trial0_,True,True,False,False,0
233,2558,holmes_model3,28.0,relative_20pct,relative,5.6000000000000005,1.0,-0.326429434980192,full_polarity,censored,,5120.0,,,,,,,False,False,0
234,2565,holmes_model3,30.0,fixed_10pct,physical,1.5,1.0,-0.3265561862686837,orientation,censored,,5120.0,,,,,,,False,False,0
234,2565,holmes_model3,30.0,fixed_10pct,physical,1.5,1.0,-0.3265561862686837,full_polarity,censored,,5120.0,,,,,,,False,False,0
235,2572,holmes_model3,30.0,fixed_20pct,physical,3.0,1.0,-0.3265561862681728,orientation,censored,,5120.0,,,,,,,False,False,0
235,2572,holmes_model3,30.0,fixed_20pct,physical,3.0,1.0,-0.3265561862681728,full_polarity,censored,,5120.0,,,,,,,False,False,0
236,2579,holmes_model3,30.0,relative_20pct,relative,6.0,1.0,-0.32655618626820637,orientation,success,335.0,5120.0,332.5,0.007462686567164179,work/chunks/r3_00114.npz,trial0_,True,True,False,False,0
236,2579,holmes_model3,30.0,relative_20pct,relative,6.0,1.0,-0.32655618626820637,full_polarity,censored,,5120.0,,,,,,,False,False,0
237,2586,holmes_model3,32.0,fixed_10pct,physical,1.5,1.0,-0.3266582401684664,orientation,censored,,5120.0,,,,,,,False,False,0
237,2586,holmes_model3,32.0,fixed_10pct,physical,1.5,1.0,-0.3266582401684664,full_polarity,censored,,5120.0,,,,,,,False,False,0
238,2593,holmes_model3,32.0,fixed_20pct,physical,3.0,1.0,-0.32665824016810996,orientation,censored,,5120.0,,,,,,,False,False,0
238,2593,holmes_model3,32.0,fixed_20pct,physical,3.0,1.0,-0.32665824016810996,full_polarity,censored,,5120.0,,,,,,,False,False,0
239,2600,holmes_model3,32.0,relative_20pct,relative,6.4,1.0,-0.3266582401681293,orientation,success,382.5,5120.0,380.0,0.006535947712418301,work/chunks/r4_00097.npz,trial0_,True,True,False,False,0
239,2600,holmes_model3,32.0,relative_20pct,relative,6.4,1.0,-0.3266582401681293,full_polarity,censored,,5120.0,,,,,,,False,False,0
240,2607,holmes_model3,34.0,fixed_10pct,physical,1.5,1.0,-0.3267414258242855,orientation,censored,,5120.0,,,,,,,False,False,0
240,2607,holmes_model3,34.0,fixed_10pct,physical,1.5,1.0,-0.3267414258242855,full_polarity,censored,,5120.0,,,,,,,False,False,0
241,2614,holmes_model3,34.0,fixed_20pct,physical,3.0,1.0,-0.326741425824166,orientation,censored,,5120.0,,,,,,,False,False,0
241,2614,holmes_model3,34.0,fixed_20pct,physical,3.0,1.0,-0.326741425824166,full_polarity,censored,,5120.0,,,,,,,False,False,0
242,2621,holmes_model3,34.0,relative_20pct,relative,6.800000000000001,1.0,-0.32674142582412724,orientation,success,432.5,5120.0,430.0,0.005780346820809248,work/chunks/r4_00098.npz,trial0_,True,True,False,False,0
242,2621,holmes_model3,34.0,relative_20pct,relative,6.800000000000001,1.0,-0.32674142582412724,full_polarity,censored,,5120.0,,,,,,,False,False,0
243,2628,holmes_model3,36.0,fixed_10pct,physical,1.5,1.0,-0.32680996793306266,orientation,censored,,5120.0,,,,,,,False,False,0
243,2628,holmes_model3,36.0,fixed_10pct,physical,1.5,1.0,-0.32680996793306266,full_polarity,censored,,5120.0,,,,,,,False,False,0
244,2635,holmes_model3,36.0,fixed_20pct,physical,3.0,1.0,-0.32680996793391887,orientation,censored,,5120.0,,,,,,,False,False,0
244,2635,holmes_model3,36.0,fixed_20pct,physical,3.0,1.0,-0.32680996793391887,full_polarity,censored,,5120.0,,,,,,,False,False,0
245,2642,holmes_model3,36.0,relative_20pct,relative,7.2,1.0,-0.32680996793395833,orientation,success,490.0,5120.0,487.5,0.00510204081632653,work/chunks/r2_00121.npz,trial0_,True,True,False,False,0
245,2642,holmes_model3,36.0,relative_20pct,relative,7.2,1.0,-0.32680996793395833,full_polarity,censored,,5120.0,,,,,,,False,False,0
246,2649,holmes_model3,38.0,fixed_10pct,physical,1.5,1.0,-0.3268669861187708,orientation,censored,,5120.0,,,,,,,False,False,0
246,2649,holmes_model3,38.0,fixed_10pct,physical,1.5,1.0,-0.3268669861187708,full_polarity,censored,,5120.0,,,,,,,False,False,0
247,2656,holmes_model3,38.0,fixed_20pct,physical,3.0,1.0,-0.32686698611830495,orientation,censored,,5120.0,,,,,,,False,False,0
247,2656,holmes_model3,38.0,fixed_20pct,physical,3.0,1.0,-0.32686698611830495,full_polarity,censored,,5120.0,,,,,,,False,False,0
248,2663,holmes_model3,38.0,relative_20pct,relative,7.6000000000000005,1.0,-0.326866986118269,orientation,success,550.0,5120.0,545.0,0.00909090909090909,work/chunks/r2_00122.npz,trial0_,True,True,False,False,0
248,2663,holmes_model3,38.0,relative_20pct,relative,7.6000000000000005,1.0,-0.326866986118269,full_polarity,censored,,5120.0,,,,,,,False,False,0
249,2670,holmes_model3,40.0,fixed_10pct,physical,1.5,1.0,-0.32691482246883413,orientation,censored,,5120.0,,,,,,,False,False,0
249,2670,holmes_model3,40.0,fixed_10pct,physical,1.5,1.0,-0.32691482246883413,full_polarity,censored,,5120.0,,,,,,,False,False,0
250,2677,holmes_model3,40.0,fixed_20pct,physical,3.0,1.0,-0.3269148224685899,orientation,censored,,5120.0,,,,,,,False,False,0
250,2677,holmes_model3,40.0,fixed_20pct,physical,3.0,1.0,-0.3269148224685899,full_polarity,censored,,5120.0,,,,,,,False,False,0
251,2684,holmes_model3,40.0,relative_20pct,relative,8.0,1.0,-0.32691482246857934,orientation,success,615.0,5120.0,610.0,0.008130081300813009,work/chunks/r3_00119.npz,trial0_,True,True,False,False,0
251,2684,holmes_model3,40.0,relative_20pct,relative,8.0,1.0,-0.32691482246857934,full_polarity,censored,,5120.0,,,,,,,False,False,0
252,2691,holmes_model3,42.0,fixed_10pct,physical,1.5,1.0,-0.3269552615400659,orientation,censored,,5120.0,,,,,,,False,False,0
252,2691,holmes_model3,42.0,fixed_10pct,physical,1.5,1.0,-0.3269552615400659,full_polarity,censored,,5120.0,,,,,,,False,False,0
253,2698,holmes_model3,42.0,fixed_20pct,physical,3.0,1.0,-0.3269552615405643,orientation,censored,,5120.0,,,,,,,False,False,0
253,2698,holmes_model3,42.0,fixed_20pct,physical,3.0,1.0,-0.3269552615405643,full_polarity,censored,,5120.0,,,,,,,False,False,0
254,2705,holmes_model3,42.0,relative_20pct,relative,8.4,1.0,-0.32695526154016996,orientation,success,685.0,5120.0,680.0,0.0072992700729927005,work/chunks/r3_00120.npz,trial0_,True,True,False,False,0
254,2705,holmes_model3,42.0,relative_20pct,relative,8.4,1.0,-0.32695526154016996,full_polarity,censored,,5120.0,,,,,,,False,False,0
255,2712,holmes_model3,44.0,fixed_10pct,physical,1.5,1.0,-0.32698968126180694,orientation,censored,,5120.0,,,,,,,False,False,0
255,2712,holmes_model3,44.0,fixed_10pct,physical,1.5,1.0,-0.32698968126180694,full_polarity,censored,,5120.0,,,,,,,False,False,0
256,2719,holmes_model3,44.0,fixed_20pct,physical,3.0,1.0,-0.32698968126249733,orientation,censored,,5120.0,,,,,,,False,False,0
256,2719,holmes_model3,44.0,fixed_20pct,physical,3.0,1.0,-0.32698968126249733,full_polarity,censored,,5120.0,,,,,,,False,False,0
257,2726,holmes_model3,44.0,relative_20pct,relative,8.8,1.0,-0.32698968126245903,orientation,success,760.0,5120.0,755.0,0.006578947368421052,work/chunks/r1_06238.npz,trial5_,True,True,False,False,0
257,2726,holmes_model3,44.0,relative_20pct,relative,8.8,1.0,-0.32698968126245903,full_polarity,censored,,5120.0,,,,,,,False,False,0
258,2733,holmes_model3,46.0,fixed_10pct,physical,1.5,1.0,-0.3270191584354559,orientation,censored,,5120.0,,,,,,,False,False,0
258,2733,holmes_model3,46.0,fixed_10pct,physical,1.5,1.0,-0.3270191584354559,full_polarity,censored,,5120.0,,,,,,,False,False,0
259,2740,holmes_model3,46.0,fixed_20pct,physical,3.0,1.0,-0.32701915843531437,orientation,censored,,5120.0,,,,,,,False,False,0
259,2740,holmes_model3,46.0,fixed_20pct,physical,3.0,1.0,-0.32701915843531437,full_polarity,censored,,5120.0,,,,,,,False,False,0
260,2747,holmes_model3,46.0,relative_20pct,relative,9.200000000000001,1.0,-0.3270191584351024,orientation,success,840.0,5120.0,835.0,0.005952380952380952,work/chunks/r1_06346.npz,trial9_,True,True,False,False,0
260,2747,holmes_model3,46.0,relative_20pct,relative,9.200000000000001,1.0,-0.3270191584351024,full_polarity,censored,,5120.0,,,,,,,False,False,0
261,2754,holmes_model3,48.0,fixed_10pct,physical,1.5,1.0,-0.3270445437524449,orientation,censored,,5120.0,,,,,,,False,False,0
261,2754,holmes_model3,48.0,fixed_10pct,physical,1.5,1.0,-0.3270445437524449,full_polarity,censored,,5120.0,,,,,,,False,False,0
262,2761,holmes_model3,48.0,fixed_20pct,physical,3.0,1.0,-0.32704454375213793,orientation,censored,,5120.0,,,,,,,False,False,0
262,2761,holmes_model3,48.0,fixed_20pct,physical,3.0,1.0,-0.32704454375213793,full_polarity,censored,,5120.0,,,,,,,False,False,0
263,2768,holmes_model3,48.0,relative_20pct,relative,9.600000000000001,1.0,-0.327044543752134,orientation,success,925.0,5120.0,920.0,0.005405405405405406,work/chunks/r3_00123.npz,trial0_,True,True,False,False,0
263,2768,holmes_model3,48.0,relative_20pct,relative,9.600000000000001,1.0,-0.327044543752134,full_polarity,censored,,5120.0,,,,,,,False,False,0
264,2775,holmes_model3,50.0,fixed_10pct,physical,1.5,1.0,-0.32706651598456915,orientation,censored,,5120.0,,,,,,,False,False,0
264,2775,holmes_model3,50.0,fixed_10pct,physical,1.5,1.0,-0.32706651598456915,full_polarity,censored,,5120.0,,,,,,,False,False,0
265,2782,holmes_model3,50.0,fixed_20pct,physical,3.0,1.0,-0.32706651598456116,orientation,censored,,5120.0,,,,,,,False,False,0
265,2782,holmes_model3,50.0,fixed_20pct,physical,3.0,1.0,-0.32706651598456116,full_polarity,censored,,5120.0,,,,,,,False,False,0
266,2789,holmes_model3,50.0,relative_20pct,relative,10.0,1.0,-0.3270665159846082,orientation,success,1020.0,5120.0,1010.0,0.00980392156862745,work/chunks/r1_06563.npz,trial8_,True,True,False,False,0
266,2789,holmes_model3,50.0,relative_20pct,relative,10.0,1.0,-0.3270665159846082,full_polarity,censored,,5120.0,,,,,,,False,False,0
267,2796,spring,0.6,fixed_10pct,physical,0.1,4.0,-0.08872884588686623,orientation,success,0.28500000000000003,50.0,0.28250000000000003,0.00877192982456141,work/chunks/r2_00129.npz,trial0_,True,True,False,False,0
267,2796,spring,0.6,fixed_10pct,physical,0.1,4.0,-0.08872884588686623,full_polarity,success,0.28500000000000003,50.0,0.28250000000000003,0.00877192982456141,work/chunks/r2_00129.npz,trial0_,True,True,False,False,0
268,2803,spring,0.6,fixed_20pct,physical,0.2,4.0,-0.08872884588686623,orientation,success,0.152,50.0,0.151,0.006578947368421058,work/chunks/r1_06601.npz,trial8_,True,True,False,False,0
268,2803,spring,0.6,fixed_20pct,physical,0.2,4.0,-0.08872884588686623,full_polarity,success,0.152,50.0,0.151,0.006578947368421058,work/chunks/r1_06601.npz,trial8_,True,True,False,False,0
269,2810,spring,0.6,relative_20pct,relative,0.12,4.0,-0.08872884588686623,orientation,success,0.22375,50.0,0.2225,0.005586592178770954,work/chunks/r4_00100.npz,trial0_,True,True,False,False,0
269,2810,spring,0.6,relative_20pct,relative,0.12,4.0,-0.08872884588686623,full_polarity,success,0.22375,50.0,0.2225,0.005586592178770954,work/chunks/r4_00100.npz,trial0_,True,True,False,False,0
270,2817,spring,0.7,fixed_10pct,physical,0.1,4.0,-0.09203806910133878,orientation,success,0.33249999999999996,50.0,0.32999999999999996,0.00751879699248121,work/chunks/r4_00101.npz,trial0_,True,True,False,False,0
270,2817,spring,0.7,fixed_10pct,physical,0.1,4.0,-0.09203806910133878,full_polarity,success,0.33249999999999996,50.0,0.32999999999999996,0.00751879699248121,work/chunks/r4_00101.npz,trial0_,True,True,False,False,0
271,2824,spring,0.7,fixed_20pct,physical,0.2,4.0,-0.09203806917115004,orientation,success,0.17200000000000001,50.0,0.171,0.005813953488372098,work/chunks/r1_06642.npz,trial0_,True,True,False,False,0
271,2824,spring,0.7,fixed_20pct,physical,0.2,4.0,-0.09203806917115004,full_polarity,success,0.17200000000000001,50.0,0.171,0.005813953488372098,work/chunks/r1_06642.npz,trial0_,True,True,False,False,0
272,2831,spring,0.7,relative_20pct,relative,0.13999999999999999,4.0,-0.09203806894961311,orientation,success,0.225,50.0,0.22375,0.00555555555555556,work/chunks/r2_00133.npz,trial0_,True,True,False,False,0
272,2831,spring,0.7,relative_20pct,relative,0.13999999999999999,4.0,-0.09203806894961311,full_polarity,success,0.225,50.0,0.22375,0.00555555555555556,work/chunks/r2_00133.npz,trial0_,True,True,False,False,0
273,2838,spring,0.8,fixed_10pct,physical,0.1,4.0,-0.09592892923054001,orientation,success,0.405,50.0,0.4025,0.006172839506172844,work/chunks/r3_00128.npz,trial0_,True,True,False,False,0
273,2838,spring,0.8,fixed_10pct,physical,0.1,4.0,-0.09592892923054001,full_polarity,success,0.405,50.0,0.4025,0.006172839506172844,work/chunks/r3_00128.npz,trial0_,True,True,False,False,0
274,2845,spring,0.8,fixed_20pct,physical,0.2,4.0,-0.09592892923054001,orientation,success,0.2025,50.0,0.20125,0.006172839506172844,work/chunks/r3_00129.npz,trial0_,True,True,False,False,0
274,2845,spring,0.8,fixed_20pct,physical,0.2,4.0,-0.09592892923054001,full_polarity,success,0.2025,50.0,0.20125,0.006172839506172844,work/chunks/r3_00129.npz,trial0_,True,True,False,False,0
275,2852,spring,0.8,relative_20pct,relative,0.16000000000000003,4.0,-0.09592892923054001,orientation,success,0.2375,50.0,0.23625,0.005263157894736847,work/chunks/r3_00130.npz,trial0_,True,True,False,False,0
275,2852,spring,0.8,relative_20pct,relative,0.16000000000000003,4.0,-0.09592892923054001,full_polarity,success,0.2375,50.0,0.23625,0.005263157894736847,work/chunks/r3_00130.npz,trial0_,True,True,False,False,0
276,2859,spring,0.9,fixed_10pct,physical,0.1,4.0,-0.10038435495680394,orientation,success,0.5093749999999999,50.0,0.50625,0.006134969325153244,work/chunks/r5_00033.npz,trial0_,True,True,False,False,0
276,2859,spring,0.9,fixed_10pct,physical,0.1,4.0,-0.10038435495680394,full_polarity,success,0.5093749999999999,50.0,0.50625,0.006134969325153244,work/chunks/r5_00033.npz,trial0_,True,True,False,False,0
277,2866,spring,0.9,fixed_20pct,physical,0.2,4.0,-0.10038435509750304,orientation,success,0.2475,50.0,0.24625,0.005050505050505055,work/chunks/r3_00132.npz,trial0_,True,True,False,False,0
277,2866,spring,0.9,fixed_20pct,physical,0.2,4.0,-0.10038435509750304,full_polarity,success,0.2475,50.0,0.24625,0.005050505050505055,work/chunks/r3_00132.npz,trial0_,True,True,False,False,0
278,2873,spring,0.9,relative_20pct,relative,0.18000000000000002,4.0,-0.1003843551098172,orientation,success,0.2625,50.0,0.26,0.009523809523809532,work/chunks/r3_00133.npz,trial0_,True,True,False,False,0
278,2873,spring,0.9,relative_20pct,relative,0.18000000000000002,4.0,-0.1003843551098172,full_polarity,success,0.2625,50.0,0.26,0.009523809523809532,work/chunks/r3_00133.npz,trial0_,True,True,False,False,0
279,2880,spring,1.0,fixed_10pct,physical,0.1,4.0,-0.10478589675628087,orientation,success,0.65625,50.0,0.65,0.00952380952380949,work/chunks/r4_00108.npz,trial0_,True,True,False,False,0
279,2880,spring,1.0,fixed_10pct,physical,0.1,4.0,-0.10478589675628087,full_polarity,success,0.65625,50.0,0.65,0.00952380952380949,work/chunks/r4_00108.npz,trial0_,True,True,False,False,0
280,2887,spring,1.0,fixed_20pct,physical,0.2,4.0,-0.10478589626766892,orientation,success,0.3101423537605237,50.0,0.30811388300841897,0.006540450626975635,work/chunks/r4_00109.npz,trial0_,True,True,False,False,0
280,2887,spring,1.0,fixed_20pct,physical,0.2,4.0,-0.10478589626766892,full_polarity,success,0.3101423537605237,50.0,0.30811388300841897,0.006540450626975635,work/chunks/r4_00109.npz,trial0_,True,True,False,False,0
281,2894,spring,1.0,relative_20pct,relative,0.2,4.0,-0.10478589591346363,orientation,success,0.295,50.0,0.2925,0.00847457627118645,work/chunks/r2_00142.npz,trial0_,True,True,False,False,0
281,2894,spring,1.0,relative_20pct,relative,0.2,4.0,-0.10478589591346363,full_polarity,success,0.295,50.0,0.2925,0.00847457627118645,work/chunks/r2_00142.npz,trial0_,True,True,False,False,0
282,2901,spring,1.1,fixed_10pct,physical,0.1,4.0,-0.10870852689789784,orientation,success,0.8500000000000001,50.0,0.8437500000000001,0.007352941176470561,work/chunks/r1_06789.npz,trial7_,True,True,False,False,0
282,2901,spring,1.1,fixed_10pct,physical,0.1,4.0,-0.10870852689789784,full_polarity,success,0.8500000000000001,50.0,0.8437500000000001,0.007352941176470561,work/chunks/r1_06789.npz,trial7_,True,True,False,False,0
283,2908,spring,1.1,fixed_20pct,physical,0.2,4.0,-0.10870852689789784,orientation,success,0.3975,50.0,0.395,0.0062893081761006345,work/chunks/r4_00111.npz,trial0_,True,True,False,False,0
283,2908,spring,1.1,fixed_20pct,physical,0.2,4.0,-0.10870852689789784,full_polarity,success,0.3975,50.0,0.395,0.0062893081761006345,work/chunks/r4_00111.npz,trial0_,True,True,False,False,0
284,2915,spring,1.1,relative_20pct,relative,0.22000000000000003,4.0,-0.10870852689789784,orientation,success,0.33499999999999996,50.0,0.33249999999999996,0.007462686567164187,work/chunks/r3_00139.npz,trial0_,True,True,False,False,0
284,2915,spring,1.1,relative_20pct,relative,0.22000000000000003,4.0,-0.10870852689789784,full_polarity,success,0.33499999999999996,50.0,0.33249999999999996,0.007462686567164187,work/chunks/r3_00139.npz,trial0_,True,True,False,False,0
285,2922,spring,1.2,fixed_10pct,physical,0.1,4.0,-0.11203834559808112,orientation,success,1.09375,50.0,1.0875000000000001,0.005714285714285593,work/chunks/r5_00034.npz,trial0_,True,True,False,False,0
285,2922,spring,1.2,fixed_10pct,physical,0.1,4.0,-0.11203834559808112,full_polarity,success,1.09375,50.0,1.0875000000000001,0.005714285714285593,work/chunks/r5_00034.npz,trial0_,True,True,False,False,0
286,2929,spring,1.2,fixed_20pct,physical,0.2,4.0,-0.11203834559808112,orientation,success,0.5125,50.0,0.5093749999999999,0.006097560975609843,work/chunks/r3_00141.npz,trial0_,True,True,False,False,0
286,2929,spring,1.2,fixed_20pct,physical,0.2,4.0,-0.11203834559808112,full_polarity,success,0.5125,50.0,0.5093749999999999,0.006097560975609843,work/chunks/r3_00141.npz,trial0_,True,True,False,False,0
287,2936,spring,1.2,relative_20pct,relative,0.24,4.0,-0.11203834559808112,orientation,success,0.3825,50.0,0.38,0.006535947712418306,work/chunks/r4_00115.npz,trial0_,True,True,False,False,0
287,2936,spring,1.2,relative_20pct,relative,0.24,4.0,-0.11203834559808112,full_polarity,success,0.3825,50.0,0.38,0.006535947712418306,work/chunks/r4_00115.npz,trial0_,True,True,False,False,0
288,2943,spring,1.3,fixed_10pct,physical,0.1,4.0,-0.11481056712106946,orientation,success,1.4,50.0,1.3875,0.008928571428571397,work/chunks/r1_06868.npz,trial5_,True,True,False,False,0
288,2943,spring,1.3,fixed_10pct,physical,0.1,4.0,-0.11481056712106946,full_polarity,success,1.4,50.0,1.3875,0.008928571428571397,work/chunks/r1_06868.npz,trial5_,True,True,False,False,0
289,2950,spring,1.3,fixed_20pct,physical,0.2,4.0,-0.11481056712106946,orientation,success,0.65625,50.0,0.65,0.00952380952380949,work/chunks/r4_00117.npz,trial0_,True,True,False,False,0
289,2950,spring,1.3,fixed_20pct,physical,0.2,4.0,-0.11481056712106946,full_polarity,success,0.65625,50.0,0.65,0.00952380952380949,work/chunks/r4_00117.npz,trial0_,True,True,False,False,0
290,2957,spring,1.3,relative_20pct,relative,0.26,4.0,-0.11481056712106946,orientation,success,0.4375,50.0,0.435,0.0057142857142857195,work/chunks/r4_00118.npz,trial0_,True,True,False,False,0
290,2957,spring,1.3,relative_20pct,relative,0.26,4.0,-0.11481056712106946,full_polarity,success,0.4375,50.0,0.435,0.0057142857142857195,work/chunks/r4_00118.npz,trial0_,True,True,False,False,0
291,2964,spring,1.4,fixed_10pct,physical,0.1,4.0,-0.11710548723770496,orientation,success,1.75,50.0,1.7375,0.0071428571428571175,work/chunks/r2_00152.npz,trial0_,True,True,False,False,0
291,2964,spring,1.4,fixed_10pct,physical,0.1,4.0,-0.11710548723770496,full_polarity,success,1.75,50.0,1.7375,0.0071428571428571175,work/chunks/r2_00152.npz,trial0_,True,True,False,False,0
292,2971,spring,1.4,fixed_20pct,physical,0.2,4.0,-0.11710548653020514,orientation,success,0.83125,50.0,0.8250000000000001,0.007518796992481176,work/chunks/r4_00120.npz,trial0_,True,True,False,False,0
292,2971,spring,1.4,fixed_20pct,physical,0.2,4.0,-0.11710548653020514,full_polarity,success,0.83125,50.0,0.8250000000000001,0.007518796992481176,work/chunks/r4_00120.npz,trial0_,True,True,False,False,0
293,2978,spring,1.4,relative_20pct,relative,0.27999999999999997,4.0,-0.11710548721557959,orientation,success,0.495,50.0,0.4925,0.005050505050505055,work/chunks/r3_00148.npz,trial0_,True,True,False,False,0
293,2978,spring,1.4,relative_20pct,relative,0.27999999999999997,4.0,-0.11710548721557959,full_polarity,success,0.495,50.0,0.4925,0.005050505050505055,work/chunks/r3_00148.npz,trial0_,True,True,False,False,0
294,2985,spring,1.5,fixed_10pct,physical,0.1,4.0,-0.11900747924877172,orientation,success,2.1704820140373022,50.0,2.158707651677057,0.005424768454240211,work/chunks/r5_00036.npz,trial0_,True,True,False,False,0
294,2985,spring,1.5,fixed_10pct,physical,0.1,4.0,-0.11900747924877172,full_polarity,success,2.1704820140373022,50.0,2.158707651677057,0.005424768454240211,work/chunks/r5_00036.npz,trial0_,True,True,False,False,0
295,2992,spring,1.5,fixed_20pct,physical,0.2,4.0,-0.11900747924877172,orientation,success,1.0375,50.0,1.03125,0.006024096385542254,work/chunks/r4_00123.npz,trial0_,True,True,False,False,0
295,2992,spring,1.5,fixed_20pct,physical,0.2,4.0,-0.11900747924877172,full_polarity,success,1.0375,50.0,1.03125,0.006024096385542254,work/chunks/r4_00123.npz,trial0_,True,True,False,False,0
296,2999,spring,1.5,relative_20pct,relative,0.30000000000000004,4.0,-0.11900747924877172,orientation,success,0.555685697717279,50.0,0.5528428488586395,0.005115929508925174,work/chunks/r4_00124.npz,trial0_,True,True,False,False,0
296,2999,spring,1.5,relative_20pct,relative,0.30000000000000004,4.0,-0.11900747924877172,full_polarity,success,0.555685697717279,50.0,0.5528428488586395,0.005115929508925174,work/chunks/r4_00124.npz,trial0_,True,True,False,False,0
297,3006,spring,1.6,fixed_10pct,physical,0.1,4.0,-0.12059131002640687,orientation,success,2.65625,50.0,2.6375,0.007058823529411698,work/chunks/r5_00039.npz,trial0_,True,True,False,False,0
297,3006,spring,1.6,fixed_10pct,physical,0.1,4.0,-0.12059131002640687,full_polarity,success,2.65625,50.0,2.6375,0.007058823529411698,work/chunks/r5_00039.npz,trial0_,True,True,False,False,0
298,3013,spring,1.6,fixed_20pct,physical,0.2,4.0,-0.12059130967102942,orientation,success,1.275,50.0,1.2625,0.009803921568627416,work/chunks/r3_00153.npz,trial0_,True,True,False,False,0
298,3013,spring,1.6,fixed_20pct,physical,0.2,4.0,-0.12059130967102942,full_polarity,success,1.275,50.0,1.2625,0.009803921568627416,work/chunks/r3_00153.npz,trial0_,True,True,False,False,0
299,3020,spring,1.6,relative_20pct,relative,0.32000000000000006,4.0,-0.12059130964854667,orientation,success,0.6156250000000001,50.0,0.6125,0.005076142131979767,work/chunks/r5_00040.npz,trial0_,True,True,False,False,0
299,3020,spring,1.6,relative_20pct,relative,0.32000000000000006,4.0,-0.12059130964854667,full_polarity,success,0.6156250000000001,50.0,0.6125,0.005076142131979767,work/chunks/r5_00040.npz,trial0_,True,True,False,False,0
300,3027,spring,1.7,fixed_10pct,physical,0.1,4.0,-0.12191889494130187,orientation,success,3.1812500000000004,50.0,3.1625,0.00589390962671914,work/chunks/r5_00041.npz,trial0_,True,True,False,False,0
300,3027,spring,1.7,fixed_10pct,physical,0.1,4.0,-0.12191889494130187,full_polarity,success,3.1812500000000004,50.0,3.1625,0.00589390962671914,work/chunks/r5_00041.npz,trial0_,True,True,False,False,0
301,3034,spring,1.7,fixed_20pct,physical,0.2,4.0,-0.12191889503862165,orientation,success,1.5625,50.0,1.55,0.007999999999999972,work/chunks/r4_00129.npz,trial0_,True,True,False,False,0
301,3034,spring,1.7,fixed_20pct,physical,0.2,4.0,-0.12191889503862165,full_polarity,success,1.5625,50.0,1.55,0.007999999999999972,work/chunks/r4_00129.npz,trial0_,True,True,False,False,0
302,3041,spring,1.7,relative_20pct,relative,0.34,4.0,-0.1219188954453598,orientation,success,0.68125,50.0,0.675,0.009174311926605472,work/chunks/r4_00130.npz,trial0_,True,True,False,False,0
302,3041,spring,1.7,relative_20pct,relative,0.34,4.0,-0.1219188954453598,full_polarity,success,0.68125,50.0,0.675,0.009174311926605472,work/chunks/r4_00130.npz,trial0_,True,True,False,False,0
303,3048,spring,1.8,fixed_10pct,physical,0.1,4.0,-0.12303993408971371,orientation,success,3.7624999999999997,50.0,3.7249999999999996,0.009966777408637897,work/chunks/r4_00131.npz,trial0_,True,True,False,False,0
303,3048,spring,1.8,fixed_10pct,physical,0.1,4.0,-0.12303993408971371,full_polarity,success,3.7624999999999997,50.0,3.7249999999999996,0.009966777408637897,work/chunks/r4_00131.npz,trial0_,True,True,False,False,0
304,3055,spring,1.8,fixed_20pct,physical,0.2,4.0,-0.12303993408971371,orientation,success,1.875,50.0,1.8625,0.006666666666666643,work/chunks/r3_00159.npz,trial0_,True,True,False,False,0
304,3055,spring,1.8,fixed_20pct,physical,0.2,4.0,-0.12303993408971371,full_polarity,success,1.875,50.0,1.8625,0.006666666666666643,work/chunks/r3_00159.npz,trial0_,True,True,False,False,0
305,3062,spring,1.8,relative_20pct,relative,0.36000000000000004,4.0,-0.12303993408971371,orientation,success,0.74375,50.0,0.7375,0.008403361344537785,work/chunks/r4_00133.npz,trial0_,True,True,False,False,0
305,3062,spring,1.8,relative_20pct,relative,0.36000000000000004,4.0,-0.12303993408971371,full_polarity,success,0.74375,50.0,0.7375,0.008403361344537785,work/chunks/r4_00133.npz,trial0_,True,True,False,False,0
306,3069,spring,1.9,fixed_10pct,physical,0.1,4.0,-0.12399376395344364,orientation,success,4.362500000000001,50.0,4.325,0.00859598853868207,work/chunks/r4_00134.npz,trial0_,True,True,False,False,0
306,3069,spring,1.9,fixed_10pct,physical,0.1,4.0,-0.12399376395344364,full_polarity,success,4.362500000000001,50.0,4.325,0.00859598853868207,work/chunks/r4_00134.npz,trial0_,True,True,False,False,0
307,3076,spring,1.9,fixed_20pct,physical,0.2,4.0,-0.12399376427562718,orientation,success,2.2411281881987737,50.0,2.229353825838529,0.00525376568027021,work/chunks/r5_00042.npz,trial0_,True,True,False,False,0
307,3076,spring,1.9,fixed_20pct,physical,0.2,4.0,-0.12399376427562718,full_polarity,success,2.2411281881987737,50.0,2.229353825838529,0.00525376568027021,work/chunks/r5_00042.npz,trial0_,True,True,False,False,0
308,3083,spring,1.9,relative_20pct,relative,0.38,4.0,-0.12399376393934938,orientation,success,0.80625,50.0,0.8,0.007751937984496096,work/chunks/r4_00136.npz,trial0_,True,True,False,False,0
308,3083,spring,1.9,relative_20pct,relative,0.38,4.0,-0.12399376393934938,full_polarity,success,0.80625,50.0,0.8,0.007751937984496096,work/chunks/r4_00136.npz,trial0_,True,True,False,False,0
309,3090,spring,2.0,fixed_10pct,physical,0.1,4.0,-0.12481138013563431,orientation,success,5.0,50.0,4.9625,0.007499999999999929,work/chunks/r1_07143.npz,trial3_,True,True,False,False,0
309,3090,spring,2.0,fixed_10pct,physical,0.1,4.0,-0.12481138013563431,full_polarity,success,5.0,50.0,4.9625,0.007499999999999929,work/chunks/r1_07143.npz,trial3_,True,True,False,False,0
310,3097,spring,2.0,fixed_20pct,physical,0.2,4.0,-0.12481138013563431,orientation,success,2.65625,50.0,2.6375,0.007058823529411698,work/chunks/r5_00043.npz,trial0_,True,True,False,False,0
310,3097,spring,2.0,fixed_20pct,physical,0.2,4.0,-0.12481138013563431,full_polarity,success,2.65625,50.0,2.6375,0.007058823529411698,work/chunks/r5_00043.npz,trial0_,True,True,False,False,0
311,3104,spring,2.0,relative_20pct,relative,0.4,4.0,-0.12481138013563431,orientation,success,0.8625,50.0,0.8562500000000001,0.007246376811594177,work/chunks/r3_00166.npz,trial0_,True,True,False,False,0
311,3104,spring,2.0,relative_20pct,relative,0.4,4.0,-0.12481138013563431,full_polarity,success,0.8625,50.0,0.8562500000000001,0.007246376811594177,work/chunks/r3_00166.npz,trial0_,True,True,False,False,0
312,3111,spring,2.1,fixed_10pct,physical,0.1,4.0,-0.12551722844825472,orientation,success,5.6608311117689585,50.0,5.621958693429607,0.006866910100627238,work/chunks/r7_00005.npz,trial0_,True,True,False,False,0
312,3111,spring,2.1,fixed_10pct,physical,0.1,4.0,-0.12551722844825472,full_polarity,success,5.6608311117689585,50.0,5.621958693429607,0.006866910100627238,work/chunks/r7_00005.npz,trial0_,True,True,False,False,0
313,3118,spring,2.1,fixed_20pct,physical,0.2,4.0,-0.1255172285394736,orientation,success,3.10625,50.0,3.0875,0.006036217303823023,work/chunks/r5_00045.npz,trial0_,True,True,False,False,0
313,3118,spring,2.1,fixed_20pct,physical,0.2,4.0,-0.1255172285394736,full_polarity,success,3.10625,50.0,3.0875,0.006036217303823023,work/chunks/r5_00045.npz,trial0_,True,True,False,False,0
314,3125,spring,2.1,relative_20pct,relative,0.42000000000000004,4.0,-0.12551722844069568,orientation,success,0.925,50.0,0.9187500000000001,0.006756756756756733,work/chunks/r2_00175.npz,trial0_,True,True,False,False,0
314,3125,spring,2.1,relative_20pct,relative,0.42000000000000004,4.0,-0.12551722844069568,full_polarity,success,0.925,50.0,0.9187500000000001,0.006756756756756733,work/chunks/r2_00175.npz,trial0_,True,True,False,False,0
315,3132,spring,2.2,fixed_10pct,physical,0.1,4.0,-0.12613067182144996,orientation,success,6.321662223537915,50.0,6.282789805198565,0.006149081833985644,work/chunks/r6_00010.npz,trial0_,True,True,False,False,0
315,3132,spring,2.2,fixed_10pct,physical,0.1,4.0,-0.12613067182144996,full_polarity,success,6.321662223537915,50.0,6.282789805198565,0.006149081833985644,work/chunks/r6_00010.npz,trial0_,True,True,False,False,0
316,3139,spring,2.2,fixed_20pct,physical,0.2,4.0,-0.12613067182144996,orientation,success,3.59375,50.0,3.575,0.005217391304347777,work/chunks/r5_00047.npz,trial0_,True,True,False,False,0
316,3139,spring,2.2,fixed_20pct,physical,0.2,4.0,-0.12613067182144996,full_polarity,success,3.59375,50.0,3.575,0.005217391304347777,work/chunks/r5_00047.npz,trial0_,True,True,False,False,0
317,3146,spring,2.2,relative_20pct,relative,0.44000000000000006,4.0,-0.12613067182144996,orientation,success,0.9875,50.0,0.98125,0.006329113924050722,work/chunks/r3_00172.npz,trial0_,True,True,False,False,0
317,3146,spring,2.2,relative_20pct,relative,0.44000000000000006,4.0,-0.12613067182144996,full_polarity,success,0.9875,50.0,0.98125,0.006329113924050722,work/chunks/r3_00172.npz,trial0_,True,True,False,False,0
318,3153,spring,2.3,fixed_10pct,physical,0.1,4.0,-0.12666713882749014,orientation,success,6.982493335306874,50.0,6.943620916967523,0.005567125734698876,work/chunks/r7_00007.npz,trial0_,True,True,False,False,0
318,3153,spring,2.3,fixed_10pct,physical,0.1,4.0,-0.12666713882749014,full_polarity,success,6.982493335306874,50.0,6.943620916967523,0.005567125734698876,work/chunks/r7_00007.npz,trial0_,True,True,False,False,0
319,3160,spring,2.3,fixed_20pct,physical,0.2,4.0,-0.12666713885115782,orientation,success,4.137499999999999,50.0,4.1,0.009063444108761245,work/chunks/r4_00147.npz,trial0_,True,True,False,False,0
319,3160,spring,2.3,fixed_20pct,physical,0.2,4.0,-0.12666713885115782,full_polarity,success,4.137499999999999,50.0,4.1,0.009063444108761245,work/chunks/r4_00147.npz,trial0_,True,True,False,False,0
320,3167,spring,2.3,relative_20pct,relative,0.45999999999999996,4.0,-0.12666713885170616,orientation,success,1.0437500000000002,50.0,1.0375,0.005988023952095893,work/chunks/r5_00049.npz,trial0_,True,True,False,False,0
320,3167,spring,2.3,relative_20pct,relative,0.45999999999999996,4.0,-0.12666713885170616,full_polarity,success,1.0437500000000002,50.0,1.0375,0.005988023952095893,work/chunks/r5_00049.npz,trial0_,True,True,False,False,0
321,3174,spring,2.4,fixed_10pct,physical,0.1,4.0,-0.12713900995990704,orientation,success,7.64281378094806,50.0,7.591154111871517,0.0067592473867831475,work/chunks/r8_00001.npz,trial0_,True,True,False,False,0
321,3174,spring,2.4,fixed_10pct,physical,0.1,4.0,-0.12713900995990704,full_polarity,success,7.64281378094806,50.0,7.591154111871517,0.0067592473867831475,work/chunks/r8_00001.npz,trial0_,True,True,False,False,0
322,3181,spring,2.4,fixed_20pct,physical,0.2,4.0,-0.12713901003757147,orientation,success,4.6625,50.0,4.625,0.008042895442359173,work/chunks/r4_00150.npz,trial0_,True,True,False,False,0
322,3181,spring,2.4,fixed_20pct,physical,0.2,4.0,-0.12713901003757147,full_polarity,success,4.6625,50.0,4.625,0.008042895442359173,work/chunks/r4_00150.npz,trial0_,True,True,False,False,0
323,3188,spring,2.4,relative_20pct,relative,0.48,4.0,-0.12713900997371674,orientation,success,1.1106766959850694,50.0,1.1,0.009612784731744104,work/chunks/r2_00184.npz,trial0_,True,True,False,False,0
323,3188,spring,2.4,relative_20pct,relative,0.48,4.0,-0.12713900997371674,full_polarity,success,1.1106766959850694,50.0,1.1,0.009612784731744104,work/chunks/r2_00184.npz,trial0_,True,True,False,False,0
324,3195,spring,2.5,fixed_10pct,physical,0.1,4.0,-0.1275562935155766,orientation,success,8.262729809866586,50.0,8.211070140790042,0.006252130986403198,work/chunks/r8_00002.npz,trial0_,True,True,False,False,0
324,3195,spring,2.5,fixed_10pct,physical,0.1,4.0,-0.1275562935155766,full_polarity,success,8.262729809866586,50.0,8.211070140790042,0.006252130986403198,work/chunks/r8_00002.npz,trial0_,True,True,False,False,0
325,3202,spring,2.5,fixed_20pct,physical,0.2,4.0,-0.1275562935155766,orientation,success,5.2332345100361035,50.0,5.194362091696753,0.00742799090405794,work/chunks/r6_00014.npz,trial0_,True,True,False,False,0
325,3202,spring,2.5,fixed_20pct,physical,0.2,4.0,-0.1275562935155766,full_polarity,success,5.2332345100361035,50.0,5.194362091696753,0.00742799090405794,work/chunks/r6_00014.npz,trial0_,True,True,False,False,0
326,3209,spring,2.5,relative_20pct,relative,0.5,4.0,-0.1275562935155766,orientation,success,1.1606766959850692,50.0,1.1508458699813366,0.008469909008889925,work/chunks/r2_00187.npz,trial0_,True,True,False,False,0
326,3209,spring,2.5,relative_20pct,relative,0.5,4.0,-0.1275562935155766,full_polarity,success,1.1606766959850692,50.0,1.1508458699813366,0.008469909008889925,work/chunks/r2_00187.npz,trial0_,True,True,False,False,0
327,3216,spring,2.6,fixed_10pct,physical,0.1,4.0,-0.12792714090748494,orientation,success,8.882645838785113,50.0,8.83098616970857,0.005815797456538924,work/chunks/r8_00003.npz,trial0_,True,True,False,False,0
327,3216,spring,2.6,fixed_10pct,physical,0.1,4.0,-0.12792714090748494,full_polarity,success,8.882645838785113,50.0,8.83098616970857,0.005815797456538924,work/chunks/r8_00003.npz,trial0_,True,True,False,False,0
328,3223,spring,2.6,fixed_20pct,physical,0.2,4.0,-0.12792714091941373,orientation,success,5.81632078512636,50.0,5.777448366787009,0.006683334667296172,work/chunks/r7_00012.npz,trial0_,True,True,False,False,0
328,3223,spring,2.6,fixed_20pct,physical,0.2,4.0,-0.12792714091941373,full_polarity,success,5.81632078512636,50.0,5.777448366787009,0.006683334667296172,work/chunks/r7_00012.npz,trial0_,True,True,False,False,0
329,3230,spring,2.6,relative_20pct,relative,0.52,4.0,-0.12792714090820492,orientation,success,1.21875,50.0,1.2125,0.005128205128205201,work/chunks/r5_00055.npz,trial0_,True,True,False,False,0
329,3230,spring,2.6,relative_20pct,relative,0.52,4.0,-0.12792714090820492,full_polarity,success,1.21875,50.0,1.2125,0.005128205128205201,work/chunks/r5_00055.npz,trial0_,True,True,False,False,0
